v -0.568506756947408 0.265608765701443 0.00187914560669187
v -0.568468818620354 0.265375208810615 -0.00523874751402057
v -0.567503803051112 0.265280036091444 0.0117752461286079
v -0.567534229584279 0.267496748895834 -0.0146348849747578
v -0.566936490001736 0.27615242415198 -0.00780115562306632
v -0.567320166597567 0.276154349006329 0.00167401940282146
v -0.567275853555747 0.259370946001146 -0.0112482596290546
v -0.566566614992439 0.272931351224606 0.0118934946687088
v -0.566203496082012 0.258209252251382 0.0106511296839745
v -0.566859072964972 0.256244582258248 6.0481939811532e-05
v -0.563998192492156 0.264660129200115 0.0194942547859485
v -0.564362862551855 0.27325820940939 -0.0191265263208909
v -0.563117421284109 0.261551580514423 -0.0229113764881877
v -0.561987839669353 0.267327932135497 -0.0253841333920636
v -0.560189926030012 0.280403192307847 0.0140035840812414
v -0.559978954017271 0.256990314414874 0.0219603030164703
v -0.559980169594185 0.251983238754329 0.0110735950615877
v -0.562189880462761 0.231597384768515 -0.00503339913663398
v -0.561909433862631 0.252729215127352 -0.0110224053733173
v -0.562260463981546 0.238363412692562 0.00272693663070863
v -0.56132466626181 0.25500114425614 -0.0200560241968673
v -0.561450039287368 0.240487827626915 -0.00600056766053204
v -0.56044937511698 0.225585428193561 0.00534556856700034
v -0.560767211115575 0.234149724600998 -0.01166938579618
v -0.557525965049233 0.250204509670803 -0.000250903698827167
v -0.560463473627247 0.23543939628486 0.00978539531276863
v -0.558312247923041 0.244126430526973 -0.00398069063145817
v -0.559595057023841 0.221561744297595 -0.00349613287511534
v -0.560132777749411 0.272036211065815 0.023398897216887
v -0.559026200845918 0.243687011842899 0.00253654670697614
v -0.554782304298272 0.25067830706734 -0.0221658307289756
v -0.559728 0.240965 0.008263
v -0.557114834966652 0.238736000995648 -0.017185136140836
v -0.556635189487258 0.275635234092384 -0.0277701537679085
v -0.558162345892677 0.222091885349082 -0.0115522451101583
v -0.556501507062569 0.230781479216574 0.0166971340111679
v -0.557254775828815 0.267544521747167 -0.0311544888147253
v -0.555833262516442 0.260838727386279 0.0294988926110142
v -0.556265154729208 0.255210943115599 -0.0284952518584063
v -0.554793906571556 0.215543633035563 0.00638801192782118
v -0.555658540113399 0.251736280888313 0.0207761376330707
v -0.555495759279188 0.259210358451168 -0.0320641477800217
v -0.556496736769277 0.243731992954768 -0.0109249142852836
v -0.555641302755532 0.239088304532434 0.0162903352576944
v -0.553366395022528 0.230369075181558 -0.0236540431909696
v -0.555454585591823 0.215207838963882 -0.00460819986628393
v -0.554517153722212 0.221227313956855 0.0158319422130798
v -0.554863819339052 0.244127073638642 0.00917867597003034
v -0.554381131622617 0.222609991210431 -0.019626690852153
v -0.551181005900252 0.248898707063902 0.0173149708342091
v -0.552042106694341 0.214820689978189 -0.0141140590715538
v -0.550261348785073 0.236081602940503 0.0238731678275391
v -0.548471670780657 0.277473053447481 0.0310694835462965
v -0.547821301002377 0.236876558165145 -0.0285041858108552
v -0.55203 0.227683 0.022383
v -0.548563481041127 0.251124572134664 -0.0330324161147912
v -0.551453 0.245236 -0.001893
v -0.547718714944894 0.211764921850457 0.0134602371812738
v -0.55204988555104 0.268097500765653 0.0335929565685439
v -0.547317309129918 0.216006236611419 -0.0223074493774284
v -0.550025713426982 0.263242541332882 -0.0383912666039876
v -0.554635270101015 0.290495227426223 0.00263475976311313
v -0.555881718098187 0.287914177552314 -0.0103333424571698
v -0.549444015521165 0.24215069045288 -0.0222061084219557
v -0.549142800086348 0.252373993418041 0.0313081560389281
v -0.546699258515081 0.294984011564087 0.0145609375621494
v -0.543995441008731 0.247558482656692 -0.028760462209864
v -0.546749987356271 0.223362901172993 -0.0290696365864785
v -0.547977048247702 0.258149341887041 0.036497312355908
v -0.548102006614832 0.271559200557123 -0.0383757325136779
v -0.545698708890339 0.232063842306611 0.0292911699142474
v -0.546108406034485 0.206658484836325 0.00472041548939161
v -0.542291854548754 0.240909623388339 0.0280396664098523
v -0.54438888742494 0.222094287351296 0.0279060766094385
v -0.548092903465167 0.244730675805375 0.00992631175089945
v -0.542670952140088 0.213658012424125 0.0218034511751468
v -0.543820628695942 0.296816923704087 -0.0201936073119726
v -0.544492215074891 0.287964830388801 0.024834992202548
v -0.538966418298457 0.274292485502541 0.0400270865156679
v -0.544098020248792 0.265283889060891 0.0404102513084314
v -0.537001631427434 0.213342905841363 -0.0286868938225967
v -0.543499230377351 0.305496355425486 -0.00882112339303754
v -0.540347846505636 0.26629553517501 -0.0453375172666478
v -0.54181653648531 0.246189521418249 0.00593328055497569
v -0.540698 0.245812 -0.00551
v -0.53773528359144 0.291634959500536 -0.0316951581653241
v -0.540785633280154 0.249490817677851 0.036636019476346
v -0.541690530937429 0.247083092460905 0.0276993032608278
v -0.536270010871708 0.237657123395313 0.0363050796516976
v -0.53786004531484 0.256150313510291 0.0439012428890273
v -0.537308954772667 0.2240230436436 -0.0366797080596388
v -0.540029471889372 0.245245768052939 -0.0164020718724046
v -0.531876835197341 0.282764940188044 -0.0418694522080485
v -0.539460130845718 0.230694966178981 -0.0375457805950601
v -0.533421662324119 0.288926624443607 0.0344067120489631
v -0.54128118424379 0.310991032024694 0.000693070188432699
v -0.53528223323868 0.228402310498798 0.0375345555414237
v -0.531934741556438 0.216705780664604 0.0321934785389194
v -0.53310290287526 0.263284803068136 0.0471382856140723
v -0.53261806374739 0.259908 -0.0502778580274605
v -0.537363243859263 0.247552929415992 -0.0398519036416293
v -0.535619576027053 0.244615617219311 0.0230603171278869
v -0.530483017623735 0.239481511947083 -0.0428047141187911
v -0.531235182106895 0.307509324471313 0.0250803530258625
v -0.533831464624081 0.250022107828234 -0.0467900275329933
v -0.53594444022415 0.315547870988715 0.0113325969961811
v -0.532574 0.244753 0.027447
v -0.534517671992717 0.199379726249956 0.0110289111881272
v -0.532634 0.245868 0.037603
v -0.539396171986158 0.200008214029996 -0.00224414684062222
v -0.531480863994841 0.247243246476907 0.0425432916836028
v -0.519804767650619 0.214275888249781 -0.0395901120461351
v -0.513749824132477 0.307217715384895 -0.0436928902303055
v -0.529968 0.244757 -0.034672
v -0.52731172635495 0.248437773170787 0.0475220381053188
v -0.52710685432615 0.24637921330124 -0.0482822816148745
v -0.526421634969546 0.257817350442929 0.0503826757741493
v -0.526039091110098 0.243534510864595 -0.0419270571439382
v -0.521954616630152 0.23627888931016 -0.0498906316347897
v -0.521099775113025 0.286612039531259 0.0440453110008537
v -0.527626284499866 0.244119780099995 0.0380603429002178
v -0.522226809019932 0.320059386191698 -0.0302514653954514
v -0.525696425510127 0.251693364992726 -0.0528061081941945
v -0.514148475997957 0.271822612197764 0.0512589360381199
v -0.521343 0.243664 -0.04737
v -0.522627685171005 0.329374074511187 0.0210837636376287
v -0.521166194687006 0.345780944357502 0.00955121903354689
v -0.519511121447246 0.2616998567717 -0.0544687109607615
v -0.526860395657578 0.237946342229966 0.0440415692303294
v -0.51912446538711 0.198260824245177 0.0250240613918371
v -0.512813759928172 0.182136959196032 -0.0139403298239716
v -0.518843036174962 0.183451334685541 -0.00226580874509779
v -0.519766315284621 0.232960255654398 0.0469308183484679
v -0.517836607329687 0.250265684032802 -0.0556517117020951
v -0.517508793448647 0.349639516884607 -0.0161739015655006
v -0.518867011749159 0.251063365357472 0.0527087470206536
v -0.516636686439377 0.243657391697274 -0.0528494463346749
v -0.516233612806538 0.243880571906721 0.0506677743790163
v -0.508827743418505 0.253302139914565 -0.0573116544637041
v -0.505259161174898 0.362489749365183 0.0211403457001516
v -0.503171947983168 0.335908276844892 -0.0397419378486952
v -0.515100058146833 0.194422244933327 -0.0271970536822308
v -0.506777416889263 0.176687200158001 0.00937875340533469
v -0.510954604165587 0.245164931639467 0.0537116787949491
v -0.509496516125087 0.241090854322831 -0.055558410775923
v -0.50886752425931 0.372255960511624 0.00770512805509428
v -0.508563 0.348907 -0.028402
v -0.485262863188805 0.277510542499025 0.0580122487155393
v -0.488031233134974 0.33762600505858 -0.0494097359787146
v -0.506124599217052 0.374617386320805 -0.0144900359194394
v -0.497789912944641 0.167383319571515 0.000458170813133358
v -0.502625199825629 0.388760185905568 -0.00161578239150022
v -0.492802556911159 0.307288694100557 -0.0550266239616033
v -0.495133301201996 0.377453060105414 -0.0268972648436457
v -0.486045034608674 0.34178707797079 0.046342134599652
v -0.495775991359311 0.395351260932951 0.0106768482009056
v -0.493994469442759 0.302361049525186 0.0528015761611188
v -0.498202242846519 0.277844493853357 -0.057585901589075
v -0.485497178546003 0.390812468526323 0.0261085385498618
v -0.496213473905709 0.394070842688225 -0.0143631551022322
v -0.482979280807964 0.158707428904232 0.00823036448214633
v -0.492215724540355 0.408763115839411 -0.00219666170385683
v -0.487089064286027 0.366788645860809 0.0359247501119707
v -0.485863063712812 0.231725099251922 0.0548359918838418
v -0.488671183608252 0.229259824483013 -0.0563736862538486
v -0.481797471422214 0.167871865568212 0.0219668374362247
v -0.482287961954797 0.426654279556935 -0.00276882355833171
v -0.493256152793077 0.186166304001978 0.0315341639498714
v -0.485315993725124 0.416915544814363 0.00852265166734791
v -0.481509474346178 0.201286119853679 -0.0495206756011679
v -0.480740767404373 0.406566141414376 -0.0252949466889772
v -0.478605695231297 0.163708168774823 -0.0227331635913997
v -0.479909864709493 0.180205355479296 -0.0369692326801392
v -0.472140203898429 0.329457282404022 0.0560671352903172
v -0.475280917817955 0.416783677275874 0.0216131163634632
v -0.47644127401152 0.429006610622814 -0.0148068539434663
v -0.479274282513577 0.211763767089893 0.0516859532305829
v -0.474544580159655 0.439424241609878 -0.00257814431431053
v -0.471286845180023 0.178656577262433 0.0373788761853295
v -0.474765054868844 0.434624492403971 0.00859912296816767
v -0.466793630897997 0.400966937798989 0.0366789816239223
v -0.451370338073634 0.258013982252915 0.0633388851038917
v -0.465989708723623 0.376254517130518 0.0469684717272879
v -0.46833452732141 0.398419336580041 -0.0396698448760978
v -0.464331094764868 0.450917855737847 -0.0117093947927905
v -0.463437053941651 0.434214237671939 -0.0258160273234322
v -0.463346383878215 0.451778340467501 0.00892431613646308
v -0.468992132508485 0.146836643408234 -0.000378804394410518
v -0.457467217960605 0.447117571633503 0.0198181371729253
v -0.469138532246129 0.369053636500515 -0.0504672357395503
v -0.457893089582105 0.155589330878882 0.0251870968646121
v -0.448392581507788 0.341946309372565 0.0617676528180778
v -0.467535025759298 0.191709972504326 0.0474211933054955
v -0.45461901050855 0.468272275328857 -0.00186861401207225
v -0.455372620255004 0.139664207613922 -0.0100246971501217
v -0.454847266676979 0.226075408784205 0.0600106924604035
v -0.450404229671813 0.4692207286446 0.00930624955460116
v -0.443361926116827 0.417855760047896 0.0451428529683159
v -0.453514954084003 0.140268208735371 0.0104089016556946
v -0.443175187157481 0.381651000394757 0.0571518869901329
v -0.439775399107259 0.248996085261986 -0.0669798875391855
v -0.448213302574003 0.471209479296759 -0.0136531881297709
v -0.43999648332411 0.15975331892196 -0.0402067154483323
v -0.445658868477827 0.147398703784957 -0.0274394609325252
v -0.443969649578007 0.443610920457118 0.0326317585609046
v -0.441099477005736 0.48448565098726 0.00276541744224521
v -0.446455176311627 0.45709805223543 -0.0263265715316386
v -0.449142296065239 0.427522116786346 -0.0402910959002895
v -0.448568485844468 0.196540088464236 -0.0580730475539688
v -0.441409589722817 0.132010698402428 -0.0123053321522361
v -0.443341229657702 0.174715802935123 0.0462845587438053
v -0.440191836900012 0.484705122166864 -0.00820375245307082
v -0.439866029632143 0.379770291658507 -0.0616462672076682
v -0.434249375936187 0.316802316172806 0.0667017688384879
v -0.431378862288319 0.148194419771895 0.0318926371785007
v -0.450469476507319 0.197465459178059 0.0552965375133683
v -0.43175768850516 0.172457736371357 -0.0514935449877528
v -0.436063010480731 0.32859551205659 -0.0683536303526932
v -0.439549767517213 0.403157822316984 -0.0556645456476938
v -0.434460287666135 0.472435930679239 0.0228551315239663
v -0.436948644363413 0.401739031686417 0.0545840916107011
v -0.429486104904345 0.121653898196202 -0.00275781494023188
v -0.433211801989792 0.294399832354243 -0.0696792711693175
v -0.427204660398927 0.434097606040468 -0.0505644970606733
v -0.431185713983583 0.484287754935715 -0.0202173677983837
v -0.42890903947453 0.494562418021449 -0.0125852413655896
v -0.430610334992798 0.347714569695442 -0.0686680907070722
v -0.423659503960082 0.448836860558031 0.0428647117117017
v -0.430034828443526 0.497602012992166 -0.00163553859420857
v -0.425699369961362 0.418401469050363 0.0545838106207452
v -0.428394890985772 0.35117483248703 0.0667209204434993
v -0.431278788133461 0.13603086070963 0.0214274595396629
v -0.417989546635943 0.184441201817017 -0.0606478124130654
v -0.426807687523331 0.372095357950162 -0.0680855751197068
v -0.426800319057906 0.373907053541418 0.0650482396076683
v -0.43821273373139 0.292850279387828 0.0663040387499002
v -0.420690716893439 0.210198413260535 -0.0657708622006349
v -0.425678384092853 0.353031669987045 -0.071801610572864
v -0.424797651421002 0.460271540816322 -0.0393775737726365
v -0.425779274977054 0.363506111249412 0.0763106401819766
v -0.42525558974565 0.352046287607335 0.0763141994547426
v -0.425694220193416 0.363511817874319 0.0701688252987487
v -0.42413792758052 0.346126700486899 0.0711180525633795
v -0.42523679208567 0.368372011006016 -0.0736629915838535
v -0.425953933141348 0.175434915328055 0.0520425342816766
v -0.425087415704011 0.3544603511301 -0.080537361287261
v -0.424426765565657 0.371502048360409 -0.0798004122370147
v -0.423551094900858 0.35641578675591 0.0812412059053742
v -0.423286047113895 0.383935352120169 -0.067412219018189
v -0.424553950077609 0.316316067464087 -0.07120275516305
v -0.424290182975207 0.374552648382817 0.0760141531374351
v -0.421634058985201 0.347653413837468 0.0827098280107172
v -0.423285063897623 0.343992046673292 -0.0801367274823257
v -0.422163412664195 0.331129710772815 0.0695454923191615
v -0.42241519891697 0.380768717660344 -0.0768210487110017
v -0.422905133902031 0.368341371214523 0.0806729450870617
v -0.422103282724034 0.340501757881537 0.0791513686055105
v -0.420363927675033 0.372788026237446 -0.0841603357255274
v -0.420695317091872 0.345190301105997 -0.0855952202133384
v -0.42139201887184 0.383254370115767 -0.0726122788012014
v -0.422151091239892 0.381485518128649 0.0699532532954434
v -0.419679955947533 0.117021871570695 0.00428609626592438
v -0.420558222176426 0.380969062069832 -0.0816913766139776
v -0.423900711592973 0.330164947807906 -0.0713104957291802
v -0.422014740323948 0.361080909839622 -0.0846942812350299
v -0.425007518582251 0.191852430589679 0.0592558023689259
v -0.417977036831341 0.483496386203638 -0.0303273710168897
v -0.397630708127521 0.134890810714115 0.0341763651687829
v -0.419128910654597 0.377537537628957 0.0814467148270997
v -0.419164438919248 0.332977734529767 0.073898566877374
v -0.419663775471968 0.336006301740332 -0.0834725905356465
v -0.42106299496233 0.384207332608372 0.0761450611289362
v -0.418902412977857 0.388796417873371 -0.0762619677087827
v -0.418975818585836 0.396331010499863 -0.0658745511910099
v -0.417976288458008 0.341141911871994 0.0847177242727076
v -0.41781165400323 0.506458314481265 0.00885766582078855
v -0.418527577329295 0.392235744124069 0.0651380449062854
v -0.415831249547131 0.348854888087998 0.0847712663429404
v -0.417783915350316 0.365735561186357 0.0831154448761363
v -0.417770799593233 0.390757523111994 -0.0703977733962126
v -0.4146081872362 0.422150236837769 -0.0605975364970928
v -0.415786625818746 0.221945598696049 0.0653227395863038
v -0.416916320799419 0.39221383045538 0.0759102148283784
v -0.41496737284314 0.347562060072502 -0.0874945775828384
v -0.416302191995893 0.38932865269989 -0.0818651341510187
v -0.415219062489404 0.154320770972223 0.0420038997117802
v -0.41604785698527 0.327525154856083 -0.0763899387505843
v -0.415693657737642 0.332312604135899 0.084661281437913
v -0.41410564871123 0.513529625822361 -0.000337713429700891
v -0.415388902238941 0.327737062614076 0.0813919547314579
v -0.413629810569878 0.382196196089195 -0.0847691127655729
v -0.409569489253819 0.481209461763141 0.0337987111894461
v -0.416207029876945 0.389400539959255 0.0795394215255476
v -0.415810972486824 0.370775337738948 -0.0852966398894321
v -0.413367266067057 0.396796626981723 -0.0789275975711536
v -0.414670557015599 0.335697020118227 -0.0883775182298851
v -0.412581499835204 0.398500475432647 -0.0701676777868721
v -0.414340271105411 0.326684165045251 -0.084466732621909
v -0.411667876342818 0.385567741322171 0.0821625246025435
v -0.412060844420746 0.354943003599592 -0.0847978444207459
v -0.412869313221573 0.378663584156698 0.0823509912222249
v -0.412177273047484 0.3368810253126 0.0864834903084426
v -0.412060934318828 0.399278112387191 0.0746872383058081
v -0.408964834120359 0.310183589029659 0.0723239901223956
v -0.41097 0.375604 -0.083697
v -0.412805704472484 0.499047305862459 0.0203513079911737
v -0.408511628122494 0.515310909466679 -0.011730504316723
v -0.407401633287167 0.35194917502134 0.0904215532413299
v -0.414214711917007 0.307762945005846 -0.0733680278142108
v -0.409751081533497 0.376790898777499 0.0809550890797067
v -0.407716385548711 0.334165402748419 -0.0896782683389814
v -0.412105307503007 0.321707697040222 0.0743977819362177
v -0.402560060081712 0.123441064186482 -0.0268356826986758
v -0.408654629365312 0.39482776899651 -0.0842086576728311
v -0.408500869175428 0.14356647858588 -0.0398336361158009
v -0.393830407955971 0.186878812570574 -0.0647190366478992
v -0.409093987804951 0.372133006643318 0.0863207788512134
v -0.405834396191297 0.125411191786267 0.0240108818045162
v -0.408657083823985 0.378926474538713 -0.0836657817619892
v -0.408864709335426 0.50439140067523 -0.022146501275913
v -0.409036754041119 0.327559243575235 0.0874495429939646
v -0.407686 0.340706612439126 -0.086995
v -0.407426835436817 0.365400133627807 0.0907419225066635
v -0.407949146332012 0.374874641938863 -0.0895206116569133
v -0.405403532897634 0.342953080919751 -0.0924052730567754
v -0.407436692005047 0.391598121719519 0.0821950540606309
v -0.408139805736588 0.325407933292217 -0.0900688120476466
v -0.408789380754051 0.402613586253716 -0.0762003362205214
v -0.406920185920184 0.338997261524582 0.0850841009286609
v -0.409174553741856 0.364075194764093 -0.0915119636521899
v -0.410822620316281 0.433971342955451 0.0556291459810184
v -0.407279350942025 0.319094188568501 0.0843413679642893
v -0.407219376258029 0.353338941157494 -0.093742759184256
v -0.405950320146211 0.408599401701073 -0.0673771815542053
v -0.404238 0.482825 -0.038594
v -0.401178494325386 0.162553932535366 -0.0533759298609651
v -0.397807837379033 0.168033571523874 0.0540669759299841
v -0.405045723873348 0.110430389339527 -0.0111734334721861
v -0.402215 0.390617 0.080855
v -0.402752082769347 0.277413597322587 -0.0739173883077465
v -0.404718384426531 0.407540414602428 0.0668314043200626
v -0.403154313023291 0.407988224887272 0.0736749026130487
v -0.403625 0.395323 -0.084881
v -0.402761791685669 0.37549314358815 0.0926335556582503
v -0.403547024489913 0.315827201134036 -0.087196587697281
v -0.400778182059196 0.359052640217399 0.0972831336638024
v -0.400627586728634 0.345070679859852 0.0954521235962475
v -0.405947154650385 0.405258660731078 -0.071858
v -0.406305570560677 0.401988420626077 0.0796948089049727
v -0.40430141129791 0.519000539529613 0.0088050701892351
v -0.400750085732955 0.32642955431791 -0.0913344395684852
v -0.406437705094613 0.450896750143543 -0.0531308884069031
v -0.402608161080351 0.31196138928579 -0.0781788634791592
v -0.401748043994562 0.385583599364712 -0.0903876033879355
v -0.40568623988874 0.402034768822199 -0.0826970841126348
v -0.40097802673495 0.399520937088377 0.0823245487946656
v -0.404949217736148 0.380778708675778 0.0870907987125361
v -0.401251704173446 0.107369443875068 0.00614349705071665
v -0.402070752982073 0.372770871057243 -0.0971461852507803
v -0.400501839333894 0.391671121846264 -0.0835277754909101
v -0.396847450061069 0.461655321638335 0.0498405297457774
v -0.395207018364026 0.500644855859509 0.0300252017016485
v -0.399506010836883 0.409979944736639 -0.0796932314064819
v -0.399966030820887 0.408004031946725 0.0796628733620851
v -0.398025349843424 0.335090318361534 -0.0956734277030644
v -0.40138176017341 0.362612107741573 -0.0995181261667264
v -0.398567320837936 0.348595448299764 -0.10050937966714
v -0.398404149068542 0.317881149068542 0.0896408760571924
v -0.399179557108354 0.317352800743243 -0.0918149010737037
v -0.397013278126597 0.371489606714931 0.0982423625265163
v -0.395260525131759 0.333087719094934 0.0939905415043873
v -0.394069709603439 0.521881535160255 -0.0184034288818702
v -0.404719782069806 0.415511902757098 0.0632426368451442
v -0.39916695183897 0.104569245054516 -0.00253603685638987
v -0.396948573592099 0.386778748425048 0.0913563379895969
v -0.397359 0.328238 0.086641
v -0.397358 0.328131 -0.089308
v -0.395289381048811 0.212544432563604 -0.0689289485455834
v -0.391590454489294 0.518490689982118 0.0198433531286404
v -0.396331130828244 0.311027498044918 0.0864258412253359
v -0.395018307137819 0.38039375040859 -0.099397446292443
v -0.394962612314098 0.322596708001901 0.0895837096890912
v -0.394075098943611 0.39461552197869 -0.0896295778235712
v -0.39280454340436 0.310019768872822 -0.0906534589850141
v -0.393824689128842 0.405691014145698 0.0827745118858648
v -0.393818 0.398031 0.080981
v -0.394765880109526 0.414223564014248 0.0680222608868061
v -0.391705858977788 0.353126959377603 0.102157519879029
v -0.391667374146233 0.341448988794644 0.0999215330467846
v -0.392776789787189 0.320822650237448 -0.0927722249031207
v -0.392996 0.529119 0.007818
v -0.392528384158305 0.307756040791172 -0.0831056274902644
v -0.390471781404816 0.108523137739884 0.0152693545705358
v -0.390227699782758 0.382466622006849 0.0980897823623674
v -0.39201764736229 0.364379465876666 0.102017471241077
v -0.390783325239457 0.359067376430132 -0.105680535022566
v -0.389670257915627 0.390267017497356 -0.0970518904275465
v -0.386827524445336 0.32159341484736 0.0887746644537126
v -0.392586185779067 0.185812145247232 0.0619792959707112
v -0.394351407232071 0.413476517166367 -0.0743840075438426
v -0.394150675637841 0.413946932057954 0.0755468304530378
v -0.390493541230623 0.411072759285497 -0.0848270518159517
v -0.390604856033483 0.396629706154209 0.0874101064242239
v -0.390785454493066 0.328474429652518 -0.0964413402194964
v -0.384361115640533 0.407529581839045 0.083454362313272
v -0.388033636021382 0.326392370609803 0.0938291893255495
v -0.388220425501466 0.14605518020327 0.0438233108569869
v -0.390163947752923 0.404813278590146 -0.0857143852092587
v -0.391798988822726 0.336928348596948 -0.10086382477033
v -0.38911159067412 0.100874865438406 0.00586436542706891
v -0.384974955884244 0.109672650709126 -0.0220638194783315
v -0.391663 0.399201 -0.083608
v -0.390372701297152 0.412689862876001 0.0812471530339705
v -0.383286770096073 0.331929588060074 0.0996005371776669
v -0.388409744180617 0.301559915585566 -0.0793406358563432
v -0.388321305701491 0.418869832496564 -0.0692926642725163
v -0.387531406290145 0.371645468323006 -0.105777903717807
v -0.384628915017062 0.444644549741355 -0.0629748649281564
v -0.387539 0.41631 -0.080603
v -0.388111430742717 0.311253764957295 0.0910623159595277
v -0.387792074981421 0.287856776883419 0.0746179163882524
v -0.384287954884227 0.305588967115288 0.0874320019729524
v -0.381691528009613 0.539025804959166 -0.00872391847077128
v -0.386085 0.321434 -0.091563
v -0.386075286822193 0.402308031349118 0.0818316996655587
v -0.385301922165854 0.393982228431275 0.0935492482494536
v -0.385595758758243 0.316789969187601 0.0913023265421135
v -0.382736106898153 0.308871682180153 -0.0939742151181911
v -0.384358027572013 0.305379070303602 -0.0895226299510185
v -0.383477538648308 0.399389834564231 -0.0922377462105153
v -0.384734496358092 0.346118721784467 -0.106654823392988
v -0.382619591301295 0.539613627048481 0.00103170921717406
v -0.382334397461091 0.363358891938632 0.105575574855659
v -0.383353068235671 0.418414190876033 -0.0723511119146889
v -0.37828448054657 0.477365730245366 -0.0523297006151931
v -0.3820712870887 0.376312512799787 0.103436446730043
v -0.369541305460017 0.123273085074384 0.0340709259026268
v -0.377215666040915 0.519938235860089 -0.0299634139518878
v -0.38029296227029 0.415169228402705 -0.0853710928391107
v -0.376618927795322 0.535028113201248 -0.0188265429322933
v -0.380839793965665 0.342522537443824 0.104165813140438
v -0.382118914074435 0.383202745161264 -0.104040609626602
v -0.380625236090404 0.314452788000224 -0.0947414839428721
v -0.380838629601783 0.330408596063579 -0.102329490200227
v -0.380094305065622 0.487843253827994 0.0439807669900064
v -0.381415846732096 0.501418915941466 -0.0390978407254997
v -0.386824919992843 0.439372632342378 0.0616758759457465
v -0.381824248219482 0.0983954741171966 -0.0109308598939329
v -0.37795766110606 0.393507839956098 -0.0997475445668924
v -0.384624077224955 0.418049541835024 0.071457
v -0.379449879628272 0.401593324730523 0.0884136943428896
v -0.379904458150639 0.422052432853592 0.0675857028265218
v -0.376357996246113 0.357583590935226 -0.109922021233686
v -0.373178062095216 0.38798149105497 0.100875254948078
v -0.377885114882305 0.298258360589062 0.0778260376741712
v -0.380994243381248 0.418299476251947 0.0788468975270058
v -0.375648168576968 0.405987120030546 0.0821216185014833
v -0.378960841382529 0.309706575956528 0.0924163149106422
v -0.378430585681576 0.323759726080184 -0.0985733694436368
v -0.379025 0.404831 -0.084697
v -0.374093893880392 0.164279981956396 -0.0582626775594742
v -0.377403795356661 0.303192675779619 0.0856281712273427
v -0.377071618661673 0.419399781020843 -0.0808530102155205
v -0.36042380573216 0.468081439854489 0.0585543234075458
v -0.373016394880382 0.5172158235188 0.0305473561729992
v -0.369834717657167 0.162424245479156 0.0551907979070346
v -0.37767 0.318242 0.089819
v -0.374822774192665 0.375300361827806 -0.108248216802509
v -0.375799568428654 0.410274309083919 -0.0869067155043593
v -0.378785541359513 0.322538867089115 0.0947457265463612
v -0.365905238185422 0.193295824479531 -0.0681201054006428
v -0.377676954481919 0.531383935993451 0.0181247840793912
v -0.374533719472833 0.409465862940781 0.0842030113472871
v -0.372476313616157 0.397737412996734 0.0946544467382411
v -0.371296202413565 0.327801901172266 0.100214755294161
v -0.372328977534867 0.359754471174826 0.10759792093363
v -0.372662765749883 0.402907715803894 -0.092202057011995
v -0.357313484591554 0.136934213897808 0.0445475602917772
v -0.359898434198018 0.100308697502467 0.0199864920912943
v -0.3713547558385 0.403706292086986 0.0883221028514498
v -0.372832028730082 0.306808911811024 -0.0946868887582995
v -0.374003123035748 0.305274368763711 0.0907460771241825
v -0.37196566501038 0.543497051467673 0.00963645176123644
v -0.370577487740137 0.377495218667039 0.105280388130909
v -0.374380740092435 0.340904930858107 -0.107914748575869
v -0.369561319512001 0.311449395190767 -0.0958951390728785
v -0.369240634517516 0.316596530785174 -0.0934760492562782
v -0.368761635113751 0.386561765867297 -0.105107532871146
v -0.365558682002919 0.420344526359632 0.0792221057285965
v -0.375058879001342 0.30186754950329 -0.0836421437572568
v -0.371804881734856 0.0945698599497369 0.00919447115820909
v -0.370286803500627 0.328051648945503 -0.103247242898042
v -0.369539262201037 0.417314246541274 -0.0859542430952816
v -0.366601670014268 0.337767854837678 0.104959609629545
v -0.369383162179752 0.425521720061702 -0.0706653142310176
v -0.35880979878071 0.43901139389327 0.0669725206966003
v -0.366289923887248 0.421159701593937 -0.074115
v -0.37090474503594 0.226973528920607 0.0699927967168933
v -0.36683319787147 0.363808064828683 -0.110834314363525
v -0.370096442966913 0.244268311323862 -0.0745232224629715
v -0.371586629116485 0.0906435308250341 -0.000767538698590475
v -0.369177294952457 0.301381768045528 0.0818318915102524
v -0.366993804446248 0.302597128202285 0.0876216037881471
v -0.365934031820578 0.397396543645497 -0.0986815973451689
v -0.36379024609825 0.420705168949821 -0.0800658901157554
v -0.368613073083089 0.422188196186478 0.0699539125704158
v -0.363284840630552 0.403529775240865 -0.0923702890086089
v -0.365665098998574 0.407079222343111 0.0833684737101143
v -0.365197848880524 0.294323760589725 -0.0807274352245915
v -0.356512156839811 0.188108405669009 0.0646378326960432
v -0.362987147337811 0.402348179598866 0.0908262050812815
v -0.344358788219166 0.211418035941127 -0.0719432775461331
v -0.362613909719176 0.3200081225058 0.0947122787102063
v -0.369034723832319 0.549387734949621 -0.0013610062717929
v -0.365667287825138 0.407017956280844 -0.0860352685048449
v -0.366816472037482 0.348857447126225 -0.110312463950023
v -0.363250822787431 0.394486343789991 0.0978330381753332
v -0.360205812844677 0.384785116468767 0.103018749390808
v -0.355988321153098 0.419604672316418 0.0796387561981106
v -0.364064925010863 0.337287948261627 -0.107691640697568
v -0.358575399104661 0.552201829033337 -0.0130459105642811
v -0.362828105841853 0.310390735921726 0.093738404985064
v -0.35802813309941 0.324943653011039 -0.101259115525085
v -0.361191 0.316872 0.091175
v -0.362104520866399 0.306195484285548 -0.0950670088527218
v -0.367692302129949 0.302471217386843 -0.0898170770314726
v -0.357844926505066 0.410076851237747 -0.0887253033560338
v -0.358432677071839 0.391381933011995 -0.102618194687856
v -0.359537097228194 0.298112872769438 0.0792431688260105
v -0.357992578729291 0.353347370914822 -0.110679936475656
v -0.342459081991511 0.272583118213791 0.0757675784555067
v -0.355486564258905 0.0862327262749311 -0.00981370804708629
v -0.363643299590908 0.349567804511077 0.107570800887527
v -0.358015127612848 0.416810701734302 0.0842725472668577
v -0.354228535671338 0.420046022635283 0.0741085219294778
v -0.35494909543791 0.375841149981035 0.105580238813952
v -0.35666390543037 0.305072645497147 0.0910949859405421
v -0.356819457111417 0.40996284266314 0.086202185031755
v -0.358770060087846 0.327079517557813 0.0999320469247056
v -0.353634484186807 0.400456483887342 -0.094609460279702
v -0.358534108274382 0.379571405821838 -0.107784817376663
v -0.357508597346142 0.301362620121881 -0.0839257701777164
v -0.354469975377492 0.404858039906616 0.084343509976654
v -0.359699582746118 0.364853119974968 0.107778633736657
v -0.355361508906704 0.363035166383045 -0.110522743406174
v -0.358595616530814 0.537974104182408 0.0233686355864855
v -0.36327747035475 0.457285176484344 -0.0640467689061495
v -0.358777030341691 0.41614183110011 -0.0874479451624139
v -0.3555514863993 0.419582184162083 -0.0824895492462882
v -0.346467775479017 0.551870631146468 0.0179632651554193
v -0.352844 0.319521 -0.094574
v -0.353289094182801 0.400211921838355 0.0916888466089899
v -0.349196778358823 0.520033441435717 0.0382217035840399
v -0.353888518987121 0.303802989401112 -0.0902828886688841
v -0.353800587587044 0.527257103992811 -0.0354913136375219
v -0.355218990292581 0.302820763225298 0.0839403562705389
v -0.347298018844519 0.412644353840558 0.086563547411167
v -0.354462237690857 0.339046955792733 -0.107633116198908
v -0.348054142860437 0.41745793810854 0.0816449543077132
v -0.350927452048432 0.422044686727821 0.0710252005895078
v -0.34731 0.320829 0.091972
v -0.352366766599989 0.315254660069597 0.0939313660380614
v -0.333548601922861 0.151209461293733 0.0535473442465992
v -0.350653249079636 0.390230846742578 0.0989815105489245
v -0.353576424786662 0.339960149050989 0.104911430514256
v -0.341701597809496 0.0787963130550079 -0.00221532679301537
v -0.349134700157331 0.0843881049488754 0.00775039729941917
v -0.353948970940848 0.557213823766491 0.00560714341417237
v -0.330774521543593 0.437636075642314 -0.0729222353496627
v -0.353339 0.404889 -0.087064
v -0.348419510078148 0.422596002371436 -0.0734784213204005
v -0.349013854643102 0.329576416005179 0.0995548823902105
v -0.342899633887337 0.110701925361263 0.031532874594578
v -0.344807766663375 0.370076847973972 -0.107787447816009
v -0.348378916096876 0.346787128015331 -0.108447180494851
v -0.347962498889151 0.308042668350624 -0.0948194689166595
v -0.344369427854097 0.396588881453294 0.091984593452514
v -0.350393687575857 0.352897166996514 0.10675282662675
v -0.3452638344006 0.563477967577128 -0.00400031259139738
v -0.340426621655251 0.157812156355812 -0.0583180101328825
v -0.345387 0.401492 -0.08817
v -0.345342918731643 0.40000963090446 -0.091182640042332
v -0.348526111011227 0.310152757742018 0.0936818077145939
v -0.342724877874363 0.307489828065918 -0.0911215642893353
v -0.346346891249337 0.306185054897472 0.0888253484713657
v -0.340206200078369 0.404126200078369 -0.0911432850951278
v -0.344639118614211 0.298597306539898 -0.0812416565132943
v -0.346500754663458 0.416969139416764 -0.0846830570851134
v -0.34449208590837 0.30131244788286 0.0792486298330962
v -0.344543581116205 0.405479 0.0876237469645688
v -0.343721863290482 0.357287772352545 -0.108385962377934
v -0.343296 0.417315 0.074251
v -0.341315559521982 0.416438304153673 -0.0775
v -0.340057191597732 0.33247219433373 0.0976979537192146
v -0.343334436453409 0.4114530594863 -0.0895244370969653
v -0.34584235314741 0.329478565396118 -0.101301729718975
v -0.343778182070104 0.380627223999219 0.101689882657706
v -0.342319812071102 0.422626582258136 0.0711209529418482
v -0.346931166879983 0.366171496012235 0.105906328666619
v -0.344411951624241 0.512583932756706 -0.0465296577448368
v -0.34174577811239 0.381126222596141 -0.103823964320834
v -0.329375410595791 0.501006371643926 0.0528304896117686
v -0.340865324836528 0.306096910363689 -0.0836846834757359
v -0.34125160969177 0.319656617507552 0.0942696671774551
v -0.346920570428188 0.31409491041399 -0.097205690073057
v -0.339486116132686 0.562864733427667 -0.0131690837554528
v -0.341351774783247 0.337301163749148 -0.10359156607544
v -0.340360174607976 0.39569273640291 -0.0934401323625447
v -0.337368950367416 0.389894374563721 0.0938528105428272
v -0.340671984692714 0.30678285091634 0.0821222674535284
v -0.339540987388135 0.414047465435581 0.0832008439484654
v -0.339134726291775 0.344418588646732 0.102102531290483
v -0.342647849134528 0.548956199983668 -0.0253909884207202
v -0.338778229175182 0.396933 0.086575
v -0.337741842694497 0.107535641412768 -0.0335573415853427
v -0.335651859688424 0.357272853995883 0.102408360753104
v -0.32482081407296 0.469721851109428 0.0643451153103595
v -0.333671460316553 0.318369294217626 0.0941009455898375
v -0.335589528387121 0.40711256302307 0.0879466008893206
v -0.335919 0.328737 -0.094711
v -0.331400769932582 0.341357489569358 0.0966520096714656
v -0.335923077233562 0.388835664793802 -0.0966634780711815
v -0.333078045781004 0.360850364263093 -0.104127559325321
v -0.32301753597387 0.123567893257956 0.0419710840610136
v -0.335077482949167 0.370113528516891 0.101175473908237
v -0.336688749165721 0.312902399962505 -0.0947859401389866
v -0.333963234646067 0.411363598395663 -0.0853386171865221
v -0.33409061696611 0.393928 -0.090241
v -0.33556777281929 0.311636544087353 0.0898531452884555
v -0.330644725039278 0.212178679217222 0.0696669190314108
v -0.331596193850587 0.405868993851965 -0.0903557155734148
v -0.336197693898625 0.540348738320308 0.0308393515295659
v -0.334635508099481 0.370786689761513 -0.103853172196102
v -0.334063698267364 0.566555876717938 0.00845614006348992
v -0.332620822426226 0.397963049566815 -0.0922644672904002
v -0.332880876990911 0.325728361251154 0.0943478338667595
v -0.332952867767119 0.0894084128300951 0.0182439885547554
v -0.332079215713742 0.412292839735171 0.0746523280547357
v -0.333692422928225 0.33908673162304 -0.100198463474363
v -0.331388009413601 0.381430963323123 0.0950397851787594
v -0.329687 0.387933 0.087794
v -0.332319177773098 0.348614930488513 -0.102558067198681
v -0.330823164451313 0.394786910730769 0.0897527361245817
v -0.336376757026819 0.320074788223961 -0.0973762006826328
v -0.331734994491547 0.326913121529114 -0.0971466835044811
v -0.330849779597501 0.312574077837295 0.0819153989857791
v -0.327663206888106 0.307000712428273 0.0782846414659525
v -0.328376576252204 0.351011907334801 0.0972351033162365
v -0.329739 0.336025 0.091174
v -0.330088217312635 0.37775384619861 -0.0988807042496544
v -0.328191673050723 0.408711191591309 -0.0789597245247648
v -0.325434575048973 0.557816614363941 0.0223432021183791
v -0.326275 0.382681 -0.091561
v -0.327655982568674 0.278603266773808 -0.0792435779879423
v -0.322966176325301 0.574423798122371 -0.000293652071491168
v -0.325805917643294 0.362598 0.0958692661208439
v -0.327408 0.33938 0.091152
v -0.327285257909151 0.313973084801457 -0.0831161790768641
v -0.327880791883704 0.400847033911345 0.0891250616357839
v -0.327358787061411 0.321868312729806 -0.0960045035870731
v -0.326532 0.342286 -0.09465
v -0.329065488211071 0.407831185750342 0.083642491465474
v -0.326199223186469 0.335008290537709 0.0940131961989605
v -0.326312727202535 0.0737923178905483 -0.000902451406513785
v -0.325650231797058 0.358831791472425 -0.0988311121608359
v -0.325372065047251 0.378770501690617 0.0897202723897936
v -0.32670196112186 0.373658849934651 0.0944367188146842
v -0.320256166805971 0.572342984394293 -0.0127009821731687
v -0.326934594404852 0.367727984305086 -0.0993169249129491
v -0.320206077432683 0.412630086820441 0.0735236959016435
v -0.327338321682181 0.541484813493444 -0.0360472934873459
v -0.321556027087086 0.0851632933961318 -0.0203773786212925
v -0.32298972602705 0.350271130672994 -0.0937972739729501
v -0.324747742321741 0.411550412725632 -0.0763438481166988
v -0.3248710303949 0.388037786596296 -0.093671737632144
v -0.324746232698581 0.319339431912884 -0.0908627128956019
v -0.323298004313439 0.322810315603354 0.0913470381502995
v -0.323036547856987 0.351417521430132 0.0910165977681497
v -0.322297479119084 0.380509620004977 0.0913149699823624
v -0.323861406692379 0.466479728403683 -0.0679754034312766
v -0.32390044607555 0.403799962089844 -0.085786883956527
v -0.322376 0.329882358602389 -0.0967948667424978
v -0.325080353768352 0.327189751370277 0.0941946792221203
v -0.321905038914301 0.399470293845576 0.086789961768622
v -0.321756 0.371626 -0.092659
v -0.322486967313066 0.39703303345589 -0.091828682164439
v -0.318145420576838 0.528709379697051 0.0427409986196893
v -0.322508442198759 0.560465653314054 -0.0242879360439431
v -0.321474017600862 0.361133499721118 -0.0939401336512468
v -0.321880878398278 0.366943122470854 0.0899550171664541
v -0.320335570498339 0.189374999908964 -0.0672280897216726
v -0.310181296287702 0.17425830414887 0.0609107996438792
v -0.321162858004286 0.402875904045741 0.0763052754596404
v -0.321232952341188 0.340248842819644 -0.0970991841441684
v -0.320115843052203 0.323070569770622 -0.0850413592464048
v -0.321988600028935 0.32064166353029 0.0820301914000837
v -0.312507436343161 0.116592013561374 -0.0423928270204914
v -0.318136679623539 0.336404050575789 0.0936934144752102
v -0.321078769317146 0.34373765173344 0.0939150569975373
v -0.317125584752265 0.329414763096214 -0.0921937565182892
v -0.319626349467705 0.374147927130538 -0.0947705195296801
v -0.316117524282885 0.384210789124995 -0.0938253430503057
v -0.317936838747486 0.369124956923873 0.0926028618804806
v -0.318340563377643 0.353348404733682 -0.0963554167173962
v -0.317676159783843 0.397446600856444 -0.0811915690247151
v -0.317364874454749 0.394476990313262 -0.0891069466033928
v -0.314975568499856 0.323393081057488 -0.0811918550960018
v -0.316862701356801 0.383477101203023 0.0913672833278408
v -0.339569546935394 0.487429334252372 -0.0586248845198534
v -0.314375638648986 0.392084926015601 0.0792042852341604
v -0.315627679460132 0.337444707554864 -0.0955234872095909
v -0.315706836820306 0.332604292394196 0.0903532802475458
v -0.31396291992655 0.362932806880265 -0.0961557874515616
v -0.313459045299374 0.387265587136653 0.0868511314313397
v -0.314151038146464 0.372937028573855 -0.0952977942255286
v -0.294803209043933 0.133506845481067 -0.0517426849889186
v -0.313135666670379 0.323264303227015 0.0778699953818399
v -0.313791408872946 0.0726214007149091 -0.00922440665771375
v -0.312811600145308 0.351094038100153 -0.0961073643158839
v -0.309573343238388 0.448624446935122 0.0703992252911626
v -0.312680169543739 0.397897696530885 -0.078086721575955
v -0.313544389773983 0.0739271649741074 0.00819736067647812
v -0.312868046025954 0.34763032558726 0.0927559022997463
v -0.313128885095647 0.333095293314237 0.0809011455084525
v -0.312826848556287 0.38792789959519 -0.087796396199153
v -0.310942221352138 0.377568964099002 -0.0923641028511559
v -0.311856978836365 0.364917924309833 0.092412124951163
v -0.311494198145335 0.316808618754764 -0.0800999892133946
v -0.31282842337217 0.333819505297181 -0.0836470713159731
v -0.311336005449289 0.393348144665295 0.0759531646006056
v -0.310739790754654 0.341883091314609 -0.0915048446155456
v -0.310128830187051 0.377160263264398 0.088438183813835
v -0.306485825815992 0.0959138858469139 -0.0308559266399348
v -0.310638478254527 0.384742661925775 -0.0824864447902912
v -0.309717077694564 0.343599033994901 0.087255
v -0.308085429784002 0.368856696778096 0.088191871595761
v -0.305621540849384 0.335513489684608 -0.0801988123939994
v -0.308868066398286 0.379848585449394 0.0794118035128467
v -0.309074806164275 0.367404407798262 -0.0930636527771298
v -0.30873210983702 0.377809261502078 -0.087656
v -0.308545162671361 0.342858396089437 0.0799507821187077
v -0.307652865348809 0.357047958760605 0.0883735038400767
v -0.307238101759121 0.358065320878867 -0.0905662958519127
v -0.295629236830537 0.411609920241327 0.0748607633279739
v -0.306620484588071 0.370717907479073 -0.0826632953190729
v -0.308056111898504 0.346274485429126 -0.0834788863421163
v -0.310771532199796 0.577267326308581 0.00783904834723095
v -0.306843042935599 0.367130543686904 -0.0880963467902108
v -0.306300575815896 0.359018339537606 -0.0837752742915985
v -0.306122945994689 0.370954833590195 0.0786823580332872
v -0.305983168124419 0.354835419015637 0.0794657184156724
v -0.302064 0.359500351222648 -0.0799361582585975
v -0.306244986488402 0.530214019140858 -0.0476185843898179
v -0.304631406650552 0.570107813771357 0.0195338213220088
v -0.302858629105634 0.580270518637909 -0.0107577246727363
v -0.302105994397638 0.373214188831238 0.076496846844413
v -0.30153362656104 0.343040295906647 0.0769800037485476
v -0.310888001962156 0.579484746852092 -0.00245493914479324
v -0.288665975359998 0.575931450203597 -0.0222814469327287
v -0.288044465037214 0.347147425584184 -0.0793948484444553
v -0.298975204067199 0.066701692415186 -0.0010869387876243
v -0.303600707854471 0.0959925671250504 0.0282538313980659
v -0.29452141888473 0.585188277729273 0.000672686884451521
v -0.285902932524436 0.066632931891775 -0.00949181043727997
v -0.293053787689719 0.497277562698484 0.0604018221350133
v -0.290200055737847 0.078654339672534 -0.0209162887465187
v -0.032097390257956 0.251512985879353 0.0616612228667845
v -0.279785233089557 0.525531489570931 0.0519208302673515
v -0.285143654738677 0.333554114015788 0.0765288828849552
v -0.28145642223102 0.558852636725082 -0.0371865411283464
v -0.300651311024024 0.304640350275774 0.0769188223850226
v -0.284128995193595 0.0752595745856264 0.0158940440854177
v -0.265341470724779 0.315130630224084 -0.0793390828723688
v -0.288135855296095 0.261940007731234 -0.0787287029142998
v -0.294381871688493 0.113714888312456 0.03955687729296
v -0.28047397194612 0.473852703114373 0.0681157252162849
v -0.276449123925852 0.577345446578845 0.0215743004273225
v -0.286528224982905 0.198811276792379 0.0658938862190027
v -0.279806343647615 0.0654049497943312 0.00635551824292273
v -0.274565362343238 0.590189727058982 -0.00847879581711359
v -0.27631388649497 0.587310926300683 0.0102893751484632
v -0.293447169930453 0.510489611499545 -0.0582851720562839
v -0.281077551393253 0.48203519239137 -0.0687347758683363
v -0.271792065168951 0.158868956276982 0.0574250728849808
v -0.287953128527268 0.231470077548334 0.0718349497299685
v -0.271241984145874 0.129737002231847 0.0482574374695404
v -0.269632769504686 0.58570970083565 -0.0179618464888986
v -0.29941801317519 0.265541850901295 0.0760913722490895
v -0.271238024732075 0.0616868635864908 -0.00233789679555876
v -0.276813339726925 0.230001327625601 -0.0739013196840633
v -0.276970102407094 0.373944243308661 -0.0793062804069753
v -0.279822966708316 0.283659858501414 -0.0798661372993131
v -0.255720779103307 0.0711006418541991 -0.0191585824354281
v -0.2735322490667 0.441779508556786 0.0738131444751496
v -0.271235587553798 0.253860059720272 -0.0769529690386874
v -0.265853486836334 0.59388502722715 0.000711238863305106
v 0.266458727357169 0.496684157354171 0.00552372072553557
v -0.265389 0.129504 0.04835
v -0.265771697104231 0.0645853594025517 -0.0112481911173723
v -0.265806659615102 0.540438069168907 -0.0500960264254587
v -0.263487604885496 0.259557933875274 0.0751098301665772
v -0.263102075414742 0.230536198719923 0.0724609961040292
v -0.279246764436388 0.416804697715697 -0.0783820580133842
v -0.260153690018171 0.269597474076551 -0.0785419979659869
v -0.259264857189722 0.595072075631453 0.00485636504824978
v -0.268879229431981 0.179433205458946 -0.0647669310588444
v -0.242368352500179 0.111622314536268 -0.044370585036511
v -0.25636096400743 0.597163522766854 -0.00680978820712671
v -0.255407 0.600261 -0.001098
v -0.24947125337921 0.142112100264848 -0.0558340068818206
v -0.259176639577281 0.588513846296256 0.0150563503714319
v -0.245030769884164 0.0865510518541732 -0.0306438831524421
v -0.255758105916672 0.24786277079973 -0.0791621171626667
v -0.257686359249823 0.0968962728546847 0.0330510495335402
v -0.250631293819556 0.255556851514864 0.0791941482740755
v -0.250240979808705 0.408777861680021 0.0764674315602609
v -0.251414083597549 0.282308832962648 0.0767941668974635
v -0.250790487248334 0.59622283801658 -0.0101234299111914
v -0.246814812741383 0.237826465387995 0.0788520936147831
v -0.252444626680034 0.196872721535666 0.0659068568248456
v -0.254331144073559 0.368921732139929 0.0762858975766352
v -0.249498337756104 0.0579657147844094 -0.000651035900997586
v -0.25646096713034 0.222083200699225 -0.0745774407986574
v -0.242550800060713 0.522387739645718 -0.0600068899591375
v -0.247512923855864 0.0613035213685815 0.00789158897857404
v -0.250208305346897 0.268277238373091 -0.081203893759634
v -0.251025538686722 0.567524614728793 0.034314921634166
v -0.246355671271287 0.22263011986284 0.0743161179437756
v -0.238044999106201 0.275766983496012 0.0834342420218677
v -0.251297455615313 0.567214349245928 -0.0374352457626469
v -0.255080272527083 0.545257956857307 0.0464808685113543
v -0.24869657138212 0.504786389451929 0.06266048608472
v -0.24526298612573 0.604204477441924 0.00434092131365613
v -0.247369219820002 0.606001241823462 -0.00170778781782494
v -0.234958219549372 0.488491869161326 -0.0702975172818319
v -0.253808979326203 0.459993890784917 -0.0752425005731501
v -0.248151380005361 0.29302978717209 -0.079274370590346
v -0.244362580119444 0.0581263170465519 -0.00835844550874647
v -0.244536404055372 0.596572302087191 0.00910457094661889
v -0.236065547786333 0.0636908436176678 0.0121049578655829
v -0.237798547013571 0.232631093169845 -0.0836306411802762
v -0.235708949124861 0.0778722380769434 0.0226325472385705
v -0.239428471856968 0.608503751245553 -0.00699107062677628
v -0.232513798538512 0.230616838368438 0.0823861190887407
v -0.234270212288114 0.211798263608637 -0.0745744999617679
v -0.23693266147517 0.285857868816386 -0.0826288968023007
v -0.239431559352607 0.301339108711006 0.0761153265502295
v -0.238747067821059 0.25387369012731 -0.0875383287699203
v -0.235116164701216 0.0530919255728843 0.00610110190454901
v -0.233543797028307 0.247919942824794 0.0865240368898618
v -0.23177024505849 0.616766833508627 -0.00193777958027159
v -0.225444363640722 0.527122922782574 0.056946497985565
v -0.235242679843983 0.0601628493069177 -0.0128343887275591
v -0.235186954952265 0.0523484449192364 -0.00820088115398355
v -0.239587545358649 0.0521700484345873 -0.00235516727127654
v -0.226950979003582 0.448855975777911 0.0744308486916688
v -0.239010502098773 0.590176680333712 -0.0211657509014087
v -0.224635013396564 0.0534 0.00933461436096599
v -0.232191971853177 0.212755762352839 0.0728189496681348
v -0.230551258711055 0.292097314151943 0.0792617765876175
v -0.226962242601784 0.297186233375374 -0.0802988499853291
v -0.255132766018742 0.134900498351609 0.05057457986001
v -0.229775881381133 0.557977794635444 -0.0456344727410564
v -0.227052940102222 0.26297585609488 0.090528335603981
v -0.225793526409895 0.48496384412997 0.0687389430377777
v -0.22172987489502 0.608034496569301 0.00828297572588494
v -0.228850968095772 0.28723928776588 -0.085335591349713
v -0.238964288884254 0.585351404861636 0.0228543908055782
v -0.219857848042523 0.429287063876029 -0.0787524133075897
v -0.21753885920105 0.331549395821627 0.0743102177411519
v -0.241055751323292 0.113542105209202 0.0422847955382309
v -0.222041490311448 0.26198150928448 -0.0947469637994654
v -0.226218829346355 0.598847442047869 -0.0135476040565466
v -0.22808526063953 0.28135641660792 -0.0897420383474767
v -0.224329844107469 0.286850664534218 0.0860429162558389
v -0.219346865279627 0.193575740811753 0.0653235284940109
v -0.222914993378326 0.220283799590915 -0.0829620829186914
v -0.227355096458802 0.275732088283961 -0.092171487401681
v -0.21890210992638 0.241811468556469 -0.0924564424989934
v -0.222903642829913 0.598995972849988 0.0110633279101093
v -0.223104 0.041234 -0.000778
v -0.225017391989955 0.577430645271013 -0.0340136862696097
v -0.222017953796995 0.27811499341542 0.0920487687182583
v -0.219986604309943 0.621035992938411 0.00424424321212007
v -0.221882543697241 0.316947219813016 -0.0772560308193218
v -0.212427445976319 0.311861777351052 0.0745374228790826
v -0.221698596870193 0.619393358631263 -0.00732324993939443
v -0.216320901148845 0.299823304375886 0.0771943149495154
v -0.218173311076177 0.0614646725147368 0.0122070584046408
v -0.215192196608745 0.177630264000414 -0.0642077399864071
v -0.218688824233307 0.287116190318737 -0.0939567929432983
v -0.207419340103914 0.252950301185289 0.0946866818994201
v -0.215804587993268 0.213695110268057 -0.0791479226460702
v -0.219175853454989 0.293458748308993 0.0821197395175772
v -0.218249717436399 0.205903457770029 -0.0723817603053251
v -0.219153060991441 0.293316006849901 -0.0848366987581348
v -0.217268713696343 0.269277365535041 -0.0967850922275881
v -0.218687976164359 0.216257430659154 0.078492597232312
v -0.214005301989967 0.295046706889029 0.0853574382733717
v -0.214614604133718 0.567611401080964 0.0386536408862438
v -0.215791219158963 0.610043333882255 -0.0114762958467881
v -0.212372813328693 0.307429934126984 -0.0776286922823597
v -0.199193630043609 0.465208005775247 -0.0750521528817382
v -0.211394551270109 0.0497342666445315 0.00990635588639744
v -0.216817320515706 0.228288997081108 0.0865693317771892
v -0.216420001968047 0.297703103161204 -0.0809461880107043
v -0.20702692833776 0.586480479687471 0.0261115435349548
v -0.214008576362151 0.292265682524395 0.0923900670511913
v -0.212945634795658 0.29509411543967 -0.0924538178347139
v -0.211419716481375 0.515438762419947 -0.0639778349894054
v -0.212281340202343 0.284040589462377 -0.0985914888451367
v -0.203748567823929 0.222702977299302 -0.0901126112279996
v -0.206763397259283 0.232141278437157 -0.0929325812092135
v -0.211662018893711 0.296750591847951 -0.088136544161265
v -0.209430823627687 0.298908423706674 0.0874532265700632
v -0.210778759994803 0.29642007599839 0.0808155169843748
v -0.210999651512001 0.0486425047962812 -0.0125815059398887
v -0.209347496752533 0.294904631627947 -0.097678587073597
v -0.203805775500012 0.549382225304063 0.0490887732291358
v -0.210560653149516 0.296387644641914 -0.0843010314686424
v -0.207193320155941 0.0821231241939739 -0.0295723835155754
v -0.211463582998973 0.210096381195032 0.0723035426000399
v -0.208121243493632 0.216885398442202 0.0822698367854285
v -0.204232627410109 0.301314356785783 0.0967837880851408
v -0.19687290756294 0.275830287745669 -0.102677975106678
v -0.20417 0.093887 -0.036384
v -0.208713528743422 0.0623837787675563 -0.0163058225338434
v -0.206336753881203 0.21219604647272 -0.0767077609320941
v -0.205439153409115 0.0335330020908126 0.00463437486178274
v -0.205419174132203 0.300469339976332 -0.0871515915552525
v -0.203673744734064 0.266496547191423 -0.100032019177621
v -0.206000436671938 0.30291290979459 -0.0934321523866896
v -0.192798517984909 0.498268942379397 -0.0687685118388977
v -0.206459320652803 0.0337378869682391 -0.00689974105996538
v -0.208681684159342 0.631324619858933 -0.00190856983462018
v -0.201329133905554 0.295658501496722 -0.102536979928822
v -0.205605768650824 0.298018052694335 0.0818600999542959
v -0.203507410307048 0.601196099086182 0.0110239278182815
v -0.201656114870963 0.303907765090404 -0.100309760617498
v -0.20739742785508 0.589742504801086 -0.0261433652837304
v -0.200370624552042 0.309118047412638 0.0920241805770016
v -0.200905 0.306595 -0.090764
v -0.199903006559225 0.213679163375874 0.0778902866370844
v -0.202163961104083 0.296835633488071 -0.0818468351535387
v -0.203456671127559 0.0299521916722275 -0.00262363641406477
v -0.201502192313988 0.297442393420847 0.0779008392851858
v -0.200595512848644 0.302788750741099 0.0845189403047271
v -0.188053863194563 0.464226606303056 0.0721804918249663
v -0.199589 0.216572 0.08434
v -0.197055437935954 0.634087958390492 0.00435009465993563
v -0.199281669207564 0.299787327711765 -0.078717590119399
v -0.196732315899749 0.295316994695323 -0.0814499836478796
v -0.195323005499634 0.303704359194713 -0.0865381808301526
v -0.192480301156371 0.429548822264742 0.0751624118694269
v -0.207896039188507 0.543245419556193 -0.0542409251754577
v -0.19856025841069 0.311590210407635 -0.0962262684261322
v -0.200655260334278 0.226073001588727 0.0898545397610304
v -0.197485259396245 0.29611183585797 0.079240818819755
v -0.195141498337132 0.198507898122295 0.0660435572736014
v -0.195988 0.216596 -0.088119
v -0.19350335064786 0.307699286565538 0.0741141749637225
v -0.194342330142626 0.311263802259956 0.0881767655717343
v -0.195726013864968 0.213790108891205 0.0720149834250434
v -0.196761240164293 0.341506056910582 -0.0764970254116652
v -0.191515457684838 0.302657182017975 0.103822280913141
v -0.193979937869389 0.215199499754093 0.0760782055018454
v -0.188034019750408 0.624111866872147 -0.0114926658255853
v -0.186474283332889 0.613758729303259 0.00922381492629843
v -0.200170112605214 0.119478694147699 -0.0484727677497642
v -0.192037883670973 0.24683852637636 -0.0991676042275571
v -0.191229863679538 0.303141483160804 -0.106243807009783
v -0.193671111212676 0.315397960492651 0.100283911112612
v -0.192785354658758 0.207968157848089 -0.0712526187597959
v -0.174815911930474 0.264361069665113 0.102301018212398
v -0.199737751072883 0.508497669256027 0.0636550155321141
v -0.190755169973782 0.216359905591977 -0.074371464370389
v -0.192491476608839 0.224810466066524 -0.0937244831811094
v -0.189218 0.214496737156232 0.0816708079591018
v -0.194015455168334 0.601279279340356 -0.0148847507458041
v -0.190195886618592 0.294834857693289 0.0763843074164333
v -0.161280289936567 0.481160095144463 -0.071501968561485
v -0.185142011310074 0.300055973811631 -0.0858277693738548
v -0.192139536370921 0.316051241539682 -0.10386769108489
v -0.199985213687793 0.0743955960962128 0.0219796197843847
v -0.170170514013758 0.614065371771084 -0.0126338834499244
v -0.191060000318072 0.218061147863491 -0.0773684705894595
v -0.191053113164657 0.321051436395723 0.0968901391351283
v -0.178819651318385 0.317452962147429 -0.0755176297940135
v -0.190130155379245 0.317442895192502 -0.0931589479234159
v -0.189296324088782 0.214642113630266 -0.0832745285838097
v -0.185623154987253 0.533339379798489 0.0562776285406089
v -0.189144953454428 0.290561704308652 -0.0806159122651161
v -0.187858391307156 0.320033685534657 0.091303575191934
v -0.18374035223998 0.238416709579837 0.0964633064144926
v -0.18702 0.217094 0.076902
v -0.183921924597823 0.217329637607688 -0.0808901926804168
v -0.184687563917543 0.329406813653098 0.0731083451944339
v -0.183708432225645 0.310399768838135 0.0870124186594552
v -0.186284582459269 0.28882120094364 0.0787698685115419
v -0.185832 0.216643 0.087687
v -0.18653930413922 0.221597105726483 0.073714
v -0.17600622423135 0.077275753343753 -0.0271985929186394
v -0.167672495277812 0.58018642275463 -0.0362328062225217
v -0.179081164548662 0.294096180256803 -0.0768377670834813
v -0.013480733763526 0.379935878347857 0.0641013198673872
v -0.186725567372112 0.0579425600377057 0.0113670977905851
v -0.186285448201588 0.222195365157174 -0.0769939508902185
v -0.184139 0.092078 0.032664
v -0.178261606224514 0.209289201267542 -0.0701477784961473
v -0.183903296811183 0.0230504676251267 -0.0067987601216026
v -0.181602 0.216558 -0.091532
v -0.176078918238018 0.320074937966378 -0.111613884660585
v -0.175934884322803 0.291264890042078 0.106153641429232
v -0.188737 0.02233 -0.00122742479500079
v -0.179183711112257 0.14709607062543 -0.0571187433022061
v -0.179518095147593 0.220430171533381 0.0704432574683004
v -0.184151 0.644154 -0.001331
v -0.182357280599983 0.269922921494553 -0.104444242596661
v -0.181174561644319 0.222210320877051 -0.0739281321683754
v -0.18188910465483 0.282344175458598 0.0773898578831481
v -0.183079930723476 0.331153046878108 0.100319832457906
v -0.177431684085817 0.217248452341668 0.0799062064377691
v -0.174219840071811 0.337519123135626 -0.100354811176981
v -0.181027205621452 0.280451526697392 -0.0802240593479378
v -0.172392317875273 0.398274741451562 -0.0772793645744439
v -0.184850592989032 0.265344062043194 -0.10284595867957
v -0.172727737711675 0.560054806229167 -0.047805989002697
v -0.180944 0.228087 0.074381
v -0.178018323096225 0.29325897547939 0.0743123435534811
v -0.175727657093006 0.225308669291024 0.09455050233154
v -0.176923516722147 0.21823943970632 0.0906699013291107
v -0.17199760914867 0.291443661590829 -0.0873431302643132
v -0.175167748301996 0.0292428027331717 0.00797811904819467
v -0.175173199246411 0.21493687561619 0.0863919162358394
v -0.170244964137815 0.299832087709549 -0.110640633859736
v -0.179648 0.231187 -0.076906
v -0.178490541529302 0.0208507430607274 0.00428215777943278
v -0.178778579107613 0.642405880458149 -0.00735824054033887
v -0.174362295769761 0.321565691304464 0.0914707258151601
v -0.169482337097002 0.302857174288219 0.0882081203888849
v -0.170299243082406 0.27967804279979 -0.0763156115266164
v -0.176523522090788 0.236906021173565 0.0739933336443783
v -0.176320838311291 0.268420628120532 0.0769489624431478
v -0.176549337401352 0.269167416704368 -0.0790669675120709
v -0.180151666547793 0.167031632252661 0.0588295192205197
v -0.172343371957843 0.225229284605935 0.0784779420937405
v -0.174885430443141 0.340914894528372 -0.105673762827602
v -0.175082160397232 0.243541175799254 -0.0774261158370248
v -0.172971859769758 0.0187840332187297 -0.00671756806864854
v -0.17462239419709 0.337971920987453 0.0978834033113982
v -0.174492507136961 0.257620064316643 -0.0786847048790281
v -0.172904729250993 0.225895187876431 -0.0810352840303899
v -0.17423595055229 0.254684702315959 0.0759430465024005
v -0.176431975526234 0.335321520920794 0.107491996281954
v -0.175727374982067 0.535582011288676 -0.0581599875360761
v -0.16854727253333 0.348300358675387 0.106203229699343
v -0.167121009913125 0.231499471904562 -0.0728569588490632
v -0.165966922577045 0.0752890870665835 0.0229879847401273
v -0.171140566272105 0.284884105299509 0.083960987043045
v -0.172872 0.646412 0.0032
v -0.176578266282269 0.33508272844439 -0.109859032357605
v -0.167499725711163 0.492248430098806 0.0671033920393457
v -0.174704855053194 0.590977168417975 0.0247370834488803
v -0.170116495979529 0.593205361911315 -0.0258208429569167
v -0.170211 0.344745 -0.104583
v -0.172822816547898 0.0160810918955256 -0.0018648259296897
v -0.169157 0.216559 0.091137
v -0.162530104251025 0.24679848031678 0.0815056739218361
v -0.173752313102602 0.60288321659079 0.0118413445366862
v -0.169843175593882 0.217372389224765 -0.0847492027117909
v -0.164619738386405 0.33249052908816 0.113490019574848
v -0.164843956718552 0.274070066964231 0.0730030269070772
v -0.156065317525664 0.293823756892174 -0.0743481134342578
v -0.170802013347534 0.649309797495506 -0.0024673541183338
v -0.167664447391728 0.267501753961251 -0.0843573359901528
v -0.168072632610305 0.573948044078448 0.0374444118772182
v -0.16132382256139 0.21471818491974 -0.091042
v -0.162859 0.350816 -0.105117
v -0.164668221568215 0.214865693875273 0.0883105389899883
v -0.158114192694947 0.33872653678767 0.0984368995575134
v -0.165981 0.016758 -0.006956
v -0.181907451675189 0.126706509239241 0.0481401699509785
v -0.168632513365225 0.382662907586778 0.0739440978713282
v -0.160676193488595 0.244927386535288 -0.103655272307488
v -0.169371588365663 0.215224013890244 0.084936636466777
v -0.156564490255227 0.203646242702965 -0.0675864613914035
v -0.164911373468685 0.639529475973053 0.00777842653233387
v -0.164178251213406 0.352502203987328 -0.10921223542726
v -0.151329589533952 0.329169711011016 -0.0745254756441322
v -0.159944108579348 0.227206195283565 0.0816718228769121
v -0.163527764501811 0.264475990854583 0.0832024764009121
v -0.160602121350013 0.650152825548001 0.00445844340640019
v -0.167859181401973 0.0161568959092414 0.00353625105429194
v -0.160743648068698 0.338395108719142 -0.117222515940929
v -0.16370831373708 0.0249978598350558 -0.0101846598631232
v -0.162402383442251 0.351587491423961 0.112626515631156
v -0.158942968420368 0.24476470040544 0.0706055530981936
v -0.162226319902982 0.648809302086927 -0.00751890366584412
v -0.155566296560632 0.342826114638322 -0.102470087774266
v -0.15904 0.014549 -0.006934
v -0.158967 0.014566 0.004267
v -0.161136486904348 0.226943142715427 0.0974407609828062
v -0.164520677462134 0.431065675087613 -0.0767569357085778
v -0.156695773938919 0.216782709636715 0.0849583601698644
v -0.159092798094858 0.0560866457084631 -0.0122853510951516
v -0.158892257763892 0.0114035695384936 -0.00134375907739802
v -0.158894053102943 0.626768694729918 -0.012182436403176
v -0.154339378777088 0.361991155164191 0.109465603742566
v -0.160819895038557 0.246783948032674 -0.0735219339251416
v -0.156074030215933 0.226622799347596 -0.0852812320758833
v -0.151871371878267 0.248131419728225 0.102800791225043
v -0.155772945279227 0.358354507882464 0.10550747516015
v -0.157881971288261 0.215151656908138 0.0669045975284003
v -0.151306690679613 0.043061280022177 -0.0103824426798115
v -0.138979570975086 0.451754185790575 -0.0740719555607682
v -0.155464555056653 0.3590204723671 -0.108543340632317
v -0.155364 0.342004 0.072224
v -0.151780933482548 0.0121338345077959 -0.00672477758996023
v -0.155525033207977 0.359759088053602 0.114309896540789
v -0.15218931827203 0.0120086581776672 0.00388392661393083
v -0.147316404237961 0.235605359164791 -0.0709348811402895
v -0.155524453044665 0.655501737927696 -0.00122061174256534
v -0.136977096594112 0.591680187408043 -0.0279308340271881
v -0.156954031105375 0.0371820102998663 0.00810979028659441
v -0.158718650416728 0.554242023103956 0.0481350669255308
v -0.160702035808187 0.217648659664314 0.0933541314248774
v -0.154721052573903 0.317619464939149 0.113683459228169
v -0.141230326958558 0.616655938103587 -0.0128247889633416
v -0.152825821353459 0.21529501560961 0.0913039625369368
v -0.146970284016173 0.354449774063285 0.119767966852094
v -0.141186230038608 0.340127889186991 -0.12182435831308
v -0.137268817411572 0.631221420608438 0.00930398460336367
v -0.146970146182552 0.289686465201867 0.0710780331006549
v -0.147023258783696 0.331686390793662 -0.101858677353559
v -0.15174145199759 0.364466454086807 -0.113611
v -0.150508412812634 0.365770518987129 0.112940800805107
v -0.140563441394429 0.242999218873777 0.0871053950899233
v -0.143994631882715 0.643657653365463 -0.011178052378487
v -0.158274777906674 0.0955742454043864 -0.0375203051793863
v -0.147827 0.217641 -0.098348
v -0.146958273586925 0.0498246676952576 0.00609256230422562
v -0.147491699099417 0.365663869579523 0.117901426687229
v -0.14730516848294 0.603474268671831 0.0121543503708374
v -0.139704667240243 0.116573404968166 -0.0469348878664135
v -0.146506335774929 0.366683174942588 0.108822158112956
v -0.145234960483356 0.367603203604734 -0.121128171804057
v -0.151374253927964 0.293394743198814 0.110097420854684
v -0.143277198240335 0.215973342030878 -0.0954091609045517
v -0.147905556955497 0.217018139898515 -0.0896314575341238
v -0.148586107808289 0.438631451171486 0.0727337270564615
v -0.142733921004262 0.0530674724322411 0.00506260917773323
v -0.148534953521145 0.525575884257229 0.0586776106398126
v -0.142951 0.368657 -0.111993
v -0.142912059271526 0.0520538726708996 -0.00760540984959906
v -0.143480557170257 0.0197896387639234 0.00697854765588329
v -0.138976374816748 0.0570685550104266 -0.0114739661140862
v -0.136878809367006 0.359032713751477 0.106838329152478
v -0.139931218267183 0.0492046857144988 0.00463735722163316
v -0.137060997447386 0.361831348931676 -0.125362812623043
v -0.144248864191226 0.226706718577029 -0.102454902209107
v -0.14180918029054 0.0982960241638613 0.0355241845621063
v -0.137897031378291 0.0418041399268112 0.00615507579693512
v -0.138121238342052 0.375289045349058 -0.11929898124847
v -0.149488601677472 0.518534864102027 -0.0632262164568111
v -0.138822019543284 0.0091783263851325 -0.00681998127670252
v -0.139048883684676 0.051804362270738 0.000895550238201797
v -0.139298375733304 0.0521194598490354 -0.00433639752305965
v -0.136918887323102 0.657072452914098 0.00483735054657207
v -0.139151373350393 0.0484709268488449 -0.00739587946087143
v -0.132089675336336 0.0711893450969744 -0.0228401714983811
v -0.136987548003525 0.0565768039575229 0.00769381536118713
v -0.122504400311551 0.185568292871348 -0.0632558218323738
v -0.143208687158129 0.215827521595518 0.0913338811945433
v -0.137534211124913 0.0513544221883809 -0.00151979486262484
v -0.141346 0.37337 0.114821
v -0.137564774455232 0.218777744398438 0.0969812113436232
v -0.123882954650974 0.282784096252891 -0.0719445440387511
v -0.131887215733408 0.0533989181799778 0.0010601277062211
v -0.129640953098909 0.0539676171070095 -0.00577433385649923
v -0.139636708103001 0.00643586356375902 -0.00049713396770798
v -0.136865919188167 0.549231231675291 -0.0528002099812742
v -0.135766575955249 0.374852669945319 0.121768874765811
v -0.14094351152367 0.227710072947516 0.0861205968695759
v -0.135723757271477 0.219404384497312 -0.0917563753816342
v -0.13675467916719 0.219246226416266 -0.100238279489754
v -0.15018322984601 0.259377099280751 -0.107145319023318
v -0.135177455384757 0.218843760977119 0.0895353659519209
v -0.135108849170706 0.217607071435089 -0.0961820509737374
v -0.14585736499944 0.319410251997395 0.0972985919373527
v -0.130773678079833 0.366403298010733 0.124781772069866
v -0.140378823318279 0.301025403650173 -0.115042510089292
v -0.134154166857367 0.0477111247697882 0.00356623789587591
v -0.132320809646892 0.65859457010178 -0.00738022216961171
v -0.11655974865604 0.195387529907694 0.0616555068975889
v -0.130252684779545 0.230717096732756 -0.10484377716736
v -0.134499296818433 0.00629887526982915 -0.00499744083007596
v -0.127320470537726 0.22492983312661 -0.0932333275492139
v -0.130705742319853 0.0479380507561118 -0.00105355194708329
v -0.13075283467823 0.219520664871128 0.0946573299516331
v -0.126946018028174 0.344781702343675 0.122600596513651
v -0.130079849598301 0.00619770650682116 0.0034143873905498
v -0.140151581140835 0.228088884437299 -0.0888377844479979
v -0.135493994488989 0.256426919448358 -0.0921899306463046
v -0.142156090340872 0.594432898628105 0.0228310500577829
v -0.129378539623885 0.22227467290402 -0.101685656707003
v -0.128038962510037 0.380230865632522 0.114813141120621
v -0.146487896507859 0.36174964212658 -0.0751446877221984
v -0.129024201275995 0.222055251560821 0.0904662700873454
v -0.128559833707005 0.379233039270962 -0.117033296351057
v -0.129345939047501 0.57159653886139 0.0391985052923428
v -0.130901083026613 0.380561632057027 0.118852
v -0.120601524344791 0.504167458835313 0.0627893649733165
v -0.128281 0.010607 -0.008278
v -0.117869001476878 0.491780756019745 -0.0675218301910187
v -0.124471195322899 0.223330985514744 -0.097812
v -0.125310610174914 0.233967251795333 0.0901227849582438
v -0.122440235030281 0.368648637210771 -0.114317707461767
v -0.126033983292823 0.223664250108678 0.0990524177736036
v -0.125831652596494 0.0430516525964938 -0.00645288135418662
v -0.122805976713483 0.224494755386278 0.0956520992861271
v -0.127076312331215 0.468155333923623 0.0689192348948147
v -0.123813134340274 0.6040435410294 -0.0149843309783746
v -0.122159086492584 0.383612825926116 -0.128216284064727
v -0.121446237680075 0.354600172483259 -0.12782008841255
v -0.127002509665759 0.0319680421873898 -0.00915656576442003
v -0.130517318934069 0.246297503718714 0.0677651513076638
v -0.123166123946822 0.648312858994291 -0.011253951111343
v -0.13391837046976 0.327271208339846 0.118502027893549
v -0.124428 0.382426 0.125099
v -0.122320927668491 0.0412357095453641 0.00369152232883417
v -0.126757818439774 0.237914702445371 0.10394016537352
v -0.121008083736227 0.614123424100724 0.00982115379609684
v -0.122949241503308 0.239201199415156 -0.0935305678372796
v -0.122827530963557 0.649207040825647 0.00835877240196677
v -0.122368969142297 0.146659798163208 -0.0560797954478581
v -0.120678776517355 0.590670551494624 0.0260844331243557
v -0.120408576897861 0.227890183533183 0.0934105466842659
v -0.120002310359388 0.577213922835109 -0.0383300357613128
v -0.12016859379704 0.229863988576937 -0.095507915510737
v -0.120014294760047 0.386973592921396 0.121879288417363
v -0.117223365368302 0.231146804388378 0.0992677384678157
v -0.119466132681751 0.229552571810207 -0.10327554893879
v -0.119253 0.232672 -0.105004
v -0.123922527825232 0.246942662592862 -0.108181645230872
v -0.123669100784388 0.0283518063551105 0.00634184102704391
v -0.123621022451137 0.410674548811597 -0.0747361046838309
v -0.124542202521655 0.265507218073459 -0.110771789523336
v -0.12017214228192 0.38624122052476 -0.123536194455433
v -0.12643798493872 0.296357866772451 0.113537576302128
v -0.120531019692361 0.231824349624575 0.102208319299963
v -0.116709808444754 0.0568394627392031 0.00704104350818949
v -0.119573303606401 0.00270094597200747 -0.00103829355504977
v -0.125597738783243 0.0643226640563841 0.0145837708441025
v -0.121389431390608 0.246765572295703 0.0920822914126053
v -0.120198536417205 0.354381682902098 0.109656237357106
v -0.121170167725656 0.269267314026183 0.0951457296592706
v -0.110225 0.08691 -0.031673
v -0.122132245964753 0.303550380903947 -0.117403946803875
v -0.115382034434937 0.237375603628363 -0.105692192070562
v -0.115386976037282 0.233466850885615 0.0959571103196868
v -0.120133522353689 0.251056747683656 -0.0953534321791946
v -0.114494495243171 0.374904266973554 0.114620480323211
v -0.126000404916897 0.322081895061961 -0.105062588723096
v -0.122882130069064 0.308357417915773 0.101196093324067
v -0.113998035288849 0.280275102563984 -0.10226430888208
v -0.113873868182018 0.238168693369157 -0.0981525027335792
v -0.113042230433681 0.387361701465746 0.118704449129798
v -0.104290058819814 0.526607777287613 -0.059210523011689
v -0.116484995150404 0.231642362055544 -0.100946841423635
v -0.11494129992378 0.238990084666297 0.103634121358902
v -0.114245275896738 0.239286655575445 0.0946464539009242
v -0.102940669118849 0.0543016670404152 0.000607946220173606
v -0.114431629149004 0.279575217340708 0.109796348059253
v -0.128059749291127 0.380676736465493 0.0718160404018313
v -0.106070034991696 0.594447782187817 -0.02510664270278
v -0.113308379924949 0.275608503613825 -0.111247566381943
v -0.112482 0.257781268977764 -0.109113653817694
v -0.114953848847711 0.0404419636760802 -0.00125963794506123
v -0.112810719259832 0.293614315943973 -0.114272061420183
v -0.111966358593617 0.25544295749161 0.106059026476449
v -0.111714385452688 0.295271168623162 0.10348030836215
v -0.120394846689523 0.162338817104532 0.0565580795215117
v -0.108495758459837 0.392289975539412 0.124169834775864
v -0.112938017364207 0.237686815370073 0.0994839858239663
v -0.113094731962264 0.247769918181653 -0.107777128049236
v -0.111360744420759 0.24177341562593 -0.10280267573986
v -0.110953578117014 0.291170123745396 -0.108353964392766
v -0.112420685367485 0.24526054118723 0.104379516087471
v -0.111979222999135 0.262208840676739 0.0978031335935966
v -0.110966713066137 0.279799314522062 0.10531
v -0.110988 0.262165 0.105485
v -0.110236908727486 0.266336865111068 -0.105369865111068
v -0.110834368366507 0.250754758781865 0.0969897353133248
v -0.109514658909778 0.312861521423326 0.116076015081761
v -0.111607350117784 0.37887829337533 -0.132838682665099
v -0.112024233420074 0.247487099709348 -0.0988686139239038
v -0.11004211434742 0.246367 0.0994605056783154
v -0.110763 0.256683 -0.100613
v -0.0998794923295496 0.424296044638212 0.0699160074734043
v -0.11014540838331 0.266768890579808 0.103180113176491
v -0.113299632913126 0.327164659157949 0.120758899824865
v -0.108710209583277 0.306116607336021 -0.112181195582178
v -0.109546813841835 0.250974361138849 -0.104271532695998
v -0.113730661246575 0.322447810949445 -0.108330351866192
v -0.109408187844964 0.255477558176478 0.102082627824499
v -0.108877235522653 0.31779721720661 -0.119803750546017
v -0.11050308746069 0.39141241196743 -0.127319160754815
v -0.109258288098589 0.00346295297354824 -0.00625046131516845
v -0.109415086582005 0.301371196854906 0.109866238019455
v -0.0886908971184125 0.102345084707013 0.0354363021684255
v -0.112067093195088 0.387429208190434 -0.12158578052146
v -0.107440235718999 0.390032910137359 -0.132614935131831
v -0.111989079087329 0.0789578099665833 0.0239864986531863
v -0.106709299168864 0.0344801320801534 -0.00596734462133394
v -0.103220819781481 0.552556407217803 0.0476580601605104
v -0.123354039274348 0.227945540207011 -0.0684302906844534
v -0.107958839385252 0.317818466430294 0.108022104017885
v -0.104389522976809 0.669047889407019 -0.00147457604921271
v -0.106889279746925 0.380419070631538 -0.119854151562137
v -0.108602868920998 0.315203 -0.109897272376981
v -0.112478967898829 0.339465711094472 0.109180800615153
v -0.106353667615579 0.00397542169975511 0.0037883720264221
v -0.110440558588947 0.378521651205419 0.130259222489712
v -0.107490967349648 0.390951944993528 0.129596300513061
v -0.105589547083622 0.0354757292055094 0.000313268824266038
v -0.114226277915058 0.344388426589086 -0.111822784937041
v -0.100800895840649 0.000696477058851962 -0.00123139988931747
v -0.102508001934242 0.0315298282336371 0.00345313291546868
v -0.104819402857279 0.32960437557631 -0.113243305398842
v -0.102615129957274 0.603111629595621 0.0125912008982082
v -0.104185863247061 0.35351631680397 0.127453765297505
v -0.101844983205168 0.33673466169106 -0.124340197266628
v -0.098778814934811 0.394414117449668 0.123550982218626
v -0.102361110903065 0.329567287545884 0.115122439813622
v -0.10464245845053 0.348240893705523 -0.128758813943637
v -0.100553 0.340461 0.122845
v -0.10287305531271 0.392798276916774 -0.125145577257251
v -0.102168068983372 0.330510619990758 -0.118317967792462
v -0.104311368644959 0.0127575406656923 0.00580564970257297
v -0.0873136057539966 0.135215495743215 0.0485889470141896
v -0.101882455765206 0.366868463424363 -0.11872196960727
v -0.10288546513596 0.394308290601748 -0.130080986176419
v -0.100635183933032 0.339196842156662 0.113774143059025
v -0.0994 0.344543 -0.117492
v -0.0962392469722659 0.0310382062462606 -0.000675730301865468
v -0.10070025744765 0.385770163585397 -0.135365663833773
v -0.0895894383435446 0.574298289247985 0.0362315531440375
v -0.0982289794596833 0.395455619381895 0.12900268723787
v -0.0975393055551949 0.347510500877136 -0.126728679386704
v -0.098319 0.393593 -0.134474
v -0.0970158004098949 0.345604680758351 -0.123061633571521
v -0.0970283089735801 0.393216901815333 0.132007701240399
v -0.0986807616900699 0.375264893501786 0.118244364991795
v -0.0962936904881841 0.667324789917206 -0.00688064365913924
v -0.096171 0.560638 -0.046465
v -0.0956013378338949 0.355761436316562 -0.129671459814283
v -0.095346316974712 0.374238872108021 -0.134690728451562
v -0.0946342756225589 0.351296210179162 0.121109
v -0.0938061305880382 0.379912905193761 -0.0727095621030512
v -0.0935083035879987 0.395746240043865 0.126673195573007
v -0.094063 0.353509 -0.126071
v -0.0911075533510804 0.0260767362923299 0.00324124405429347
v -0.094859 0.35357 -0.12081
v -0.0944090980120365 0.395947008270553 -0.130873782205784
v -0.100994263862827 0.37373222209496 0.13139217204523
v -0.0961257025763114 0.379443495288218 -0.122227967466587
v -0.093298 0.05382 -0.00102
v -0.102340425697403 0.0218529379543013 -0.00824534669136577
v -0.0985537137771964 0.385106435456407 0.119891147241155
v -0.0936826983513854 0.385910025434659 0.13328296495781
v -0.0936980763925825 0.394699925698688 0.131238764318517
v -0.0917001248987083 0.393703471909854 -0.127524774219505
v -0.0921930383325147 0.00912698587070556 -0.00794877932095265
v -0.0916501852167521 0.39383137424308 -0.134662337618064
v -0.09155 0.368699 0.120513
v -0.0908975008889449 0.395089385898645 0.129313636715855
v -0.0914250255556846 0.394127829073622 0.124798246610002
v -0.0927888204941109 0.361973675810762 0.128219480125312
v -0.0915185462307459 0.370654026880998 0.130473091355867
v -0.0902974759344742 0.369374422078458 -0.132399954133005
v -0.0960182290261975 0.654472558084586 0.00832834889902763
v -0.0838320907853469 0.672546804240518 -0.00100053413644576
v -0.0894385746179825 0.36622675578717 0.12486386283201
v -0.0941496293836283 0.387854967793899 -0.124476516701084
v -0.090588030767451 0.0555851246896089 -0.00627141687089134
v -0.0897933454297178 0.394162587079686 -0.130778830243547
v 0.0995715255802257 0.455150996534364 0.048287456719883
v -0.089922 0.378353 0.131696
v -0.0916492773125999 0.369214181114465 -0.123290240817483
v -0.0900536156711395 0.389166911157443 -0.135444447335823
v -0.086690542051517 0.054528 0.00298283502406759
v -0.0912784434801123 0.0600769899901371 0.00918295649805068
v -0.0892644268861151 0.391066888915602 0.131902228311707
v -0.0891362493467356 0.367652117978694 -0.12773030442742
v -0.0901092566006719 0.387411486768868 0.123111694194438
v -0.0883608514548398 0.0247159390405066 -0.00586854697746975
v -0.08796625875608 0.39156760980813 0.127266634137405
v -0.0880684980768051 0.384251415976641 0.131356569005066
v -0.0882119976582927 0.391216506015695 -0.133286690229465
v -0.0880008812590175 0.38941418656785 -0.12859204880767
v -0.0881568914152782 0.378247033896732 0.12354797059689
v -0.0881680774303106 0.669160607311436 0.00394157120268772
v -0.0881214857255115 0.381456822585677 -0.126655862912995
v -0.0881191329507078 0.382728591349701 -0.13411177684821
v -0.0873877543292638 0.376865700923864 0.127559010541904
v -0.0871325450308294 0.378478537590848 -0.130689352111878
v -0.0969714371410994 0.257778339746521 0.0661088682920304
v -0.0868769452530068 0.385147478760662 -0.131359781610154
v -0.0867916641343214 0.38646772002425 0.127584242073751
v -0.0973199975273678 0.119461843223459 -0.0466481083382443
v -0.0859765266343341 0.00167614018440331 0.00304987330646678
v -0.103650213789296 0.226781038376911 0.0642635087976914
v -0.0895051979609883 0.0167565720558746 0.00498698696626133
v -0.0804992493238296 0.450074699265561 -0.0699766076044277
v -0.0819089775631528 0.0492772952301523 -0.000967927524144738
v -0.0848732974019675 0.000169252591889713 -0.000310647612555529
v -0.081493 0.050562 -0.004743
v -0.0797843613751693 0.0569788099251117 -0.00747904467974881
v -0.0855008618634105 0.025324398252493 -0.00150432829326277
v -0.0984892584610183 0.314070140883373 0.0686843000323564
v -0.0828997773156522 0.00180070365282749 -0.00597477090016136
v -0.0742395300328431 0.0655469307410443 -0.0157646589668034
v -0.0843908193370049 0.336547359899015 -0.0714485368358318
v -0.0844067670911287 0.591607461770161 0.0239700923492348
v -0.0727917626482852 0.0496388788180245 0.00321876135957308
v -0.0779756682134494 0.00244884086939207 0.00335375347084305
v -0.0999690480094792 0.265409403892233 -0.0696582371809026
v -0.0743067683449074 0.0576564589217151 0.00479402892231047
v -0.0692089023146418 0.540399796052464 -0.0528424703085124
v -0.0809438921064297 0.00921053745911639 -0.00770306517642408
v -0.0763692790489531 0.000270498739690302 -0.000924330566277615
v -0.0775588488860648 0.0100918968952487 0.00452359819694438
v -0.071843324782131 0.535640433420106 0.0519191901733315
v -0.0666382302105572 0.0656657433091195 0.0122236343042791
v -0.072986 0.508169 0.058853
v -0.072397 0.047203 -0.004697
v -0.072604 0.014299 -0.005796
v -0.0772790354001672 0.0199062090332394 -0.00316895306718095
v -0.0593465994223291 0.589944730294618 -0.0262000636555838
v -0.0706582002466 0.00337791176704836 -0.00563134412383834
v -0.0600607093137675 0.484079060270559 -0.0645842447728969
v -0.0728644067808213 0.0157932668982216 0.00221564650625561
v -0.0639834455623164 0.0517560729648792 -0.00685116777734555
v -0.0696233233354955 0.00190798282527979 -0.0013073299206052
v -0.0706093760935119 0.00370986688763641 0.00270470109627708
v -0.068167602780855 0.0125690462196908 -0.00157871057204612
v -0.0682641886605441 0.00864577196288535 -0.0054455835555883
v -0.0679539175805005 0.00400674644804175 -0.00385799102236829
v -0.0654173682013257 0.181664754939194 -0.0600640570445474
v -0.06773 0.008262 0.002246
v -0.0622443116381232 0.60296 0.0113886154545767
v -0.0593719297654307 0.614643254699603 -0.012587724482573
v -0.066269 0.006005 -0.000765
v -0.0615441231798758 0.671449629273683 -0.00728888211787152
v -0.061112958022156 0.671938805673728 0.00444998258896462
v -0.0724957941659704 0.362531331878674 0.0681849616215611
v -0.0528186644533396 0.0585321932531331 0.0042587524429461
v -0.0623857531440745 0.576586229051963 -0.0357764879150662
v -0.057907 0.675757 -0.001351
v -0.0543946498138075 0.0426709157078268 -0.00584539700803299
v -0.0629476532786869 0.0425444948746661 -0.00106313471096973
v -0.0680866458226295 0.1685141025205 0.0553680803539699
v -0.0549692769112523 0.579622544270782 0.0305961407470503
v -0.0511958727331637 0.660594147010251 -0.0107741324041406
v -0.0365447344558139 0.144574473310147 0.0483535575136085
v -0.0484374322989645 0.0410272315449308 0.00302641170816507
v -0.0486181244887294 0.511282815482956 -0.0588470674968744
v -0.0548330539795524 0.0875370108234041 0.0254775115808963
v -0.037442824299918 0.677019969712346 -0.0010589966065152
v -0.0475332041552839 0.11317169480717 -0.040755145646001
v -0.074507599506355 0.407435375697675 -0.0713730641872701
v -0.0487587762271327 0.0381254971912542 -0.00142771377313635
v -0.0383695394344047 0.599200434972144 -0.0150941242068229
v -0.0505947007908773 0.592047765464813 0.0210334057155012
v -0.0369489879054123 0.072740002207462 -0.0174912233006829
v -0.044377943272864 0.555208737011941 -0.045213981365251
v -0.0248788602550916 0.103324436905867 0.0309903982200164
v -0.0400083511328777 0.0495611816460773 -0.00706057230363311
v -0.0333866246047247 0.0371253157923826 -0.00581837308701805
v -0.0271259702624879 0.530809047120301 -0.0521258872998959
v -0.0363145862042141 0.0618650586418369 0.00431467413127696
v -0.0353964463432304 0.47718513778652 0.0605186450071155
v -0.0262388740001136 0.514662847182315 0.0533265630012538
v -0.0408934365968173 0.225418501699901 -0.0632709797057463
v -0.0241384331704201 0.673628518918034 0.00461033710953294
v -0.0279947117734134 0.665369180714706 0.00744109156757262
v -0.026719 0.036212 0.003114
v -0.0250975546983798 0.0643081311885512 -0.00782481633602828
v -0.0153395594251847 0.488693872842519 -0.0597785265148671
v -0.0205414579054269 0.586703776226869 0.0218741376401946
v -0.00734925996829652 0.138951443728738 -0.0470945920529476
v -0.0142884811597001 0.673754986681586 -0.0073392809841927
v -0.0150300623103441 0.128887812292764 0.0412640448382182
v -0.021077 0.063556 0.004335
v -0.0180007218818567 0.174010865106447 -0.0562121208653283
v -0.0183715530367125 0.0314380449516177 -0.00125504758224537
v -0.0202833527293877 0.0931157060367932 -0.0280447839473854
v -0.0258347040904946 0.634531939009625 -0.0120477870559389
v -0.0193358572220159 0.598313025968892 0.0110918283311765
v -0.0200443306509983 0.571045606546911 -0.0347781572679828
v -0.0124602869564275 0.540381176224569 0.0447328053578611
v -0.0518902834262482 0.210207303692249 0.059613969250378
v -0.0113488320892778 0.608939662192736 -0.0123506243473499
v -0.0117397161219581 0.0670016456386636 0.00491869498647398
v -0.0142911343084496 0.0770620919894375 -0.0174585607365166
v -0.0421783487172899 0.366167751067403 -0.0692756694968411
v -0.00983065031960663 0.033930286824773 0.0031157851644709
v 0.0039710114318242 0.514795549276551 -0.0527917858345272
v -0.00783330349890891 0.677933247758776 -0.00103684109107656
v -0.016132064135123 0.0438231288188593 0.00425877213488856
v -0.00835053500634845 0.61400859157938 0.00917538692895365
v -0.0134797279773072 0.0338236419564208 -0.0058005226385594
v -0.00739212723090004 0.0316057362729507 0.00167001771886714
v -0.00266174308358917 0.0297471004095224 -0.00180521258544647
v -0.008664 0.065813 -0.007134
v -0.003944 0.03136 -0.00478
v 0.00418086302986984 0.554939650782427 -0.0397293185469339
v -0.00243117162417164 0.0517199290073096 0.0043329942248681
v 0.000364 0.06807 0.004358
v 0.00477501872809747 0.030442466154413 -0.00438043254953323
v 0.00209859868220545 0.0966557563867011 0.0240875822607924
v 0.00174021987743463 0.630989013572309 0.00886865138090903
v 0.004878 0.069198 -0.007134
v 0.0143901141664907 0.581465495988665 0.0203944884685967
v 0.00753291209171555 0.398266330971279 -0.0651961693956246
v 0.00398637717648435 0.210420966537474 -0.0592022461296818
v 0.0107988681263373 0.0303590777415448 0.00190236117581282
v 0.000737053790276936 0.184647957436254 0.0535567696484253
v 0.00960093523443216 0.0802255451218723 0.0126114994709642
v 0.0101013477908095 0.591277993745975 -0.0155709443497011
v 0.0117962276688813 0.0315886197845481 -0.00567238538999035
v -0.00186226112706328 0.566536593204066 0.0322061308562679
v 0.0166805318674308 0.0286124706130605 -0.001893
v 0.00492060478765547 0.496163334177697 0.0535827255305747
v 0.00704010229558952 0.673606752751821 0.00460975105212237
v 0.0130066914360111 0.155344546067233 0.0469055288715016
v 0.0146066973937761 0.0391249449336143 0.00420787094039966
v 0.017291 0.071455 -0.007096
v 0.0288657010606493 0.537664612339805 -0.0430152344359609
v 0.0201982308215572 0.661502097210202 -0.0105270884244051
v 0.019947759140435 0.6775427595352 -0.00116762586480268
v 0.019548 0.072584 0.004386
v 0.0166562211104787 0.521184435142319 0.0468806624609034
v 0.00500563898498996 0.118495447471997 0.0346268566630028
v 0.0188471936298753 0.116096766863369 -0.0346992856202901
v 0.0211983140520704 0.589733775056496 -0.0145777858260021
v 0.0335820470898502 0.5474029731759 0.0357922217613955
v 0.014990152726862 0.243796281746394 0.0582621607063723
v 0.0231853628296379 0.171217312167707 -0.0525881903934994
v 0.0356135324024548 0.588065786598283 -0.0135290663019876
v 0.0323375779663892 0.352545787170967 0.0610825920018234
v 0.0297051146058908 0.665098186593908 0.00712388799858276
v 0.032815006798502 0.0519505806259698 0.00431945151375971
v 0.0315554852254646 0.0885444513535902 -0.0170692361059403
v 0.035347615403562 0.0770980385473913 0.00439650023861205
v 0.0403964750555761 0.475971966809685 -0.0556397387251373
v 0.0345585552446159 0.077169949589153 -0.00707163545088951
v 0.03539 0.673492 -0.006972
v 0.035828624880939 0.233918556608709 -0.0590160520843938
v 0.0383996204589734 0.565927129974676 -0.0288196222512794
v 0.0320913712132299 0.288462540285568 -0.0625584411804603
v 0.039484 0.080988 0.005524
v 0.0595210676495729 0.563867282045136 0.0229879958283829
v 0.040562 0.081004 -0.008161
v 0.047373974896952 0.142468705496236 -0.041440732586148
v 0.0438142914922804 0.13217512613463 0.0348823033676376
v 0.0453695686603102 0.080483 0.00439076519266012
v 0.051144 0.583776 -0.01335
v 0.060547913254566 0.111312256490051 0.0216533269109766
v 0.0394741298121471 0.0286234103807821 -0.00176847853349868
v 0.048417 0.583238 0.011115
v 0.0492168000433379 0.0303828871578123 -0.00450110203524337
v 0.048887 0.083505 -0.007808
v 0.0295060498126424 0.295006275096681 0.0601444217360139
v 0.049612 0.084378 0.005516
v 0.0500434137212781 0.608774338747778 -0.0116240976605277
v 0.0565734459630143 0.527102477293402 0.0392871935543956
v 0.034191394397491 0.403090388976002 0.0598743243573218
v 0.0547410102437581 0.0929599621633091 0.0117437327896019
v 0.055658 0.032935 0.003094
v 0.0532982705233612 0.0951897532363028 -0.0166566414870431
v 0.0458312707657545 0.0661749321526083 -0.00702221259895107
v 0.0575448108246478 0.349848938748746 -0.062205461825822
v 0.0559016302642049 0.450370667221176 0.0542460630189618
v 0.0597153237510604 0.67571475318483 -0.00165308595078543
v 0.071204991255962 0.578673600954181 0.00950442528380708
v 0.0847905952630312 0.268326545415507 0.0548920856932765
v 0.062768146275869 0.0890314741087339 0.00532240931388085
v 0.064533073545271 0.567739983433971 -0.0222833740817438
v 0.0648587585846344 0.548749938101629 -0.0325499815553306
v 0.0652300935906076 0.0314647058613274 -0.00458744709713668
v 0.0585946212673544 0.0296033720315341 -0.000765
v 0.0651366683288973 0.658920571757679 0.00733297072822877
v 0.064686 0.031544 0.001804
v 0.0634846856177855 0.0889490861813533 -0.00809744325539688
v 0.0523121641577444 0.508261955785034 -0.0479861646940999
v 0.0589512062093508 0.224821347957658 0.0535928999924147
v 0.0627029835482864 0.160196150264196 0.0421719508105794
v 0.0785643904628369 0.590720425137115 -0.011291200118244
v 0.073196884084265 0.0831990655151419 -0.00705979523292798
v 0.0657193492118548 0.0401777065077181 -0.006894550561412
v 0.068905 0.0911 -0.008244
v 0.0808546195165607 0.105699401343594 -0.0164545355799752
v 0.0720570107245563 0.0889579209386751 -0.00708511968308692
v 0.071009 0.030257 -0.001311
v 0.0696787056883575 0.544858861211902 0.0303928702688876
v 0.0709931527255152 0.0949419653887793 -0.0115458595837128
v 0.0822374488995883 0.656757004668879 -0.010024890343051
v 0.0754833087574532 0.526731761693542 -0.039018588515208
v 0.073714 0.670843 -0.00683
v 0.07597 0.093629 -0.00786
v 0.0775542528908772 0.092896 0.00441161389503413
v 0.0841059315102612 0.132776625346496 0.0273368538743895
v 0.067102730225534 0.188678904387509 0.0484259210011466
v 0.0865031559107606 0.558428934698286 -0.0226483037014018
v 0.0779658808156345 0.204775218890641 -0.0526149108394455
v 0.0601014036249448 0.490732013126385 0.0477407570664747
v 0.078239425289587 0.102159500747675 0.0117606004035614
v 0.07783528710844 0.0806340926731505 0.00441312503206024
v 0.0801703108051296 0.0450336302253039 0.00425640671930136
v 0.0900023330798208 0.176697597296427 -0.0456334584387117
v 0.0783035549229688 0.670667 0.00404415642737605
v 0.0956974081889496 0.147279727909894 -0.0342539944123341
v 0.083641 0.033612 0.002116
v 0.084998 0.095153 -0.007101
v 0.084226 0.57185 -0.013658
v 0.0974588312934786 0.597347478780962 0.00784396885370303
v 0.0914557641816785 0.0326129270155365 -0.00152025666857201
v 0.09064 0.03599 -0.005826
v 0.0976824119585156 0.166271900420456 0.0380324422379963
v 0.0931329226113044 0.110703735893793 0.0130402116678366
v 0.0941985651364523 0.0348528276512481 0.00194038547449165
v 0.102683547720566 0.0897430291293538 0.00447474731734486
v 0.095584 0.670083 0.003152
v 0.100876083646515 0.627670532618174 0.00770420988897464
v 0.0992921548822651 0.553624246435038 0.0190403505097365
v 0.0983066510030022 0.573800548365073 -0.0115699677072876
v 0.09854 0.101924 0.004462
v 0.103520989386174 0.0361318457937673 0.00169165835453494
v 0.0816079222927383 0.316725980394801 0.0574530809647362
v 0.102176828448876 0.245358131300836 -0.0543508522105264
v 0.109878148087191 0.562599434204558 -0.0123973932913001
v 0.0972321971649535 0.0367361289244419 -0.00577473303727865
v 0.102669385856903 0.122135144654635 -0.0202666310706794
v 0.104182 0.104181 -0.007089
v 0.104464 0.103616 0.004478
v 0.10531 0.038249 -0.005826
v 0.0972290425534076 0.529202817460957 0.0308088911178447
v 0.111078771964638 0.54677003702601 -0.0225987670221139
v 0.105842789354169 0.107428648382956 0.00506540115090068
v 0.106154545481795 0.0381640913056831 0.00287278209795035
v 0.0937375753850209 0.492274955842754 -0.0450657601897146
v 0.0969942544290988 0.0500608270703892 -0.00690796995902228
v 0.0828479651934471 0.444081576239124 -0.0548416010057597
v 0.106629322825756 0.666957938514748 -0.00676647706140151
v 0.106633102457969 0.0490242340969135 0.004275614985297
v 0.109824 0.037226 0.001752
v 0.111666911321103 0.36273427958276 -0.0577785489656739
v 0.101958617172532 0.368903217966751 0.0558437457111379
v 0.115467 0.038309 0.001826
v 0.107678569677105 0.117179230838697 0.0126088992963205
v 0.115211028283451 0.521764951753752 -0.0324435597823118
v 0.133663790844851 0.17306975175467 0.0324453042661563
v 0.0942109062561738 0.31465921032197 -0.0590961454325075
v 0.119814880943553 0.0406634246802577 -0.00579755602254562
v 0.117393437016454 0.111877193510731 0.00452444764778667
v 0.118379125107413 0.121188713822388 -0.0146459332356521
v 0.123434565502819 0.0380901702026461 -0.00119635518346081
v 0.10808960093523 0.486902749924497 0.0409619566659748
v 0.106914124825935 0.415643318607108 0.0523289403505247
v 0.112357040396363 0.0719152520693371 -0.00697080158056413
v 0.134056192607307 0.663133951364278 0.00387225904696781
v 0.127199289421115 0.177899691040962 -0.0387116086123379
v 0.126014393284279 0.0405042053310645 0.00192566332298669
v 0.123890468985295 0.0514459682298151 0.00422471717700457
v 0.11839723627153 0.143887081786751 0.0240447744619116
v 0.120261890317795 0.211761435731912 -0.0482261373027082
v 0.127386155245234 0.241303846311995 0.0483354079453889
v 0.126044 0.040455 -0.004662
v 0.123714487770119 0.195869455253493 0.0416160812736789
v 0.134275838250749 0.494164754623614 -0.0367875956645918
v 0.119010981643058 0.0823011136509135 0.00445369572517611
v 0.128032814391638 0.514694723599517 0.0289393550540176
v 0.126543076751831 0.618255922910103 -0.0103948209780127
v 0.133902388875742 0.0439137431783298 -0.00584023383952541
v 0.138143058677779 0.0445829743332581 0.00280455419638149
v 0.132162093841477 0.134385514008989 -0.0179471004434012
v 0.12758398664425 0.555550566724675 0.00830126576212515
v 0.131036642893884 0.539511737958866 0.0176151723990913
v 0.128987215461698 0.453488527980834 -0.0470457722714901
v 0.129118816988766 0.667889263269065 -0.00139463805193059
v 0.135779500332596 0.664294956087831 -0.00557891217566142
v 0.147243194310043 0.484832304167787 0.0335513821464458
v 0.140659793578613 0.547876211421482 -0.0115193366967292
v 0.142191440491515 0.134117207794472 0.0109393160432948
v 0.141035828646626 0.647129632912046 0.00673293434965841
v 0.143849427720521 0.562486621646351 -0.010066726043498
v 0.122866449152474 0.280508877347752 -0.0549489396063467
v 0.14233 0.042593 -0.00149467951475311
v 0.151009756517746 0.525617184657908 -0.0209507320599886
v 0.154961830631734 0.51911535402575 0.0197200566576831
v 0.137120699322149 0.159481338394737 -0.0289817687475757
v 0.151159005460428 0.0487281708027822 -0.00584430140246061
v 0.156236827850867 0.241149639622174 -0.046668970248536
v 0.160200547569448 0.151776517935643 0.0145299280350813
v 0.148513124004613 0.0655550749600837 0.00427714280884912
v 0.159006678771349 0.13654563226669 -0.00713881894668868
v 0.141354743556103 0.32228595449415 -0.055459618181584
v 0.160177846189228 0.238669694352496 0.0429386370594124
v 0.149451382926612 0.434515713902094 0.0441138780958402
v 0.162565458411539 0.180085302858337 -0.0298591716390496
v 0.164856 0.049353 -0.001175
v 0.176781893893366 0.515257833843432 0.0135259151418148
v 0.16012121296196 0.156802615930236 -0.0201186517346049
v 0.165574373888952 0.534187022403627 0.00735899928297838
v 0.173995220953865 0.591824847502733 0.00665308374989519
v 0.149698341388128 0.397520380429259 -0.0518806336818048
v 0.165191160827633 0.660539133342303 -0.000760642152505271
v 0.164647927252822 0.497746950546165 -0.0278047211496238
v 0.171538385845323 0.0551864098889862 -0.0058265148726916
v 0.160379112178614 0.4627835769372 -0.0390433810279135
v 0.164686724948444 0.174901551442192 0.0241021423976743
v 0.16547321667812 0.20747536819125 -0.0381314459264899
v 0.176640291688296 0.524638882906688 -0.0107498253660495
v 0.178392816390498 0.653741 -0.00649055470608569
v 0.169834100330766 0.656044705746145 0.00363121896170136
v 0.175348361744881 0.163042702316373 0.0144429424554537
v 0.174999191113045 0.146786568857332 -0.00707339969858927
v 0.176403 0.148191 0.004576
v 0.190358398521521 0.249985130069749 0.0384412463052908
v 0.186329231035615 0.17610382429086 0.0164686812647279
v 0.183366913676408 0.498325953724264 0.0185042143114366
v 0.182087008727341 0.427420287605165 -0.0419950758232572
v 0.153003566896919 0.380594745266714 0.0504463064497907
v 0.182653 0.656572 -0.001352
v 0.159844068578445 0.336873672894698 0.0514931297390015
v 0.184116896886283 0.0598406506459222 0.00321382552915381
v 0.18656 0.15609 -0.007093
v 0.186566037419163 0.65089781462302 0.00382029023397183
v 0.184886968987535 0.620018989845488 -0.00943921761023484
v 0.188816 0.158347 0.00459
v 0.188211188593436 0.499942621203761 -0.0189212545716241
v 0.182372812527342 0.170409153954969 -0.0181829550773864
v 0.183620949330676 0.0803699842661432 0.00442952153580117
v 0.181786206497125 0.455066438622285 0.0327395329589677
v 0.195135945075259 0.652596717450941 -0.000746682834824969
v 0.19186073346933 0.137630281219873 -0.00708550318914919
v 0.189293372120993 0.464816011302549 -0.0309081077836321
v 0.189222265872334 0.0623434910127225 -0.00590719087903548
v 0.192886106553819 0.0619057071401247 0.00198871999286437
v 0.208209240869881 0.377640454539789 -0.045585769225707
v 0.184222957735574 0.351465844727136 -0.0513153896027651
v 0.18917282234307 0.240257740697569 -0.0394279633565008
v 0.195896830710478 0.0612969229287177 -0.00183199109002517
v 0.198785323024852 0.507771494444808 -0.0098010415276494
v 0.207344624040427 0.40992588166391 0.0371717508817949
v 0.190622890192807 0.201358841071656 0.0255022098348334
v 0.200829542834616 0.0938596024287774 -0.00693713117680696
v 0.205440543108563 0.316935517828775 0.0458961741909403
v 0.199884161772432 0.168845382976391 -0.00735669877898558
v 0.198915370867543 0.353763478092113 0.0469527454913278
v 0.194848328614573 0.0772556434777256 -0.00695516092369366
v 0.206376919322245 0.224693557856485 -0.0303811590843643
v 0.189480461887014 0.306999287545706 -0.0495070050655215
v 0.210396810456081 0.178346558988638 0.00466784575962057
v 0.20870311166352 0.0706768479027873 0.00329084236089224
v 0.214919458080133 0.428946685049514 -0.0329632585432905
v 0.210200725443464 0.237477644132282 0.0296934558076056
v 0.218721 0.490678 0.006049
v 0.209493104871264 0.480454201854044 -0.0180696424454615
v 0.211161863096172 0.152116419717704 -0.00708565627458022
v 0.217661662503507 0.466809345985956 0.0167837498652352
v 0.219718652041408 0.434877774608415 0.0266626819838494
v 0.205508491805414 0.188988522367057 -0.0167759893516421
v 0.209947061062784 0.64470483874212 0.00335140193041574
v 0.2297854961083 0.158594498321147 0.00466193289268152
v 0.21797930457525 0.625786392755454 0.00593247387441567
v 0.221166 0.073051 -0.00140258860930034
v 0.214771 0.073392 -0.005807
v 0.218792196575463 0.188373831161046 -0.00761474565521136
v 0.20787845415449 0.193105013007016 0.0147361719679598
v 0.221544268729481 0.454627152214358 -0.0224531704960337
v 0.20500031333739 0.275714746577612 -0.0422662073801578
v 0.217387651896381 0.216197753910461 0.0201921619594422
v 0.22799307075481 0.198890360973231 0.00505537413105251
v 0.228697212483304 0.640906645220028 -0.00112262862856955
v 0.224521158960542 0.627088909156645 -0.00858177006573663
v 0.223389629564453 0.279642281225276 0.0359672641443183
v 0.229531 0.638289 -0.005326
v 0.229910517987671 0.212886817795844 -0.0151962481561906
v 0.232696302929221 0.473070562794513 0.00594801958510522
v 0.232249921098643 0.258492203300859 -0.0300555254452136
v 0.235083 0.634557 -0.006243
v 0.235144660340875 0.469226405931724 -0.00910577845491743
v 0.230845678977145 0.0979999244479339 0.00449871769077652
v 0.233908298051653 0.508569383650841 -0.00881091230049503
v 0.235713628050494 0.449123424750012 0.0151546570115723
v 0.236448522177578 0.257872864457979 0.025418779313408
v 0.252907474114678 0.380666068952433 -0.0351519334803064
v 0.241713810217364 0.356499482062798 -0.0426179232551581
v 0.228830224243598 0.23128759928522 -0.0231125914430755
v 0.246321055562512 0.306775245281973 -0.0400090423552897
v 0.230848890980172 0.21557534370764 0.0131854884238544
v 0.231351365928952 0.0821490488681674 0.00319435868740077
v 0.241168539803072 0.214201212460308 -0.00747219999993214
v 0.226033910775363 0.363922465922819 0.0419315305630531
v 0.226830323098175 0.33023390650163 -0.046281942022464
v 0.250198816174003 0.579913417532841 -0.00865122671623666
v 0.244602594427364 0.630614442642852 0.00335168928764596
v 0.240120979129613 0.224973278598668 -0.0147193128204072
v 0.247287571175032 0.21954997682441 0.00453604481156504
v 0.238536119927082 0.0831370915048643 -0.00155810114250631
v 0.256618942615553 0.332425295325927 0.039380700260716
v 0.24742383692243 0.479394 -0.00867406971030281
v 0.247616749044958 0.223289574182041 -0.0080193636465961
v 0.248083137949537 0.219870617898209 -0.0069244799486718
v 0.245728614569026 0.375522259537712 0.0357044229488023
v 0.247040564382293 0.108586127700957 -0.00692505720709705
v 0.245680598269923 0.091812793095193 -0.00563088458776125
v 0.249057309611789 0.614533074447874 0.00560746561218686
v 0.24500364870716 0.408795257479361 -0.0286863693901569
v 0.254437627562511 0.283708092038616 -0.0300242718202363
v 0.250662484758551 0.0942643814443463 0.00254873727631973
v 0.238791600217039 0.305989098702157 0.0389227974965822
v 0.25201 0.205742 -0.006953
v 0.252574 0.554436 0.005712
v 0.250637015957112 0.61252770318777 -0.00842665952862522
v 0.255756543005418 0.223904140494506 -0.00691605482335826
v 0.251649100594697 0.285943465847776 0.0292815392299274
v 0.245122341196154 0.434554472834593 -0.019213106630825
v 0.254868 0.09456 -0.001371
v 0.249765162332002 0.419261009317072 0.0202484013962933
v 0.238880410574869 0.404955192459814 0.0293820224343961
v 0.25601496943746 0.443930684284444 0.0054302167941545
v 0.250888457857648 0.627948786196654 -0.00600445272802612
v 0.257726783451189 0.101414640718432 -0.00562066633761512
v 0.261132 0.625871 -0.000726
v 0.26999420545633 0.219194716037841 -0.00688520532283034
v 0.265372827263528 0.103908668291679 -0.00171603617038747
v 0.258992301970734 0.259102857324648 0.0158054298303444
v 0.26851757348407 0.110478322016113 0.00321643980000813
v 0.264218458907266 0.211054090583109 0.00464147673389447
v 0.267214545622429 0.428123178793509 -0.00843309025599417
v 0.268120442109294 0.410964721869396 -0.0185069578538552
v 0.267874461702017 0.419031836589203 0.0115653663580092
v 0.271413766352914 0.617798092323523 -0.00557700784050013
v 0.271827910509754 0.252546867227205 0.00423584038132473
v 0.272559794734471 0.615579162444773 0.00348736397327855
v 0.273200562930963 0.397056406300686 0.0209094248474936
v 0.272014960240934 0.262145402616022 -0.0133802423510118
v 0.274155881478012 0.416235772811633 -0.0121305174590583
v 0.275168803670107 0.254855281257645 -0.00638463976561657
v 0.277522 0.115894 -0.00120251533219636
v 0.27742678920626 0.274873921190865 -0.018246797320991
v 0.277769124583359 0.418263731963319 -0.00675866192093005
v 0.277590210458247 0.267077697809366 0.0110932842127501
v 0.269864130383772 0.395017319953256 -0.0252199690592996
v 0.279715893091139 0.409408112417448 0.0113870229603219
v 0.289709238936657 0.383508413131275 -0.0252284022490715
v 0.280799459942477 0.415043726951046 0.00308976575762257
v 0.279728201197014 0.122870638574164 -0.00539655279489452
v 0.277622360956101 0.617002294376152 -0.00154579419828467
v 0.277116387482712 0.282497724118405 0.0197232081535407
v 0.281597215936437 0.124291527947296 0.00271077665952292
v 0.273243630585256 0.349028140802837 0.0356978911672087
v 0.282947140712765 0.415131056847263 -0.00513084384215121
v 0.281514424480563 0.26205639705731 0.00383240778965913
v 0.281561051059532 0.355739744937615 -0.0356274536399203
v 0.283066049121623 0.410896777878031 -0.0105009903499872
v 0.275460849213132 0.599582056419936 -0.00817574585853525
v 0.283665020377041 0.240062335014166 0.00451097380844735
v 0.282181262486699 0.261933179713119 -0.00552215716253922
v 0.284868362453471 0.413103138296547 -0.0016480710825801
v 0.285722223560143 0.262490516318053 0.00207314941829934
v 0.28617 0.263992 0.000364
v 0.286893803372251 0.263810329751177 -0.00229392734486864
v 0.278635003461003 0.300892858141821 -0.0307280525399363
v 0.283348257160399 0.26636738730428 -0.0103895891273129
v 0.285161661489436 0.369830756500844 0.028799358509744
v 0.288932 0.130344 -0.000977
v 0.288765660485184 0.26339575843206 0.000585312190878594
v 0.289127296946333 0.265401544348098 -0.000589291056095615
v 0.289180890380663 0.266222445848636 -0.00555152329294627
v 0.287226791861188 0.425116510993872 0.00495751956269828
v 0.288997374592955 0.261267348586252 -0.00542761512135237
v 0.288734130958481 0.266869332637968 0.00475219265890118
v 0.289399664298872 0.13500342463431 -0.00504570124813898
v 0.289477862248512 0.314778335151116 0.0314360132814793
v 0.284136824271824 0.153303944625999 -0.00685135772703464
v 0.289277015787991 0.415826582402343 -0.00539713096107875
v 0.290378 0.272672 -0.012773
v 0.286914770782923 0.59239487432977 0.00528231389560906
v 0.293530453328874 0.143250151578869 0.00323209989705854
v 0.292147114688525 0.263960642943825 -0.000917578491706732
v 0.288160972781436 0.400308981095544 -0.0169119956411378
v 0.29342244482441 0.405828315985602 0.00772445666048917
v 0.296518175231961 0.404624061774703 -0.0106312445510954
v 0.281428694121991 0.541554705749399 0.0054860967984696
v 0.293309552636223 0.408644259231643 -0.00238083125556999
v 0.291159078888361 0.276029745961904 0.0122554126838103
v 0.293856290947442 0.426502790133627 -0.00768994231126674
v 0.289835125351494 0.608498483753005 -0.000809768747042276
v 0.28808450660001 0.606712527190687 -0.00573653845425318
v 0.295554948178828 0.146596948178828 -0.00544913147764647
v 0.297735 0.144202 -0.00136
v 0.295867965600211 0.416797602420861 0.00260167426965544
v 0.289554408500711 0.255070246212416 0.00428911438978822
v 0.297874748159923 0.384675489509005 0.0212493403245823
v 0.289150720945494 0.16024335866961 0.00459285606508923
v 0.295714624660367 0.60017660024619 0.00318899207878066
v 0.296583760231015 0.415037886598333 -0.00146856916927779
v 0.294673754198536 0.267307630872376 -0.00101465351508078
v 0.297068952634299 0.26120684446988 -0.0054639705115523
v 0.295740922839303 0.288609680933096 -0.0216106788260781
v 0.302234 0.152125 -0.001328
v 0.296003867866979 0.253727603799298 -0.00667661900432915
v 0.300836377889116 0.270108626887463 -0.00670717321949631
v 0.298426843614777 0.263707468202177 -0.0010677086756808
v 0.299833126160301 0.32863062019012 0.0330816816034733
v 0.294992278184656 0.261658411759715 0.00315577326330046
v 0.301657847434769 0.594073693732262 -0.00585751255060721
v 0.302940985980464 0.15999547784927 0.00318481064269769
v 0.300445493636931 0.270656712708548 0.00538687834996635
v 0.303555257913708 0.345731141496598 0.0325057536915246
v 0.304252832419368 0.247321200204568 0.00446705834244472
v 0.302791 0.397266 0.013525
v 0.30038385293916 0.418362824344177 -0.00533776635309176
v 0.304426246412259 0.260389218086587 0.00316460434868766
v 0.308994689973555 0.276655267301721 -0.0128229538686769
v 0.304704625353788 0.162139213422416 -0.00502234695585377
v 0.302791 0.192059 0.004563
v 0.302711768768118 0.39447337985269 -0.0179715682250593
v 0.304401323096788 0.290650021591267 0.0191868938677196
v 0.287357176817562 0.436934041091583 -0.00806502898591217
v 0.302801605988947 0.597464976728524 -0.00203405979432037
v 0.311353439196194 0.367488559435346 -0.029427567106375
v 0.301645409378461 0.427625796421178 0.00481258792032312
v 0.304196565830578 0.405739940949654 -0.00433216918534691
v 0.305341024498865 0.26282733104 -0.00157195232786813
v 0.297588708331575 0.534825417084778 -0.00815204323207332
v 0.309119 0.166533 -0.00146887423253822
v 0.302479108126686 0.417175752831378 -0.0011440871682206
v 0.307321288881944 0.588734831454919 0.00280443862888897
v 0.307408511456669 0.401948484725442 0.00912709188282843
v 0.305378782076491 0.405359502361742 0.002621
v 0.307491953491114 0.269773050986113 -0.000283569290152202
v 0.312168055551137 0.403959551679626 -0.00878850689650904
v 0.306403076418915 0.434102263844938 -0.00773176883979434
v 0.31069 0.39376 0.01568
v 0.308817149818907 0.270803381810386 -0.00603995196483417
v 0.304486437776848 0.421550779156707 0.00328850166467077
v 0.309231 0.590279 -0.001029
v 0.307426914542268 0.259427338405849 -0.00547194276154074
v 0.308456067496589 0.423086394350117 -0.005555261018196
v 0.308630701451439 0.420516701451439 -0.000621248891586149
v 0.298677842687226 0.576477641991608 0.00528151118467934
v 0.311138698505038 0.583762608908011 -0.00538516443236776
v 0.311122791190809 0.260471634269111 0.000895063471079385
v 0.31029015192511 0.179045014575002 0.00343306975495307
v 0.312243757427731 0.260779384573826 -0.001893
v 0.315204 0.397265 0.013525
v 0.304228166610322 0.567596492049469 -0.0080002246847855
v 0.317738056228979 0.374510582611684 0.0248884797823637
v 0.311152214015136 0.426080543401278 0.00337377195964724
v 0.309122762558225 0.250493226524369 -0.00666546564060245
v 0.31311624691512 0.301011249481301 -0.0265577060409765
v 0.308030051965346 0.214094655152747 0.00455141465905424
v 0.315778729201131 0.256551531977466 -0.005020141672966
v 0.317461 0.196815464584336 -0.00527096428634981
v 0.316899 0.185987 -0.001328
v 0.317196 0.197843 0.003256
v 0.317297108217853 0.572200564329041 0.00309585083036268
v 0.323034761880169 0.285270027585407 -0.0185985152787578
v 0.31542526365035 0.27783553574048 0.0107830640225319
v 0.316987 0.57886 -0.001193
v 0.320471740245821 0.402480793687124 0.00984001321881197
v 0.317590723752522 0.257520412386415 -0.000897980955187583
v 0.321888808800497 0.394176901468234 -0.0187924331303942
v 0.318512297776191 0.254465398719682 0.00237502551534993
v 0.307578677368807 0.555446649081008 0.00525856004020087
v 0.317207520996103 0.427415363820805 -0.00165706939138712
v 0.318745750653675 0.432772387231115 0.00320288726952449
v 0.318792327245232 0.406354198474978 -0.00301732544735661
v 0.320673684663321 0.211956710509873 0.00327742987860148
v 0.313529587045045 0.229414635320021 0.00447472321339867
v 0.314751580776085 0.452301845147624 0.00500694144916239
v 0.317165662207827 0.453592857168135 -0.00776484854947933
v 0.323763 0.565382 -0.00118
v 0.315616424769224 0.271265929794133 0.00371294191394874
v 0.322476545202152 0.310647811062803 0.0275381135574892
v 0.321371314172575 0.250016818603168 -0.00498513151373339
v 0.320091245294081 0.209500576185299 -0.00537873996089857
v 0.319223642898112 0.433517714205135 -0.00572360667783
v 0.321689850666636 0.562474233112403 -0.00581743413674759
v 0.319976807652549 0.405838048981358 0.00387211390938478
v 0.321885887521556 0.245763633781996 0.00311685430909529
v 0.323838011604629 0.347956137608785 -0.0333184693781587
v 0.328899393621115 0.38168086154688 -0.0251949483368388
v 0.31302070038111 0.536265560757157 0.00523296527227921
v 0.321967000638551 0.204526318237776 -0.000488438288348477
v 0.322504255320174 0.220647099471987 0.00317296647968334
v 0.32211107525206 0.252439801567578 -0.000738316125400514
v 0.326596056318486 0.405593018195819 -0.0106657502722766
v 0.314791634312723 0.548610444325905 -0.00787123313403935
v 0.322524410112984 0.225888508784793 -0.00547272725535724
v 0.324187636273326 0.238898943425704 -0.00490632311927692
v 0.322865985210209 0.235407112921924 0.00327407207398054
v 0.32428421128372 0.246765318787113 -0.00251510245459377
v 0.328197309987154 0.393454693126074 0.0177394528325793
v 0.326009 0.438621 -0.001489
v 0.324314947896738 0.245112458086582 0.000726518041740117
v 0.324459578055799 0.440572680526682 0.00294133869935062
v 0.325763715502124 0.223911741940544 -0.000924939580531278
v 0.326241346476178 0.23636164617324 -0.00129505693480546
v 0.326437 0.269585 -0.003015
v 0.319307998806109 0.272511722808456 -0.00868798454092062
v 0.325068517743964 0.552521643079003 0.00328549955313558
v 0.318502256379151 0.515221717416824 -0.00791536003933771
v 0.329043826708634 0.358734471123323 0.0293182036143292
v 0.32241115866578 0.489772266081297 0.00505623831788437
v 0.328642254600475 0.449550714805106 0.00270644691856116
v 0.325984889649654 0.444738933789793 -0.00576368567994504
v 0.328836595137937 0.541696997006982 -0.00562947258656163
v 0.328581907319785 0.551657653596223 -0.00190678758173233
v 0.330419132232017 0.532257444331797 0.00324916499903511
v 0.331835715774461 0.406481972581326 0.0096793883097854
v 0.330252434414714 0.456536762585555 -0.00578142450207814
v 0.329735850572071 0.328645160703119 0.0310817374196652
v 0.33177122717084 0.540269115271208 -0.000888921225675966
v 0.331567 0.451181 -0.001329
v 0.331818 0.466416 0.003266
v 0.330369402325293 0.287875111080499 0.0178493801046299
v 0.332613 0.517197 -0.005819
v 0.332986943560964 0.472326025340803 -0.00560718381218261
v 0.33309276170955 0.482441535344879 0.00324558234957937
v 0.334170064633936 0.46281740655529 -0.00190130866340903
v 0.3341659169042 0.50534329826565 0.00255059946380462
v 0.333526865927882 0.504749685362677 -0.00574907179288154
v 0.333558904580414 0.411360508656487 3.74949261653286e-05
v 0.335085181209457 0.521210043556372 -0.0010829405534146
v 0.335592252702624 0.474989008904279 -0.00087876342926808
v 0.335827177014407 0.270038226758884 0.00598745428813569
v 0.336100907602887 0.490323148052679 -0.00216174185967376
v 0.336342007345021 0.27138746891247 -0.0103227027565017
v 0.342484261685439 0.326202587338145 -0.0324283191508421
v 0.338673534505544 0.305972893134253 -0.0283536344011809
v 0.340223036322997 0.401907102525211 -0.018496951476201
v 0.344810846252997 0.264723491160484 -0.001893
v 0.343807282523268 0.417113011394892 -0.00216109215268423
v 0.34378199578272 0.344180772164919 0.0306259714581698
v 0.345070481664744 0.410932075277154 0.0121018155475904
v 0.348338197437092 0.276780711454289 -0.0167148480430868
v 0.342991280708644 0.41279553321488 -0.0116195471962769
v 0.345278308717532 0.4019698530462 0.0175498469495129
v 0.352617352359288 0.397087600852756 -0.0228789336972361
v 0.358581171294394 0.350064186839398 -0.0313309542516901
v 0.348656031769969 0.276106799169424 0.0138481231404985
v 0.355089263891804 0.26375993214379 -0.00947572317055477
v 0.355533975107327 0.262368576437022 0.0057788382637042
v 0.349769369638402 0.41946494720786 0.00586073875323148
v 0.355100138745447 0.414213386638404 -0.0164184863862465
v 0.359932056038443 0.310033879451853 0.0263758110680682
v 0.361912081030134 0.430473169059593 -0.00204111988425998
v 0.365917465121029 0.304471571369487 -0.0269188263412269
v 0.363382 0.26232 0.008717
v 0.359605140682824 0.329769676675399 0.0291768599476111
v 0.363601464618966 0.420563380895838 0.0135308077386314
v 0.371819564297293 0.322949733131075 -0.0292292991151225
v 0.351609486784028 0.371399765208315 0.0270005877638135
v 0.368772799731809 0.420263463400388 -0.0167598499124955
v 0.355046423016735 0.292887148695202 0.0218694125904507
v 0.370928764083419 0.393395138421928 0.0222585763885756
v 0.363424315646188 0.255581976672218 -0.000222208317030749
v 0.370790183894263 0.266893488138597 -0.0149107812658288
v 0.367674364962387 0.433129542813778 0.0044645017373666
v 0.368579015616081 0.267806547400812 0.0128443641416285
v 0.375123463350761 0.41806791573667 0.0157122930871036
v 0.386491680701691 0.347670485532779 -0.0273323901428936
v 0.376158832093454 0.398117950408984 -0.022798243101844
v 0.377710337229552 0.373193416581043 -0.0269284216632297
v 0.383769085950687 0.300477034258183 0.0212584426929437
v 0.372016779903763 0.43384950034888 -0.00937914022486031
v 0.377502492495999 0.251331491975483 0.00573602928455609
v 0.36996099157873 0.436324041942549 -0.00148008149709218
v 0.381855082491393 0.283783492208266 -0.0199820272592968
v 0.376610307625734 0.356406505988126 0.0267643634341741
v 0.377380773887069 0.43781544066147 0.00618422683239903
v 0.389843637483366 0.279579048497744 0.0156576960066369
v 0.382463413368938 0.444703682392964 -0.00211989076859657
v 0.384201721834068 0.322534164238018 0.0246913735592898
v 0.391572287775065 0.434730054194232 0.010907945302826
v 0.38462961093217 0.243000030600503 -0.00069863016634308
v 0.386429200749149 0.383262604439351 0.022181799565408
v 0.396000183507138 0.318733413121168 -0.0237147295448156
v 0.392195508393633 0.415388941429959 -0.0174465251899563
v 0.389075639194076 0.411686068889932 0.0164254895430499
v 0.390358670850401 0.446243346846625 -0.00782890457298745
v 0.416430176905421 0.342939969964034 -0.0196798860619455
v 0.402014642531903 0.296317263355555 -0.0194017246078928
v 0.3986053151716 0.236604615244751 0.00449800250233724
v 0.390254810715188 0.447091134270123 0.00513262020507454
v 0.395743174248498 0.25388344013669 0.0105312674293445
v 0.405472999772133 0.367163163826585 -0.0218123646093096
v 0.405062087835961 0.269482137246508 -0.0156919489104774
v 0.399214143677869 0.457447728954047 -0.00161551749298429
v 0.402527470789065 0.343322897749921 0.0211851333468171
v 0.408517453812593 0.460740366096467 -0.00693830149623735
v 0.405438415313745 0.371645881306883 0.0193315392287745
v 0.409374003658582 0.271969703349552 0.013573441578091
v 0.412354781547914 0.422211364618102 -0.0158197824334917
v 0.399943837174586 0.235948748859 -0.006438667363409
v 0.409283339565597 0.461589214437824 0.00454884047832409
v 0.406795885919067 0.394736546056245 -0.0189605162665304
v 0.424644488952627 0.431333696929588 0.012648447698067
v 0.416221866995946 0.238168342302566 0.009491307784311
v 0.409556144462618 0.22636895796293 -0.000765
v 0.41940830379248 0.293752582230578 0.0144301718737113
v 0.430322286816718 0.284648836688594 -0.0154490185635385
v 0.417473306281478 0.322267324564032 0.0164713244726344
v 0.417287213410906 0.451166856093994 -0.0123389953707946
v 0.417188041959927 0.225743800730921 0.00513494398899206
v 0.423223613648064 0.398454430838745 0.0143804160368805
v 0.420752 0.223257 -0.00696
v 0.432486415731592 0.360249308416922 0.0140446943179183
v 0.440439991481482 0.421201116671706 -0.0147523986355035
v 0.433023513574834 0.25261583603874 0.0119083777936703
v 0.428826741850642 0.320654041734057 -0.0166383724882692
v 0.430587912926925 0.461640466078325 -0.0117988966009625
v 0.419510605687947 0.472850513199766 -0.00161159920803943
v 0.421782358921923 0.218186828038981 -0.000765
v 0.430816346039663 0.476501891279182 0.00465089941462687
v 0.431897448470717 0.215567618811895 0.00469149506705201
v 0.432999933456728 0.464308849693516 0.00933344791708368
v 0.433213 0.215383 -0.00695
v 0.435262165952869 0.227033399458269 -0.0113988282782719
v 0.446459 0.491944 -0.001514
v 0.435163 0.209553 -0.00153
v 0.443874203238901 0.207540387074114 0.00427700333323967
v 0.447284318847901 0.220201270930358 0.00902688461918688
v 0.446813 0.489448 -0.005695
v 0.45730778859251 0.26324452673939 0.0110415517080024
v 0.449787436530513 0.204822352586591 -0.00657378381794321
v 0.452658656043309 0.19887397991915 -0.000989680636832405
v 0.453908684279859 0.45178987078943 -0.0133901035653618
v 0.46045386034356 0.198543802481331 0.00456572746593969
v 0.463790264487851 0.209200136524186 0.00832614461721395
v 0.458696362630804 0.496013059183714 0.004324344191757
v 0.469038259783592 0.462940513905836 0.0103501938353741
v 0.462554663681636 0.239342274435688 -0.0129682591492137
v 0.463176436117138 0.49785455859211 -0.00682244171656318
v 0.468687571029058 0.209448652857354 -0.010886628443068
v 0.469340133729981 0.189302793603796 -0.000558092937446714
v 0.470931 0.503655 -0.006438
v 0.476833041802965 0.511051506363075 -0.000427210793040003
v 0.478911154277942 0.49173317834099 -0.0107702856953965
v 0.481039149212224 0.50918176740558 0.00444961780539718
v 0.484695531588159 0.185221556294244 -0.00612828164178014
v 0.48312572964163 0.514810401829695 -0.00177742850535779
v 0.477963599153075 0.413015227493959 0.0101444000556014
v 0.485537146825282 0.512182307961729 -0.00635952417047457
v 0.481504687848977 0.187683231891577 0.00455062410855186
v 0.49229668297691 0.499369762844694 0.00813254600678242
v 0.491742 0.18258 0.004324
v 0.491743579663812 0.332086024982361 -0.010828899934178
v 0.487494874152887 0.517133237830479 -0.00185754261715618
v 0.491669922043215 0.195607363162155 0.00771715532352982
v 0.497185 0.175731 -0.00115287642075539
v 0.496411164464933 0.517039548704917 -0.0066242724116368
v 0.494136893821248 0.516334322214683 0.0043692298512839
v 0.498410641028471 0.43233059964541 -0.0114744966388635
v 0.506427996916609 0.185957379802927 0.00670901224702641
v 0.516621577960972 0.169116045745293 -0.000889927828475752
v 0.506051492340491 0.176836481847028 -0.00626661622787864
v 0.505415400527581 0.202192509938475 -0.0104498217000513
v 0.507443876994589 0.18650375978369 -0.00911054374851717
v 0.51878472005645 0.485238194040478 -0.0106627935689255
v 0.513035897045392 0.514520946747254 0.00703818654823869
v 0.520237846561372 0.529216780183981 -0.00593610265290607
v 0.521148433308032 0.514852426588594 -0.00946190895051848
v 0.523705732358777 0.500319196773982 0.00786985498447563
v 0.503965809259479 0.525497364699362 -0.00155640289327996
v 0.518327 0.475806805520719 0.00822747752822598
v 0.524467931168876 0.530090143680749 0.00387680494722524
v 0.51380315873118 0.217459551278793 0.00778239958573717
v 0.524543755994072 0.170269940442904 -0.0058160461091183
v 0.515370831533543 0.315041202811023 0.0064566518396072
v 0.523926054192389 0.171291988027882 0.00388029338577912
v 0.510656483412856 0.350668867067266 -0.00950125583987267
v 0.514353099364357 0.373864599158132 0.00689671878896537
v 0.527667360543882 0.534894197634496 -0.0016613820879774
v 0.529288807329427 0.166158840150832 -0.000765
v 0.519571539949223 0.384125046847452 -0.00918721561710021
v 0.540216545677687 0.518702200888816 -0.00908035589080443
v 0.526989171113103 0.32189830625722 0.0037973514167383
v 0.527848257514 0.355621723951503 0.00378654506836881
v 0.530683250988448 0.223474106833266 0.00633976841050614
v 0.528162991570769 0.413186023064815 0.00651283271596936
v 0.530282068702732 0.333330923227385 -0.0015650076352467
v 0.522867152786192 0.261667030273364 -0.00897366897099629
v 0.529813986767368 0.366176057787995 -0.00601891694599352
v 0.522114037186965 0.183375076483682 0.00658221652091629
v 0.529677391317139 0.288244139667366 0.00379339056293377
v 0.531675556404058 0.302804994443165 -0.00079212712175117
v 0.533451926037804 0.388039749898698 0.00365801719333952
v 0.530598424235936 0.34666111249554 -0.000798751108364688
v 0.530538721984027 0.285900232561048 -0.00611970579654543
v 0.532957405883387 0.167996699923458 -0.00532929523556123
v 0.534058372113161 0.374355950211873 -0.000765
v 0.536902847165747 0.534293880755339 0.00368186045733168
v 0.534870518964981 0.391660981352353 -0.00591767607740427
v 0.536302028490604 0.168436316569381 0.00357741899484613
v 0.536382 0.535705 -0.004518
v 0.526404437791934 0.229410344659732 -0.00914969527922109
v 0.538850394864331 0.398171357593233 -0.00186709710449028
v 0.537684525351482 0.258737900457861 -0.00118690834232639
v 0.537904841035318 0.23881262946242 0.00349889055420328
v 0.537900941748846 0.238900309913768 -0.00600044403241314
v 0.535064639004323 0.447888676961849 -0.00915190304027293
v 0.541204196289395 0.419723461222427 0.00345000941802894
v 0.543663657280914 0.538867730989905 -0.000667805863400781
v 0.540365777732828 0.41624177722182 -0.00585870368635466
v 0.535909957120442 0.180348241435693 -0.00814976533301226
v 0.538151058529418 0.1827318076902 0.00579205715224374
v 0.533344207777352 0.199644069508918 -0.00880593271737385
v 0.542329 0.413337 -0.00184
v 0.543577 0.535834 -0.005849
v 0.539089176989217 0.451086148480924 0.00634620922432537
v 0.542408 0.223797 -0.004325
v 0.540664163305025 0.165124861775377 -0.000765
v 0.54238 0.216462 -0.005763
v 0.542781792292366 0.522937866768511 0.00636014101856052
v 0.542581968568266 0.210006559916998 0.00367457480156221
v 0.543056544408837 0.431133720435932 -0.00610610591454429
v 0.544684760128482 0.210211616427353 -0.00438157296904631
v 0.544679166853991 0.202113004021655 -0.00577345785770259
v 0.541700363722132 0.166771843580551 -0.00477059550533849
v 0.544618280245468 0.437918752499968 0.00381111000797778
v 0.546408082237398 0.168409981351526 0.00247206704755187
v 0.546594721275406 0.1696068879101 -0.00521159622371611
v 0.546684606989798 0.206043390829249 -0.00111633397623347
v 0.546074822749598 0.166350594928742 -0.000931209594182662
v 0.547108700224598 0.186799674668156 -0.0055393951448364
v 0.545999334925342 0.188900015151156 0.00364242757366626
v 0.54831 0.445213 -0.004851
v 0.547838841812123 0.178033243680389 0.00334883971110076
v 0.550507 0.455605 0.003204
v 0.549684257144542 0.169965771433626 -0.000773209080789391
v 0.547696741376329 0.17800424250022 -0.0056535804587764
v 0.548528341484274 0.195065206187526 -0.00128808964401019
v 0.547396705925889 0.536116342086787 0.00374188387857805
v 0.550724680957123 0.175469559986466 -0.00173762822642243
v 0.548611132176741 0.48379278801102 0.00617838872994763
v 0.553404613952186 0.459072653600187 -0.00168374853029945
v 0.55343802246131 0.528804388254075 0.00563038979627568
v 0.553713161515261 0.537025242528299 -0.00578037714735014
v 0.554104862860786 0.471796544494077 0.003517025299366
v 0.552181 0.539858459269762 -0.00102532584190434
v 0.555282868396419 0.529510651130916 -0.00767265621543118
v 0.552797740440775 0.514849746681236 -0.00856019322892647
v 0.555220641791927 0.536171569224486 0.00391022765895445
v 0.559585 0.482504 -0.001125
v 0.555483858401704 0.519676365074715 0.00603127069908582
v 0.559604383191219 0.494464709364758 -0.00587957089959553
v 0.560322372257552 0.539338184748531 -0.00182383243236195
v 0.56286 0.503267 -0.004635
v 0.559426223080175 0.538558639301357 0.00127343547715413
v 0.563054227098531 0.508581350161464 0.00349673198777696
v 0.564355658469235 0.535724927845925 0.00265223454506999
v 0.56438862891657 0.535744608275757 -0.00500063302186985
v 0.565219126038942 0.532026495107053 -0.00539903689107812
v 0.564928049705433 0.50532073599084 -0.000757996920902365
v 0.565746219907773 0.52383961957862 -0.00538810881961103
v 0.56617531608851 0.536686566320848 -0.00116475808624889
v 0.566588758750247 0.530562173043542 0.00237391947446973
v 0.568555 0.5266 -0.001351
v -0.416690225198254 0.392797500285783 0.0708055840422506
v -0.317862 0.358138204483748 0.0932410630932973
v -0.305055534499933 0.554836652132905 0.0320465984439364
v -0.410963882893298 0.371649917582677 -0.0848143415348371
v -0.419710771332809 0.505612540065021 -0.0103079197909493
v -0.039979238001913 0.424992843668674 0.0651507126622251
v 0.479569386017502 0.398313500904138 -0.0122288787502365
v -0.198388679918751 0.568356086558837 -0.0422538484363151
v 0.1004008481731 0.657529459671483 0.00679846056394948
v -0.277006145058555 0.105554834878619 -0.0395574248861873
v -0.0559808334628624 0.281237961444593 0.0647854829734639
v -0.523932053992474 0.240271934707106 -0.0480310075336135
v -0.221980632789609 0.092786027152271 0.0323249216897067
v 0.199933176697172 0.636651451156535 -0.00870896876285224
v 0.198752535492988 0.648917539893956 -0.00602169281926994
v -0.398743841115538 0.527508268313992 -0.00518100668628861
v -0.361618807108625 0.539664394160025 -0.0237414762294065
v -0.270416422859067 0.138565481767529 0.0514215102584715
v 0.158283900674969 0.539411668972233 -0.01056998676241
v -0.266352172202366 0.135510618273651 0.0505495333014414
v -0.26574419525038 0.132445368099247 0.0494576252560812
v -0.260119434118644 0.132431627154613 0.0495984563063663
v -0.267535078859871 0.130499804354082 0.0486679457569429
v -0.244807044935341 0.127944389322801 0.0482366639274352
v -0.35856862023837 0.138018669989858 -0.0479815322687394
v -0.267483351461433 0.132625828536571 0.0494810006131468
v -0.26331617891223 0.133184337563654 0.0497893289146097
v -0.261433829566158 0.114775408785281 0.042124915841584
v 0.364064165775195 0.424763461184107 -0.0125597265299674
v -0.264654522410545 0.126754795085624 0.0472795289138414
v -0.261037525030302 0.12715653227935 0.0475539258036029
v -0.269185808838128 0.127332964590236 0.0473619423648441
v -0.170085178092495 0.342944848514189 0.109886081830929
v -0.267623596101913 0.124326686941007 0.0461798817468327
v -0.274926013953645 0.130347550499463 0.0483748627267883
v -0.156667960598081 0.347918377363775 0.10104878956283
v 0.36104283701222 0.42774672514439 -0.00817982143882449
v 0.354114304141015 0.416916585077368 0.0120286275537426
v -0.164340605523002 0.343076918051325 0.113379581093465
v -0.26996411269758 0.128601359657959 0.0478432804808731
v 0.371331654040542 0.429296021650746 0.0104783532075212
v 0.242441621447443 0.635159307793316 -0.00147442446206894
v -0.253658315085769 0.122762902310897 0.0459888838815118
v 0.0784373282445361 0.0791463541230134 -0.00703785290356981
v 0.117478962077908 0.044407129243399 0.0037925580760036
v -0.188926933132296 0.323426958344862 -0.0992287443135718
v -0.262495418193923 0.130082413609029 0.0486528728998233
v -0.269159285257033 0.130719079139093 0.0487016823677518
v -0.303186630235944 0.427856918452702 0.0733511138159878
v -0.265058274850878 0.128181841789795 0.0478360969246502
v 0.316649055535553 0.231287316002607 -0.00616200683682804
v 0.529939478560221 0.175339120717846 -0.00697138266650613
v 0.463719219915395 0.482570332665612 0.00882177761292094
v -0.264024866247088 0.129189020450508 0.0482650360211116
v 0.0866623490005042 0.0322400749295231 -0.000746169464375748
v -0.266899697590329 0.128528558447395 0.0479141388112994
v -0.02002328776712 0.280359481010973 -0.0655564046088673
v -0.000172719302477883 0.340275092956403 -0.0661847961711071
v 0.284786329328407 0.213186831947152 0.00457835515518305
v -0.274786687410975 0.106225845182346 0.0370440299182967
v 0.531949307873751 0.176113945803051 0.00553749491686893
v -0.162802595908584 0.351296016450514 0.102865204265609
v -0.264787224283435 0.130489471777502 0.0487423798126379
v 0.497690445290107 0.227498094402433 -0.0112119047287487
v -0.266243545910478 0.130467140270303 0.0486936409144138
v -0.247525669942314 0.397596093041409 -0.0795087372454047
v -0.155846093477569 0.352866503674885 0.115831028904751
v -0.162043423858874 0.355022071732514 0.108044941735008
v 0.312285568114788 0.238810486652762 -0.00682292671127931
v 0.0983204388449658 0.60747460281478 -0.0109370352812099
v -0.0811514704783894 0.615536892502839 -0.0126881515057679
v 0.49666507186669 0.249985222568228 0.0085924417710136
v -0.347348145589358 0.391148999323261 -0.100585503902446
v -0.0656736309177588 0.084508897765018 -0.02766130273965
v 0.0823887721561041 0.121557624824717 -0.0253178450110902
v 0.0880143424743854 0.0393908605931618 0.00306634963054
v 0.272211464157683 0.131105820686943 -0.00686533143912051
v -0.220803074058616 0.124396560651457 0.0471839286085354
v -0.266798944207511 0.129560128658295 0.048327702313828
v -0.146824837085991 0.614672318185512 0.0097398202191789
v -0.333275596473253 0.079340359966672 0.00804862651952843
v -0.142159704442492 0.216280259487169 -0.0684149238446709
v -0.269460123793785 0.129666067913808 0.0482856168561583
v -0.223398950868477 0.332791546687811 -0.0772989732589196
v -0.308230586568124 0.553923291192935 -0.0337823331954671
v -0.117223500674449 0.354114315141992 -0.073582616348648
v 0.446384321502758 0.392751082556418 -0.0145709587061249
v 0.316921278419552 0.239595357743863 0.00431551910722413
v 0.255558213801717 0.232010233400935 -0.00690515055167917
v 0.347676377942068 0.388180324744917 0.0229359833139595
v 0.146298904341039 0.646732454449434 -0.0095018150806085
v 0.288097286995871 0.503859399314259 -0.00823494442238457
v -0.162157695941334 0.313103114887099 0.0721266160021925
v -0.132156730339702 0.322451600854195 0.0707355943366609
v -0.28463197512709 0.39325406244921 0.0759605587811816
v -0.370474654451343 0.276982002182862 0.075219982081789
v 0.540612656007381 0.173651352202952 -0.00708870504175536
v -0.399330029038334 0.25513843029133 0.0702524665173329
v 0.473728452541638 0.347268517684345 -0.0121643258831894
v 0.0652487209866212 0.0930489754930298 -0.0118023293361354
v 0.207481000735116 0.55054855758569 0.00617113219366742
v -0.198821962148466 0.344473691165847 0.0738517071097265
v -0.499529348087163 0.200083703790809 -0.0408398291250737
v -0.0772372385299929 0.457569758677603 0.0662233608315103
v -0.210442904728698 0.386162708246714 -0.0784105827255367
v 0.140908589025384 0.616927549317903 0.00714346539931883
v 0.503326714856025 0.278849604628749 0.00780123904498058
v 0.486619055601653 0.512781803108729 0.00422482693095837
v -0.316800231872471 0.438845220036184 -0.0740795409084026
v 0.450811459803888 0.408553423800222 0.0122190253196916
v 0.144821460308652 0.15785763861714 0.0229575171561386
v 0.00426539453201253 0.448737133355493 0.0596632679928352
v -0.101632156060635 0.239561264952219 -0.0680744673193121
v -0.122464789413763 0.617653467632633 -0.0128006735392208
v -0.1832641651947 0.366660427705099 -0.076799273169892
v -0.19799783738838 0.633075471774186 -0.00739469995878962
v -0.515279595510416 0.362718351667603 -0.00340225447259398
v -0.101812189205453 0.361936957244911 -0.131986631294994
v -0.310680643297158 0.419981007111136 -0.0763356298537533
v -0.131924736129362 0.305072602254849 -0.0730999691300558
v -0.149176699194108 0.33403265502763 0.117128336487506
v -0.0485361144352513 0.659553884588045 0.00816327721884035
v -0.136444341652057 0.339920465495481 0.103314032122446
v 0.0245407425419402 0.566956243246176 0.0279394324603127
v -0.26163735817543 0.122132545473969 0.0454576800085319
v -0.350124312352445 0.269770425431038 -0.0781389028576625
v -0.280245722860423 0.294289180098729 0.0771313672265585
v -0.210258315656107 0.323022401302683 -0.076691507567636
v -0.397524011176605 0.400007925867437 -0.0851440969317279
v -0.538917105845331 0.203265613880163 -0.0143767630142248
v -0.292460330364738 0.582123614126479 0.00997100915705797
v 0.108850988238665 0.629954305785568 -0.0105823770191894
v 0.221505557218013 0.122462260356701 0.004566270485159
v -0.305130328705905 0.258925909597025 -0.078319141117244
v 0.295708174875874 0.213585316371538 0.00455950464169895
v 0.202475323285353 0.608634461271101 0.00630918110099837
v -0.127562898552635 0.60356946008373 0.0124968997439813
v 0.451459596635388 0.433686080026514 0.0116791230406969
v -0.498014382041517 0.202573200174705 0.04034741009924
v -0.0560844522968117 0.309586543391578 -0.0690752775652317
v -0.111128275611512 0.652287984901658 0.00829645063052888
v 0.277213438222109 0.205971301189151 0.00460849907164393
v -0.235675646013623 0.344727228701136 0.0752349534341885
v 0.494255307311205 0.216981924909593 0.00884157013794652
v 0.228940649854341 0.592365212694771 0.00597469256853713
v 0.0801502895725891 0.0845654113418036 -0.00706874817363981
v 0.516566552346196 0.285661436437735 0.00663461124010885
v 0.199270713495597 0.48058163840775 0.0192703878956379
v -0.242221077237277 0.143612846481431 0.0534689707582634
v 0.503917048071132 0.200544374917386 0.00803711137550229
v -0.240040490599819 0.195409838493149 -0.0684185204266572
v 0.018055754147424 0.625991539144975 -0.0118356620599068
v 0.455194884339337 0.312775494130428 -0.0135513808229284
v -0.127981662921106 0.336584460439498 -0.107137646448007
v -0.278740722688586 0.13941374625259 0.0515923488713182
v -0.114651639106878 0.0690078882639439 -0.0205876679642206
v -0.0613016345483411 0.323506655942533 0.0667746399767225
v -0.11214384262033 0.302598851823165 -0.105629745820014
v 0.476007981411947 0.431582831544175 -0.0126980846832249
v -0.548882257082219 0.243566368176664 0.0182743811740604
v 0.162791816185875 0.204199804725134 0.0350567339387491
v -0.0394305672416868 0.34619674806644 0.0658705063466409
v -0.103870525517126 0.635291990489154 -0.012248822003268
v 0.206729048762374 0.588983146112785 -0.00923305867286843
v -0.234023010885079 0.353404228236457 -0.0782521391668896
v 0.322032937930039 0.522870071485373 0.00506356729107683
v -0.271666042139333 0.126505976558362 0.0469352107734687
v 0.478080417854661 0.219804281409619 -0.0118657796257663
v 0.116281228674752 0.0964941265650036 0.00448932595894619
v 0.288372341174251 0.469695189874355 0.00530194740592993
v 0.504006591334218 0.413641307226434 0.00842517848794296
v 0.487597652054801 0.261149797271018 -0.0115733441832465
v -0.27652074595958 0.121333374785052 0.0444817611920489
v -0.298082506035205 0.159721127775882 -0.0601892462391415
v -0.263626929822764 0.285410398475199 -0.0797369831698545
v -0.0373842220129639 0.562123963119162 0.0386393787362726
v -0.00076004770921436 0.645638138667651 -0.0116135632497915
v -0.00949081951855814 0.59551445924145 -0.0147463411602388
v -0.0912543894838728 0.187257586692327 0.0592947796478647
v 0.47399029842753 0.291273712799424 0.00978075207528095
v 0.221858531575336 0.399646473817341 -0.0385063055636192
v -0.00993411471434976 0.276880749066042 0.0617844163945748
v 0.0841721718815416 0.0392722395363386 -0.00667208185496747
v 0.507726263361386 0.459984236845312 -0.0111567505572111
v -0.077031995258527 0.30194573102094 0.0670121680298008
v -0.066331121869334 0.614303269081033 0.00958724804955351
v 0.191521957545862 0.119284497193006 0.00452222626618219
v -0.379402085955965 0.432635637526602 -0.0674715640365189
v -0.14388874663017 0.658848043096453 -0.00160862365512749
v 0.512570164621444 0.248419962129878 -0.0100590233652799
v -0.20376806824844 0.321723788457166 0.0738236775236605
v 0.172276057998364 0.62244176689093 0.0067083555643022
v -0.137624083041502 0.0766590925756916 0.0234386421160954
v -0.102931011191348 0.616430530306074 -0.0127885785289628
v -0.0846441385163239 0.0759687442666594 0.0207911125186161
v -0.366492484221979 0.441377235001746 -0.0673300386436861
v 0.109312686073521 0.0418261448194539 0.00361746955234646
v 0.518256630862953 0.215517218424204 -0.0100276567102319
v -0.130042360863431 0.231965369026266 -0.0913310441916902
v -0.304363380864998 0.568802888199854 -0.0237263775159561
v 0.096320229069112 0.0846499649772789 -0.00705789922416366
v 0.18041391923331 0.639699557360983 0.00621961982177489
v -0.264541681591667 0.274614757578963 -0.0790022569189453
v -0.329527386449856 0.247348345902918 -0.0767535479004504
v 0.179168699521737 0.0725591909084633 -0.00692658120385232
v -0.0815806430548497 0.64088186179274 0.0091461992390221
v -0.259915896624864 0.581594814328533 -0.0253103227516756
v 0.276747286141799 0.468449074946491 -0.00831278728222992
v -0.26177845627699 0.139544506371571 0.0520043087827236
v -0.088531147014648 0.372114806378075 0.123972224786768
v 0.446401277908199 0.450810051561165 0.0112344367248193
v 0.263110146407042 0.578323593226182 0.00562375647172971
v 0.124792267636558 0.638085532348713 0.007253083866744
v -0.129385469321312 0.220482070134621 -0.0959300436080102
v 0.00627832378143747 0.249433255066043 -0.0618212057835446
v 0.131612765695296 0.584061225537887 0.00720516730752884
v -0.0873632183726881 0.214599983881979 -0.0650020757019243
v -0.270674543445753 0.13357102847309 0.0497406380696209
v 0.147030200190372 0.291931460744828 0.0506803975483463
v 0.482579066327886 0.506659800510265 -0.00731601666651737
v -0.112843895610087 0.400612731285266 0.0710844440223293
v -0.120491916207503 0.632012525542277 0.00939946409893169
v 0.458903012833853 0.285308466589565 -0.0136257060279644
v -0.174130362666888 0.201127818295664 0.0654960976886764
v -0.310877916138716 0.416216242195738 0.0737687115977906
v 0.276057615007254 0.223736412227456 0.00459376099107667
v -0.120533303713992 0.22744698233734 -0.0995443707334821
v -0.123677851250226 0.225799368198495 -0.102708923000199
v -0.264268488461039 0.340922003285775 -0.0791486133170519
v -0.429165002097023 0.493728354303583 0.0101322024186222
v -0.147676865297469 0.246777957425281 -0.088058660810206
v -0.402981797409565 0.328577812955983 0.0881165958321812
v -0.279751773218383 0.258185662707326 -0.0783262904853704
v 0.296004879827984 0.225133829155573 -0.0068998657132132
v -0.448999465693461 0.221681898033656 -0.0629427833504799
v -0.137813644610589 0.35608849607964 0.0717925886047769
v 0.500855459063725 0.303343125222672 0.00726574036541958
v 0.125036584118794 0.0665285265665801 0.00429898834069702
v 0.109370876870651 0.071771154284736 0.00435136463168191
v -0.125244219217842 0.223000784862811 0.0653426891372025
v 0.159465358503059 0.0865170888016952 -0.00695579367894667
v -0.0667929858223596 0.269471774811164 -0.0678766029522849
v -0.177835517338485 0.310084860373997 0.0730478605843883
v -0.335760174740712 0.440844649067165 0.0692286893241669
v 0.0791394564635452 0.11400210601447 0.0188879558404274
v -0.0562126075147666 0.638072704343145 -0.0120923481508242
v 0.254799755322309 0.17489115117678 0.00462612728830027
v 0.171133171915244 0.58636564752357 -0.00969057392953269
v 0.547162 0.432871 -0.001443
v -0.460897088948037 0.150038414643347 -0.0204511916699631
v -0.498583720850122 0.178330730138212 -0.0232810478715504
v 0.461183697298348 0.412338639634214 -0.0135224935847327
v -0.461541369422435 0.358718194731832 0.054368363381219
v -0.302552048567402 0.375097669377775 -0.078925384202184
v -0.373622353410858 0.273694913385047 -0.07720317180507
v 0.155908543033635 0.62867433900679 -0.00982100238020404
v -0.417081967404481 0.277561225253839 0.069345254162649
v 0.292097551853168 0.202920100143818 0.00457952053121452
v -0.092170216152189 0.381003855946932 0.121151323138805
v 0.322779475222951 0.244457881014436 -0.00494572731650516
v 0.243526765866902 0.156336574003511 -0.00703203721908272
v 0.246274400718445 0.136149778433631 0.00458803558236844
v 0.354157055499313 0.422716073335696 -0.00811224254197131
v 0.318989722062831 0.532877515030926 -0.00786213711112877
v -0.209625649741156 0.395438617283171 0.0757672185359338
v -0.0323559022491585 0.613123225031608 -0.0124606974160847
v -0.137818074138521 0.0906916892770836 -0.0346202074110611
v 0.0304030734774693 0.106375528364792 0.0249423682426267
v -0.280904467394017 0.276295684390306 -0.0796558223840401
v -0.156414029324183 0.064686313491896 0.0157509652176717
v 0.301311158959881 0.478567906465708 -0.00811949965263138
v 0.151325048451617 0.112435274895961 0.0045250751945736
v 0.0836731680593297 0.0572271870245008 -0.00691748185557636
v -0.133530826516693 0.63056768469985 -0.0123116112279313
v 0.464351603300348 0.375127704561336 0.0107441468228001
v -0.100031800604015 0.0687342088238015 0.0168605755095972
v -0.0372656182631874 0.673220237998823 -0.00693695579211878
v -0.122463221767194 0.301006462078567 0.0696641949850061
v 0.51692096119503 0.428854628501072 0.00778056657363506
v -0.121817761598341 0.252663663676799 -0.0702894383499615
v -0.168361004319684 0.353730795762064 -0.0758591269222459
v -0.251313175399631 0.162627708416033 0.0583718745343331
v 0.499805812346393 0.385533839454855 -0.0107771241071039
v -0.14246010707459 0.262622503035823 -0.072398152837786
v 0.0891952355479107 0.0345157809924198 0.00236219851883705
v 0.297013170310292 0.226817367642374 0.00454897426398916
v 0.547335052202032 0.172595573588266 0.00283678961960929
v -0.267562103826741 0.270020931197906 -0.0787598532110984
v -0.0917193166124122 0.375228205919647 0.120852954353136
v -0.183387095292184 0.0557676313558152 -0.0135171426126822
v 0.498397067754245 0.505506009581753 -0.00991701151272357
v -0.211716941145901 0.362604596579377 0.0748426119019647
v 0.0675912309484415 0.267785252176661 -0.0590199164891636
v 0.08310687920571 0.644427507299248 0.00770106410671523
v 0.106079657600992 0.0348195587659347 -0.00146037979263352
v 0.550200847803733 0.183550214455712 -0.00124250412706104
v -0.376877579347377 0.303936535061361 -0.0908262377596981
v -0.113746267607282 0.622015726860663 0.00966832334559869
v -0.290709204177126 0.305856315840633 -0.0797091566364474
v 0.484368926307351 0.2985744952442 -0.0114522746431763
v 0.295467776363338 0.240245482938355 -0.00685015582109169
v -0.301487433693384 0.3984803810925 0.0752236238366383
v -0.259858719432873 0.310913366139934 0.0765141680692945
v 0.497456573653989 0.447211819819606 0.00925083039665054
v -0.092079509207675 0.611677663383682 0.0097824138235848
v -0.445257490524597 0.343622678772183 -0.0650475559420173
v -0.139345513801947 0.0380698695931216 -0.00953083477573754
v -0.168965234570962 0.182595731757729 -0.0644106728958807
v -0.147078819979577 0.348853771328763 0.102769613071729
v 0.0485879319851977 0.63258718889129 -0.011379265425805
v 0.108403396064695 0.0905525011362609 -0.00705479350360152
v -0.284991327150861 0.371155118124136 0.0763047289354649
v 0.549556580692595 0.173393504217825 0.00111454382456103
v 0.528478752040517 0.465254614285685 -0.0100168352288154
v -0.0478078796438511 0.371119735394875 0.0666260856570789
v 0.272069538519329 0.159429256426164 0.00453022624073166
v 0.480252104350802 0.510157245758868 -0.00598902284148839
v -0.124167409668029 0.369211878974651 -0.129193279053143
v -0.277398781074695 0.269070305599131 -0.0795012205369358
v 0.415436267933998 0.449560314571164 0.0102806056914294
v 0.473291446430901 0.43989604941097 0.0105433532595579
v 0.25500048862702 0.151753151149245 0.00459762468431232
v 0.481629371531955 0.368499717131327 -0.0117700830300611
v -0.272239521466695 0.297869612684735 -0.0795525331094059
v -0.0886805855409465 0.371326400936852 0.12735513547537
v -0.165239650672281 0.637612163429683 -0.0109491030482635
v -0.141001959617425 0.644601498968219 0.00834488791506763
v -0.501811677456338 0.257014567033726 0.0554855963453817
v 0.261194398503949 0.224000970846943 0.00456572308417186
v -0.00422772607388389 0.630979612278144 -0.0119611372264412
v -0.0829665562545368 0.602661812896105 -0.0151237724857612
v -0.105533060916342 0.603626945613694 -0.0149213849413217
v -0.121105055943799 0.342056488983105 -0.125514226392503
v 0.256738581990268 0.263768338397396 -0.021343937132266
v -0.275860454954308 0.353592859660156 0.0763958028655864
v -0.0867918199118749 0.381641227206201 0.12788416787196
v -0.156124853422358 0.238836709361487 -0.0852368515842064
v 0.322856600734779 0.240861787091978 0.00313627277471717
v 0.490120938990179 0.354633863726352 0.00860641629778725
v 0.248605383452147 0.183830712215866 -0.00699567423988578
v 0.263702784628265 0.530209188734039 -0.00849388456681167
v -0.0842742780108924 0.634432675313987 -0.0122762111564162
v 0.0316792723454751 0.6460354389144 -0.0112825032423087
v -0.164184583459942 0.274624671967295 -0.107741569589913
v -0.345634453414982 0.444489118912117 -0.0700956251114442
v -0.101976928935964 0.302021550122222 -0.0714201741674718
v 0.0759829891366905 0.62646886901855 0.00804185487070136
v -0.0534382946791356 0.63792230503062 0.00911254199386902
v 0.269976001439651 0.604448496397288 0.00530041897165947
v 0.100409002837072 0.0358819232131221 0.0020990981165662
v -0.403187498647448 0.242145561400794 -0.071182480758964
v 0.325485671552329 0.242165111764182 -0.00221185721431321
v 0.0657250400156619 0.0991831664910882 -0.0162424788496097
v -0.106524156273389 0.615051496817543 0.00980143567829487
v -0.0634588337224483 0.398357044652189 0.067660377187507
v 0.532083717872112 0.215796513473865 -0.00874026920874892
v -0.0184775505518529 0.664781203367468 -0.0100890646976685
v 0.235819139749363 0.5208191653564 0.00578380328897115
v 0.126870327561286 0.0965559515280134 -0.00707002619914297
v 0.251179602981652 0.448674792362616 -0.0087694343554558
v -0.289172926879054 0.585044969393406 -0.0097720373558915
v 0.320299611305126 0.316037824017656 -0.0316322412726056
v 0.258760061707607 0.501025405220795 -0.00855320661508486
v 0.520439619246306 0.197451152449833 0.00728576393702778
v 0.0225221130666087 0.625511723566048 0.00871961730487937
v -0.163247582599972 0.227734286160434 -0.0999906098471465
v -0.443396539378845 0.140895133615088 0.0191889445706287
v 0.113248608541906 0.654508773722347 -0.00960513952388564
v 0.0939865949956772 0.0735422247340114 0.00438696980061753
v 0.269683755231122 0.173124731182243 -0.00693128190805639
v 0.0684282521453303 0.0856897734317897 -0.00706926313509398
v 0.553824486334287 0.470680843292248 -0.00582181749665625
v -0.0878921236050993 0.383223906137104 0.124083859914965
v 0.248321459726478 0.128101323632292 -0.00699239297465979
v 0.172479424354068 0.641789456984735 -0.00912557718711801
v 0.161129977782031 0.0522118124895901 0.00300918986276765
v 0.0120259182734513 0.609911744984641 0.00901295183297941
v -0.166658300924995 0.346459442403279 0.100888070739142
v -0.118935672437305 0.059338830081024 -0.0130112164137452
v -0.259631583891993 0.0683683174414528 0.013287347382352
v -0.0435183985358141 0.0596562186378317 -0.00704990491087587
v -0.164015352842804 0.331110734604112 -0.098110540439503
v -0.0560153779250273 0.0676482282883106 -0.0157906464866221
v 0.480255141498584 0.5111794089868 -0.00336917182309917
v 0.0980817768331875 0.0391693703137567 0.00346298818012277
v 0.241762522842766 0.497061930894541 0.00572719178953092
v 0.110844679754639 0.0360082343739019 -0.00202348170672513
v 0.165561372432954 0.126544073394043 0.00450999930794256
v -0.00335307844684803 0.582572171909146 -0.0241490651493101
v -0.463095332326783 0.164134776638605 -0.0323740117511875
v 0.252126083841429 0.114730974729291 0.00453206493387555
v 0.0193477343955443 0.0423503293333827 -0.00695084976766481
v -0.303281537409272 0.28002539372266 -0.0795515122023166
v 0.526067357676939 0.388586567551457 0.00598944711475957
v 0.0867395768589815 0.0720427272926513 -0.00698671164138315
v 0.0482944276355178 0.62569062610783 0.00841097618434897
v 0.29662000670708 0.212083275380267 -0.00689356322576994
v -0.451481634088063 0.394461102170728 0.0492765606564828
v -0.145208341464523 0.0635393392688769 -0.0176949335310861
v 0.287669443722525 0.193155568755224 -0.00689957972919816
v 0.0942761287113703 0.046729857262062 0.00426372742896346
v 0.21587823536057 0.611363982253572 -0.00905627565974031
v 0.534647965246409 0.202574346875081 0.00628516276488049
v 0.0787668438793861 0.625190076778069 -0.0111030026544599
v 0.0660046830389373 0.643963779666252 -0.0109113638070165
v -0.258929836642113 0.335826920572298 0.0760924296447931
v -0.135070345263686 0.241071618004545 -0.0905810962191171
v -0.110924652898283 0.365164490257152 -0.131296951919093
v -0.458023928858671 0.424453031667241 0.0321541290104273
v -0.107037735445937 0.367587408853356 0.115027654328449
v -0.397731496494643 0.121492867230306 0.0239842030690824
v -0.0666919943572778 0.243696779851753 0.0632236943492964
v 0.304365092631796 0.50573221511334 0.00527585835796429
v 0.527092579922163 0.341581661460561 -0.00618695676364099
v -0.136684359944792 0.309608360732382 0.114850503432297
v 0.262316454860381 0.334057413649314 -0.0410169603086141
v -0.149325072201033 0.282790672665623 -0.0924857168586369
v -0.501484495515144 0.222075998328311 0.0481511483600593
v -0.357911769873419 0.431839117880091 -0.0709435638602236
v 0.0657442533322494 0.232993807073222 -0.0566846786519509
v -0.180957869528174 0.329172749196825 0.0945186470266781
v -0.126356639900638 0.251504450727006 0.106159313777717
v 0.324557044646511 0.522986802132211 -0.0069020322872476
v -0.42497646789823 0.135523674723802 -0.027251311384931
v 0.503884017420237 0.365540622432387 0.00764967726857385
v 0.269610853552904 0.153661266622548 -0.00692279246289482
v 0.517821629233216 0.201470678384292 -0.00997997068684426
v -0.293354415322523 0.135892869541981 0.0498026452976713
v -0.0393813653191386 0.617760051272469 0.00937110947571937
v 0.362512104730505 0.405689357928499 0.0192211534777105
v 0.476861873928962 0.46668353918443 -0.0123376118375966
v 0.526896618724652 0.339197099106489 0.00375708143518093
v -0.155581281228519 0.343914178941052 0.116736214661382
v 0.123983330579133 0.642479901882495 -0.0101076025067043
v 0.0985008806219055 0.645191481364319 -0.0103984425731038
v 0.0856754374686474 0.0335312998095235 -0.00452851347169018
v -0.00243243234378535 0.586012544676997 0.0197698421134018
v -0.0997631281539438 0.653842346389964 -0.0110765579744414
v 0.481841898827768 0.512733763382385 0.0013203182958108
v -0.498065517367262 0.186737880030084 -0.0318924965513845
v 0.0754992042952758 0.0876475914548399 -0.00708530622278405
v -0.224847694562195 0.305474621863552 0.0754791535247686
v -0.139252596567243 0.277912350119196 -0.111265811525512
v 0.53568226597078 0.192025401526182 0.00622592376823017
v 0.253918659330649 0.248609183901846 -0.0166809780146443
v 0.00558174037355233 0.0890624087615031 -0.0222233776415049
v 0.17967714304043 0.0896567446038354 -0.00694108202600873
v 0.269046946290797 0.201519464509638 -0.00692051454941712
v -0.348406665665124 0.432172126354472 -0.0719655378512353
v -0.169820351600301 0.233683059964673 0.0977247343736712
v 0.13739821738893 0.0732405342131628 -0.00696793987398711
v 0.325027199582363 0.240546086483087 0.00091811674156634
v 0.20337676416457 0.142040677079969 0.00458375587458222
v 0.492402152489944 0.321363212566472 0.00831286985084729
v 0.47871988535059 0.202920653725572 0.00821851779225283
v -0.29743859535692 0.389198469828292 -0.0785533297128782
v -0.115002514708224 0.666650185863268 -0.000929006521054676
v 0.279532687116232 0.184158101715914 0.00458745241094608
v -0.191361941875656 0.037617880785121 -0.0114812087891831
v -0.468556792977967 0.154534269141713 0.0168071294076792
v 0.0823641390597618 0.0315382533596857 -0.00162607438251636
v -0.279904327150259 0.272050545138336 -0.0794613197055165
v 0.464570613743562 0.334865356819822 0.010454633959734
v -0.145925244951586 0.30936553663866 -0.0979542918658075
v 0.159473457774826 0.113835734626567 -0.00706039392530281
v 0.0451208720583439 0.0993750011225 0.0182109863789917
v 0.283604321116352 0.216489298528034 -0.00689997171588896
v -0.165702355339056 0.249899134068597 -0.0830313032842023
v 0.480224824694247 0.513345320155947 -0.00142071885062777
v 0.327771542486775 0.541847858678752 0.00330674974396922
v 0.037383407378759 0.677035246914239 -0.00163097839626116
v 0.0722397206476557 0.0924819546635841 -0.00834819958926884
v -0.185051543369455 0.325359740706722 0.103887953697283
v -0.110720680079006 0.651371866943657 -0.011150362190094
v 0.0370405693486786 0.576483193057626 0.0196445463292005
v 0.00429636796379 0.643682400889411 0.00860922943524408
v 0.30875153546029 0.476823689063229 0.00498566612679918
v 0.480520944981316 0.482089070478953 0.0093418936589959
v -0.174417855672404 0.323253000751666 -0.0944275604224478
v 0.11267688818005 0.0507884061630325 -0.00689755112560967
v -0.16439400866603 0.31038446514678 -0.0934443619284495
v 0.291162447278534 0.581637886940297 -0.00811731706165685
v -0.289503076844494 0.323726891910227 -0.0795114658346708
v 0.0927027230539637 0.108505918008433 -0.0147065124001936
v -0.117608604141647 0.630838407851554 -0.0123634224696539
v -0.0747493640264048 0.657188276926261 -0.0109889183514354
v 0.499454592781987 0.479425058197031 0.00908013757297545
v 0.056703849673937 0.0674400814380594 0.00434565355333854
v -0.235508614905303 0.321345565138054 0.0751151705166619
v 0.108665377549321 0.67065323126865 -0.000765
v 0.53374585151956 0.430233873966423 0.00638286668708877
v -0.26806708987297 0.129610612439387 0.04830764711312
v -0.176328 0.339576 0.10233
v -0.00247719856903887 0.674990481979047 -0.00663994017403254
v -0.185951618468812 0.297516407507062 0.0823632516144137
v 0.535141799448325 0.500043376324041 -0.00976164124679054
v 0.156709486182847 0.0627770750163535 -0.00692196545616098
v -0.109440258021751 0.64219761870635 0.00905178388700126
v 0.0172200782345363 0.576896014020111 -0.0258049714881675
v 0.00388194485148296 0.678058559906195 -0.00122356722987999
v 0.161504280981938 0.0872678397543072 0.00444692291917296
v 0.116577236977456 0.654271427149688 0.00675670418730539
v -0.157502962701664 0.217028057617727 -0.0875379739587446
v -0.136259669730422 0.351090680270943 -0.107954533389208
v -0.117712455318811 0.357036057429261 -0.113138137885452
v -0.416882085784571 0.136931786959584 0.0289133411976848
v -0.411911281212176 0.321255333348704 -0.0753299956794753
v -0.16121845274944 0.37627908022493 -0.0762370840953273
v 0.524523172164495 0.373021379629143 -0.0075303505701938
v -0.0694892466886688 0.661051340208363 0.0077417415310974
v -0.345191409798004 0.561536991559238 0.00700695580010321
v -0.428959278235078 0.386320615955471 0.0618126989356365
v 0.222454110859042 0.563032085151134 -0.00903162022959395
v 0.527691116250909 0.521341511382091 0.00649025408718495
v -0.0220849593099193 0.651709867043749 0.00860357063267485
v -0.116093998007762 0.346031256212705 0.0704224494346225
v 0.036076671810593 0.0390014849101228 -0.00694332551174478
v -0.0973689612545477 0.351112754348694 0.116353415465123
v 0.298561839876766 0.458215789240574 -0.00808107691808118
v -0.423268032381206 0.122785952629288 -0.0145460787739321
v -0.211729224454255 0.273142612556802 0.0962149370896207
v 0.199378067765479 0.64716849824767 0.00366117913575516
v 0.109944120429238 0.643980483140301 0.00735855198112992
v 0.503588536723633 0.280663233710714 -0.0103049321240945
v 0.141124637177016 0.594372635114625 -0.0101886741311137
v 0.0332094115986521 0.648725008319297 0.00821228740845576
v -0.160462543957435 0.31804929361718 -0.114937844450591
v -0.18192086188917 0.327435409201972 -0.0966004207333019
v 0.197663293609956 0.631412337669703 0.0061950966609411
v -0.152644485225392 0.0772331741818127 -0.0270948335804424
v 0.204926695860876 0.637425759771012 0.0048485823492398
v -0.115675398537937 0.332535712017004 -0.109431974024262
v 0.520866351856636 0.44915468377518 0.00781389253653185
v 0.1880408479657 0.137368187654674 0.00455572328963429
v -0.154808738555653 0.229007730250806 0.0684664884249613
v -0.141536272552073 0.228373271672374 0.0671541181580437
v 0.179238338036579 0.111741742865701 -0.00701758438351442
v -0.12244403493636 0.015488643555024 0.00633300881716363
v -0.176152733579281 0.0322388228658602 -0.0115837735883871
v 0.131594339385675 0.120363316133345 -0.00711390947334434
v 0.203846778161969 0.621569806186873 -0.00915318973599154
v 0.274945315876058 0.140569940600848 0.00449711316140003
v -0.165241932459466 0.0405017594376554 -0.0112608284973184
v 0.508140139850972 0.523973194231395 -0.00591134871066243
v -0.270776691440089 0.145440060930182 0.0536986811508338
v -0.162390468120716 0.21801990666537 -0.070227527064054
v -0.00841645479120159 0.589730399263041 -0.0204152046660571
v 0.548064577584471 0.499656800089658 -0.00889347879300208
v -0.175418332811352 0.224634798198169 -0.0970494184348933
v -0.336583626199944 0.417073207548534 -0.0749111347185496
v -0.176964591078823 0.214624409855347 -0.087823753846856
v 0.47698022433555 0.32154691343303 -0.0118678634875138
v -0.0972376208375075 0.065898885621594 -0.0176325811040762
v -0.114582210840171 0.326148079646471 -0.072795269142426
v 0.0509258894100073 0.65884004798505 -0.0103892886787012
v -0.127872927116765 0.246611149498093 -0.0928711771130289
v 0.138992605105621 0.090797445532258 0.00446649605212613
v -0.129146118875477 0.279856715074254 0.0947772417045827
v 0.321688422949298 0.329815118730299 -0.0339176391050379
v -0.253701055635752 0.0767993399036212 0.0205471654733957
v 0.214706639880795 0.538687286725034 -0.0090916021795458
v 0.336015339570962 0.411918913991619 -0.0061345335865186
v 0.0560150363552945 0.172357961283789 -0.0493906682564669
v -0.0022987060722753 0.674224738542971 0.00433983519727037
v -0.142483727402088 0.409010639967492 0.0730117858985231
v -0.150761899010017 0.218816586144842 0.0955687645645205
v 0.15530168361103 0.659040964712286 -0.00652358626279966
v -0.124554937954908 0.349336018691246 -0.110214680683189
v -0.261930999424203 0.260036799621268 -0.0780512686645068
v 0.53470143259021 0.279697955488698 -0.00133339400437959
v 0.0157789721296083 0.643121446378133 0.00851642876053505
v -0.112900641136587 0.360728524684249 0.127665013445733
v -0.174410330211547 0.0425695337363077 0.00899324852861675
v 0.104580592985229 0.12876610352426 0.0202471673932012
v 0.262276048095935 0.469240597270883 0.00550403566298305
v 0.50014853206217 0.192340902963566 -0.009710318432013
v -0.108523528600989 0.0242775796443414 0.0056254518210996
v -0.501040534684913 0.216182696919006 -0.0486809320638401
v 0.102848054100248 0.0605797232698241 0.00431782425074418
v -0.153131004304754 0.192498660304374 0.0629482838348032
v 0.254508112070112 0.240385790579345 -0.0119205467515788
v 0.523052636960806 0.251330443311829 0.00658533360746506
v 0.278249195195093 0.566341173502264 -0.00831717762426144
v -0.323048817614489 0.427715910630562 0.0719697630162711
v -0.2889217444143 0.290895944187787 -0.0798773469123538
v -0.120396665598176 0.287501833781022 0.0983231181664208
v 0.525872293054402 0.42091208412672 -0.00940687576910487
v -0.194121905832266 0.0389144833686902 0.00878816007407729
v 0.171986389946043 0.104255972674971 0.00452266776168816
v -0.180529410239841 0.317599416583393 0.107871792556655
v -0.146448404312417 0.209428296385301 0.0652404915738558
v -0.311575657750215 0.296478960966316 -0.0798080017342121
v -0.170454742479206 0.0564115403384419 0.0103110014187254
v 0.12302625237109 0.664598743267435 -0.00672803024561088
v 0.515837770770357 0.368205873920295 -0.00925867760929085
v 0.148424094587465 0.660098996258957 0.00394557566449933
v -0.495323538864305 0.168062086790286 -0.0119913660838377
v 0.0660409034308357 0.0974842393819849 0.0119177697577882
v -0.013378415379405 0.651057236651932 0.00856873806787966
v 0.275205831394214 0.445682808493318 0.00531541765040229
v 0.142918628277117 0.128278722652816 0.00478185268757526
v 0.0405120661211326 0.0880137328137053 0.0117683275176789
v 0.51542595522053 0.17296793465494 -0.00585825747738749
v -0.279902928639842 0.0880345678103947 -0.0288770600859825
v 0.519151833651374 0.276539607277356 -0.00907678268044426
v 0.0665897599393892 0.0396709201735186 0.00419435631305964
v -0.123479730353345 0.32710940137575 0.104204164556378
v -0.362805949469062 0.110861744801751 -0.0303762357384384
v 0.399673228199548 0.437618704802334 -0.013223219921149
v 0.0683345028355395 0.0591137686124423 -0.00694602011621068
v 0.238230994466613 0.237668601466297 0.0180650249508102
v 0.258052741794333 0.145456712250408 -0.00694880496602417
v -0.368368774123823 0.0997463046658828 -0.0195597518685741
v -0.102455978476359 0.629106642118003 0.00950433137952736
v -0.270660276228607 0.0760503670188396 0.0180783647091954
v 0.542630759710513 0.482119897239117 -0.00909612927095648
v -0.4157246597086 0.11401198941851 -0.00487172151213226
v -0.0221992168193431 0.677507563759249 -0.000985671534470846
v 0.49411717606335 0.351422608010867 -0.0107568079597865
v 0.516962318877978 0.338715516381861 0.0062499902552803
v 0.0256916545411905 0.0854972424653217 0.0133159765665565
v -0.137641721830661 0.266892187658274 0.0907188225940445
v 0.496628933644839 0.180620924569353 -0.00636573740068847
v 0.495738426000257 0.384253996052868 0.00853211380569777
v -0.0907562024175641 0.00853305515988403 0.00519165623802618
v 0.541600793655418 0.503980647329425 0.00699802680898632
v -0.117648715680971 0.00494909527646829 0.00374375024811722
v 0.225694897012833 0.123796934693534 -0.00701458100462013
v -0.539289208563593 0.245410288235389 0.0178070241401719
v -0.205106457405572 0.287972863937697 0.0989132067093323
v -0.153317421442103 0.0181584765652762 0.00655961033395148
v 0.0352031093476062 0.0366301866554698 0.00408581849093187
v -0.0917932752467272 0.388256041519612 0.0696551619627536
v 0.276099619863156 0.235476558191735 -0.00685007761498415
v -0.191215241790173 0.194024387043999 -0.0674521090601219
v 0.467081806234549 0.194525321645658 -0.00625862514943448
v 0.452141009565715 0.218309414870878 -0.0112428513164784
v 0.027626031645896 0.601460612657252 -0.011977495859149
v 0.530633898966561 0.241247686737202 0.00581358968557338
v -0.297176492944059 0.389681057257756 0.0757044413832922
v -0.440846075594412 0.362066572155933 0.0615929667545856
v -0.141666163764853 0.065785114180167 0.015434573521036
v -0.202304162937889 0.206244259766727 -0.0715490916253415
v 0.24779224880013 0.231607301520323 -0.0129988949813492
v -0.459702009319366 0.325719955549216 -0.0630696819937745
v -0.0489931144758594 0.0694116150461665 0.0134005746074944
v 0.516192233173845 0.440840198354379 -0.0104826681232041
v -0.11059524342225 0.278753494428231 -0.106861914751917
v -0.134845319457524 0.38397620009258 -0.0751191014847424
v -0.00515234748220847 0.655878132884467 0.00829523385645026
v 0.540773016520907 0.227235762783608 -0.00552780464978323
v 0.319271357111018 0.468531231579745 0.00506329541726178
v 0.319779653641134 0.491081680013696 -0.00789348568185638
v -0.039819604233604 0.651391364956264 -0.0115563886175691
v 0.356043042611372 0.411519073243828 0.0159615240355309
v -0.194323822444704 0.291233942445897 -0.104570935900739
v 0.0730714758267389 0.0664227222186524 0.0043933548181286
v 0.237626765809231 0.541333806568081 -0.00880442091290236
v -0.293940160105708 0.380918273887649 0.0760308217375908
v 0.562522066160828 0.494875287444723 -0.00115330073825585
v -0.0495248564435672 0.672036145312648 -0.00743597315079153
v -0.0333664991670783 0.650470409578696 0.0087056746801817
v 0.505556011216049 0.333891824848983 0.00731084124697135
v -0.118874691028177 0.004876 -0.00643890966331071
v -0.134846519899691 0.294833362533023 0.0957821969018814
v 0.166771995700151 0.656938699100602 -0.00607990851797081
v -0.366467286618801 0.411781333259068 -0.0878411391405591
v 0.296060533537914 0.174876978144891 -0.00684991670625882
v -0.100179931290949 0.36531969651871 0.0699092770097576
v -0.00421293117406857 0.041025817287536 -0.00694484629293755
v 0.302489537247231 0.437914878262979 0.00495714194222261
v -0.10654747915767 0.352971046131102 -0.115284851193756
v 0.259797985470714 0.237208645382666 0.00443288615227818
v -0.128348144446882 0.265308255815026 0.108053946059861
v 0.159660814138558 0.138234861326408 0.00467892634378763
v 0.243687475419069 0.23896213388085 -0.0184419323708001
v 0.00901952230746279 0.594309617719751 0.0107037053024417
v -0.121469963317324 0.271268609104487 0.0685477839717115
v -0.20685963566935 0.21558449299958 -0.0840610640112559
v 0.0663159318180737 0.0789189533179458 0.00440795494803361
v -0.114357221583036 0.0309486475649218 -0.00812906826295005
v 0.556650243167143 0.481886921646124 -0.00582390874832813
v -0.0197253571911396 0.635044943202666 0.00898495136008068
v 0.509595254623668 0.402202224750066 -0.0103443224512044
v -0.0941120039398207 0.286347535626295 0.0674101485072722
v 0.497807437975773 0.316098258574474 -0.0104219368410316
v 0.263199041981666 0.253359513596686 -0.0135628561572511
v -0.124018062780272 0.275649955665935 0.110057802665788
v -0.11319899387131 0.267509087416159 0.107927687267851
v 0.537588706296003 0.40362610265611 -0.00587477735784919
v 0.126879206614003 0.0584317530987731 -0.00689232554051511
v -0.539064535357863 0.237587692239522 -0.0363934296990228
v -0.288354903433941 0.277556220845155 -0.0796461467303307
v 0.527757048704237 0.348301742591916 0.00356828568303864
v 0.0503581646838488 0.672978363718348 -0.00675327110584948
v 0.318731143271392 0.473511885472242 -0.00787020187867498
v 0.0567153196977707 0.0426662699463467 0.00370479480370363
v -0.342688 0.323198873254833 -0.0950152024027059
v -0.503745683842746 0.313823234918051 0.0450282565682588
v -0.000445063002498298 0.664830754026837 0.00746991607507467
v 0.0695625314538487 0.0513445836445731 0.00429838982010833
v -0.127679489885252 0.320888597495 -0.120380688378049
v -0.141350189320686 0.0276986569993053 -0.00995171909950643
v -0.287267832718263 0.248445015495656 -0.0773921272237282
v -0.375895363429161 0.295853921856366 -0.0801377250621603
v -0.256394587189584 0.279872857850576 -0.0790787124974391
v -0.171844228723296 0.22010054293913 -0.0716376312776591
v -0.477496000717165 0.26308157590203 -0.0619733839500083
v -0.160054298283791 0.269222837002704 -0.0745273893331286
v -0.456594321651513 0.138605556489883 -0.000820864939553292
v -0.115298173425619 0.331298786019206 -0.124029853040211
v -0.303842770424692 0.347506920453628 -0.0800674853262984
v -0.143873738460193 0.322892419669525 -0.118463813634834
v 0.172623437334157 0.0560262315677562 0.00311150769596073
v 0.0570426472867107 0.0642879623530784 -0.0069864654830137
v -0.118588068844884 0.316983222005163 -0.12055178394542
v -0.0886279786813051 0.33873181217956 0.0687189258294701
v 0.513449510741194 0.327817819029736 -0.00916956205432192
v -0.326868621752324 0.303477849285829 -0.0805760258466405
v -0.17702036225378 0.235053757411417 -0.0994731687154717
v 0.057093974776026 0.0535562945169786 0.00432913376721319
v -0.185852736756674 0.207606800409948 0.0678357345070455
v 0.186634530018932 0.517312337509054 0.00689553619149155
v -0.518094464218393 0.216113664779909 0.0388390459941266
v -0.32687203201759 0.424265704723989 -0.0748773083062589
v -0.109284899584622 0.0551862255166526 -0.00706649563216274
v 0.0473292109903892 0.661455363789949 0.00736625137237084
v -0.166811491417668 0.236543506447166 -0.0820886792176781
v 0.52625251628249 0.210536535059734 0.00693944861228074
v 0.230917613038089 0.0829281130380886 -0.00568226774532179
v -0.330047774631398 0.419305358058634 0.0722958281270026
v -0.18446558103485 0.227790556990784 -0.0963455416612522
v -0.168443 0.3458085 -0.112543
v 0.0292228584091287 0.0645500314881627 0.00438947827655294
v 0.554892079535983 0.502025543264511 0.00572798754831066
v -0.18179348847765 0.311802921200667 -0.0901641816485796
v 0.0557614249585816 0.0498276705305299 -0.00691631409931279
v -0.138405024547015 0.0327653540739384 0.00698553087319644
v 0.135179778970326 0.0569489403754096 0.00426652843416942
v -0.241062578141726 0.320380762275209 -0.0781635903578385
v -0.128081791557807 0.381644131748239 -0.121096465392705
v 0.0106415861784558 0.673743223022305 -0.00728463767437811
v 0.0237606973483825 0.0543684811524399 -0.0070079341188753
v 0.32031726040241 0.197029573191821 -0.00116273112732056
v 0.298235072224604 0.328638980976059 -0.036175984184926
v -0.402672491680778 0.115487405017379 0.016169729111511
v 0.0596766908838663 0.671876117598472 0.00416448115153846
v -0.0124460560552118 0.0459254673295953 -0.00700719512194572
v 0.207027233484735 0.101336291771237 0.00445240342315684
v -0.274879089129203 0.0733302115779442 -0.0187247421291611
v 0.144233408560255 0.107537879415844 -0.00708692255926885
v 0.428667090996507 0.474696581755093 -0.00691817413862932
v -0.1889599818732 0.236154837081937 -0.0976260472150103
v -0.151256513664686 0.236321816767179 -0.103472470816823
v -0.143852589925558 0.0175823453209545 -0.00939479589956121
v 0.0619424344807277 0.595307832286058 0.00840513162246149
v 0.534946604701529 0.533145532787029 -0.00655977574146812
v 0.0285064634422216 0.0315288127164102 -0.00577036623163155
v 0.221159605932197 0.0966953514034045 -0.00698509498339207
v -0.115598467189354 0.662772674465777 0.0046794063133504
v 0.285450424861878 0.250886543212566 -0.00668844617020523
v 0.55885738816711 0.492624749328968 0.00377398726392979
v 0.311082812676894 0.179477339003376 -0.00514665562110179
v -0.179230158203546 0.353475572884684 0.0734620024775813
v 0.127124337594532 0.573453117442009 -0.0103755936915591
v 0.323177874785947 0.510328253807235 0.00504425808117434
v 0.515883773568327 0.397090432052774 0.00717564703240076
v -0.414550543570639 0.126672087594703 0.0212128155351787
v -0.118712709744028 0.310195112476917 -0.104979126596642
v 0.447665307790641 0.474040354626627 -0.0112674843822803
v -0.111657004960398 0.0539044696534068 -1.20257874928026e-05
v -0.23445898867359 0.304397526144902 -0.0784915901129912
v -0.437181275479344 0.364339190623994 -0.0642426611503984
v -0.0919198518274868 0.358672681709617 0.123241363767959
v -0.0155177334326576 0.076661826540987 0.01427944133409
v -0.487118764459662 0.412900963123493 -0.0125788529017981
v 0.557079167486076 0.505743933772941 -0.00754369507943863
v -0.133455915638954 0.0420455583228276 -0.00818509118570351
v 0.437740045498254 0.482072290877547 -0.00630658706931466
v 0.531391657079514 0.354177572789341 -0.00152242768494321
v 0.536169093801319 0.38562729531396 -0.00192258570067327
v 0.508712415453389 0.26590602261447 -0.0101179647795992
v 0.122958458362978 0.127402392592746 0.0139320042728371
v 0.450722106433258 0.482972588829737 0.00735584531161954
v 0.298778068255237 0.274997886913015 -0.012712559207336
v 0.323034259597094 0.232550568713138 -0.00545410933275714
v 0.488844003332731 0.190185225697668 -0.00798995128940823
v -0.148689292224176 0.227087982352933 0.0993464432392849
v 0.175669858372395 0.133139775775222 -0.00706471435438895
v 0.460149287421053 0.483777677210367 -0.0106418958039561
v 0.26066572983051 0.194459534046464 0.00464227044567431
v -0.167108042376855 0.341139179036134 -0.101093243251261
v 0.059628352122666 0.644107639590216 0.00801230243923596
v 0.044145469263502 0.0573009778538887 -0.00697665468086919
v 0.473235169709393 0.192055984030624 0.0047011837397461
v -0.198640541654347 0.235875474363807 -0.0957028523965964
v 0.311929640341189 0.221477289625349 -0.00689397362052681
v 0.475660685877507 0.508229476911943 -0.00507025541558281
v -0.280760076839146 0.0941488768786725 0.0295953310013908
v 0.0102911456730876 0.052311381731461 -0.00701718392707777
v -0.400534211579947 0.299982587195197 -0.0761120671987942
v 0.0411838162535411 0.0314943860154944 0.0027845274622921
v 0.0826300401680963 0.658464701790198 0.00699782944831677
v -0.167288302199488 0.223087597235159 0.0690570324940699
v 0.0296002916286815 0.588216098158107 0.0112732020093493
v -0.220810713276998 0.0430020603490367 0.00517360836973827
v 0.203815591179361 0.118129153589188 -0.0070309546122114
v -0.135999978493461 0.279500707814882 0.109591079982991
v -0.0326774252611383 0.665320773933116 -0.0101523045123669
v -0.00103882733746051 0.664022761711427 -0.0103791820363414
v 0.487381303587139 0.207163551680338 -0.0109886255208354
v -0.521020824986203 0.188769587674241 0.0113162196039971
v -0.129041158497524 0.359464241300672 -0.11111321961171
v 0.52921923433303 0.398339417439135 0.0058129972176693
v 0.160520157502197 0.643780620040136 0.00646899910562686
v -0.165676085081495 0.218148109677082 0.0821690727462176
v -0.408734215719771 0.114098142954645 0.0107006407998849
v -0.119616865387645 0.259248687616229 0.107742749176146
v 0.189010558196753 0.1016167787941 0.00448515268943027
v -0.172333287624818 0.259899565393293 -0.104398693054101
v 0.514120467530779 0.364251856268529 0.00624873035439972
v -0.244645393063826 0.277578510734273 -0.0821001292151427
v 0.0362527081108345 0.0607599554970106 -0.00703084865690883
v 0.531667727910635 0.463810882585712 0.00733006800210324
v 0.165494316472744 0.0679815302846782 0.0043220457250005
v -0.397037386924288 0.30615994767952 -0.0781626353161909
v -0.098941 0.364408589132923 0.129967730670238
v 0.515430413225272 0.530496623868798 -0.00121084126812322
v 0.0867196861272522 0.0845828045858691 -0.00706825253808704
v -0.305812655307897 0.0799904518872196 -0.0193294627195502
v -0.152757585729036 0.262076588163737 -0.088459548039937
v 0.381152629453456 0.430900020169769 -0.0135551187675436
v -0.105422224551694 0.355805229842946 0.113594006440856
v -0.150953962198083 0.0308782064138733 0.00770330566785249
v -0.120597731009059 0.313868178259955 0.117413222420762
v -0.13416592052369 0.12730488992894 0.0477686787578717
v 0.434242335814918 0.444526183376179 -0.0139600869250307
v -0.34933513825234 0.41915807806818 -0.0756483553301001
v 0.330408428630196 0.53130564002371 -0.00591844818078896
v 0.0284922893603667 0.0439336762608945 -0.00694316708884539
v 0.531077004094374 0.317282124866953 -0.000782153977386529
v 0.495054348423897 0.18760861789814 -0.00851617170338481
v 0.529544765560493 0.302469920410871 -0.00592225665113667
v -0.468229858614979 0.148938310916276 0.00898578345500091
v 0.528658619257487 0.353569829476842 -0.00587770745546734
v -0.113458197310763 0.663634213802162 -0.00692145482478819
v -0.430376952696247 0.129075738003864 0.0144206138347705
v -0.125876073458802 0.66398330559938 -0.000776460102393197
v -0.114355640907633 0.0104169668921319 -0.00843877274188375
v 0.208155628557031 0.648451532768318 -0.00190686569007079
v 0.161845732152758 0.0520374779720524 -0.00581975958695569
v -0.419865791132741 0.320628548938293 0.0698078893570231
v 0.0719159673329943 0.0737050797060032 -0.00700956887151319
v -0.0134772439069206 0.317973999002268 0.063617599266582
v -0.0789189068340299 0.669387209595444 -0.00708476288850538
v 0.0911488933354032 0.669475229713148 -0.0064504138795555
v -0.128240880020565 0.297888299106619 -0.100459104388872
v 0.534936922292266 0.214862450303603 0.00589751358001478
v -0.00620132755068198 0.644021419006249 0.0086979567106098
v 0.112757626128788 0.66699 0.00352887418232384
v 0.519653388204014 0.239651194597063 0.00707307489726112
v 0.563995273803413 0.518301004240187 0.00381244947992223
v 0.543456032234544 0.466366848398342 0.00627411410531158
v -0.154925583769587 0.0316236951269039 -0.0105625414719181
v -0.198004938997243 0.258596189034145 -0.100030167403059
v 0.134766365366986 0.111237781608402 0.00452435471322315
v 0.154988946712054 0.662780257141638 -0.000758064285409437
v 0.566675873977683 0.515650454519373 -0.001058
v 0.00197391370731949 0.0461980515611177 -0.00698967578260857
v 0.0284005944830558 0.0284622188226025 -0.00137624863213613
v -0.30585836210218 0.383384802416371 0.0762926403623553
v -0.1647145 0.2170995 -0.09494
v 0.533182388765904 0.232615258553389 0.00549644189844592
v -0.0439531404839788 0.673223670587428 0.00435088236695552
v 0.536099797279895 0.485308230950151 0.00727850027029234
v -0.160221291550146 0.0268682941370946 0.00779576136701507
v -0.194796417036617 0.267210796611014 -0.101919945400226
v -0.425680175271421 0.121794556110831 0.00809237890013978
v 0.0162781326157025 0.0803781602405257 -0.0135077759922081
v -0.143954490753224 0.218166723203984 0.087052475381363
v -0.16533732450124 0.0386495625077335 0.00854767184482354
v 0.119254342277383 0.669206823998014 -0.0009030117536079
v -0.220823137802534 0.0430431659437378 -0.00755031110697446
v 0.335354726062167 0.292008971812429 -0.0229202079879755
v 0.0239868192273594 0.67438438696885 0.00367013949077677
v -0.319975289266557 0.399679889435826 0.0819221772924955
v 0.169803461069456 0.0646826601676386 -0.00692553539995748
v -0.181111330263743 0.255576018034109 -0.101957977405674
v -0.0247394417609448 0.0450984015580574 -0.00645918763757444
v -0.187249701495875 0.225734940927447 0.0925428097438491
v 0.325263222902286 0.552085615059692 -0.00572345336165461
v -0.338698544316247 0.427026328476944 -0.07358752029944
v -0.13894101349902 0.241466013608509 -0.105824005864131
v 0.380846579745964 0.248744432037269 -0.00735958377164979
v 0.305458183003219 0.462165633982119 0.00515627324594227
v 0.0889946568277796 0.0851879861695077 0.00443685223525031
v 0.0345478890670006 0.0435127507738653 0.00427283187961617
v -0.21504603684883 0.226890909483622 -0.0883231336947828
v 0.159129097459115 0.658071851002551 0.00378839731310035
v -0.124901206255046 0.660746408875595 0.00463125891487051
v -0.192445489735779 0.303373090349713 0.0837631119097579
v 0.145751568799043 0.66470995924267 -0.000952683059259504
v 0.524111216876767 0.377891802528895 0.00597060654518563
v -0.201822943386409 0.0612410554459019 0.0127943953494535
v -0.357758092038248 0.313668329787472 -0.0964178150343132
v -0.0025400613851545 0.0400267319915603 0.0041857469961673
v 0.510075092731381 0.350291920196805 0.00698202572541935
v 0.078503247107335 0.0457206435316612 -0.00689129757610971
v -0.0126323671985986 0.674627311002837 0.00431852440113488
v 0.53691870560846 0.25025213029256 -0.00556496903413429
v 0.528645322760309 0.303570796282596 0.00358313455517204
v 0.501330677916418 0.367867932858785 -0.0104185308379767
v 0.522245001257042 0.357563530259747 -0.00749917684682327
v 0.157117338983727 0.0486518430033392 0.000902239282001258
v -0.296027026653292 0.0684764624334182 0.00571107979931156
v 0.459791395426579 0.500708278224118 -0.000857854955865673
v -0.199053782934146 0.213948738185742 -0.0818056066270992
v 0.35274597218003 0.423427722201817 -0.000451063393440135
v -0.422799276647061 0.129561900787794 0.0196946091846988
v -0.409874010502634 0.349314352394988 0.0838438927051739
v 0.450887508037634 0.463241392471945 0.0103818509550192
v 0.540683980192966 0.240494685572592 -0.000813692446642409
v -0.149615850209495 0.352558422513243 -0.121288282231703
v 0.187706350603221 0.057831529259961 -0.00142899114772682
v 0.0510594942281874 0.0387425492696197 0.00420693607347067
v -0.0996294645696308 0.0606535594331095 0.0103025508845254
v 0.475180918509512 0.493750652396606 0.00803431101481458
v -0.189530204028941 0.305831650190773 -0.0765937335785069
v -0.466201603703481 0.452099475971581 -0.00251196226927422
v -0.0371927573012256 0.664608115681637 0.00753379748627468
v 0.532138972456785 0.361905188461641 -0.00120839507520255
v 0.141437962339603 0.0556892001422901 -0.00677164358780344
v 0.518435787031496 0.38374946932218 0.00670269447284379
v -0.29450978596514 0.27081329248049 -0.0792839913990897
v 0.142274185039235 0.0544398893098632 0.0035414731174186
v 0.522582153099645 0.365841281882703 0.00588437731469297
v -0.132676214522663 0.20754395645151 0.0641186390521338
v 0.434118312549365 0.483356760359775 -0.000677311566163969
v 0.229495591648154 0.637189609602567 0.00305307711425958
v 0.0408646003970257 0.0473168954841712 -0.00692939340916796
v -0.0975869091366149 0.0296134713157473 -0.00595892802010498
v 0.522347628447599 0.184064835405759 -0.00894262890114493
v 0.0453389056492128 0.0678553377563557 0.00442056991980156
v -0.132386823632313 0.368247401165201 -0.113132452917106
v -0.212530187347908 0.220280413244762 -0.0861796779195467
v 0.0903905445456954 0.672876749298812 -0.001893
v 0.09459 0.099667 -0.007095
v -0.261793493206528 0.0618423648963375 0.00533014726483636
v -0.198867929773977 0.313578000972289 -0.0764643043747081
v 0.014137235576555 0.0548924278193954 0.00433538015168076
v -0.124731220005305 0.286692673295509 -0.114051845431392
v 0.545058518199151 0.201266842443122 0.00326825329945811
v -0.152658276905584 0.361570150412495 -0.118435081186099
v 0.210394194262523 0.634176439238647 -0.00854618400209176
v 0.0481614535250398 0.03798243677004 -0.00690758372172299
v -0.213081581776507 0.26259798338 -0.0973677435578303
v 0.333256904744423 0.48853785535174 -0.00567812780253208
v -0.31209148198994 0.403294461014105 0.0745869152596539
v -0.175781827975765 0.24688090442869 -0.101851689284137
v 0.542504903931444 0.174716802925352 0.00407598205887562
v 0.180335921015578 0.0549586174727456 -0.00142908669894302
v -0.181945220043123 0.332531429806226 -0.102680037016185
v -0.122819796291886 0.285725652689231 0.111800038132561
v -0.206067193214338 0.258194127698997 -0.0983663074988626
v 0.218097888343627 0.0868922096448921 0.00441451214633776
v 0.525608002067893 0.401131362912505 -0.00895348933874375
v 0.0444611533893177 0.0875353239120174 -0.0132654898308136
v 0.430673803489896 0.479256836422439 -0.00434227748359046
v 0.530391948371535 0.373083961911942 0.00371504449400553
v 0.217596219364422 0.645315525703095 -0.00141187114360103
v 0.222556581469663 0.640796974504535 -0.00586555506620715
v 0.520524356363016 0.353312564073962 0.00596863763165785
v -0.111648519116556 0.0357062695884579 0.00361332191793495
v -0.219941738782954 0.278741185293063 -0.095544492561456
v 0.46174101255823 0.193518751887236 -0.000990049569743052
v -0.111777329432585 0.297310653894499 0.113045196925737
v -0.120900764831697 0.259360997958171 0.0937728652892546
v -0.433166329722052 0.47267813219378 -0.0263433302170859
v -0.0808755200156038 0.0629284833343267 0.0110951373889019
v 0.285622945209324 0.607429688287516 0.0030156816946604
v 0.117888169692837 0.112272158066672 -0.00710145473667217
v 0.145300509078512 0.128454474200017 -0.00712636421001651
v -0.494646901056374 0.168765960964556 0.0112872345027615
v -0.106407316178783 0.327236103165944 -0.122281944114434
v 0.086055574680612 0.0576487799585924 0.00433841995276468
v -0.176882550095853 0.217351013416227 -0.0828196976961039
v 0.0974062664845615 0.660881714208255 -0.00915607155892346
v -0.180786255728579 0.28688245672349 -0.107074645729303
v 0.295936519012549 0.176295881081341 0.00455988207904443
v 0.53633610047347 0.267191664242074 -0.000871189253111415
v -0.411676570484118 0.399936485872359 0.0658639580271076
v -0.204900594164797 0.303750251924231 0.0899857835938281
v 0.442112593756522 0.485189312646099 0.00432349649014188
v -0.099021269000514 0.365280466566322 0.116745764906824
v -0.441210389580388 0.131652928900423 0.0089881016221744
v -0.532711986419359 0.320245925761692 -0.0159974250583718
v -0.531109062660031 0.330651836145264 -0.00247268524655168
v -0.204039192141161 0.247572697096843 -0.0970177458940062
v -0.313565478544614 0.373583628475174 0.0921540981759252
v 0.457807398639836 0.431921972529653 -0.013668667825755
v -0.116378521216229 0.0391253315702356 -0.00589891538025999
v -0.269032299519101 0.264302585853689 -0.0781902289427206
v -0.483797451115864 0.157080740415708 -0.00147371572614642
v -0.213676003003993 0.276303717285101 -0.0982577998870133
v 0.0391778070555851 0.0319964463600815 -0.00586649641354691
v 0.563749654469515 0.512991173418183 -0.00579050869415622
v -0.13026782778179 0.379349150734756 -0.123776739037676
v 0.0444617565996593 0.0431972042222586 0.00427341105493949
v 0.200959631526232 0.0815940470980595 0.00444764637464562
v -0.112892632225762 0.365485172544494 -0.115700449240167
v -0.395512207157142 0.431839464940801 -0.063904931496771
v 0.131282175846849 0.654281511635678 0.00638244848146814
v -0.152997531164031 0.284876920443264 0.089503552112976
v 0.448791973973416 0.473448454662362 0.00919459878965576
v -0.411740106456903 0.120473851478595 0.0164680534048893
v 0.269497856601931 0.112402740986212 -0.00528579565044326
v 0.442382272821242 0.209549442048153 -0.00677164267642952
v 0.475646958040787 0.189388469134961 -0.0060013745963332
v -0.187942120252149 0.213989877050177 0.0701309271293828
v 0.5569157267549 0.482735719993139 0.00345875531383615
v 0.494964 0.521255 -0.001469
v 0.516364093768494 0.297654838795241 -0.00907670011795648
v 0.071422282525017 0.402131956059366 -0.0595147615120845
v 0.518619927244492 0.265206054088619 0.00674322186812757
v 0.507773764391595 0.523061576565474 0.00415082514115394
v -0.423243220869459 0.383349204502622 0.0649958459737984
v -0.110298670851062 0.290489886370324 0.107675540897287
v -0.419258450654542 0.323183838030298 -0.0726497509159204
v 0.458853630841175 0.471977264534175 0.00980921310163442
v -0.115339284922385 0.375688555793784 -0.117194001321176
v 0.527217798405891 0.244972390825116 -0.00880576297611654
v -0.0272467239610737 0.673753744017259 -0.00703237609949276
v 0.131988982170173 0.121559944636238 0.00546970666336042
v 0.0600089069146557 0.0745964245911549 -0.00701881660609757
v 0.536349917447541 0.247634629611275 0.00353199401044437
v 0.48015674409893 0.183594505697596 -0.000716580377236479
v -0.148378321967749 0.222284804727255 0.0856446400527763
v 0.532881660951581 0.272045459198011 0.00344204681514961
v 0.259293635117481 0.215003658934768 -0.00693682480958261
v -0.180125301936875 0.222738587795657 -0.0794809826142548
v -0.0332527698164248 0.673091380224431 0.0046963052508046
v 0.509534668847763 0.175290106863696 0.00402063759222622
v -0.128900751135918 0.0588939833839034 -0.0129943631858229
v -0.143506599588434 0.00841122952203957 -0.00514673454713797
v -0.14969838998063 0.228227881213619 0.0840529527520461
v 0.541645128519792 0.462678003013192 -0.00872453070911367
v 0.459627310485315 0.198523590991581 -0.00625134565563065
v 0.132415458265161 0.654464595752253 -0.0090928129474419
v 0.160931322840534 0.647365000193816 -0.00904479412115251
v 0.18750448020174 0.553388491181991 -0.00945509650219144
v -0.0973578909762558 0.00191033810587778 -0.00596809933300895
v 0.513776646474178 0.326833736043721 0.0065597978696282
v -0.386493057441153 0.303083680294531 0.0777245188370856
v -0.146174517419592 0.351926228990972 -0.106186624061072
v 0.203739747928137 0.648002824354494 0.00126588065401195
v -0.426439809035019 0.36262384995642 -0.0702440300401094
v -0.105033829454889 0.326661260711663 0.11946050754088
v -0.323224385600341 0.373369366680777 0.0898704066896227
v 0.534377409976774 0.257451147404205 0.00364917985803521
v -0.0515616790000481 0.119806649054695 0.0408653686970189
v -0.322388187660988 0.392447381728463 0.090527310786925
v 0.0577199937301159 0.0364274126540966 -0.00667528334680562
v -0.542604925738416 0.254086110213025 -0.042358719879989
v -0.100374202082508 0.0553426965084838 -0.00660843283772969
v 0.00638996893975134 0.0289863258253851 -0.00133119789756947
v 0.167178101951432 0.125237248980107 -0.00705776479117164
v 0.0419613139761719 0.201818210907628 -0.0555963987394516
v 0.544957657447475 0.216681033735677 -0.00103816904973611
v -0.280100489104715 0.264474333988795 -0.0789350398590609
v 0.0231972053075869 0.0316249152750069 0.00293881530238222
v 0.0310434969444355 0.0680766784294078 -0.00706885285515686
v -0.152646842798531 0.0216465070512801 -0.00986850437297858
v -0.215743539864338 0.254317905184187 -0.0955807844410112
v -0.149715218766083 0.216933517112373 0.08632126788241
v -0.120433601999651 0.383869735670455 -0.119606748895177
v -0.122543080016215 0.0205133732427948 -0.00912941704797699
v -0.12193094672446 0.0536368756046341 0.000154353918841271
v 0.33387 0.530493 -0.001241
v -0.191137096802807 0.026377007737203 0.00405898472819219
v 0.48008772937489 0.19678610241845 -0.00934582598974283
v 0.026104582047502 0.0759801672184447 -0.00749273408709979
v 0.465709957557816 0.493636711384852 0.00602405409014659
v -0.41548751894345 0.358881581815229 -0.0863334266641935
v 0.075682 0.674639 -0.001287
v 0.324323316399959 0.215048508636907 -0.000847228202662953
v -0.112717752541533 0.282349162620606 0.101010034225007
v -0.110417818528807 0.063762123124622 0.0135700833913675
v -0.017171113440071 0.0548968829944036 -0.00707332565911478
v 0.301436526274647 0.188789508947887 -0.00688229600960561
v -0.42042823756627 0.496574019122111 -0.0193944828978693
v 0.537475186799498 0.403522504717663 0.00344371780279034
v -0.105717013007105 0.316325182741447 0.11238748031164
v -0.299310747783701 0.0703159268791858 -0.0107871760053342
v 0.359253377100338 0.426094848327554 0.00643325338195252
v 0.556441660027174 0.471257706051595 -0.00157096402669458
v 0.263367952321391 0.243165551287601 -0.0071729950572155
v 0.073957525973666 0.0328845220463233 0.00234982840725109
v 0.175819220952077 0.0645006532740847 0.0037719826396096
v -0.18372079753264 0.240989152820645 -0.0995208206170954
v -0.102402894130461 0.66500417489511 0.00489604785441203
v -0.165708781751235 0.0480160501823133 0.00871612746662523
v -0.0954348588675061 0.00227015181806655 0.00317588694278602
v -0.109276266616117 0.342467363979691 0.124539938459135
v -0.184165617799435 0.327060119698422 -0.106637744113469
v 0.336239128459568 0.506174485500945 -0.00153332025934363
v -0.284493491518288 0.0639133942013407 -0.0022909892448608
v 0.000264059958894444 0.0326860887113735 0.00297795305129663
v 0.131239220788177 0.0399968934683085 -0.00189264702128951
v -0.355478690493284 0.557852360217648 -0.00251533663659778
v -0.0107712344315997 0.663557539047204 0.00769212490978438
v 0.0138498647896581 0.667148021453021 0.00681363524997757
v -0.438197667686918 0.481597765961116 0.0123076036746039
v -0.483352326427822 0.158829519358087 -0.0106893513758716
v -0.420766323099245 0.123169022849564 0.0138835402885409
v 0.146224925608102 0.660898105256695 -0.00650031505626098
v 0.332338791776722 0.518976050375023 0.00288205084080638
v -0.497361070379781 0.177734963310201 0.0207545800334674
v 0.532505684738236 0.378225729033621 -0.0058723621845279
v 0.502657895215708 0.339267173947579 -0.0100654167009718
v -0.135865793133931 0.37409081815529 -0.114623290119853
v -0.299757644671335 0.358023648272041 0.0767465257021518
v -0.109333042709205 0.0014891293050172 -0.000748801960966986
v -0.313616832442987 0.0703053998178242 -0.000501630375436818
v -0.384303506100699 0.304403487695665 -0.0837873134435159
v 0.0240912445255654 0.0429548975964181 0.0042661557036823
v 0.455311783750826 0.492998530934687 -0.00680110887542731
v -0.134951977640294 0.374076325045883 -0.124847871550507
v 0.519075460705137 0.300435157310781 0.00623090143729594
v 0.0502370823693411 0.075532278101554 0.00440934143407919
v -0.120225161371254 0.0546583550124395 -0.00659360801578911
v 0.189029898634664 0.640556963310283 -0.00874616443798394
v 0.539184252772224 0.249616293015227 -0.0010003003944844
v 0.00481935053642818 0.653650552328508 0.00832127639106275
v 0.323782946032452 0.453328311298589 0.00458892739880689
v 0.192403108708666 0.071201772942222 0.00430259652210191
v 0.310146419757131 0.384532404951888 -0.0230169804250399
v -0.221586047014446 0.304940397355729 -0.0782915544027131
v 0.220842844879975 0.640314395737444 0.00327757257589903
v 0.539845946250044 0.226242964489758 0.00360420151059952
v -0.188671225605841 0.255394272349247 -0.10119173270228
v -0.228997861246378 0.250180829990321 -0.0910335413199889
v 0.0995802627314424 0.671758962607391 -0.001329
v -0.346560462233657 0.401089245100544 0.0855785120405545
v 0.506171 0.172346 -0.00135647629453098
v 0.348017227220114 0.372313765113447 -0.0288444184136197
v -0.00367738693271888 0.0536553538564081 -0.00705320757715216
v 0.467697174387398 0.502243521938846 0.00380059358744199
v -0.159317651517283 0.0540414096074677 0.0081294615226626
v 0.102574075297673 0.0412064581933752 0.00374577588204643
v 0.207603 0.066302 -0.00146
v 0.0487375678005881 0.028943152036278 -0.000967969759366614
v 0.263502977445518 0.227427500571697 -0.00685756913624663
v -0.127384186203195 0.0551412405173332 0.00534229310326823
v -0.205863610575177 0.303597056186187 0.0756144765540894
v -0.113531741842014 0.288570068789524 0.111125049019447
v -0.0960534189111852 0.0562640818806591 0.00499928202369655
v 0.550132069555027 0.45969033910608 -0.0060608354652008
v 0.0435742483758131 0.055190818485824 0.00434781148937754
v -0.417722199098686 0.405099868465845 0.0617854031657533
v 0.201108076352004 0.0677592214574139 -0.00597667128798244
v 0.180821998340043 0.058882545622933 -0.00586147066600789
v 0.539588011710233 0.208215460150733 -0.00735793668525783
v -0.0993593832560252 0.338871088421147 -0.119784974870151
v -0.122585767992276 0.0440386957788999 -0.00101799532261077
v -0.327042764167815 0.0769531999211705 -0.0102433185654819
v -0.338404849821363 0.326470989412147 0.0919429210782722
v -0.169302285460979 0.330787134780801 -0.114185124183408
v -0.190836559372649 0.296835346470142 -0.078274455061938
v -0.357354716982698 0.421877851982686 -0.0737967106602002
v 0.142262332782206 0.0463852062575401 -0.00589448277350537
v 0.22079984600904 0.0770160618907751 0.00332464759186476
v -0.423953996828659 0.37274113850699 0.0695781506189337
v -0.149243395706954 0.00867136807835752 -0.00110480273607365
v 0.190108906938249 0.284168844764543 0.0441585418875012
v -0.135150932833204 0.0168821214890794 -0.00926301542635012
v -0.3586479848388 0.344966851359278 -0.109558164878674
v -0.507611533362149 0.174885638553579 -0.00350504625991037
v -0.110843977391242 0.305705766575292 -0.1170379059831
v 0.173335181274886 0.0525511537917951 -0.00104645687547955
v 0.11638575607994 0.0371452846267616 -0.0024370578113549
v -0.396724477820822 0.308255182689316 0.0769055616615091
v -0.30761610905557 0.38649768295433 -0.0785060528890695
v -0.0980613411432899 0.342409653740897 0.118333543561014
v -0.103823288661353 0.0567964958199636 0.00628069787754653
v 0.441067547097717 0.477031611848486 0.00733239358629395
v -0.534714217111757 0.24274917910293 0.0329788003727038
v -0.144302832860315 0.00991858806496022 0.00381984071724235
v -0.552653630191611 0.248883862247671 -0.00953810980964092
v -0.103189902624361 0.00922216793878515 -0.00819705487215799
v 0.535750983513215 0.536983239965621 -0.000148985245792268
v 0.149378677967454 0.0479506860066785 0.00297947856400252
v -0.105757577181602 0.317196087339349 -0.115652832509915
v -0.206020150308226 0.289015838004739 -0.100946293565668
v 0.341390866586265 0.41425733411671 0.0053205588228338
v -0.0963886868666265 0.353272254702282 0.126334315626942
v 0.0523279008728431 0.0719025847288739 -0.007027059872134
v 0.104170813064394 0.6685365 0.00334043709116192
v 0.121563667804949 0.665025 0.00401048921239183
v 0.210084072594429 0.643631790952359 -0.00654110594279094
v -0.321818656663483 0.358936477090876 0.0908620797262241
v 0.444192 0.203916 -0.001508
v -0.204232079776894 0.282400556729846 -0.101476749411424
v -0.334001575147545 0.569199364147731 -0.00406749426165567
v -0.207260797090085 0.274733097323871 -0.100103049319559
v -0.410096177964295 0.111123611343802 0.00253915745059745
v 0.154590600197398 0.0462822616639584 -0.00200427882362358
v 0.549940361002856 0.444199981676012 -0.00126153770166593
v -0.0728836848201475 0.0459430549133592 -0.00107232471338764
v -0.373314924850996 0.41582824932589 0.0837039797281716
v 0.529300081801842 0.363642923451393 0.00358346549432015
v 0.00640198744910727 0.0390310917257704 -0.00693026143462558
v -0.283642906518181 0.269301742168364 -0.0792819182821955
v 0.46785306289143 0.505619125045541 -0.00186320457924436
v -0.151002428683192 0.0540702591896813 -0.00994538047237532
v -0.24202469414264 0.262973358315555 -0.0856439912176428
v 0.0869169087716719 0.0969707705167367 0.00442829565760756
v -0.130187926098164 0.00425894800390446 -0.00115654687758075
v -0.412089 0.368789 0.081047
v 0.525823054433244 0.231306047177656 0.00667804369448611
v -0.171978187453323 0.216162700618033 -0.0931198025958323
v -0.326007304262391 0.38841545309047 0.0906392599414195
v -0.467058191137325 0.300129767016959 -0.0633915590825931
v -0.445273178520144 0.131340353432247 -0.00252778533474341
v -0.165997007248362 0.021572939171844 0.0066100218443551
v -0.423505604799003 0.341633376786222 -0.0720118786020933
v -0.207882483887184 0.297636732544965 -0.080319528508799
v 0.532279430869822 0.271649476124701 -0.00621454634332246
v -0.416629046531136 0.118121938301967 0.0102796407340853
v -0.426297595072777 0.398372814886295 0.0601644923904956
v 0.0467735183685664 0.0746323347672485 -0.00705041374065941
v -0.120072094837178 0.278057910038299 0.0968446384477706
v -0.271144927625881 0.278277674598331 -0.0797412253050347
v -0.335891616762557 0.400484566835066 0.0890030976687519
v 0.520573760879001 0.346934547341273 -0.00844839296165295
v 0.0338850777365071 0.030725199016816 0.00255318077343537
v -0.119910826313397 0.246034805565964 0.10573506439827
v 0.137572086989815 0.665837390755654 -0.000252354790343519
v -0.375862497338171 0.302865176264833 0.0817151129993562
v -0.348161159765967 0.407213954301845 -0.0898752158488321
v 0.0575039188663814 0.0854808761597058 -0.00722482352942885
v -0.42563866915387 0.363117411633867 -0.0785515595105036
v -0.0177192033545113 0.0350293380117528 0.00312455951008482
v -0.146877156184531 0.0404592917560529 0.00731918038285737
v 0.561809385421108 0.500073412417039 0.00321774108458778
v -0.134704706697745 0.23241872675759 0.0877379350555639
v -0.1699141169844 0.346582160146025 -0.107968
v -0.102109701428639 0.337073687788155 -0.115367652699421
v -0.132565014164899 0.0475855562227646 -0.00539463943862313
v -0.434259882091226 0.126045968201569 0.00616378821742726
v 0.452661148856969 0.495959566874316 -0.000714255735200894
v 0.0798922464123155 0.0899831106763435 -0.00709869959465568
v 0.0735034966759337 0.0338159163303594 -0.00580804699739896
v 0.0980303274340567 0.669504069215174 -0.00597948582411425
v -0.311947108022727 0.357162592047224 0.0926805393726051
v -0.112756935115369 0.271788424644181 0.0991070680269937
v -0.4059905 0.3835675 0.0809065
v 0.488462600634781 0.179764175233599 -0.00144267229679058
v -0.390151679217696 0.314310798559171 -0.0937991803669656
v -0.411859697486066 0.36287536767616 -0.0845112315111334
v 0.0578525526286823 0.031192460741924 -0.00503253925807599
v -0.423850421769856 0.375683117121862 -0.072701490216456
v 0.450329171048273 0.490364382529657 0.00440829306724389
v -0.0937480714892529 0.360600655190391 0.11887313539976
v 0.0484825547705751 0.0322635730141728 0.00301587415114882
v -0.365247772287508 0.41179950685499 0.0853264270146991
v 0.125080135660624 0.0470840664045518 -0.0067074158491588
v -0.411989253378412 0.394958732610358 0.0800033187275756
v -0.369629937229631 0.317649094924448 0.0913851870242375
v 0.0778114552417209 0.0312534186599695 -0.000724096689718065
v -0.411486504339834 0.3257033963522 0.0845013247011012
v -0.009499 0.030237 -0.001399
v -0.15510946911506 0.0459451354665096 0.0077962113223768
v -0.308373069231698 0.349715430472226 -0.0908242569441286
v -0.370396064899565 0.310396647010253 0.0932604184719472
v -0.105021107983671 0.322705787492765 -0.11407805455147
v 0.0653158938030306 0.0805456464354096 -0.00704035879719534
v 0.00666608082903151 0.0405263744314654 0.00422603820870006
v -0.382179405132673 0.413207986207059 0.0832866359422469
v 0.474561195463671 0.202180019074116 -0.00997411382049065
v -0.196891827081244 0.214762745086429 -0.0759769976523534
v 0.272596619068216 0.422774088310858 0.005108702612013
v -0.097213744481117 0.34631497050609 -0.119696341262042
v -0.209028296436676 0.298953068391156 0.0774045594322402
v 0.514455268875794 0.52679101381798 0.00341214939849109
v 0.323237336127827 0.227983126751369 0.00314721482839184
v 0.440164648169189 0.487572210772446 -0.00137753799856015
v -0.334753616286352 0.412574747872491 -0.0782298622623824
v -0.184131458729048 0.248923604702585 -0.100873667116497
v -0.210661068512767 0.268641632411917 -0.0983683889214074
v 0.00942550565819534 0.596414927998155 -0.013205933349946
v -0.186062591516936 0.28854502970938 0.0769169486996189
v 0.114566139413458 0.667345085455517 -0.00587626807334118
v -0.108295205553467 0.336266751896176 -0.112734243916106
v -0.397172144979598 0.406185939412175 -0.0846679366970092
v -0.354492586004124 0.319309055960544 0.0920492992710206
v 0.0407989135215083 0.0720449350823225 -0.00705327848631227
v 0.326245610236801 0.230619897965542 -0.00122995002388768
v -0.0918677555810228 0.000148063750245495 -0.00152689609232697
v 0.541924993587758 0.233331786069909 -0.00133735642393046
v -0.275876488642908 0.273077723083651 -0.0795263096959485
v 0.202209093279445 0.650412248933683 -0.0015274669628841
v -0.189260044708126 0.216288856973284 -0.0895101430267159
v 0.458457698174705 0.489362706124014 0.00676668822783087
v -0.404941869029232 0.385840672396572 -0.0836541413959981
v -0.317760195087474 0.3940913256302 0.0870502616507643
v 0.0423973698781126 0.0777641109448241 -0.00705550671497338
v -0.24210338109685 0.270658848747326 -0.0849219234811172
v 0.207694686148912 0.500437652614482 0.00643207310000472
v -0.375957809691126 0.314321371155555 0.0922646772670323
v -0.329374030275509 0.317244651971358 0.0915441418311208
v -0.0205060578222656 0.661395022846842 0.00796488972678706
v 0.502630142866839 0.177078785886418 0.00352525891307049
v -0.351406732065082 0.413368979319612 -0.0889444789553809
v 0.322830772081539 0.218339087839743 -0.00481802112031014
v 0.541991578092998 0.217875851178607 0.00338073738577673
v -0.191743101588287 0.261206291737316 -0.101130235415997
v -0.107883741163698 0.322374822590867 -0.110809046723362
v 0.293123364752141 0.269252496925022 -0.00861205946328666
v -0.230263686389031 0.261116342267059 -0.0916944373264974
v 0.069475338221125 0.0899818348807346 0.00445491039971783
v 0.0655029585642206 0.030029595785538 -0.00112847691609261
v 0.0777086543198274 0.0975059058927455 -0.0113999985961763
v 0.492802713454397 0.195330322609709 -0.00988495882083384
v -0.31663942248491 0.3977702715707 0.0766672573416499
v -0.0265002286725703 0.586909528883329 -0.02516906841852
v -0.105585504124828 0.343736064108021 -0.114858591216685
v 0.111939622876481 0.0394050071783554 -0.00582141915051886
v -0.191884920927757 0.292466518400805 0.0790053436656485
v -0.151978 0.0547454163774892 0.00818515579095713
v -0.145520438886273 0.217675878243781 0.0955765117838164
v -0.222597377342187 0.270593292030369 -0.0948951207924905
v -0.120148723130596 0.0415954966990909 -0.00371766002616243
v -0.105457727716614 0.3224008764458 -0.118769380019908
v -0.119323723535623 0.233365576807175 0.0923400725624247
v -0.127077815842489 0.00531439496378024 -0.00597490274045774
v 0.0997758605409047 0.0339726056914129 -0.00180380659418514
v -0.31899 0.37542972503431 0.0921749773263064
v -0.142998742329208 0.222800067562356 0.0867888914982905
v -0.325653666562528 0.344156927351189 0.0917509405056355
v -0.134406463336901 0.010282772319291 -0.00770206732053362
v 0.0410498268447638 0.673085235196944 0.00428480587570087
v -0.376263663133917 0.122600151820113 -0.035061894879603
v -0.538181304573982 0.242496724942404 -0.0317099426983301
v -0.149427 0.654373 -0.007026
v -0.306013 0.222669 -0.07405
v 0.393249256367223 0.255796839816897 -0.0129814106561662
v -0.465290418972834 0.305368612798321 0.0608489970724367
v -0.512777621721957 0.323852277561839 0.0343178351870059
v -0.412065695819865 0.357918939563157 0.0831504825428423
v 0.409750471630606 0.243332575166256 -0.0119670561879237
v 0.189747240107285 0.1974421396622 -0.0273680980862741
v -0.160638 0.354398 -0.115419
v 0.0588275894900106 0.118624467740729 -0.0290401805893091
v -0.21961483429208 0.16025668695303 0.0577530259116435
v 0.0944205205319445 0.570683081843041 0.00891224891441093
v 0.534797421067062 0.260906194443086 -0.00588601200210337
v 0.447190213440578 0.359088677869723 -0.0144825109166388
v -0.345151304185099 0.0934899539131978 -0.0216341011226658
v -0.487401678370123 0.367539103080762 -0.0384985553689428
v 0.475107469102327 0.225583338687978 0.0097772896510902
v -0.457939281187026 0.179480883816111 -0.0466916790488158
v -0.472818787407703 0.151308226443608 -0.0102564278781044
v -0.194448430733472 0.278171533325674 0.100974007145297
v 0.149589478356746 0.543844091761995 0.00774174309947412
v -0.00495095254030065 0.447238443296 -0.0636395432807096
v -0.366292430723471 0.305648437771232 0.0919498735719136
v 0.215974048865212 0.489549463795976 -0.00947235879506149
v -0.0614069633218588 0.0587822201673706 -0.00756476970749201
v 0.395852 0.235622 -0.001369
v 0.357700062394224 0.287363389618108 -0.0223549007770539
v 0.187470553653288 0.392840736486311 0.0444718584693269
v 0.543152509873148 0.22581638333268 -0.000582803060510046
v 0.0347580143849474 0.602573762772305 0.00876412185621712
v -0.137034165725165 0.230863810933729 0.101633063598066
v 0.158455786900166 0.561138288883546 0.00681017353148941
v -0.462243666219644 0.351487054647192 -0.0583727721721553
v -0.299168062395223 0.446518796630258 -0.0744544195857039
v -0.0314691491521201 0.0494779951017717 0.0043325558006415
v -0.199892422326851 0.620856280076674 0.00815441175059214
v -0.308663317744386 0.0826796166886764 0.0179282643617361
v 0.527739024738295 0.319985479358424 -0.00597907754136445
v -0.0547756017999889 0.140817664887496 -0.0518093404328304
v 0.308926347721636 0.204417649173081 -0.00689776350701753
v -0.520020683466604 0.278866268059121 -0.049980440405072
v 0.435319944809495 0.255865380612046 -0.01434328973135
v -0.157301196136137 0.603435339531468 -0.0147935940481377
v -0.0341549526277522 0.0347906309382034 -0.000697375013521696
v -0.382041742423181 0.115507941377863 0.0249180115912513
v -0.272375610506911 0.268917214836273 -0.0796583645303639
v -0.228956519522798 0.269402303472602 -0.0916134885144944
v -0.235346832450228 0.269330909343581 -0.0898539633468032
v -0.27526577329357 0.265406444017566 -0.0781656848407243
v -0.236131857542025 0.265379443563424 -0.0888479149029916
v 0.055658 0.083868 0.004388
f 1 5 2
f 1 2 10
f 1 3 8
f 1 9 3
f 1 6 5
f 1 8 6
f 1 10 9
f 2 5 4
f 2 4 7
f 2 7 10
f 3 11 8
f 3 9 11
f 4 5 12
f 4 13 7
f 4 12 14
f 4 14 13
f 5 6 62
f 5 63 12
f 5 62 63
f 6 8 15
f 6 15 62
f 7 19 10
f 7 13 21
f 7 21 19
f 8 11 29
f 8 29 15
f 9 10 17
f 9 16 11
f 9 17 16
f 10 25 17
f 10 19 25
f 11 16 38
f 11 38 29
f 12 34 14
f 12 77 34
f 12 63 77
f 13 14 42
f 13 39 21
f 13 42 39
f 14 34 37
f 14 37 42
f 15 29 78
f 15 66 62
f 15 78 66
f 16 17 41
f 16 65 38
f 16 41 65
f 17 25 50
f 17 50 41
f 18 20 22
f 18 23 20
f 18 22 24
f 18 28 23
f 18 24 35
f 18 35 28
f 19 21 31
f 19 3463 25
f 19 31 3463
f 20 30 22
f 20 23 26
f 20 26 32
f 20 32 30
f 21 39 31
f 22 33 24
f 22 30 27
f 22 27 43
f 22 43 33
f 23 36 26
f 23 28 40
f 23 47 36
f 23 40 47
f 24 33 45
f 24 49 35
f 24 45 49
f 25 84 50
f 25 85 84
f 25 3463 85
f 26 44 32
f 26 36 44
f 27 30 57
f 27 57 43
f 28 35 46
f 28 46 40
f 29 38 59
f 29 59 53
f 29 53 78
f 30 32 48
f 30 48 57
f 31 39 56
f 31 56 67
f 31 67 92
f 31 92 3463
f 32 44 48
f 33 43 64
f 33 54 45
f 33 64 54
f 34 70 37
f 34 86 70
f 34 77 86
f 35 51 46
f 35 49 51
f 36 52 44
f 36 47 55
f 36 55 52
f 37 61 42
f 37 70 61
f 38 69 59
f 38 65 69
f 39 42 56
f 40 46 72
f 40 58 47
f 40 72 58
f 41 50 65
f 42 3338 56
f 42 61 3338
f 43 57 92
f 43 92 64
f 44 2435 48
f 44 52 2435
f 45 68 49
f 45 54 94
f 45 94 68
f 46 51 2405
f 46 110 72
f 46 2405 110
f 47 74 55
f 47 58 76
f 47 76 74
f 48 75 57
f 48 2435 75
f 49 60 51
f 49 68 60
f 50 88 65
f 50 84 2904
f 50 2904 88
f 51 60 2405
f 52 55 71
f 52 71 73
f 52 73 2435
f 53 59 79
f 53 95 78
f 53 79 95
f 54 64 3618
f 54 2967 94
f 54 3618 2967
f 55 74 71
f 56 101 67
f 56 3338 101
f 57 75 84
f 57 84 85
f 57 85 92
f 58 72 108
f 58 108 76
f 59 69 80
f 59 80 79
f 60 68 81
f 60 81 2405
f 61 70 83
f 61 83 3338
f 62 82 63
f 62 66 106
f 62 96 82
f 62 106 96
f 63 82 77
f 64 92 3618
f 65 87 69
f 65 88 87
f 66 78 104
f 66 104 106
f 67 114 92
f 67 101 114
f 68 91 81
f 68 94 91
f 69 90 80
f 69 87 90
f 70 93 83
f 70 86 93
f 71 89 73
f 71 74 97
f 71 97 89
f 72 110 108
f 73 89 3461
f 73 107 102
f 73 102 2904
f 73 3461 107
f 73 2904 2435
f 74 76 98
f 74 98 97
f 75 2904 84
f 75 2435 2904
f 76 130 98
f 76 108 130
f 77 82 3271
f 77 122 86
f 77 3271 122
f 78 95 104
f 79 80 99
f 79 120 95
f 79 99 120
f 80 90 99
f 81 91 112
f 81 112 142
f 81 142 2405
f 82 96 3272
f 82 3272 3271
f 83 93 3659
f 83 100 3338
f 83 3659 100
f 85 3463 92
f 86 113 93
f 86 122 113
f 87 88 109
f 87 111 90
f 87 109 111
f 88 102 107
f 88 2904 102
f 88 107 109
f 89 97 129
f 89 129 121
f 89 121 3461
f 90 117 99
f 90 111 115
f 90 115 117
f 91 94 119
f 91 119 112
f 92 114 3618
f 93 113 3659
f 94 103 119
f 94 2967 103
f 95 3623 104
f 95 120 3623
f 96 106 3272
f 97 98 2999
f 97 133 129
f 97 2999 133
f 98 130 2999
f 99 117 124
f 99 124 120
f 100 123 105
f 100 105 3338
f 100 128 123
f 100 3659 128
f 101 105 116
f 101 3338 105
f 101 118 114
f 101 116 118
f 103 118 2287
f 103 3618 118
f 103 2287 119
f 103 2967 3618
f 104 126 106
f 104 3623 126
f 105 123 116
f 106 126 127
f 106 127 3272
f 107 121 109
f 107 3461 121
f 108 110 132
f 108 3087 130
f 108 132 3087
f 109 121 111
f 110 2405 132
f 111 121 115
f 112 119 2853
f 112 2378 142
f 112 2853 2378
f 113 122 141
f 113 141 149
f 113 149 153
f 113 153 3659
f 114 118 3618
f 115 136 117
f 115 121 138
f 115 138 136
f 116 125 118
f 116 123 137
f 116 137 125
f 117 136 124
f 118 125 2287
f 119 137 145
f 119 2287 137
f 119 145 165
f 119 165 2853
f 120 124 157
f 120 157 2974
f 120 2974 3623
f 121 129 138
f 122 135 147
f 122 3271 135
f 122 147 141
f 123 128 134
f 123 134 137
f 124 136 2603
f 124 148 157
f 124 2603 148
f 125 137 2287
f 126 140 127
f 126 3623 140
f 127 140 146
f 127 146 2392
f 127 2392 3272
f 128 139 134
f 128 158 139
f 128 3659 158
f 129 133 138
f 130 3087 143
f 130 143 3392
f 130 168 2414
f 130 3392 168
f 130 2414 2999
f 131 132 2405
f 131 3452 132
f 131 2405 142
f 131 142 2526
f 131 2526 2872
f 131 2872 3452
f 132 143 3087
f 132 3452 143
f 133 144 138
f 133 2693 144
f 133 2999 2693
f 134 145 137
f 134 139 145
f 135 154 147
f 135 150 154
f 135 2392 150
f 135 3272 2392
f 135 3271 3272
f 136 138 144
f 136 144 2603
f 139 165 145
f 139 158 2983
f 139 2983 165
f 140 156 146
f 140 159 156
f 140 163 159
f 140 3623 163
f 141 147 3634
f 141 3634 149
f 142 2378 2715
f 142 2715 2526
f 143 151 3258
f 143 3452 151
f 143 3258 3392
f 144 164 2603
f 144 2693 164
f 146 156 152
f 146 152 2392
f 147 154 3634
f 148 3622 157
f 148 182 236
f 148 2603 182
f 148 236 3622
f 149 3651 153
f 149 3634 190
f 149 190 3651
f 150 152 160
f 150 2392 152
f 150 160 154
f 151 161 3258
f 151 3278 161
f 151 2872 3278
f 151 3452 2872
f 152 156 162
f 152 162 160
f 153 3497 158
f 153 158 3659
f 153 2920 3497
f 153 3651 2920
f 154 160 171
f 154 171 184
f 154 184 3634
f 155 157 174
f 155 2974 157
f 155 183 163
f 155 163 3623
f 155 174 2528
f 155 2528 183
f 155 3623 2974
f 156 159 175
f 156 169 162
f 156 175 169
f 157 3622 174
f 158 3497 2983
f 159 163 181
f 159 181 175
f 160 162 3051
f 160 3051 171
f 161 2735 166
f 161 166 3258
f 161 188 3119
f 161 3278 188
f 161 3119 2735
f 162 169 167
f 162 167 3051
f 163 183 181
f 164 177 196
f 164 2693 177
f 164 196 182
f 164 182 2603
f 165 209 170
f 165 170 2853
f 165 201 2510
f 165 2983 201
f 165 2510 209
f 166 179 168
f 166 168 3392
f 166 191 179
f 166 2735 191
f 166 3392 3258
f 167 169 180
f 167 178 176
f 167 176 3051
f 167 180 178
f 168 179 2414
f 169 175 180
f 170 173 2378
f 170 3636 173
f 170 209 3636
f 170 2378 2853
f 171 176 186
f 171 3051 176
f 171 186 184
f 172 2526 173
f 172 173 2665
f 172 2665 2525
f 172 2525 3637
f 172 2872 2526
f 172 3388 2872
f 172 3637 3388
f 173 2715 2378
f 173 2526 2715
f 173 3636 2665
f 174 192 2528
f 174 3622 192
f 175 189 180
f 175 181 2684
f 175 2684 189
f 176 178 185
f 176 185 186
f 177 193 216
f 177 2414 193
f 177 216 196
f 177 2693 2414
f 178 180 187
f 178 3204 185
f 178 187 3204
f 179 191 211
f 179 211 193
f 179 193 2414
f 180 189 187
f 181 183 2673
f 181 2673 198
f 181 198 2684
f 182 196 282
f 182 2532 236
f 182 282 2373
f 182 2373 2532
f 183 2528 200
f 183 200 2673
f 184 186 208
f 184 219 190
f 184 190 3634
f 184 208 219
f 185 207 186
f 185 194 202
f 185 3204 194
f 185 202 207
f 186 207 208
f 187 189 197
f 187 197 194
f 187 194 3204
f 188 195 2985
f 188 3637 195
f 188 2985 199
f 188 199 3119
f 188 3278 3637
f 189 220 197
f 189 205 220
f 189 2684 205
f 190 219 213
f 190 213 3651
f 191 199 2642
f 191 2735 199
f 191 215 211
f 191 2642 215
f 192 214 254
f 192 3622 214
f 192 254 231
f 192 231 2916
f 192 2916 2528
f 193 211 216
f 194 197 206
f 194 212 202
f 194 206 212
f 195 2525 210
f 195 210 3498
f 195 3637 2525
f 195 3498 2985
f 196 216 266
f 196 266 282
f 197 3387 206
f 197 220 3387
f 198 228 205
f 198 205 2684
f 198 221 230
f 198 2673 221
f 198 230 228
f 199 3270 2642
f 199 2735 3119
f 199 2985 3498
f 199 3498 3270
f 200 221 2673
f 200 2787 221
f 200 235 2787
f 200 2916 235
f 200 2528 2916
f 201 223 340
f 201 2983 223
f 201 237 2510
f 201 2626 237
f 201 340 2626
f 202 3253 207
f 202 212 225
f 202 225 3253
f 203 204 2665
f 203 2699 204
f 203 217 315
f 203 3636 217
f 203 315 2699
f 203 2665 3636
f 204 210 2525
f 204 2699 210
f 204 2525 2665
f 205 228 220
f 206 229 212
f 206 2505 229
f 206 3387 2505
f 207 239 208
f 207 3253 239
f 208 224 219
f 208 239 224
f 209 233 217
f 209 217 3636
f 209 237 233
f 209 2510 237
f 210 2795 222
f 210 222 3498
f 210 2699 2795
f 211 215 286
f 211 245 216
f 211 286 245
f 212 226 225
f 212 229 226
f 213 219 274
f 213 249 234
f 213 234 3048
f 213 274 249
f 213 3048 3651
f 214 236 304
f 214 3622 236
f 214 3127 254
f 214 304 3127
f 215 2642 232
f 215 232 2781
f 215 2781 286
f 216 245 266
f 217 233 336
f 217 336 315
f 218 250 223
f 218 223 3497
f 218 2581 227
f 218 227 3500
f 218 264 250
f 218 3500 264
f 218 2920 2581
f 218 3497 2920
f 219 224 281
f 219 281 274
f 220 228 292
f 220 292 306
f 220 306 2505
f 220 2505 3387
f 221 3504 230
f 221 2787 3504
f 222 2892 262
f 222 262 3153
f 222 2795 2892
f 222 3153 3524
f 222 3524 3498
f 223 250 309
f 223 309 340
f 223 2983 3497
f 224 239 352
f 224 352 281
f 225 226 3365
f 225 267 3253
f 225 3365 267
f 226 229 2280
f 226 2280 3365
f 227 3048 238
f 227 238 3500
f 227 2581 3048
f 228 230 331
f 228 361 292
f 228 331 361
f 229 276 289
f 229 2505 276
f 229 289 2280
f 230 373 331
f 230 3434 373
f 230 3504 3434
f 231 242 235
f 231 235 2916
f 231 243 242
f 231 254 243
f 232 2642 3270
f 232 3194 2781
f 232 3122 3194
f 232 3270 3122
f 233 237 316
f 233 316 336
f 234 244 3331
f 234 3536 244
f 234 249 3536
f 234 3331 3048
f 235 242 3447
f 235 261 3301
f 235 3447 261
f 235 3301 2787
f 236 2532 304
f 237 378 316
f 237 2626 378
f 238 246 253
f 238 3516 246
f 238 253 3500
f 238 3048 3331
f 238 3331 3516
f 239 267 335
f 239 3253 267
f 239 335 352
f 240 242 241
f 240 241 248
f 240 251 242
f 240 248 256
f 240 256 251
f 241 242 243
f 241 243 257
f 241 252 248
f 241 257 252
f 242 251 3447
f 243 254 270
f 243 270 257
f 244 247 3516
f 244 3536 247
f 244 3516 3331
f 245 337 266
f 245 286 337
f 246 259 253
f 246 265 259
f 246 3516 265
f 247 255 263
f 247 3536 255
f 247 263 258
f 247 258 265
f 247 265 3516
f 248 252 278
f 248 279 256
f 248 278 279
f 249 280 260
f 249 260 3536
f 249 274 280
f 250 264 3303
f 250 2782 309
f 250 3303 2782
f 251 256 269
f 251 272 261
f 251 261 3447
f 251 269 272
f 252 257 275
f 252 275 278
f 253 259 271
f 253 271 3500
f 254 312 270
f 254 3127 312
f 255 260 273
f 255 3536 260
f 255 273 263
f 256 279 269
f 257 270 290
f 257 288 275
f 257 290 288
f 258 263 291
f 258 294 265
f 258 291 294
f 259 265 284
f 259 296 271
f 259 284 296
f 260 280 273
f 261 272 2276
f 261 2276 277
f 261 277 3301
f 262 2892 3480
f 262 3503 3153
f 262 3480 3503
f 263 273 285
f 263 285 291
f 264 287 3303
f 264 3500 287
f 265 3358 284
f 265 294 3358
f 266 399 282
f 266 337 399
f 267 320 335
f 267 3365 320
f 268 407 286
f 268 286 2781
f 268 318 2686
f 268 2781 318
f 268 437 407
f 268 3663 437
f 268 2686 3663
f 269 293 272
f 269 279 301
f 269 299 293
f 269 301 299
f 270 312 290
f 271 298 287
f 271 287 3500
f 271 296 298
f 272 293 283
f 272 283 2276
f 273 280 295
f 273 295 285
f 274 297 280
f 274 281 334
f 274 334 297
f 275 302 278
f 275 288 302
f 276 350 289
f 276 306 350
f 276 2505 306
f 277 2276 3266
f 277 2787 3301
f 277 3504 2787
f 277 3266 3434
f 277 3434 3504
f 278 3624 279
f 278 302 329
f 278 329 3195
f 278 3195 3624
f 279 3493 301
f 279 3624 3493
f 280 297 295
f 281 416 334
f 281 352 3286
f 281 3286 416
f 282 399 498
f 282 498 2373
f 283 293 3542
f 283 303 2276
f 283 3542 303
f 284 311 296
f 284 300 322
f 284 3358 300
f 284 322 311
f 285 314 291
f 285 295 314
f 286 407 337
f 287 298 2782
f 287 2782 3303
f 288 290 3545
f 288 321 302
f 288 3545 321
f 289 307 2280
f 289 2291 307
f 289 350 2291
f 290 312 332
f 290 332 3545
f 291 305 294
f 291 319 305
f 291 314 3579
f 291 3579 319
f 292 362 306
f 292 361 445
f 292 445 362
f 293 299 326
f 293 326 3542
f 294 305 2279
f 294 2279 3534
f 294 3534 3358
f 295 297 328
f 295 355 314
f 295 328 355
f 296 327 298
f 296 311 327
f 297 348 328
f 297 334 348
f 298 327 345
f 298 345 2782
f 299 301 3531
f 299 339 326
f 299 3531 339
f 300 325 322
f 300 333 325
f 300 330 333
f 300 3534 330
f 300 3358 3534
f 301 3493 310
f 301 310 3531
f 302 321 2507
f 302 2507 329
f 303 342 341
f 303 341 3266
f 303 349 342
f 303 3542 349
f 303 3266 2276
f 304 312 3127
f 304 3456 312
f 304 2532 421
f 304 421 3456
f 305 319 2279
f 306 379 350
f 306 362 379
f 307 372 320
f 307 320 2280
f 307 2291 372
f 308 346 323
f 308 323 3624
f 308 329 347
f 308 3195 329
f 308 347 346
f 308 3624 3195
f 309 3076 340
f 309 2782 353
f 309 353 3076
f 310 317 357
f 310 3493 317
f 310 357 3531
f 311 322 377
f 311 351 327
f 311 377 351
f 312 3456 332
f 313 2699 315
f 313 315 3617
f 313 411 338
f 313 338 2795
f 313 3617 411
f 313 2795 2699
f 314 355 343
f 314 343 3579
f 315 336 2300
f 315 2300 3617
f 316 461 336
f 316 378 471
f 316 471 461
f 317 323 344
f 317 3624 323
f 317 344 357
f 317 3493 3624
f 318 3021 2686
f 318 2781 3043
f 318 3290 3021
f 318 3043 3290
f 319 354 324
f 319 324 2279
f 319 3579 354
f 320 446 335
f 320 372 438
f 320 438 446
f 320 3365 2280
f 321 332 368
f 321 3545 332
f 321 368 2507
f 322 325 377
f 323 370 344
f 323 346 370
f 324 359 330
f 324 330 2279
f 324 354 359
f 325 333 367
f 325 367 365
f 325 365 377
f 326 339 356
f 326 356 349
f 326 349 3542
f 327 369 345
f 327 351 369
f 328 348 363
f 328 363 355
f 329 371 347
f 329 376 371
f 329 2507 376
f 330 366 333
f 330 359 366
f 330 3534 2279
f 331 447 361
f 331 373 447
f 332 380 368
f 332 3456 380
f 333 366 367
f 334 400 348
f 334 416 400
f 335 435 352
f 335 446 435
f 336 461 2300
f 337 466 399
f 337 407 466
f 338 448 374
f 338 374 2892
f 338 411 448
f 338 2892 2795
f 339 386 356
f 339 357 375
f 339 3531 357
f 339 375 403
f 339 403 386
f 340 415 2530
f 340 3076 415
f 340 2530 500
f 340 500 2626
f 341 342 387
f 341 387 373
f 341 373 3434
f 341 3434 3266
f 342 349 364
f 342 364 401
f 342 401 387
f 343 355 2404
f 343 2404 360
f 343 360 3579
f 344 375 357
f 344 370 394
f 344 394 375
f 345 392 353
f 345 353 2782
f 345 369 384
f 345 384 392
f 346 347 388
f 346 395 370
f 346 388 395
f 347 371 389
f 347 389 388
f 348 400 363
f 349 356 364
f 350 379 391
f 350 391 2291
f 351 390 369
f 351 377 390
f 352 435 418
f 352 418 3286
f 353 392 3101
f 353 3101 3076
f 354 381 359
f 354 360 383
f 354 3579 360
f 354 397 381
f 354 383 397
f 355 363 3569
f 355 3569 2404
f 356 385 364
f 356 386 385
f 358 374 410
f 358 3480 374
f 358 410 393
f 358 393 3021
f 358 3021 3092
f 358 3092 3480
f 359 417 366
f 359 381 417
f 360 412 383
f 360 2404 412
f 361 464 445
f 361 447 464
f 362 465 379
f 362 445 465
f 363 400 419
f 363 419 402
f 363 402 3569
f 364 385 413
f 364 413 401
f 365 367 409
f 365 404 377
f 365 409 404
f 366 396 367
f 366 417 396
f 367 396 431
f 367 431 409
f 368 380 420
f 368 427 382
f 368 382 2507
f 368 420 427
f 369 3533 384
f 369 390 3533
f 370 436 394
f 370 395 436
f 371 376 406
f 371 414 389
f 371 406 414
f 372 423 440
f 372 2291 423
f 372 440 438
f 373 387 452
f 373 452 447
f 374 501 410
f 374 448 501
f 374 3480 2892
f 375 394 426
f 375 426 403
f 376 382 398
f 376 2507 382
f 376 398 406
f 377 424 390
f 377 404 424
f 378 500 471
f 378 2626 500
f 379 472 391
f 379 465 472
f 380 422 420
f 380 3456 422
f 381 397 442
f 381 442 417
f 382 427 398
f 383 430 397
f 383 412 430
f 384 429 392
f 384 428 429
f 384 3533 428
f 385 386 425
f 385 405 413
f 385 425 405
f 386 403 425
f 387 401 450
f 387 450 452
f 388 389 441
f 388 433 395
f 388 441 433
f 389 414 441
f 390 424 443
f 390 443 3533
f 391 483 432
f 391 432 2291
f 391 472 483
f 392 415 3101
f 392 3399 415
f 392 429 3399
f 393 410 491
f 393 491 3663
f 393 2686 3021
f 393 3663 2686
f 394 454 426
f 394 436 454
f 395 433 436
f 396 417 453
f 396 453 431
f 397 430 449
f 397 449 442
f 398 470 406
f 398 427 467
f 398 467 470
f 399 466 510
f 399 510 498
f 400 416 434
f 400 434 419
f 401 413 456
f 401 456 450
f 402 439 408
f 402 408 3569
f 402 419 439
f 403 451 425
f 403 426 451
f 404 409 444
f 404 459 424
f 404 444 459
f 405 3553 413
f 405 425 457
f 405 457 473
f 405 473 3553
f 406 470 414
f 407 437 478
f 407 478 466
f 408 460 412
f 408 412 2404
f 408 439 469
f 408 469 460
f 408 2404 3569
f 409 431 444
f 410 501 491
f 411 2888 448
f 411 2883 2888
f 411 3617 2883
f 412 460 430
f 413 3553 456
f 414 475 441
f 414 470 475
f 415 490 2980
f 415 3399 490
f 415 2980 2530
f 415 3076 3101
f 416 495 434
f 416 2463 495
f 416 3286 2463
f 417 442 468
f 417 468 453
f 418 435 547
f 418 547 2471
f 418 2471 2463
f 418 2463 3286
f 419 434 463
f 419 463 439
f 420 422 458
f 420 458 427
f 421 2371 455
f 421 455 3328
f 421 2373 2371
f 421 2532 2373
f 421 3328 3456
f 422 482 458
f 422 462 482
f 422 3328 462
f 422 3456 3328
f 423 432 514
f 423 2291 432
f 423 521 440
f 423 514 521
f 424 487 443
f 424 459 487
f 425 451 457
f 426 474 451
f 426 454 474
f 427 458 3584
f 427 3584 467
f 428 2572 429
f 428 443 481
f 428 3533 443
f 428 481 2572
f 429 2572 490
f 429 490 3399
f 430 477 449
f 430 460 477
f 431 485 444
f 431 453 485
f 432 483 514
f 433 484 436
f 433 441 476
f 433 476 484
f 434 497 463
f 434 495 497
f 435 446 600
f 435 709 547
f 435 600 709
f 436 484 454
f 437 573 478
f 437 479 573
f 437 3663 479
f 438 440 2292
f 438 555 446
f 438 2292 555
f 439 463 493
f 439 493 469
f 440 521 2292
f 441 475 494
f 441 533 476
f 441 494 533
f 442 449 488
f 442 488 468
f 443 486 481
f 443 487 486
f 444 492 459
f 444 485 492
f 445 464 602
f 445 553 465
f 445 602 553
f 446 555 600
f 447 452 496
f 447 496 464
f 448 532 501
f 448 2888 532
f 449 477 504
f 449 504 488
f 450 506 452
f 450 456 506
f 451 480 457
f 451 474 480
f 452 506 496
f 453 468 499
f 453 516 485
f 453 499 516
f 454 517 474
f 454 484 518
f 454 518 517
f 455 529 502
f 455 502 3513
f 455 2371 529
f 455 3513 3328
f 456 489 506
f 456 3484 489
f 456 3553 3484
f 457 508 473
f 457 480 508
f 458 482 3549
f 458 3549 3584
f 459 492 487
f 460 469 515
f 460 515 477
f 461 471 580
f 461 580 2300
f 462 503 482
f 462 502 503
f 462 3513 502
f 462 3328 3513
f 463 505 493
f 463 497 505
f 464 496 617
f 464 617 602
f 465 546 472
f 465 553 546
f 466 478 563
f 466 563 510
f 467 3543 470
f 467 3584 3543
f 468 488 541
f 468 541 499
f 469 493 2942
f 469 2942 515
f 470 3543 475
f 471 500 512
f 471 512 691
f 471 691 580
f 472 546 483
f 473 508 3540
f 473 3540 3484
f 473 3484 3553
f 474 511 480
f 474 517 511
f 475 539 494
f 475 513 539
f 475 3543 513
f 476 544 484
f 476 533 544
f 477 507 504
f 477 515 507
f 478 624 563
f 478 573 624
f 479 491 567
f 479 3663 491
f 479 567 637
f 479 637 573
f 480 511 508
f 481 486 525
f 481 525 526
f 481 526 2572
f 482 503 3641
f 482 3641 3549
f 483 568 514
f 483 546 550
f 483 550 568
f 484 536 518
f 484 544 536
f 485 520 492
f 485 516 520
f 486 487 3180
f 486 3180 525
f 487 492 523
f 487 523 551
f 487 551 3180
f 488 504 528
f 488 528 541
f 489 535 506
f 489 534 519
f 489 519 535
f 489 3484 534
f 490 542 509
f 490 509 2980
f 490 526 542
f 490 2572 526
f 491 501 567
f 492 520 523
f 493 505 549
f 493 549 548
f 493 548 2942
f 494 565 533
f 494 539 565
f 495 3444 497
f 495 2463 2471
f 495 2471 2694
f 495 2694 3444
f 496 506 560
f 496 560 598
f 496 598 2519
f 496 2519 617
f 497 3444 505
f 498 510 630
f 498 630 531
f 498 531 2371
f 498 2371 2373
f 499 530 516
f 499 545 530
f 499 541 545
f 500 2479 512
f 500 2401 2479
f 500 2530 2401
f 501 532 566
f 501 566 567
f 502 556 503
f 502 529 556
f 503 556 537
f 503 537 3641
f 504 507 540
f 504 540 528
f 505 3444 549
f 506 535 560
f 507 515 570
f 507 570 540
f 508 511 543
f 508 543 538
f 508 538 3540
f 509 542 587
f 509 587 2401
f 509 2401 2530
f 509 2530 2980
f 510 563 692
f 510 692 630
f 511 517 552
f 511 552 543
f 512 3620 691
f 512 2479 3620
f 513 3543 524
f 513 524 3570
f 513 3570 539
f 514 3384 521
f 514 568 3384
f 515 527 570
f 515 2942 527
f 516 3451 520
f 516 530 3451
f 517 518 564
f 517 564 552
f 518 536 597
f 518 597 564
f 519 534 559
f 519 559 535
f 520 558 523
f 520 3451 558
f 521 579 606
f 521 3384 579
f 521 606 613
f 521 613 2292
f 522 562 524
f 522 524 3543
f 522 537 583
f 522 3641 537
f 522 583 562
f 522 3543 3549
f 522 3549 3641
f 523 596 551
f 523 558 596
f 524 562 3570
f 525 554 526
f 525 576 554
f 525 605 576
f 525 3180 605
f 526 554 542
f 527 2942 548
f 527 548 3588
f 527 3514 570
f 527 3588 3514
f 528 540 2348
f 528 2348 541
f 529 531 589
f 529 2371 531
f 529 589 556
f 530 545 591
f 530 591 575
f 530 575 3451
f 531 647 589
f 531 630 788
f 531 788 647
f 532 3440 566
f 532 2888 3633
f 532 3633 3440
f 533 578 544
f 533 565 578
f 534 538 557
f 534 3540 538
f 534 557 559
f 534 3484 3540
f 535 559 592
f 535 592 560
f 536 544 599
f 536 599 597
f 537 556 585
f 537 585 583
f 538 543 590
f 538 590 557
f 539 561 572
f 539 3570 561
f 539 572 565
f 540 570 582
f 540 582 2348
f 541 574 545
f 541 601 574
f 541 2348 601
f 542 554 603
f 542 603 587
f 543 552 3418
f 543 3418 590
f 544 578 599
f 545 574 591
f 546 632 550
f 546 553 632
f 547 709 680
f 547 680 2620
f 547 2620 2471
f 548 549 588
f 548 588 3588
f 549 3113 588
f 549 3444 3113
f 550 2786 568
f 550 632 652
f 550 652 634
f 550 634 2786
f 551 596 2973
f 551 2973 605
f 551 605 3180
f 552 564 577
f 552 577 3418
f 553 602 687
f 553 687 632
f 554 576 584
f 554 584 603
f 555 671 600
f 555 613 671
f 555 2292 613
f 556 610 585
f 556 589 610
f 557 611 559
f 557 590 619
f 557 619 611
f 558 575 607
f 558 3451 575
f 558 607 596
f 559 611 592
f 560 592 598
f 561 562 604
f 561 3570 562
f 561 594 572
f 561 3441 594
f 561 604 3441
f 562 583 604
f 563 624 2703
f 563 2703 692
f 564 609 577
f 564 597 609
f 565 572 594
f 565 612 578
f 565 594 612
f 566 2356 567
f 566 664 2356
f 566 3440 664
f 567 2356 637
f 568 2786 579
f 568 579 3384
f 569 680 2384
f 569 2620 680
f 569 2384 3000
f 569 3167 2620
f 569 3000 3167
f 570 581 582
f 570 3514 581
f 571 2825 593
f 571 593 3113
f 571 2694 2724
f 571 3444 2694
f 571 2724 3167
f 571 3167 2825
f 571 3113 3444
f 573 762 624
f 573 637 762
f 574 623 591
f 574 601 633
f 574 633 623
f 575 591 642
f 575 642 607
f 576 626 584
f 576 605 626
f 577 609 614
f 577 614 3418
f 578 616 599
f 578 612 616
f 579 3478 606
f 579 2786 634
f 579 634 3478
f 580 691 2449
f 580 716 2300
f 580 2449 716
f 581 608 582
f 581 586 628
f 581 3514 586
f 581 628 608
f 582 608 2348
f 583 585 629
f 583 618 604
f 583 629 618
f 584 626 603
f 585 610 629
f 586 595 631
f 586 3514 595
f 586 635 628
f 586 631 635
f 587 603 2994
f 587 654 2401
f 587 2994 654
f 588 593 627
f 588 3113 593
f 588 627 595
f 588 595 3588
f 589 647 610
f 590 3418 614
f 590 614 3508
f 590 3508 619
f 591 623 642
f 592 638 598
f 592 611 638
f 593 3562 627
f 593 2825 3562
f 594 621 612
f 594 649 621
f 594 3441 649
f 595 627 631
f 595 3514 3588
f 596 607 620
f 596 620 2973
f 597 599 625
f 597 640 609
f 597 625 640
f 598 638 3006
f 598 2859 2519
f 598 3006 2859
f 599 616 625
f 600 671 753
f 600 753 709
f 601 622 650
f 601 2348 622
f 601 650 633
f 602 617 765
f 602 768 687
f 602 765 768
f 603 626 658
f 603 658 2994
f 604 618 636
f 604 636 3441
f 605 644 626
f 605 2973 644
f 606 688 613
f 606 668 688
f 606 3478 668
f 607 639 620
f 607 642 639
f 608 628 622
f 608 622 2348
f 609 641 614
f 609 640 641
f 610 646 629
f 610 647 646
f 611 619 662
f 611 662 638
f 612 648 616
f 612 621 648
f 613 688 671
f 614 641 643
f 614 643 3508
f 615 733 672
f 615 672 3633
f 615 697 733
f 615 2300 697
f 615 2883 2300
f 615 3633 2883
f 616 656 625
f 616 648 656
f 617 720 776
f 617 2519 720
f 617 776 765
f 618 629 3585
f 618 683 636
f 618 677 683
f 618 3585 677
f 619 659 662
f 619 3508 659
f 620 639 661
f 620 661 645
f 620 645 2973
f 621 3614 648
f 621 649 657
f 621 657 3614
f 622 628 653
f 622 653 650
f 623 633 669
f 623 665 642
f 623 669 665
f 624 762 775
f 624 775 2703
f 625 667 640
f 625 656 667
f 626 644 660
f 626 676 658
f 626 660 676
f 627 681 631
f 627 651 681
f 627 3562 651
f 628 635 675
f 628 675 653
f 629 646 3585
f 630 692 778
f 630 778 785
f 630 785 788
f 631 686 635
f 631 681 686
f 632 2278 652
f 632 687 2278
f 633 650 669
f 634 652 754
f 634 747 655
f 634 655 3478
f 634 754 747
f 635 686 675
f 636 663 649
f 636 649 3441
f 636 683 663
f 637 2356 722
f 637 722 3655
f 637 3655 762
f 638 662 693
f 638 693 670
f 638 670 3006
f 639 642 661
f 640 666 641
f 640 667 666
f 641 3496 643
f 641 666 679
f 641 679 3496
f 642 673 661
f 642 665 673
f 643 3336 659
f 643 659 3508
f 643 3496 3336
f 644 645 660
f 644 2973 645
f 645 682 660
f 645 661 694
f 645 694 682
f 646 647 696
f 646 696 3585
f 647 717 696
f 647 771 717
f 647 788 771
f 648 678 656
f 648 3614 678
f 649 663 657
f 650 653 685
f 650 685 669
f 651 674 705
f 651 3562 674
f 651 705 681
f 652 2278 754
f 653 675 701
f 653 701 685
f 654 2479 2401
f 654 2409 2479
f 654 2668 2409
f 654 2867 2668
f 654 2994 2867
f 655 758 668
f 655 668 3478
f 655 747 758
f 656 690 667
f 656 678 3475
f 656 3475 690
f 657 663 3614
f 658 676 695
f 658 695 707
f 658 707 728
f 658 728 2994
f 659 684 662
f 659 3336 684
f 660 700 676
f 660 682 700
f 661 673 694
f 662 684 3161
f 662 3161 693
f 663 683 698
f 663 698 699
f 663 699 3614
f 664 718 3398
f 664 3440 718
f 664 722 2356
f 664 3398 722
f 665 669 689
f 665 689 673
f 666 667 3333
f 666 3333 679
f 667 690 3333
f 668 2475 688
f 668 758 755
f 668 755 2475
f 669 685 689
f 670 693 3233
f 670 2500 2859
f 670 3233 2500
f 670 2859 3006
f 671 688 2360
f 671 2360 753
f 672 3105 718
f 672 718 3440
f 672 733 3105
f 672 3440 3633
f 673 689 704
f 673 704 694
f 674 721 705
f 674 2394 721
f 674 3000 2394
f 674 2825 3000
f 674 3562 2825
f 675 686 702
f 675 702 701
f 676 700 695
f 677 712 683
f 677 696 712
f 677 3585 696
f 678 699 2277
f 678 3614 699
f 678 2277 3475
f 679 708 3496
f 679 3612 708
f 679 3333 3612
f 680 709 782
f 680 782 783
f 680 783 3652
f 680 3652 2384
f 681 706 686
f 681 705 706
f 682 694 711
f 682 711 700
f 683 712 698
f 684 3580 3161
f 684 3336 3580
f 685 701 689
f 686 706 702
f 687 768 2278
f 688 2475 2360
f 689 701 713
f 689 713 704
f 690 2277 703
f 690 703 3333
f 690 3475 2277
f 691 806 2449
f 691 3620 806
f 692 784 778
f 692 2703 784
f 693 3161 3599
f 693 3599 3233
f 694 704 719
f 694 719 711
f 695 700 729
f 695 729 707
f 696 724 712
f 696 717 724
f 697 716 2285
f 697 2300 716
f 697 2285 733
f 698 723 699
f 698 712 723
f 699 723 2277
f 700 711 731
f 700 731 729
f 701 702 715
f 701 715 713
f 702 706 725
f 702 726 715
f 702 725 726
f 703 2277 727
f 703 727 3274
f 703 3274 3612
f 703 3612 3333
f 704 713 719
f 705 725 706
f 705 721 734
f 705 734 725
f 707 737 728
f 707 729 737
f 708 732 714
f 708 714 3580
f 708 3274 732
f 708 3612 3274
f 708 3336 3496
f 708 3580 3336
f 709 753 782
f 710 714 738
f 710 3580 714
f 710 3146 730
f 710 730 3599
f 710 738 3146
f 710 3161 3580
f 710 3599 3161
f 711 719 731
f 712 735 723
f 712 724 735
f 713 715 739
f 713 739 719
f 714 732 738
f 715 726 739
f 716 810 807
f 716 807 2285
f 716 2449 810
f 717 757 724
f 717 769 757
f 717 771 769
f 718 3368 761
f 718 761 3398
f 718 3105 3368
f 719 3548 731
f 719 739 743
f 719 743 3548
f 720 794 776
f 720 2324 794
f 720 2859 2324
f 720 2519 2859
f 721 3457 734
f 721 2394 803
f 721 803 2731
f 721 2731 3457
f 722 761 3190
f 722 3398 761
f 722 3190 3655
f 723 735 742
f 723 742 3529
f 723 3529 2277
f 724 741 735
f 724 757 741
f 725 740 726
f 725 734 740
f 726 740 739
f 727 742 736
f 727 736 3274
f 727 3529 742
f 727 2277 3529
f 728 737 2758
f 728 2758 2574
f 728 2574 2867
f 728 2867 2994
f 729 731 746
f 729 746 737
f 730 3146 2577
f 730 2577 3233
f 730 3233 3599
f 731 3548 746
f 732 736 750
f 732 3274 736
f 732 750 738
f 733 2879 766
f 733 766 3105
f 733 2285 2879
f 734 745 740
f 734 2529 745
f 734 3457 2529
f 735 741 751
f 735 751 742
f 736 742 751
f 736 751 750
f 737 746 2987
f 737 760 2758
f 737 2987 760
f 738 750 756
f 738 756 3146
f 739 740 748
f 739 748 743
f 740 745 748
f 741 757 751
f 743 749 746
f 743 746 3548
f 743 748 749
f 744 816 794
f 744 794 2324
f 744 2370 816
f 744 2324 2500
f 744 2577 2370
f 744 2500 3233
f 744 3233 2577
f 745 749 748
f 745 752 749
f 745 2529 752
f 746 749 752
f 746 752 2987
f 747 754 2406
f 747 763 758
f 747 2406 763
f 750 751 756
f 751 3396 756
f 751 757 3396
f 752 791 760
f 752 760 2987
f 752 2529 791
f 753 770 800
f 753 2360 770
f 753 800 782
f 754 2278 777
f 754 777 2406
f 755 758 763
f 755 759 2475
f 755 2636 759
f 755 763 2636
f 756 2587 2934
f 756 3396 2587
f 756 2934 3146
f 757 769 3396
f 759 770 2475
f 759 2482 770
f 759 787 2482
f 759 2636 787
f 760 791 2504
f 760 2504 2758
f 761 3368 764
f 761 764 3381
f 761 779 3190
f 761 3381 779
f 762 772 3074
f 762 3655 772
f 762 3074 775
f 763 796 780
f 763 780 2636
f 763 781 796
f 763 2406 781
f 764 766 3025
f 764 3368 766
f 764 799 789
f 764 789 3381
f 764 3025 799
f 765 832 768
f 765 776 832
f 766 2879 3025
f 766 3368 3105
f 767 1502 1548
f 767 2687 1502
f 767 1548 2457
f 767 2457 2286
f 767 2286 2687
f 768 852 831
f 768 831 2278
f 768 832 852
f 769 771 2402
f 769 2402 2578
f 769 2578 2681
f 769 2681 2610
f 769 2610 3396
f 770 830 800
f 770 2482 830
f 770 2360 2475
f 771 788 2402
f 772 779 2890
f 772 3190 779
f 772 2890 3074
f 772 3655 3190
f 773 837 2599
f 773 3015 837
f 773 2758 2504
f 773 2504 3015
f 773 2599 2574
f 773 2574 2758
f 774 2979 2409
f 774 2409 3209
f 774 2508 2979
f 774 3344 2508
f 774 3209 3487
f 774 3487 3344
f 775 2335 2448
f 775 3074 2335
f 775 2448 2703
f 776 794 865
f 776 865 832
f 777 811 781
f 777 781 2406
f 777 868 811
f 777 827 868
f 777 2278 827
f 778 784 820
f 778 802 785
f 778 820 802
f 779 789 3223
f 779 3381 789
f 779 2655 2890
f 779 3223 2655
f 780 808 787
f 780 787 2636
f 780 796 808
f 781 805 796
f 781 811 805
f 782 824 783
f 782 800 824
f 783 824 835
f 783 835 836
f 783 836 3652
f 784 2557 820
f 784 2703 2430
f 784 2430 2820
f 784 2484 2557
f 784 2820 2484
f 785 801 788
f 785 802 801
f 786 2310 2442
f 786 2493 2310
f 786 2315 2358
f 786 2442 2315
f 786 2358 2323
f 786 2323 2493
f 787 808 818
f 787 818 2482
f 788 801 817
f 788 817 2402
f 789 799 822
f 789 822 3223
f 790 795 813
f 790 2979 795
f 790 823 806
f 790 806 3620
f 790 813 823
f 790 3620 2979
f 791 803 2341
f 791 2731 803
f 791 2341 2440
f 791 2440 2504
f 791 2529 2731
f 792 2544 2968
f 792 3507 2544
f 792 2860 2599
f 792 2599 3507
f 792 2968 2860
f 793 838 799
f 793 799 3025
f 793 812 853
f 793 2879 812
f 793 853 838
f 793 3025 2879
f 794 816 856
f 794 856 865
f 795 2844 813
f 795 2979 2508
f 795 2508 3667
f 795 3277 2844
f 795 3667 3277
f 796 805 809
f 796 809 808
f 797 2661 1791
f 797 1791 2850
f 797 1898 2633
f 797 2688 1898
f 797 2445 2688
f 797 2850 2445
f 797 2633 2661
f 798 2325 2329
f 798 2331 2325
f 798 2329 2338
f 798 2354 2331
f 798 2338 2340
f 798 2340 2354
f 799 838 822
f 800 863 824
f 800 830 863
f 801 802 815
f 801 815 817
f 802 819 815
f 802 828 819
f 802 820 828
f 803 836 869
f 803 3652 836
f 803 869 2341
f 803 2394 3652
f 804 826 2844
f 804 2981 826
f 804 2563 2478
f 804 2478 2981
f 804 3277 2563
f 804 2844 3277
f 805 833 809
f 805 811 839
f 805 839 833
f 806 890 810
f 806 810 2449
f 806 823 2426
f 806 2426 890
f 807 810 969
f 807 926 812
f 807 812 2285
f 807 969 926
f 808 809 834
f 808 843 818
f 808 834 843
f 809 833 834
f 810 890 1015
f 810 1015 969
f 811 868 839
f 812 921 853
f 812 926 921
f 812 2879 2285
f 813 841 823
f 813 2844 826
f 813 826 3490
f 813 848 841
f 813 3490 848
f 814 842 2288
f 814 2835 842
f 814 2288 871
f 814 871 2303
f 814 2303 2335
f 814 2335 3074
f 814 2890 2835
f 814 3074 2890
f 815 829 817
f 815 819 850
f 815 864 829
f 815 850 864
f 816 2370 821
f 816 821 2540
f 816 954 856
f 816 2540 954
f 817 829 860
f 817 860 847
f 817 847 2578
f 817 2578 2402
f 818 843 873
f 818 873 857
f 818 857 2482
f 819 828 844
f 819 844 850
f 820 859 828
f 820 876 859
f 820 3629 876
f 820 2557 3629
f 821 2370 2587
f 821 2418 2567
f 821 2681 2418
f 821 2567 2540
f 821 2587 2610
f 821 2610 2681
f 822 849 825
f 822 825 3223
f 822 838 855
f 822 855 849
f 823 841 845
f 823 845 2426
f 824 910 835
f 824 863 955
f 824 955 910
f 825 849 840
f 825 840 2655
f 825 2655 3223
f 826 2981 3097
f 826 3097 3582
f 826 3582 3490
f 827 831 900
f 827 2278 831
f 827 900 868
f 828 859 844
f 829 875 860
f 829 864 883
f 829 883 875
f 830 857 882
f 830 2482 857
f 830 882 863
f 831 852 919
f 831 919 900
f 832 975 852
f 832 865 975
f 833 851 834
f 833 839 866
f 833 884 851
f 833 866 884
f 834 851 843
f 835 903 836
f 835 933 903
f 835 910 933
f 836 903 869
f 837 3047 846
f 837 846 3097
f 837 2450 2599
f 837 2981 2450
f 837 3097 2981
f 837 3015 3047
f 838 853 854
f 838 854 855
f 839 880 866
f 839 868 880
f 840 889 842
f 840 842 2835
f 840 849 858
f 840 858 889
f 840 2835 2655
f 841 877 845
f 841 848 3416
f 841 3173 877
f 841 879 3173
f 841 3416 879
f 842 889 2288
f 843 851 887
f 843 901 873
f 843 887 901
f 844 905 850
f 844 859 905
f 845 877 893
f 845 893 895
f 845 895 2426
f 846 861 867
f 846 3047 861
f 846 867 3666
f 846 3666 3097
f 847 860 2717
f 847 2764 2578
f 847 2717 2764
f 848 3594 3416
f 848 3490 3668
f 848 3668 3594
f 849 855 881
f 849 3081 858
f 849 881 3081
f 850 892 864
f 850 905 892
f 851 884 935
f 851 935 887
f 852 991 919
f 852 975 991
f 853 917 854
f 853 927 917
f 853 921 927
f 854 881 855
f 854 3158 881
f 854 917 3158
f 856 948 865
f 856 954 948
f 857 873 940
f 857 940 882
f 858 904 889
f 858 3081 904
f 859 876 922
f 859 898 905
f 859 922 898
f 860 875 894
f 860 894 888
f 860 888 2717
f 861 896 867
f 861 906 896
f 861 3412 906
f 861 3047 3412
f 862 2297 2306
f 862 2484 2297
f 862 2318 2299
f 862 2299 2424
f 862 2306 2318
f 862 2424 2484
f 863 882 2283
f 863 2283 955
f 864 2796 883
f 864 892 2796
f 865 948 1062
f 865 1062 975
f 866 880 938
f 866 3654 884
f 866 938 968
f 866 968 3654
f 867 891 874
f 867 874 3666
f 867 896 891
f 868 907 880
f 868 900 907
f 869 903 1103
f 869 1103 1025
f 869 1025 2380
f 869 2380 2341
f 870 886 2466
f 870 2764 886
f 870 997 2377
f 870 2466 997
f 870 2377 2567
f 870 2567 2418
f 870 2418 2764
f 871 2288 2353
f 871 2299 2318
f 871 2353 2299
f 871 2318 2303
f 872 897 3231
f 872 3606 897
f 872 3231 3348
f 872 3348 3416
f 872 3416 3594
f 872 3594 3665
f 872 3665 3606
f 873 901 979
f 873 979 940
f 874 3249 878
f 874 878 3666
f 874 891 3249
f 875 883 908
f 875 908 894
f 876 959 922
f 876 1045 959
f 876 3629 1045
f 877 3220 893
f 877 3173 3220
f 878 3249 3606
f 878 3606 3665
f 878 3665 3666
f 879 913 3173
f 879 3273 913
f 879 3348 3273
f 879 3416 3348
f 880 907 938
f 881 945 929
f 881 929 3081
f 881 934 945
f 881 3158 934
f 882 940 2283
f 883 2905 908
f 883 2796 2905
f 884 950 935
f 884 3654 950
f 885 2403 902
f 885 902 3412
f 885 2359 2403
f 885 3015 2359
f 885 3047 3015
f 885 3412 3047
f 886 2717 888
f 886 888 3429
f 886 961 2466
f 886 3429 961
f 886 2764 2717
f 887 967 901
f 887 935 2391
f 887 2391 967
f 888 894 916
f 888 916 3558
f 888 3558 3429
f 889 904 3179
f 889 984 2288
f 889 3179 984
f 890 2426 895
f 890 895 2918
f 890 2583 1015
f 890 2910 2583
f 890 2918 2910
f 891 896 909
f 891 909 918
f 891 918 911
f 891 911 3249
f 892 905 957
f 892 957 994
f 892 994 974
f 892 974 3638
f 892 3638 2796
f 893 928 895
f 893 2954 928
f 893 3220 2954
f 894 908 899
f 894 899 916
f 895 928 2918
f 896 906 920
f 896 914 909
f 896 920 914
f 897 3564 3231
f 897 3249 3279
f 897 3606 3249
f 897 3279 3564
f 898 923 905
f 898 922 923
f 899 908 915
f 899 915 916
f 900 1076 907
f 900 919 1076
f 901 967 985
f 901 985 979
f 902 906 3412
f 902 3501 906
f 902 3224 951
f 902 951 3501
f 902 2403 3224
f 903 933 981
f 903 981 1115
f 903 1115 1103
f 904 929 2863
f 904 3081 929
f 904 2863 1006
f 904 1006 3179
f 905 923 957
f 906 3501 920
f 907 1063 938
f 907 1076 1063
f 908 924 915
f 908 2905 924
f 909 914 932
f 909 932 918
f 910 1055 933
f 910 955 1055
f 911 918 3468
f 911 3279 3249
f 911 3479 3279
f 911 3468 3477
f 911 3477 3479
f 912 913 977
f 912 3173 913
f 912 977 960
f 912 960 2954
f 912 2954 3220
f 912 3220 3173
f 913 3071 977
f 913 3273 3071
f 914 920 930
f 914 930 932
f 915 937 916
f 915 924 3267
f 915 947 937
f 915 3267 947
f 916 937 946
f 916 946 3558
f 917 927 2565
f 917 2734 934
f 917 934 3158
f 917 2565 2734
f 918 932 939
f 918 939 936
f 918 936 3468
f 919 991 1125
f 919 1125 1076
f 920 944 930
f 920 3501 944
f 921 926 1002
f 921 2565 927
f 921 1002 2565
f 922 943 923
f 922 963 943
f 922 959 963
f 923 943 949
f 923 949 957
f 924 972 941
f 924 941 3267
f 924 965 972
f 924 2905 965
f 925 3152 931
f 925 931 3479
f 925 1018 3152
f 925 3263 1018
f 925 2931 3263
f 925 3477 2931
f 925 3479 3477
f 926 969 1139
f 926 1139 1002
f 928 3555 2918
f 928 2954 3192
f 928 3192 3555
f 929 945 1014
f 929 1014 3354
f 929 3354 2863
f 930 942 932
f 930 953 942
f 930 944 953
f 931 3152 3140
f 931 3140 3239
f 931 3239 3231
f 931 3231 3564
f 931 3564 3479
f 932 956 939
f 932 942 956
f 933 1164 981
f 933 1055 1164
f 934 1010 945
f 934 2734 1010
f 935 950 1017
f 935 1017 2391
f 936 939 971
f 936 971 2931
f 936 2931 3468
f 937 958 946
f 937 947 958
f 938 1069 968
f 938 1063 1069
f 939 956 983
f 939 983 971
f 940 979 1064
f 940 1064 1003
f 940 1003 2283
f 941 962 947
f 941 947 3267
f 941 987 962
f 941 972 987
f 942 953 989
f 942 989 956
f 943 978 949
f 943 963 966
f 943 966 978
f 944 951 952
f 944 3501 951
f 944 952 953
f 945 1010 1014
f 946 958 980
f 946 980 961
f 946 961 3429
f 946 3429 3558
f 947 3176 958
f 947 962 3176
f 948 954 1150
f 948 1221 1062
f 948 1150 1221
f 949 1000 957
f 949 978 1000
f 950 1060 1017
f 950 1087 1060
f 950 3654 1087
f 951 3443 952
f 951 3224 3203
f 951 3203 3443
f 952 982 953
f 952 992 982
f 952 3443 992
f 953 982 3011
f 953 3011 989
f 954 2540 1083
f 954 1083 2840
f 954 2840 1150
f 955 1027 1055
f 955 2283 1027
f 956 2321 983
f 956 989 2321
f 957 3165 994
f 957 1000 3165
f 958 3603 980
f 958 3176 2770
f 958 2770 3603
f 959 2997 963
f 959 1045 2499
f 959 2499 2997
f 960 977 3577
f 960 990 3192
f 960 3577 990
f 960 3192 2954
f 961 980 1029
f 961 997 2466
f 961 2518 997
f 961 1029 2518
f 962 987 993
f 962 993 998
f 962 998 3176
f 963 1001 966
f 963 3294 1001
f 963 2997 3294
f 964 1089 988
f 964 988 3224
f 964 2556 1089
f 964 2403 2359
f 964 2359 2440
f 964 2380 2390
f 964 2440 2380
f 964 2390 2556
f 964 3224 2403
f 965 2865 972
f 965 1013 2865
f 965 3638 1013
f 965 2905 3638
f 966 995 978
f 966 1001 995
f 967 1107 985
f 967 2391 1038
f 967 1038 2601
f 967 2601 1107
f 968 1069 2355
f 968 2355 1087
f 968 1087 3654
f 969 1015 1144
f 969 1144 1139
f 970 3028 3071
f 970 3374 3028
f 970 3071 3273
f 970 3273 3140
f 970 3140 3415
f 970 3563 3374
f 970 3415 3563
f 971 983 1012
f 971 1012 1035
f 971 1035 3263
f 971 3263 2931
f 972 2748 987
f 972 2865 2748
f 973 976 1009
f 973 3555 976
f 973 1009 2910
f 973 2910 2918
f 973 2918 3555
f 974 994 1111
f 974 1147 1013
f 974 1013 3638
f 974 1111 1147
f 975 1152 991
f 975 1062 1152
f 976 986 1007
f 976 3555 986
f 976 1007 1019
f 976 1019 1009
f 977 3007 1011
f 977 1011 3577
f 977 3028 3007
f 977 3071 3028
f 978 995 1022
f 978 1034 1000
f 978 1022 1034
f 979 985 3661
f 979 3661 1064
f 980 999 3566
f 980 3603 999
f 980 3566 1029
f 981 1214 1115
f 981 1164 1214
f 982 992 1032
f 982 1032 2756
f 982 2756 3011
f 983 3379 1012
f 983 2321 3379
f 984 1006 1058
f 984 3179 1006
f 984 1058 1008
f 984 1008 2288
f 985 1107 1128
f 985 1128 3661
f 986 990 996
f 986 3555 990
f 986 996 1007
f 987 1021 993
f 987 2748 1021
f 988 1073 1004
f 988 1004 3203
f 988 1089 1073
f 988 3203 3224
f 989 2803 2321
f 989 2754 2803
f 989 3011 2754
f 990 2826 996
f 990 1011 2826
f 990 3577 1011
f 990 3555 3192
f 991 1152 1125
f 992 1004 1024
f 992 3443 1004
f 992 1024 1032
f 993 1039 998
f 993 1021 2696
f 993 2696 1039
f 994 1030 2725
f 994 3165 1030
f 994 2725 1111
f 995 1001 1022
f 996 3315 1007
f 996 2826 3261
f 996 3261 3315
f 997 2368 1117
f 997 1117 3039
f 997 2518 2368
f 997 3039 2377
f 998 1039 1040
f 998 1040 2770
f 998 2770 3176
f 999 1059 1020
f 999 1020 3566
f 999 2770 1059
f 999 3603 2770
f 1000 1031 1030
f 1000 1030 3165
f 1000 1034 1031
f 1001 1016 1028
f 1001 3294 1016
f 1001 1046 1022
f 1001 1028 1046
f 1002 1105 2565
f 1002 2805 1105
f 1002 1139 2805
f 1003 1238 1027
f 1003 1027 2283
f 1003 1064 1123
f 1003 1123 1238
f 1004 1041 1024
f 1004 1073 1041
f 1004 3443 3203
f 1005 1551 1578
f 1005 3129 1551
f 1005 1578 2281
f 1005 2281 2630
f 1005 2590 2437
f 1005 2437 3129
f 1005 2630 2590
f 1006 2868 1058
f 1006 2863 2848
f 1006 2848 2868
f 1007 1036 1019
f 1007 3315 1036
f 1008 1058 1161
f 1008 1161 1082
f 1008 1082 2353
f 1008 2353 2288
f 1009 1019 2982
f 1009 1086 2583
f 1009 2821 1086
f 1009 2583 2910
f 1009 2982 2821
f 1010 1066 1014
f 1010 1049 1066
f 1010 2814 1049
f 1010 2734 2814
f 1011 3007 2824
f 1011 2824 3495
f 1011 3495 2826
f 1012 2802 1035
f 1012 3379 1061
f 1012 1061 3442
f 1012 3442 2802
f 1013 1147 1127
f 1013 1127 2865
f 1014 1066 1037
f 1014 1037 3354
f 1015 1235 1144
f 1015 1172 1235
f 1015 2583 1172
f 1016 1042 1028
f 1016 3079 1042
f 1016 2997 2499
f 1016 2499 3079
f 1016 3294 2997
f 1017 1074 1038
f 1017 1038 2391
f 1017 1060 1074
f 1018 3095 1026
f 1018 1026 3152
f 1018 2619 3095
f 1018 3263 2619
f 1019 1036 2982
f 1020 1072 1029
f 1020 1029 3566
f 1020 1059 1043
f 1020 1043 1072
f 1021 1050 2696
f 1021 2768 1050
f 1021 2748 1054
f 1021 1054 2768
f 1022 1085 1034
f 1022 1046 3091
f 1022 3091 1085
f 1023 1065 1047
f 1023 1047 3237
f 1023 3067 1065
f 1023 2754 2657
f 1023 2657 3067
f 1023 2803 2754
f 1023 3237 2803
f 1024 1075 1032
f 1024 1041 1044
f 1024 1044 1075
f 1025 1103 1246
f 1025 1246 2924
f 1025 2390 2380
f 1025 2783 2390
f 1025 2924 2783
f 1026 3095 3163
f 1026 3591 3152
f 1026 3163 3415
f 1026 3415 3591
f 1027 1181 1055
f 1027 1238 1181
f 1028 1042 1046
f 1029 1072 1133
f 1029 1133 2368
f 1029 2368 2518
f 1030 1031 1067
f 1030 1067 1102
f 1030 1102 2725
f 1031 1034 1067
f 1032 1075 2692
f 1032 2692 2756
f 1033 3354 1037
f 1033 1037 3499
f 1033 2848 2863
f 1033 3156 2848
f 1033 2863 3354
f 1033 3151 3156
f 1033 3499 3151
f 1034 1079 1067
f 1034 1085 1079
f 1035 1191 2619
f 1035 2802 1191
f 1035 2619 3263
f 1036 1048 1057
f 1036 3003 1048
f 1036 1052 3003
f 1036 3315 1052
f 1036 1057 2982
f 1037 1066 1093
f 1037 1093 3499
f 1038 1074 1098
f 1038 1098 2601
f 1039 1189 1040
f 1039 1050 1080
f 1039 2696 1050
f 1039 1080 1189
f 1040 1059 2770
f 1040 3288 1059
f 1040 1189 3288
f 1041 2984 1044
f 1041 1073 2984
f 1042 1053 1046
f 1042 1097 1053
f 1042 3079 1097
f 1043 1053 1072
f 1043 1091 1053
f 1043 1059 1091
f 1044 1051 1075
f 1044 2984 1051
f 1045 1082 3111
f 1045 3629 1082
f 1045 1282 2855
f 1045 3111 1282
f 1045 2855 2499
f 1046 1053 1068
f 1046 1068 1090
f 1046 1090 3091
f 1047 3008 1061
f 1047 1061 3237
f 1047 1065 3521
f 1047 3521 3008
f 1048 1051 1109
f 1048 2743 1051
f 1048 1109 1057
f 1048 3003 2743
f 1049 1081 1066
f 1049 1095 1081
f 1049 2814 1095
f 1050 2653 1080
f 1050 2768 2653
f 1051 2743 1075
f 1051 2984 1109
f 1052 1070 1110
f 1052 3261 1070
f 1052 1110 3003
f 1052 3315 3261
f 1053 1091 1068
f 1053 1097 1072
f 1054 1071 2308
f 1054 2865 1071
f 1054 2308 2768
f 1054 2748 2865
f 1055 1181 1164
f 1056 2308 1096
f 1056 1096 2343
f 1056 2768 2308
f 1056 2343 2337
f 1056 2337 2653
f 1056 2653 2768
f 1057 1109 1121
f 1057 1121 2821
f 1057 2821 2982
f 1058 2468 1161
f 1058 2545 2468
f 1058 2868 2545
f 1059 3288 1091
f 1060 1092 1074
f 1060 1087 1092
f 1061 3008 3442
f 1061 3379 3237
f 1062 1212 1152
f 1062 1221 1212
f 1063 1143 1069
f 1063 1076 1204
f 1063 1204 1143
f 1064 3661 1123
f 1065 1078 1088
f 1065 3067 1078
f 1065 1088 3521
f 1066 1081 1106
f 1066 1106 1093
f 1067 1079 1126
f 1067 1126 1102
f 1068 3320 1090
f 1068 1091 1137
f 1068 1137 3320
f 1069 1143 2355
f 1070 1077 2778
f 1070 2826 1077
f 1070 2778 1110
f 1070 3261 2826
f 1071 1127 2396
f 1071 2865 1127
f 1071 2314 2308
f 1071 2708 2314
f 1071 2396 2708
f 1072 1097 1133
f 1073 1089 2395
f 1073 2395 1177
f 1073 1177 2559
f 1073 2559 2984
f 1074 1092 1122
f 1074 1122 1098
f 1075 3106 2692
f 1075 2743 3106
f 1076 1125 1210
f 1076 1236 1204
f 1076 1210 1236
f 1077 1140 1148
f 1077 3147 1140
f 1077 1148 1149
f 1077 1149 2778
f 1077 2826 3495
f 1077 3495 3147
f 1078 1116 1088
f 1078 1099 1116
f 1078 3067 1099
f 1079 1085 1104
f 1079 1104 1129
f 1079 1129 1126
f 1080 2398 1189
f 1080 2311 2584
f 1080 2653 2311
f 1080 2584 2398
f 1081 1095 1100
f 1081 1100 1106
f 1082 1161 3111
f 1082 3629 2353
f 1083 1117 2511
f 1083 3039 1117
f 1083 2511 1274
f 1083 1274 2840
f 1083 2540 2567
f 1083 2567 3039
f 1084 3095 1186
f 1084 1186 3168
f 1084 2641 2995
f 1084 3029 2641
f 1084 2995 3234
f 1084 3168 3029
f 1084 3234 3095
f 1085 3091 1104
f 1086 2357 1172
f 1086 1172 2583
f 1086 2821 2357
f 1087 2602 1092
f 1087 2355 1132
f 1087 1132 2602
f 1088 1116 1135
f 1088 1135 3627
f 1088 3008 3521
f 1088 3627 3008
f 1089 1207 2361
f 1089 2556 1207
f 1089 2361 2829
f 1089 2829 2395
f 1090 1104 3091
f 1090 3312 1104
f 1090 3320 3312
f 1091 2897 1137
f 1091 3288 2897
f 1092 1168 1122
f 1092 2602 1168
f 1093 1106 1101
f 1093 1101 3499
f 1094 1131 2988
f 1094 3198 1131
f 1094 2988 2802
f 1094 2802 3442
f 1094 3442 3008
f 1094 3008 3627
f 1094 3627 3198
f 1095 3347 1100
f 1095 2814 2818
f 1095 2818 3139
f 1095 3139 3347
f 1096 2342 1119
f 1096 1119 2343
f 1096 2308 2314
f 1096 2314 2708
f 1096 2708 2342
f 1097 1226 1133
f 1097 2811 1226
f 1097 2810 2811
f 1097 3079 2810
f 1098 1122 3619
f 1098 1138 2601
f 1098 3619 1138
f 1099 3329 1116
f 1099 2657 1134
f 1099 1134 3329
f 1099 3067 2657
f 1100 1118 1106
f 1100 3347 1118
f 1101 1106 1120
f 1101 1120 2906
f 1101 2906 3151
f 1101 3151 3499
f 1102 1111 2725
f 1102 3063 1111
f 1102 1126 2841
f 1102 2841 3063
f 1103 1115 1246
f 1104 3349 1129
f 1104 3312 3349
f 1105 1114 2818
f 1105 3489 1114
f 1105 2818 2565
f 1105 2805 2674
f 1105 2674 3489
f 1106 1118 3448
f 1106 3448 1120
f 1107 2549 1128
f 1107 1138 2549
f 1107 2601 1138
f 1108 1145 1112
f 1108 1112 2343
f 1108 1119 1136
f 1108 2343 1119
f 1108 1136 1145
f 1109 2559 1121
f 1109 2984 2559
f 1110 1149 1202
f 1110 2778 1149
f 1110 1202 2612
f 1110 2612 3003
f 1111 3083 1147
f 1111 1231 2697
f 1111 3649 1231
f 1111 2697 2949
f 1111 2949 3083
f 1111 3063 3649
f 1112 1145 2584
f 1112 2311 2337
f 1112 2584 2311
f 1112 2337 2343
f 1113 2499 2855
f 1113 3079 2499
f 1113 2811 2810
f 1113 2810 3079
f 1113 2866 2811
f 1113 2855 2866
f 1114 1154 1169
f 1114 3489 1154
f 1114 1169 2582
f 1114 2582 2978
f 1114 3139 2818
f 1114 2978 3139
f 1115 1214 1414
f 1115 1414 1246
f 1116 1153 1135
f 1116 3329 1153
f 1117 2368 2369
f 1117 2369 2511
f 1118 3030 3319
f 1118 3347 3030
f 1118 3319 3448
f 1119 1130 1142
f 1119 2342 1130
f 1119 1142 1136
f 1120 1155 2906
f 1120 3462 1155
f 1120 3448 3462
f 1121 1316 2357
f 1121 2555 1316
f 1121 2357 2821
f 1121 2559 2555
f 1122 1168 2464
f 1122 2464 3619
f 1123 1222 1275
f 1123 3661 1222
f 1123 1275 1238
f 1124 3151 3109
f 1124 3109 3518
f 1124 3156 3151
f 1124 3547 3156
f 1124 3518 3547
f 1125 1152 1315
f 1125 1315 1210
f 1126 1129 2841
f 1127 1147 2690
f 1127 1228 2396
f 1127 2690 1228
f 1128 2389 1222
f 1128 1222 3661
f 1128 2549 2389
f 1129 3349 1173
f 1129 1173 3605
f 1129 3605 2841
f 1130 1190 1142
f 1130 1200 1190
f 1130 1228 1200
f 1130 2396 1228
f 1130 2342 2708
f 1130 2708 2396
f 1131 1159 1224
f 1131 3198 1159
f 1131 1224 2608
f 1131 2608 2986
f 1131 2986 2977
f 1131 2977 2988
f 1132 2355 1232
f 1132 1232 2497
f 1132 2497 1234
f 1132 1234 2602
f 1133 1226 2953
f 1133 2369 2368
f 1133 2553 2369
f 1133 2953 2553
f 1134 1263 2429
f 1134 2739 1263
f 1134 2429 2779
f 1134 2657 2756
f 1134 2756 2739
f 1134 2779 3329
f 1135 1163 1146
f 1135 1146 3228
f 1135 1153 1163
f 1135 3228 3627
f 1136 1142 1175
f 1136 1175 1145
f 1137 1183 3320
f 1137 3520 1183
f 1137 1254 1216
f 1137 1216 3520
f 1137 2897 1254
f 1138 1193 1227
f 1138 3619 1193
f 1138 1227 2549
f 1139 1144 2542
f 1139 2542 2805
f 1140 1185 1148
f 1140 1160 1185
f 1140 2641 1160
f 1140 3147 2641
f 1141 1158 1151
f 1141 1151 3604
f 1141 3518 1158
f 1141 3547 3518
f 1141 3604 3547
f 1142 1182 1175
f 1142 1190 1182
f 1143 1204 2412
f 1143 2412 2355
f 1144 1235 1410
f 1144 1410 1257
f 1144 1257 2542
f 1145 1206 1157
f 1145 1157 2584
f 1145 1175 1206
f 1146 1159 3198
f 1146 3402 1159
f 1146 1163 3402
f 1146 3198 3228
f 1147 1249 2690
f 1147 3083 1249
f 1148 1184 1149
f 1148 1188 1184
f 1148 1185 1188
f 1149 1184 1202
f 1150 1299 1221
f 1150 2840 1299
f 1151 1158 1166
f 1151 1166 1171
f 1151 1171 3604
f 1152 1212 1433
f 1152 1433 1315
f 1153 3395 1163
f 1153 2779 3088
f 1153 3329 2779
f 1153 3088 3219
f 1153 3219 3395
f 1154 1156 1167
f 1154 3489 1156
f 1154 1167 1169
f 1155 1201 2813
f 1155 3462 1201
f 1155 2813 1245
f 1155 1245 3013
f 1155 3151 2906
f 1155 3013 3109
f 1155 3109 3151
f 1156 1179 1167
f 1156 2674 1170
f 1156 1170 3318
f 1156 3318 1179
f 1156 3489 2674
f 1157 1206 1262
f 1157 1262 1255
f 1157 1255 2398
f 1157 2398 2584
f 1158 1162 1192
f 1158 3518 1162
f 1158 1192 1166
f 1159 2593 1224
f 1159 3402 2593
f 1160 1195 1185
f 1160 3168 1195
f 1160 2641 3029
f 1160 3029 3168
f 1161 1313 1310
f 1161 1310 3111
f 1161 2468 1313
f 1162 1230 1192
f 1162 3013 1230
f 1162 3518 3013
f 1163 1209 3016
f 1163 3395 1209
f 1163 3016 3282
f 1163 3282 3402
f 1164 1181 1268
f 1164 1268 1214
f 1165 1196 3319
f 1165 3615 1196
f 1165 3319 3030
f 1165 3030 3450
f 1165 3450 3615
f 1166 1178 1171
f 1166 1174 1178
f 1166 1192 1174
f 1167 3523 1169
f 1167 1179 1174
f 1167 1174 1198
f 1167 1198 3523
f 1168 2602 1234
f 1168 1234 3175
f 1168 3123 2464
f 1168 3175 3123
f 1169 3053 2582
f 1169 3523 3053
f 1170 1257 2431
f 1170 2542 1257
f 1170 2431 2654
f 1170 2805 2542
f 1170 2654 3318
f 1170 2674 2805
f 1171 1178 3428
f 1171 1253 2917
f 1171 3428 1253
f 1171 2917 3604
f 1172 3657 1235
f 1172 2357 1316
f 1172 1316 2492
f 1172 2492 1449
f 1172 1449 3657
f 1173 1199 1176
f 1173 1176 3605
f 1173 1187 1199
f 1173 3155 1187
f 1173 3349 3155
f 1174 1179 1178
f 1174 1192 1198
f 1175 1182 1211
f 1175 1211 1206
f 1176 1199 1218
f 1176 1218 3649
f 1176 3063 3605
f 1176 3649 3063
f 1177 1427 2555
f 1177 2621 1427
f 1177 2395 2621
f 1177 2555 2559
f 1178 1179 3352
f 1178 3352 3428
f 1179 3318 2654
f 1179 2654 3405
f 1179 3405 3352
f 1180 3319 1196
f 1180 1196 3492
f 1180 1201 3462
f 1180 3492 1201
f 1180 3448 3319
f 1180 3462 3448
f 1181 1238 1355
f 1181 1355 1268
f 1182 1190 1229
f 1182 1229 1211
f 1183 1208 1187
f 1183 1187 3613
f 1183 3520 1208
f 1183 3312 3320
f 1183 3613 3312
f 1184 1188 2489
f 1184 1197 2474
f 1184 2489 1197
f 1184 2474 1202
f 1185 1205 1188
f 1185 1195 1205
f 1186 2718 1247
f 1186 1247 3168
f 1186 2619 2718
f 1186 3095 2619
f 1187 1208 1199
f 1187 3155 3613
f 1188 1205 2489
f 1189 2882 1264
f 1189 1264 2940
f 1189 2398 2882
f 1189 2940 3288
f 1190 1200 2847
f 1190 1323 1229
f 1190 2847 1323
f 1191 2977 1258
f 1191 1258 3226
f 1191 2718 2619
f 1191 3226 2718
f 1191 2802 2988
f 1191 2988 2977
f 1192 1230 1198
f 1193 3121 1227
f 1193 2464 3123
f 1193 3619 2464
f 1193 3123 3121
f 1194 1282 2454
f 1194 2855 1282
f 1194 2454 1412
f 1194 1412 2515
f 1194 2515 3212
f 1194 3212 2855
f 1195 2503 1205
f 1195 1243 1242
f 1195 1242 2503
f 1195 1244 1243
f 1195 3168 1244
f 1196 1213 3610
f 1196 3615 1213
f 1196 3610 3492
f 1197 1215 1239
f 1197 2489 1215
f 1197 1239 2474
f 1198 3439 1219
f 1198 1219 3523
f 1198 1230 3439
f 1199 1208 1220
f 1199 1220 1218
f 1200 1228 1301
f 1200 1301 3378
f 1200 3378 2847
f 1201 1252 2902
f 1201 3492 1252
f 1201 2902 2813
f 1202 2474 2682
f 1202 2506 2612
f 1202 2682 2506
f 1203 1261 1265
f 1203 2831 1261
f 1203 1265 2692
f 1203 2506 2682
f 1203 3106 2506
f 1203 2682 2831
f 1203 2692 3106
f 1204 1236 2412
f 1205 1215 2489
f 1205 2503 1215
f 1206 1211 1240
f 1206 1240 1267
f 1206 1267 1262
f 1207 2924 2361
f 1207 2556 2783
f 1207 2783 2924
f 1208 1216 1237
f 1208 3520 1216
f 1208 1237 1220
f 1209 3219 1217
f 1209 1217 3305
f 1209 3350 3016
f 1209 3395 3219
f 1209 3305 3350
f 1210 1347 1236
f 1210 1315 1347
f 1211 1229 1240
f 1212 1221 1435
f 1212 1435 1433
f 1213 3124 2939
f 1213 2939 3610
f 1213 3351 3124
f 1213 3450 3351
f 1213 3615 3450
f 1214 1268 1441
f 1214 1441 1414
f 1215 2502 1239
f 1215 2503 2502
f 1216 3609 1237
f 1216 1254 1271
f 1216 1271 3609
f 1217 3088 2780
f 1217 2780 3285
f 1217 3219 3088
f 1217 3285 3305
f 1218 1220 1241
f 1218 1250 1231
f 1218 1231 3649
f 1218 1241 1250
f 1219 1225 3053
f 1219 3276 1225
f 1219 3053 3523
f 1219 3607 3276
f 1219 3439 3607
f 1220 1237 1241
f 1221 1299 2379
f 1221 2379 1435
f 1222 2607 1275
f 1222 2389 2469
f 1222 2469 2607
f 1223 1248 1307
f 1223 3016 1248
f 1223 1312 1295
f 1223 1295 2593
f 1223 1307 1312
f 1223 2593 3402
f 1223 3282 3016
f 1223 3402 3282
f 1224 1335 2608
f 1224 2683 1335
f 1224 2593 2683
f 1225 2978 2582
f 1225 2582 3053
f 1225 3276 2956
f 1225 2956 3351
f 1225 3351 2978
f 1226 1412 1407
f 1226 1407 2953
f 1226 2515 1412
f 1226 2811 2515
f 1227 2760 2549
f 1227 2749 2760
f 1227 3121 2749
f 1228 3110 1301
f 1228 2690 3110
f 1229 1324 1240
f 1229 1323 1324
f 1230 3013 1245
f 1230 1245 3248
f 1230 3248 1278
f 1230 1278 3439
f 1231 1250 1270
f 1231 1270 3511
f 1231 3511 2697
f 1232 2412 1330
f 1232 1330 2629
f 1232 2355 2412
f 1232 2573 2497
f 1232 2629 2573
f 1233 1239 1266
f 1233 2474 1239
f 1233 1266 1261
f 1233 1261 2831
f 1233 2682 2474
f 1233 2831 2682
f 1234 2773 2416
f 1234 2416 3035
f 1234 2497 2773
f 1234 3035 3175
f 1235 3657 1410
f 1236 1424 1330
f 1236 1330 2412
f 1236 1347 1424
f 1237 1260 1241
f 1237 3609 1260
f 1238 1275 1458
f 1238 1458 1355
f 1239 1269 1266
f 1239 2502 1269
f 1240 1283 1267
f 1240 1324 1283
f 1241 1270 1250
f 1241 1260 1284
f 1241 1284 1270
f 1242 1243 1259
f 1242 1259 1269
f 1242 1269 2502
f 1242 2502 2503
f 1243 1244 1259
f 1244 1247 1277
f 1244 3168 1247
f 1244 1285 1259
f 1244 1277 1285
f 1245 2813 2852
f 1245 2852 3248
f 1246 1471 1359
f 1246 1359 2924
f 1246 1414 1471
f 1247 1276 1277
f 1247 3226 1276
f 1247 2718 3226
f 1248 1311 1307
f 1248 3350 1311
f 1248 3016 3350
f 1249 1294 3110
f 1249 3251 1294
f 1249 3110 2690
f 1249 3083 3238
f 1249 3238 3251
f 1251 3362 1253
f 1251 1253 3428
f 1251 3352 3046
f 1251 3046 3459
f 1251 3428 3352
f 1251 3459 3362
f 1252 2939 1308
f 1252 1308 3397
f 1252 3397 2902
f 1252 3610 2939
f 1252 3492 3610
f 1253 1313 2468
f 1253 3362 1313
f 1253 2468 2917
f 1254 1293 1271
f 1254 3252 1293
f 1254 2897 3252
f 1255 1262 2685
f 1255 1321 2882
f 1255 3108 1321
f 1255 2882 2398
f 1255 2685 3108
f 1256 1289 3252
f 1256 3530 1289
f 1256 2897 2833
f 1256 2833 3506
f 1256 3252 2897
f 1256 3506 3530
f 1257 1410 1470
f 1257 1470 2349
f 1257 2349 2828
f 1257 2828 2431
f 1258 1279 3226
f 1258 3453 1279
f 1258 2977 2991
f 1258 2991 3453
f 1259 1286 1269
f 1259 1285 1286
f 1260 1271 1284
f 1260 3609 1271
f 1261 1298 1265
f 1261 1266 1296
f 1261 1296 1298
f 1262 1267 1369
f 1262 1369 1353
f 1262 1353 2685
f 1263 1304 2807
f 1263 3044 1304
f 1263 2807 2429
f 1263 2739 3132
f 1263 3132 3044
f 1264 1317 1281
f 1264 1281 2861
f 1264 2882 1317
f 1264 2861 2940
f 1265 1287 2433
f 1265 2923 1287
f 1265 1298 1292
f 1265 1292 2923
f 1265 2433 3132
f 1265 3132 2692
f 1266 1269 1286
f 1266 1286 1296
f 1267 1283 1333
f 1267 1333 1369
f 1268 1355 1429
f 1268 1429 1467
f 1268 1467 1441
f 1270 1284 1288
f 1270 1288 3511
f 1271 1297 1284
f 1271 1293 1297
f 1272 3339 1367
f 1272 1367 3431
f 1272 3046 3001
f 1272 3001 3339
f 1272 3459 3046
f 1272 3431 3459
f 1273 1300 1290
f 1273 1290 3430
f 1273 2964 1300
f 1273 2963 2964
f 1273 3238 2963
f 1273 3430 3238
f 1274 2496 2840
f 1274 2908 2496
f 1274 2511 2791
f 1274 2791 2944
f 1274 2944 2908
f 1275 1439 1458
f 1275 2606 1439
f 1275 2607 2606
f 1276 1292 1277
f 1276 1279 1287
f 1276 3226 1279
f 1276 1287 2923
f 1276 2923 1292
f 1277 1303 1285
f 1277 1292 1303
f 1278 1325 1314
f 1278 1314 3276
f 1278 3248 1325
f 1278 3276 3607
f 1278 3607 3439
f 1279 1302 1287
f 1279 3453 1302
f 1280 1288 1305
f 1280 3511 1288
f 1280 1305 1291
f 1280 1291 2964
f 1280 3093 2697
f 1280 2697 3511
f 1280 2964 3093
f 1281 1317 1309
f 1281 1309 3302
f 1281 3361 2861
f 1281 3302 3361
f 1282 1340 1462
f 1282 3111 1340
f 1282 1462 2454
f 1283 1324 1348
f 1283 1348 1333
f 1284 1297 1288
f 1285 1303 1286
f 1286 1303 1296
f 1287 1302 2433
f 1288 1297 1305
f 1289 1305 1293
f 1289 1293 3252
f 1289 1300 1305
f 1289 3530 1300
f 1290 1300 3530
f 1290 3361 3302
f 1290 3302 3430
f 1290 3530 3361
f 1291 1305 1300
f 1291 1300 2964
f 1292 1298 1303
f 1293 1305 1297
f 1294 1301 3110
f 1294 3332 1301
f 1294 3251 1309
f 1294 1309 3367
f 1294 1334 3332
f 1294 3367 1334
f 1295 1312 1346
f 1295 1346 1357
f 1295 1357 2683
f 1295 2683 2593
f 1296 1303 1298
f 1299 2281 2379
f 1299 2630 2281
f 1299 2840 2496
f 1299 2496 2908
f 1299 2908 2630
f 1301 3332 1336
f 1301 1336 3378
f 1302 3453 1306
f 1302 1306 3467
f 1302 1320 2433
f 1302 3467 1320
f 1304 3044 1320
f 1304 1320 3592
f 1304 1329 2807
f 1304 3592 1329
f 1306 2991 2986
f 1306 2986 3259
f 1306 3453 2991
f 1306 3259 3608
f 1306 3608 3467
f 1307 1311 1337
f 1307 1342 1312
f 1307 1337 1342
f 1308 3326 1327
f 1308 1327 3397
f 1308 2939 3124
f 1308 3124 3464
f 1308 3464 3326
f 1309 1317 3367
f 1309 3251 3430
f 1309 3430 3302
f 1310 1313 2470
f 1310 1340 3111
f 1310 3335 1340
f 1310 2470 1468
f 1310 1468 3335
f 1311 1319 1337
f 1311 3350 1319
f 1312 1342 1350
f 1312 1350 1346
f 1313 2551 2470
f 1313 3362 2551
f 1314 1325 1345
f 1314 1345 3216
f 1314 1368 2956
f 1314 3216 1368
f 1314 2956 3276
f 1315 2451 1347
f 1315 1433 2451
f 1316 2388 2492
f 1316 2555 2388
f 1317 1321 1343
f 1317 2882 1321
f 1317 1343 1334
f 1317 1334 3367
f 1318 1382 1354
f 1318 1354 3121
f 1318 1402 1382
f 1318 3375 1402
f 1318 2732 3035
f 1318 3121 2732
f 1318 3035 3375
f 1319 1384 1337
f 1319 1341 1366
f 1319 3305 1341
f 1319 1366 1384
f 1319 3350 3305
f 1320 3044 2433
f 1320 3467 3550
f 1320 3550 3592
f 1321 3108 1343
f 1322 1327 3377
f 1322 3397 1327
f 1322 1339 2902
f 1322 3377 1339
f 1322 2902 3397
f 1323 1352 1324
f 1323 1370 1352
f 1323 1365 1370
f 1323 2847 1365
f 1324 1352 1348
f 1325 1328 1345
f 1325 3248 1328
f 1326 2429 2807
f 1326 2843 2429
f 1326 2780 2843
f 1326 2947 2780
f 1326 2807 3568
f 1326 3601 2947
f 1326 3568 3601
f 1327 3326 3573
f 1327 3573 3377
f 1328 1362 1345
f 1328 2852 1362
f 1328 3248 2852
f 1329 1338 3522
f 1329 3550 1338
f 1329 3568 2807
f 1329 3522 3568
f 1329 3592 3550
f 1330 1424 1451
f 1330 1451 2580
f 1330 2580 2629
f 1331 3378 1336
f 1331 1336 3470
f 1331 3102 2847
f 1331 2847 3378
f 1331 3470 3102
f 1332 1335 1349
f 1332 2986 1335
f 1332 1338 3259
f 1332 3438 1338
f 1332 1349 1351
f 1332 1351 3438
f 1332 3259 2986
f 1333 1348 1360
f 1333 1360 1377
f 1333 1377 1369
f 1334 1336 3332
f 1334 3458 1336
f 1334 1343 3458
f 1335 1356 1349
f 1335 2393 1356
f 1335 2683 2393
f 1335 2986 2608
f 1336 3458 1358
f 1336 1358 3470
f 1337 1364 1342
f 1337 1372 1364
f 1337 1384 1372
f 1338 3608 3259
f 1338 3438 3522
f 1338 3550 3608
f 1339 1413 2852
f 1339 2900 1413
f 1339 2852 2813
f 1339 2813 2902
f 1339 3377 2900
f 1340 1465 1462
f 1340 3335 1465
f 1341 1363 1389
f 1341 2947 1363
f 1341 1389 1366
f 1341 3285 2947
f 1341 3305 3285
f 1342 1364 1350
f 1343 3108 2793
f 1343 2793 3458
f 1344 1363 2947
f 1344 3557 1363
f 1344 2947 3601
f 1344 3522 3438
f 1344 3438 3557
f 1344 3601 3522
f 1345 1362 1419
f 1345 1419 1396
f 1345 1396 3216
f 1346 1350 1390
f 1346 1390 1357
f 1347 1463 1424
f 1347 2451 1463
f 1348 1352 1371
f 1348 1376 1360
f 1348 1371 1376
f 1349 1361 1351
f 1349 1356 1361
f 1350 1364 1374
f 1350 1374 1390
f 1351 1361 1363
f 1351 1363 3557
f 1351 3557 3438
f 1352 1370 1393
f 1352 1393 1371
f 1353 1369 2534
f 1353 2564 1375
f 1353 1375 3269
f 1353 2534 2564
f 1353 3269 2685
f 1354 1382 3130
f 1354 2761 2713
f 1354 2713 3121
f 1354 3130 2761
f 1355 1476 1429
f 1355 1458 1476
f 1356 1357 1380
f 1356 2393 1357
f 1356 1380 1361
f 1357 1404 1380
f 1357 1390 1404
f 1357 2393 2683
f 1358 3458 2793
f 1358 2793 3538
f 1358 3049 3470
f 1358 3538 3049
f 1359 1506 1423
f 1359 1423 2361
f 1359 1471 1506
f 1359 2361 2924
f 1360 1376 1377
f 1361 1394 1363
f 1361 1380 1394
f 1362 1413 1442
f 1362 2852 1413
f 1362 1442 1419
f 1363 1394 1389
f 1364 1372 1386
f 1364 1386 1374
f 1365 1388 1370
f 1365 1379 1388
f 1365 3102 1379
f 1365 2847 3102
f 1366 1403 1384
f 1366 1389 1403
f 1367 1385 1415
f 1367 3339 1385
f 1367 1415 1391
f 1367 1391 3431
f 1368 1430 1373
f 1368 1373 3464
f 1368 1396 1430
f 1368 3216 1396
f 1368 3351 2956
f 1368 3124 3351
f 1368 3464 3124
f 1369 1377 1395
f 1369 1395 2534
f 1370 1388 1398
f 1370 1398 1393
f 1371 1393 1376
f 1372 1384 1400
f 1372 1400 1386
f 1373 1430 1421
f 1373 1421 3326
f 1373 3326 3464
f 1374 1386 1399
f 1374 1399 1390
f 1375 2485 1383
f 1375 1383 3538
f 1375 2564 2485
f 1375 3538 3269
f 1376 1397 1377
f 1376 1393 1397
f 1377 1397 1395
f 1378 1383 1379
f 1378 1379 3102
f 1378 3049 1383
f 1378 3470 3049
f 1378 3102 3470
f 1379 1383 2600
f 1379 1405 1388
f 1379 2600 1405
f 1380 1406 1394
f 1380 1404 1406
f 1381 2785 1402
f 1381 1402 3375
f 1381 2416 2773
f 1381 3035 2416
f 1381 2481 2785
f 1381 2889 2481
f 1381 2773 2889
f 1381 3375 3035
f 1382 1402 1455
f 1382 1459 1454
f 1382 1454 3130
f 1382 1455 1459
f 1383 2485 2600
f 1383 3049 3538
f 1384 1403 1400
f 1385 1417 1415
f 1385 1418 1417
f 1385 1422 1418
f 1385 2828 1422
f 1385 3339 2828
f 1386 1400 1399
f 1387 1617 1584
f 1387 1584 1670
f 1387 1669 1617
f 1387 1710 1669
f 1387 1670 1710
f 1388 2611 1398
f 1388 1405 2611
f 1389 1394 1403
f 1390 1399 1408
f 1390 1408 1404
f 1391 3254 1392
f 1391 1392 3431
f 1391 1415 1425
f 1391 1425 1428
f 1391 1428 3254
f 1392 2470 2551
f 1392 3254 2470
f 1392 2551 3201
f 1392 3201 3431
f 1393 1409 1397
f 1393 1398 1409
f 1394 1406 1403
f 1395 1397 1409
f 1395 1409 2648
f 1395 2648 2534
f 1396 1419 1438
f 1396 1437 1430
f 1396 1438 1437
f 1398 2611 1409
f 1399 1400 1408
f 1400 1403 1408
f 1401 1405 2485
f 1401 2611 1405
f 1401 2485 2564
f 1401 2564 2534
f 1401 2534 2648
f 1401 2648 2611
f 1402 2785 1455
f 1403 1406 1408
f 1404 1408 1406
f 1405 2600 2485
f 1407 1412 2687
f 1407 2687 2286
f 1407 2286 2960
f 1407 2960 2953
f 1409 2611 2648
f 1410 3657 1470
f 1411 1416 1431
f 1411 3573 1416
f 1411 1431 1426
f 1411 1426 1432
f 1411 1432 2900
f 1411 2900 3377
f 1411 3377 3573
f 1412 2454 1502
f 1412 1502 2687
f 1413 1432 1442
f 1413 2900 1432
f 1414 1441 3640
f 1414 3640 1471
f 1415 1417 1436
f 1415 3483 1425
f 1415 1436 3483
f 1416 1421 1431
f 1416 3573 1421
f 1417 1418 1443
f 1417 1443 1436
f 1418 1422 3643
f 1418 3643 1443
f 1419 1442 1438
f 1420 2369 2553
f 1420 2791 2369
f 1420 2460 2432
f 1420 2432 2992
f 1420 2960 2460
f 1420 2553 2960
f 1420 2992 2791
f 1421 1430 1440
f 1421 1440 1431
f 1421 3573 3326
f 1422 2349 2658
f 1422 2828 2349
f 1422 2658 3643
f 1423 1506 2415
f 1423 2829 2361
f 1423 2415 2621
f 1423 2621 2829
f 1424 1474 1451
f 1424 1463 1474
f 1425 1457 1428
f 1425 1466 1457
f 1425 1461 1466
f 1425 3483 1461
f 1426 1431 1445
f 1426 1445 1432
f 1427 2517 2388
f 1427 2388 2555
f 1427 2621 2517
f 1428 1457 1434
f 1428 1434 3254
f 1429 1480 1467
f 1429 1476 1480
f 1430 1437 1447
f 1430 1447 1440
f 1431 1440 1444
f 1431 1444 1445
f 1432 1450 1442
f 1432 1445 1450
f 1433 1435 1483
f 1433 1483 1501
f 1433 1501 2451
f 1434 1457 2921
f 1434 1468 2470
f 1434 2921 1468
f 1434 2470 3254
f 1435 1482 1483
f 1435 2379 1482
f 1436 1443 1460
f 1436 1460 1461
f 1436 1461 3483
f 1437 1438 1446
f 1437 1446 1447
f 1438 1442 1446
f 1439 3600 1458
f 1439 2606 1473
f 1439 1473 3600
f 1440 1448 1444
f 1440 1447 1448
f 1441 1467 1489
f 1441 1489 3640
f 1442 1450 1446
f 1443 1478 1460
f 1443 3643 1478
f 1444 1453 1445
f 1444 1448 1453
f 1445 1453 1450
f 1446 1453 1447
f 1446 1450 1453
f 1447 1453 1448
f 1449 1484 1495
f 1449 2492 1484
f 1449 1495 3657
f 1451 1474 1499
f 1451 1499 2704
f 1451 2461 2580
f 1451 2704 2461
f 1452 2541 1473
f 1452 1473 2606
f 1452 2521 1498
f 1452 1498 2541
f 1452 2606 2346
f 1452 2346 2617
f 1452 2617 2521
f 1454 1459 2936
f 1454 1464 2761
f 1454 2936 1464
f 1454 2761 3130
f 1455 3149 1459
f 1455 2785 2397
f 1455 2397 3149
f 1456 2432 2437
f 1456 2992 2432
f 1456 2437 2590
f 1456 2590 2630
f 1456 2630 2908
f 1456 2908 2944
f 1456 2944 2992
f 1457 1466 3653
f 1457 1481 2921
f 1457 3653 1481
f 1458 1500 1476
f 1458 3600 1500
f 1459 1469 2936
f 1459 3149 1469
f 1460 1472 1461
f 1460 1479 1472
f 1460 1478 1479
f 1461 1472 1466
f 1462 1465 1528
f 1462 1528 1502
f 1462 1502 2454
f 1463 1490 1474
f 1463 2451 1490
f 1464 2521 2761
f 1464 2929 2521
f 1464 2936 2552
f 1464 2552 3084
f 1464 3084 2929
f 1465 1493 1536
f 1465 3335 1493
f 1465 1536 1528
f 1466 1472 3662
f 1466 1487 3653
f 1466 3662 1487
f 1467 1480 1508
f 1467 1508 1489
f 1468 3050 1477
f 1468 1477 3335
f 1468 2921 3050
f 1469 1485 2893
f 1469 3316 1485
f 1469 2552 2936
f 1469 3307 2552
f 1469 2893 3307
f 1469 3149 3316
f 1470 1491 1545
f 1470 3657 1491
f 1470 1545 1497
f 1470 1497 2349
f 1471 1525 1506
f 1471 3640 1525
f 1472 1479 3662
f 1473 1503 2453
f 1473 2541 1503
f 1473 2453 3600
f 1474 1490 1499
f 1475 1505 1488
f 1475 1488 2656
f 1475 1497 1505
f 1475 2349 1497
f 1475 2658 2349
f 1475 2656 2658
f 1476 1517 1480
f 1476 1500 1517
f 1477 1544 1493
f 1477 1493 3335
f 1477 1521 1544
f 1477 3050 1521
f 1478 3164 1479
f 1478 2656 1488
f 1478 1488 3363
f 1478 3643 2656
f 1478 3363 3164
f 1479 1512 1496
f 1479 1496 3662
f 1479 3164 1512
f 1480 1539 1508
f 1480 1517 1539
f 1481 1494 3050
f 1481 3653 1494
f 1481 3050 2921
f 1482 1534 1483
f 1482 2387 1534
f 1482 2379 2281
f 1482 2281 2387
f 1483 1543 1501
f 1483 1534 1543
f 1484 1526 1495
f 1484 2490 1526
f 1484 2332 2490
f 1484 2517 2332
f 1484 2492 2517
f 1485 3316 1486
f 1485 1486 3586
f 1485 3184 2893
f 1485 3586 3184
f 1486 3205 2937
f 1486 2937 3586
f 1486 3316 3205
f 1487 1496 3517
f 1487 3662 1496
f 1487 3517 1510
f 1487 1510 3653
f 1488 1505 1515
f 1488 1515 3363
f 1489 1508 1556
f 1489 1556 3640
f 1490 2712 1499
f 1490 2451 1532
f 1490 1532 2712
f 1491 1495 1549
f 1491 3657 1495
f 1491 1565 1545
f 1491 1549 1565
f 1492 1509 2769
f 1492 2893 1509
f 1492 3085 2632
f 1492 2632 3307
f 1492 2769 3085
f 1492 3307 2893
f 1493 1544 1536
f 1494 1518 1504
f 1494 1504 3050
f 1494 1510 1518
f 1494 3653 1510
f 1495 1526 1549
f 1496 1513 1507
f 1496 1507 3517
f 1496 1512 3546
f 1496 3546 1513
f 1497 2721 1505
f 1497 1545 2721
f 1498 1503 2541
f 1498 2605 1503
f 1498 2452 2605
f 1498 2632 2452
f 1498 2521 2929
f 1498 2929 2632
f 1499 1511 2704
f 1499 2952 1511
f 1499 2712 2952
f 1500 2774 1517
f 1500 2664 2774
f 1500 3600 2664
f 1501 1547 1532
f 1501 1532 2451
f 1501 1543 1547
f 1502 1528 1548
f 1503 2605 2427
f 1503 2427 3565
f 1503 3565 2453
f 1504 1518 1519
f 1504 1519 3050
f 1505 1523 1515
f 1505 2721 1523
f 1506 1525 2333
f 1506 2333 2415
f 1507 3181 1510
f 1507 1510 3517
f 1507 1513 3382
f 1507 3382 3181
f 1508 1539 1596
f 1508 1596 1556
f 1509 2775 2769
f 1509 2839 2775
f 1509 3184 2839
f 1509 2893 3184
f 1510 3181 1518
f 1511 2652 1522
f 1511 1522 2958
f 1511 2952 2652
f 1511 2958 2704
f 1512 1516 1514
f 1512 1514 3546
f 1512 2945 1516
f 1512 3023 2945
f 1512 3164 3023
f 1513 1514 3382
f 1513 3546 1514
f 1514 1516 1520
f 1514 1520 3340
f 1514 3340 3382
f 1515 1523 3421
f 1515 3421 3363
f 1516 3486 1520
f 1516 2945 3486
f 1517 1560 1539
f 1517 2774 1560
f 1518 3225 1519
f 1518 3181 3552
f 1518 3552 3225
f 1519 1542 1529
f 1519 1529 3050
f 1519 3225 1542
f 1520 1531 3340
f 1520 3486 1531
f 1521 1529 2896
f 1521 3050 1529
f 1521 2543 1544
f 1521 2896 2543
f 1522 2652 2640
f 1522 2640 2846
f 1522 2846 2751
f 1522 2751 3134
f 1522 3134 2958
f 1523 1538 3075
f 1523 3154 1538
f 1523 2721 3154
f 1523 3075 3421
f 1524 1532 2399
f 1524 2712 1532
f 1524 2399 2750
f 1524 2952 2712
f 1524 2750 3080
f 1524 3080 2952
f 1525 1583 2333
f 1525 3298 1583
f 1525 3640 3298
f 1526 3342 1549
f 1526 2490 1559
f 1526 1559 3342
f 1527 3340 1533
f 1527 1533 3345
f 1527 3345 1537
f 1527 1537 3552
f 1527 3382 3340
f 1527 3552 3382
f 1528 1536 1614
f 1528 1597 1548
f 1528 1614 1597
f 1529 1542 2896
f 1530 1546 2774
f 1530 3565 1546
f 1530 2822 2453
f 1530 2453 3565
f 1530 2774 2664
f 1530 2664 2822
f 1531 3033 1533
f 1531 1533 3340
f 1531 2667 3033
f 1531 3486 2667
f 1532 1547 2399
f 1533 3033 3145
f 1533 3145 3345
f 1534 1617 1543
f 1534 1584 1617
f 1534 2387 1584
f 1535 1541 2775
f 1535 3160 1541
f 1535 2775 2839
f 1535 2839 2975
f 1535 2975 3386
f 1535 3386 3160
f 1536 1544 1566
f 1536 1566 1598
f 1536 1598 1614
f 1537 3400 3225
f 1537 3225 3552
f 1537 3345 3400
f 1538 3018 3075
f 1538 3346 3018
f 1538 3154 3356
f 1538 3356 3346
f 1539 1560 1590
f 1539 1590 1609
f 1539 1609 1596
f 1540 1558 2830
f 1540 3017 1558
f 1540 2618 2452
f 1540 2452 3085
f 1540 2830 2618
f 1540 3085 3017
f 1541 2746 1558
f 1541 1558 3017
f 1541 3160 2746
f 1541 3017 2775
f 1542 1555 2896
f 1542 3009 1555
f 1542 3225 3009
f 1543 1577 1547
f 1543 1617 1577
f 1544 2543 1566
f 1545 1581 1554
f 1545 1554 2721
f 1545 1565 3628
f 1545 3628 1581
f 1546 1550 2774
f 1546 2913 1550
f 1546 3565 2913
f 1547 1606 1563
f 1547 1563 2399
f 1547 1577 1606
f 1548 1587 1574
f 1548 1574 2457
f 1548 1597 1587
f 1549 2838 1565
f 1549 3342 2838
f 1550 1568 1560
f 1550 1560 2774
f 1550 1576 1568
f 1550 2913 1576
f 1551 1574 1640
f 1551 3129 1574
f 1551 1659 1578
f 1551 1640 1659
f 1552 2801 3002
f 1552 3386 2801
f 1552 3002 3616
f 1552 3160 3386
f 1552 3616 3160
f 1553 3009 3225
f 1553 3433 3009
f 1553 3172 3283
f 1553 3400 3172
f 1553 3225 3400
f 1553 3283 3433
f 1554 1564 1557
f 1554 1557 3356
f 1554 3242 1564
f 1554 1581 3242
f 1554 3154 2721
f 1554 3356 3154
f 1555 1567 1562
f 1555 1562 2896
f 1555 3218 1567
f 1555 3009 3218
f 1556 1596 1652
f 1556 1652 1654
f 1556 1654 3640
f 1557 1564 3581
f 1557 3346 3356
f 1557 3571 3346
f 1557 3581 3571
f 1558 2746 2970
f 1558 2970 2830
f 1559 2490 1561
f 1559 1561 2568
f 1559 2568 2695
f 1559 2695 3342
f 1560 1568 1589
f 1560 1589 1590
f 1561 1583 1664
f 1561 2333 1583
f 1561 1664 2568
f 1561 2332 2333
f 1561 2490 2332
f 1562 1567 2877
f 1562 2877 2896
f 1563 1586 1571
f 1563 1571 2750
f 1563 3630 1586
f 1563 1606 1636
f 1563 1636 3630
f 1563 2750 2399
f 1564 3242 1573
f 1564 1573 3581
f 1565 1621 1623
f 1565 2838 1621
f 1565 1623 3628
f 1566 1569 1613
f 1566 2543 1569
f 1566 1613 1598
f 1567 1575 2877
f 1567 3669 1575
f 1567 3218 3404
f 1567 3404 3669
f 1568 1576 1599
f 1568 1626 1589
f 1568 1599 1626
f 1569 2741 1579
f 1569 1579 2873
f 1569 2520 1613
f 1569 1618 2520
f 1569 2873 1618
f 1569 2543 2741
f 1570 3280 1572
f 1570 1572 3426
f 1570 3145 3033
f 1570 3033 3280
f 1570 3077 3510
f 1570 3539 3077
f 1570 3510 3145
f 1570 3426 3539
f 1571 1586 3031
f 1571 3080 2750
f 1571 3031 3648
f 1571 3648 3080
f 1572 1592 3426
f 1572 3535 1592
f 1572 3280 3230
f 1572 3230 3337
f 1572 3337 3535
f 1573 3242 1581
f 1573 1581 3515
f 1573 3309 3471
f 1573 3515 3309
f 1573 3471 3505
f 1573 3505 3581
f 1574 1587 1640
f 1574 3129 2457
f 1575 1579 2877
f 1575 3669 1579
f 1576 2679 1599
f 1576 2427 2585
f 1576 2913 2427
f 1576 2585 2679
f 1577 1648 1606
f 1577 1617 1669
f 1577 1669 1648
f 1578 1670 1584
f 1578 1584 2387
f 1578 1659 1670
f 1578 2387 2281
f 1579 1588 2873
f 1579 3669 1588
f 1579 2741 2877
f 1580 1592 1594
f 1580 3426 1592
f 1580 1594 2881
f 1580 2881 2972
f 1580 2972 3200
f 1580 3200 3539
f 1580 3539 3426
f 1581 2375 1595
f 1581 1595 3515
f 1581 2628 2375
f 1581 3628 2628
f 1582 2990 3069
f 1582 3471 2990
f 1582 3069 3098
f 1582 3098 3571
f 1582 3505 3471
f 1582 3571 3505
f 1583 1658 1664
f 1583 3298 1658
f 1585 1610 2970
f 1585 3359 1610
f 1585 3022 1622
f 1585 1622 3359
f 1585 2970 2746
f 1585 2746 3616
f 1585 3616 3022
f 1586 1627 3031
f 1586 3630 1627
f 1587 1597 1678
f 1587 2494 1640
f 1587 1678 2494
f 1588 3595 2873
f 1588 2955 3595
f 1588 3669 2955
f 1589 1615 1590
f 1589 1626 1615
f 1590 1649 1609
f 1590 1615 1649
f 1591 1592 3535
f 1591 3596 1592
f 1591 3337 1601
f 1591 1601 3527
f 1591 3527 1605
f 1591 1605 3596
f 1591 3535 3337
f 1592 3596 1594
f 1593 1622 3022
f 1593 3078 1622
f 1593 3068 2569
f 1593 2569 3078
f 1593 3022 3002
f 1593 3002 3068
f 1594 1605 3372
f 1594 3596 1605
f 1594 3372 2881
f 1595 2375 1602
f 1595 1602 2646
f 1595 2646 3551
f 1595 3551 3515
f 1596 1609 1652
f 1597 1614 1678
f 1598 1613 1630
f 1598 1630 1614
f 1599 1637 1626
f 1599 2345 1637
f 1599 2679 2345
f 1600 2646 1604
f 1600 1604 2716
f 1600 2421 2319
f 1600 2319 3128
f 1600 2716 2421
f 1600 3551 2646
f 1600 3128 3551
f 1601 3012 2885
f 1601 2885 3183
f 1601 3337 3012
f 1601 3183 3527
f 1602 1604 2646
f 1602 2747 1604
f 1602 2375 1607
f 1602 1607 2747
f 1603 2759 1625
f 1603 1625 3597
f 1603 2350 2759
f 1603 3628 2350
f 1603 3597 2628
f 1603 2628 3628
f 1604 1611 2716
f 1604 2747 1611
f 1605 3544 3372
f 1605 3527 3544
f 1606 1648 1636
f 1607 1611 2747
f 1607 3597 1611
f 1607 2375 2628
f 1607 2628 3597
f 1608 2830 1610
f 1608 1610 3131
f 1608 2679 2680
f 1608 2710 2679
f 1608 2680 2830
f 1608 3262 2710
f 1608 3131 3262
f 1609 1649 1662
f 1609 1662 1652
f 1610 2830 2970
f 1610 3221 3131
f 1610 3359 3221
f 1611 1625 3526
f 1611 3597 1625
f 1611 3526 2716
f 1612 1618 2873
f 1612 3491 1618
f 1612 1619 3171
f 1612 3595 1619
f 1612 2873 3595
f 1612 3171 3491
f 1613 1676 1630
f 1613 2520 1631
f 1613 1631 2849
f 1613 2849 1676
f 1614 1630 1680
f 1614 1680 1678
f 1615 1626 1642
f 1615 1642 1649
f 1616 1677 1621
f 1616 1621 2838
f 1616 1641 1677
f 1616 2695 1641
f 1616 3342 2695
f 1616 2838 3342
f 1618 1631 2520
f 1618 3491 1631
f 1619 2932 2644
f 1619 2644 3171
f 1619 2955 2932
f 1619 3595 2955
f 1620 1624 2351
f 1620 3372 1624
f 1620 2351 2676
f 1620 2676 3260
f 1620 2976 2881
f 1620 2881 3372
f 1620 3260 2976
f 1621 1673 1623
f 1621 1677 1673
f 1622 3078 1634
f 1622 1634 3221
f 1622 3221 3359
f 1623 1687 1644
f 1623 1644 2350
f 1623 1673 1702
f 1623 1702 1687
f 1623 2350 3628
f 1624 2330 2560
f 1624 2736 2330
f 1624 2560 2351
f 1624 3544 2736
f 1624 3372 3544
f 1625 2476 3104
f 1625 3222 2476
f 1625 2759 3222
f 1625 3104 3526
f 1626 1637 1642
f 1627 2381 1635
f 1627 1635 2622
f 1627 1688 2491
f 1627 3630 1688
f 1627 2491 2381
f 1627 2622 3031
f 1628 1629 1643
f 1628 2711 1629
f 1628 1632 2560
f 1628 3611 1632
f 1628 1643 3611
f 1628 2560 2330
f 1628 2330 2711
f 1629 1653 1643
f 1629 2458 1653
f 1629 2711 2458
f 1630 1676 1663
f 1630 1663 1680
f 1631 1638 1650
f 1631 3491 1638
f 1631 1650 1661
f 1631 1661 2849
f 1632 2351 2560
f 1632 2676 2351
f 1632 2625 2660
f 1632 3611 2625
f 1632 2660 2676
f 1633 1646 1638
f 1633 1638 3491
f 1633 2444 1646
f 1633 1682 2444
f 1633 2514 1682
f 1633 2644 2514
f 1633 3171 2644
f 1633 3491 3171
f 1634 3078 2284
f 1634 2284 3472
f 1634 2765 3417
f 1634 3472 2765
f 1634 3417 3221
f 1635 2284 2569
f 1635 2798 2284
f 1635 2381 2488
f 1635 2488 2798
f 1635 2569 2622
f 1636 1648 1689
f 1636 1689 1688
f 1636 1688 3630
f 1637 3040 1642
f 1637 2345 1684
f 1637 1684 2800
f 1637 2800 3040
f 1638 1646 1650
f 1639 2570 1651
f 1639 1651 3424
f 1639 3611 2570
f 1639 3424 2625
f 1639 2625 3611
f 1640 1736 1659
f 1640 2494 1736
f 1641 1704 1677
f 1641 1698 1704
f 1641 2568 1698
f 1641 2695 2568
f 1642 1694 1649
f 1642 1697 1694
f 1642 3040 1697
f 1643 1653 1647
f 1643 1647 3611
f 1644 1667 1645
f 1644 1645 2759
f 1644 1687 1667
f 1644 2759 2350
f 1645 1667 3256
f 1645 2634 2586
f 1645 2586 3222
f 1645 3256 2634
f 1645 3222 2759
f 1646 1666 1650
f 1646 2444 1666
f 1647 1653 2755
f 1647 2662 2570
f 1647 2570 3611
f 1647 3602 2662
f 1647 2755 3602
f 1648 1669 1683
f 1648 1683 1689
f 1649 1700 1662
f 1649 1694 1700
f 1650 1666 1661
f 1651 1657 2472
f 1651 2570 1657
f 1651 2472 3424
f 1652 1690 1654
f 1652 1662 1681
f 1652 1681 1690
f 1653 2670 1671
f 1653 1671 2755
f 1653 2458 3183
f 1653 2548 2670
f 1653 3183 2548
f 1654 1690 1717
f 1654 1717 3298
f 1654 3298 3640
f 1655 2643 3262
f 1655 3567 2643
f 1655 3417 2765
f 1655 2765 3567
f 1655 3262 3528
f 1655 3528 3417
f 1656 2320 1675
f 1656 1675 2854
f 1656 2472 2320
f 1656 3424 2472
f 1656 2854 2676
f 1656 2676 3424
f 1657 1660 2472
f 1657 2662 1660
f 1657 2570 2662
f 1658 1708 1664
f 1658 1752 1708
f 1658 1717 1752
f 1658 3298 1717
f 1659 1734 1670
f 1659 1736 1734
f 1660 1668 1674
f 1660 3455 1668
f 1660 1674 2320
f 1660 2320 2472
f 1660 2662 3455
f 1661 1666 3058
f 1661 3058 2849
f 1662 1700 1681
f 1663 1676 2386
f 1663 2436 1680
f 1663 2386 1722
f 1663 1722 2436
f 1664 1708 1698
f 1664 1698 2568
f 1665 1679 1668
f 1665 1668 3455
f 1665 3541 1679
f 1665 2755 3541
f 1665 3602 2755
f 1665 3455 3602
f 1666 2444 2832
f 1666 2832 3141
f 1666 3308 3058
f 1666 3141 3308
f 1667 1687 3257
f 1667 2815 3256
f 1667 3257 2815
f 1668 3383 1674
f 1668 1679 3383
f 1669 1693 1683
f 1669 1710 1693
f 1670 1734 1710
f 1671 2476 2586
f 1671 2670 2476
f 1671 2586 2634
f 1671 2634 2726
f 1671 2726 2966
f 1671 2966 2755
f 1672 1691 3473
f 1672 3512 1691
f 1672 3287 2871
f 1672 2871 3512
f 1672 3473 3287
f 1673 1677 1723
f 1673 1711 1702
f 1673 1723 1711
f 1674 1686 1675
f 1674 1675 2320
f 1674 3383 1686
f 1675 1686 3014
f 1675 2513 2854
f 1675 3014 2513
f 1676 1695 2386
f 1676 3058 1695
f 1676 2849 3058
f 1677 1704 1723
f 1678 1680 1709
f 1678 1709 2494
f 1679 1685 3383
f 1679 3541 1685
f 1680 2436 1709
f 1681 1721 1690
f 1681 1700 1719
f 1681 1719 1721
f 1682 2832 2444
f 1682 2514 2513
f 1682 2513 2832
f 1683 1701 1689
f 1683 1693 1701
f 1684 2345 2407
f 1684 2366 2531
f 1684 2709 2366
f 1684 2407 2709
f 1684 2531 2800
f 1685 1699 3383
f 1685 3445 1699
f 1685 2966 3207
f 1685 3541 2966
f 1685 3207 3445
f 1686 3383 1699
f 1686 1699 3466
f 1686 3210 3014
f 1686 3466 3210
f 1687 1702 1714
f 1687 1714 1707
f 1687 1707 3257
f 1688 1689 3639
f 1688 3650 2491
f 1688 3639 3650
f 1689 1701 3639
f 1690 1733 1717
f 1690 1721 1733
f 1691 1692 2869
f 1691 3512 1692
f 1691 2869 3157
f 1691 3157 3473
f 1692 3323 2869
f 1692 3177 3390
f 1692 3512 3177
f 1692 3390 3323
f 1693 1732 1701
f 1693 1710 1745
f 1693 1745 1732
f 1694 1697 2294
f 1694 2294 1700
f 1695 1705 2386
f 1695 2950 1705
f 1695 2876 2950
f 1695 3308 2876
f 1695 3058 3308
f 1696 2488 2381
f 1696 2381 3090
f 1696 3287 2488
f 1696 3090 2871
f 1696 2871 3287
f 1697 3325 2294
f 1697 2800 2523
f 1697 2523 3325
f 1697 3040 2800
f 1698 1764 1704
f 1698 1708 1764
f 1699 3445 1703
f 1699 1703 3481
f 1699 3481 3466
f 1700 1742 1719
f 1700 1724 1742
f 1700 2294 1724
f 1701 1713 1715
f 1701 1732 1713
f 1701 1715 3639
f 1702 1711 1714
f 1703 2772 3126
f 1703 3207 2772
f 1703 3126 3481
f 1703 3445 3207
f 1704 1753 1723
f 1704 1783 1753
f 1704 1764 1783
f 1705 1727 1722
f 1705 1722 2386
f 1705 1741 1727
f 1705 1729 1741
f 1705 2950 1729
f 1706 2832 2513
f 1706 2513 3014
f 1706 2651 3100
f 1706 3466 2651
f 1706 2776 2832
f 1706 3100 2776
f 1706 3014 3210
f 1706 3210 3466
f 1707 1714 1728
f 1707 1728 3064
f 1707 2740 3257
f 1707 3341 2740
f 1707 3064 3341
f 1708 1752 1764
f 1709 2436 1730
f 1709 1730 3449
f 1709 3449 2494
f 1710 1734 3646
f 1710 1756 1745
f 1710 3646 1756
f 1711 1743 1714
f 1711 1723 3626
f 1711 3626 1743
f 1712 3126 1720
f 1712 1720 3454
f 1712 2989 2651
f 1712 2651 3189
f 1712 3454 2989
f 1712 3481 3126
f 1712 3189 3481
f 1713 2998 1715
f 1713 1732 3583
f 1713 3583 2998
f 1714 1743 1728
f 1715 2998 2376
f 1715 2376 3650
f 1715 3650 3639
f 1716 2376 2411
f 1716 3650 2376
f 1716 2467 2381
f 1716 2381 2491
f 1716 2411 2467
f 1716 2491 3650
f 1717 1733 1751
f 1717 1751 1752
f 1718 1735 1725
f 1718 1725 2941
f 1718 1726 1735
f 1718 3174 1726
f 1718 2941 2842
f 1718 2842 3142
f 1718 3142 3174
f 1719 1748 1721
f 1719 1742 1748
f 1720 3126 3162
f 1720 3162 3436
f 1720 3436 3236
f 1720 3236 3454
f 1721 1748 1733
f 1722 1727 1731
f 1722 1731 1757
f 1722 1757 2436
f 1723 1753 1763
f 1723 1763 3626
f 1724 1755 1742
f 1724 3325 1755
f 1724 2294 3325
f 1725 1735 1746
f 1725 1746 2290
f 1725 2290 3406
f 1725 2650 2941
f 1725 3406 2650
f 1726 1739 1735
f 1726 2477 1739
f 1726 3090 2477
f 1726 3174 3090
f 1727 1741 1731
f 1728 1743 1738
f 1728 1738 1747
f 1728 1747 3064
f 1729 2809 1741
f 1729 2663 2809
f 1729 2950 2663
f 1730 1768 1788
f 1730 2436 1768
f 1730 1788 3449
f 1731 1741 1765
f 1731 1781 1757
f 1731 1765 1781
f 1732 1745 2423
f 1732 2423 3583
f 1733 1748 1767
f 1733 2456 1751
f 1733 1767 2456
f 1734 1736 1761
f 1734 1761 3646
f 1735 1739 1746
f 1736 1759 1761
f 1736 2494 1759
f 1737 1744 3373
f 1737 3410 1744
f 1737 1754 1750
f 1737 1750 3410
f 1737 3199 1754
f 1737 2989 3236
f 1737 3373 2989
f 1737 3236 3199
f 1738 1743 1760
f 1738 1771 1747
f 1738 1760 1771
f 1739 2797 1746
f 1739 2477 2797
f 1740 2289 2816
f 1740 3406 2289
f 1740 2439 2523
f 1740 2816 2439
f 1740 2523 2531
f 1740 2531 2650
f 1740 2650 3406
f 1741 2728 1765
f 1741 2809 2728
f 1742 1770 1748
f 1742 1755 1770
f 1743 1774 1760
f 1743 3626 1774
f 1744 2864 2776
f 1744 2776 3100
f 1744 3094 2864
f 1744 3024 3094
f 1744 3284 3024
f 1744 3100 3373
f 1744 3410 3284
f 1745 1756 1773
f 1745 1773 1772
f 1745 1772 2423
f 1746 3576 2290
f 1746 2797 3330
f 1746 3330 3576
f 1747 1771 3082
f 1747 2812 3064
f 1747 3082 2812
f 1748 1782 1767
f 1748 1770 1782
f 1749 1754 3199
f 1749 3435 1754
f 1749 2480 1762
f 1749 1762 3435
f 1749 3436 2480
f 1749 3199 3236
f 1749 3236 3436
f 1750 1754 1766
f 1750 1766 3410
f 1751 1800 1752
f 1751 1799 1800
f 1751 2456 1799
f 1752 1807 1764
f 1752 1800 1807
f 1753 1792 1763
f 1753 1783 1792
f 1754 3425 1766
f 1754 3435 3425
f 1755 3642 1770
f 1755 2836 1796
f 1755 1796 3642
f 1755 3325 2836
f 1756 1833 1773
f 1756 1806 1817
f 1756 3646 1806
f 1756 1817 1833
f 1757 1784 1768
f 1757 1768 2436
f 1757 1781 1784
f 1758 1779 1762
f 1758 1762 2722
f 1758 3034 1779
f 1758 2722 2812
f 1758 2812 3082
f 1758 3082 3034
f 1759 1813 1761
f 1759 1824 1813
f 1759 3449 1824
f 1759 2494 3449
f 1760 1780 1771
f 1760 1774 1780
f 1761 1813 1806
f 1761 1806 3646
f 1762 1779 3435
f 1762 2480 2722
f 1763 1801 1790
f 1763 1790 3626
f 1763 1792 1801
f 1764 1802 1783
f 1764 1807 1802
f 1765 1776 1785
f 1765 2728 1776
f 1765 1785 1781
f 1766 3425 1778
f 1766 1778 3446
f 1766 3240 3284
f 1766 3446 3240
f 1766 3284 3410
f 1767 1782 1830
f 1767 1830 1821
f 1767 1821 2456
f 1768 1784 2886
f 1768 1798 1788
f 1768 2886 1798
f 1769 1772 1791
f 1769 2423 1772
f 1769 1791 2661
f 1769 3583 2423
f 1769 2661 2633
f 1769 2633 3583
f 1770 1794 1782
f 1770 3642 1794
f 1771 1780 2536
f 1771 2536 2903
f 1771 2903 3082
f 1772 1773 1797
f 1772 1797 1791
f 1773 1832 1797
f 1773 1833 1832
f 1774 1790 1780
f 1774 3626 1790
f 1775 2797 2806
f 1775 3330 2797
f 1775 2806 3413
f 1775 3245 3125
f 1775 3125 3330
f 1775 3413 3245
f 1776 2522 1785
f 1776 2408 2537
f 1776 2728 2408
f 1776 2597 2522
f 1776 2537 2597
f 1777 2420 1820
f 1777 1820 3214
f 1777 2411 2420
f 1777 2804 2411
f 1777 2806 2804
f 1777 3413 2806
f 1777 3214 3413
f 1778 1779 1812
f 1778 3425 1779
f 1778 1812 1804
f 1778 1804 3446
f 1779 3005 1812
f 1779 3034 3005
f 1779 3425 3435
f 1780 1790 1805
f 1780 1805 1825
f 1780 1825 2615
f 1780 2615 2536
f 1781 1803 1784
f 1781 1785 1803
f 1782 1794 1830
f 1783 1822 1792
f 1783 1802 1822
f 1784 1803 2886
f 1785 1811 1803
f 1785 3066 1811
f 1785 2522 3066
f 1786 1793 1789
f 1786 1789 3246
f 1786 2317 1793
f 1786 3214 2317
f 1786 3413 3214
f 1786 3246 3245
f 1786 3245 3413
f 1787 1789 1793
f 1787 3246 1789
f 1787 1793 1827
f 1787 1827 2677
f 1787 2677 2816
f 1787 2816 3229
f 1787 3229 3246
f 1788 1798 1829
f 1788 1829 1824
f 1788 1824 3449
f 1790 1801 1810
f 1790 1810 1805
f 1791 1797 1834
f 1791 1834 2850
f 1792 2951 1801
f 1792 1822 2609
f 1792 2609 2720
f 1792 2720 2951
f 1793 1835 1827
f 1793 2317 1835
f 1794 1814 2635
f 1794 3642 1814
f 1794 2635 1830
f 1795 1804 1823
f 1795 3240 1804
f 1795 1823 2666
f 1795 2666 2408
f 1795 2408 3024
f 1795 3024 3240
f 1796 2638 1814
f 1796 1814 3642
f 1796 2616 2638
f 1796 2933 2616
f 1796 2836 2933
f 1797 1832 1834
f 1798 1840 1829
f 1798 2886 1840
f 1799 1868 1800
f 1799 1821 1857
f 1799 2456 1821
f 1799 1857 1859
f 1799 1859 1868
f 1800 2691 1807
f 1800 1868 2691
f 1801 2951 1810
f 1802 1807 2691
f 1802 1877 1822
f 1802 3020 1877
f 1802 2691 3020
f 1803 1811 2886
f 1804 1812 1823
f 1804 3240 3446
f 1805 1810 1815
f 1805 1815 1816
f 1805 1816 1825
f 1806 1813 1865
f 1806 1865 1817
f 1808 1827 1870
f 1808 2439 1827
f 1808 1870 2858
f 1808 2788 2439
f 1808 2858 2616
f 1808 2616 2933
f 1808 2933 2788
f 1809 1820 1848
f 1809 3214 1820
f 1809 1848 1837
f 1809 1837 2317
f 1809 2317 3214
f 1810 2919 1815
f 1810 2951 2919
f 1811 1842 2604
f 1811 3066 1842
f 1811 2604 2948
f 1811 2948 2886
f 1812 1819 1831
f 1812 3005 1819
f 1812 1831 1823
f 1813 1824 1888
f 1813 1919 1865
f 1813 1888 1919
f 1814 2483 2635
f 1814 2638 2483
f 1815 1828 1816
f 1815 2364 1828
f 1815 2919 2364
f 1816 3314 1825
f 1816 1828 3314
f 1817 1849 1833
f 1817 1879 1849
f 1817 1865 1879
f 1818 1836 1819
f 1818 1819 3034
f 1818 3291 1836
f 1818 2649 2352
f 1818 2352 3291
f 1818 2903 2649
f 1818 3034 2903
f 1819 1836 1831
f 1819 3005 3034
f 1820 2624 1848
f 1820 2420 2487
f 1820 2487 2624
f 1821 1830 1844
f 1821 1844 1857
f 1822 1877 1854
f 1822 1854 2609
f 1823 1831 1839
f 1823 1839 1841
f 1823 1841 2666
f 1824 1829 1888
f 1825 2723 2615
f 1825 3314 2723
f 1826 1898 2487
f 1826 2633 1898
f 1826 2420 2376
f 1826 2376 2633
f 1826 2487 2420
f 1827 1835 1846
f 1827 1846 1870
f 1827 2439 2677
f 1828 2364 3427
f 1828 3427 3314
f 1829 1840 1863
f 1829 1863 1888
f 1830 1843 1844
f 1830 2635 1843
f 1831 1836 1839
f 1832 1833 1849
f 1832 1845 1834
f 1832 1849 1845
f 1834 1845 3556
f 1834 2875 2850
f 1834 3556 2875
f 1835 1837 1846
f 1835 2317 1837
f 1836 3291 1839
f 1837 1862 1846
f 1837 1848 1862
f 1838 2742 2723
f 1838 2723 3314
f 1838 2909 2742
f 1838 3427 2909
f 1838 3314 3427
f 1839 1853 1841
f 1839 3291 1853
f 1840 1847 1856
f 1840 2948 1847
f 1840 1856 1863
f 1840 2886 2948
f 1841 1853 1864
f 1841 1864 2817
f 1841 2817 2666
f 1842 2417 2501
f 1842 3066 2417
f 1842 2501 2604
f 1843 1851 1844
f 1843 1855 1851
f 1843 1934 1855
f 1843 2483 1934
f 1843 2635 2483
f 1844 1851 1869
f 1844 1895 1857
f 1844 1869 1895
f 1845 1849 1858
f 1845 1858 1860
f 1845 1860 3556
f 1846 1862 1903
f 1846 1903 1870
f 1847 1867 1856
f 1847 1907 1867
f 1847 1871 1907
f 1847 2948 1871
f 1848 1902 1862
f 1848 3255 1902
f 1848 2624 3255
f 1849 1896 1858
f 1849 1879 1908
f 1849 1926 1896
f 1849 1908 1926
f 1850 1872 1852
f 1850 1852 2962
f 1850 1854 1878
f 1850 2609 1854
f 1850 1878 1872
f 1850 2962 2609
f 1851 1855 1869
f 1852 1872 3036
f 1852 3036 2909
f 1852 2909 3371
f 1852 3371 2962
f 1853 1861 1880
f 1853 3291 1861
f 1853 1880 1864
f 1854 1877 1914
f 1854 1891 1878
f 1854 1914 1891
f 1855 1866 1869
f 1855 1890 1866
f 1855 1901 1890
f 1855 1934 1901
f 1856 1900 1863
f 1856 1867 1886
f 1856 1886 1900
f 1857 1895 1859
f 1858 1896 1860
f 1859 1936 1868
f 1859 1895 1932
f 1859 1932 3411
f 1859 3411 1936
f 1860 1896 1873
f 1860 1873 1906
f 1860 1906 1884
f 1860 1884 3556
f 1861 1887 1880
f 1861 2352 1887
f 1861 3291 2352
f 1862 1902 1903
f 1863 1933 1888
f 1863 1900 1933
f 1864 1880 1893
f 1864 1893 2817
f 1865 1924 1879
f 1865 1919 1924
f 1866 1873 1869
f 1866 1890 1873
f 1867 1874 1875
f 1867 1907 1874
f 1867 1875 1886
f 1868 1936 1997
f 1868 1997 3020
f 1868 3020 2691
f 1869 1873 1899
f 1869 1897 1895
f 1869 1899 1897
f 1870 1903 1921
f 1870 1921 2757
f 1870 2757 2858
f 1871 1925 1907
f 1871 2561 1925
f 1871 2501 2561
f 1871 2948 2501
f 1872 1883 1876
f 1872 1876 1885
f 1872 1878 1883
f 1872 1885 3036
f 1873 1890 1911
f 1873 1896 1899
f 1873 1911 1906
f 1874 1881 1875
f 1874 1920 1881
f 1874 1907 1920
f 1875 1881 1882
f 1875 1882 1886
f 1876 1883 1882
f 1876 1882 1894
f 1876 1894 1885
f 1877 1966 1914
f 1877 3020 1966
f 1878 3593 1883
f 1878 1891 3593
f 1879 1963 1908
f 1879 1924 1963
f 1880 1887 1905
f 1880 1905 1893
f 1881 1894 1882
f 1881 1920 1894
f 1882 1883 1912
f 1882 1912 1886
f 1883 3593 1912
f 1884 1906 1937
f 1884 1937 2946
f 1884 2946 2875
f 1884 2875 3556
f 1885 1894 1913
f 1885 1913 1916
f 1885 1916 3036
f 1886 1923 1900
f 1886 1912 1923
f 1887 1889 1904
f 1887 2352 1889
f 1887 1904 1905
f 1888 1990 1919
f 1888 1933 1990
f 1889 1930 1904
f 1889 2943 1930
f 1889 2352 2701
f 1889 2701 2645
f 1889 2645 2943
f 1890 1901 1927
f 1890 1927 1911
f 1891 1914 3060
f 1891 3060 3593
f 1892 1943 1910
f 1892 1910 3255
f 1892 1956 1943
f 1892 2487 1956
f 1892 2624 2487
f 1892 3255 2624
f 1893 1905 1915
f 1893 1922 1909
f 1893 1909 2817
f 1893 1915 1922
f 1894 1918 1913
f 1894 1920 1918
f 1895 1897 1932
f 1896 1945 1899
f 1896 1926 1944
f 1896 1944 1945
f 1897 1899 1938
f 1897 1947 1932
f 1897 1938 1947
f 1898 1980 1956
f 1898 1956 2487
f 1898 1999 1980
f 1898 2688 1999
f 1899 1945 1938
f 1900 1923 1974
f 1900 1974 1933
f 1901 1948 1927
f 1901 1934 1948
f 1902 1935 1903
f 1902 1910 1935
f 1902 3255 1910
f 1903 1935 1921
f 1904 1915 1905
f 1904 1930 1915
f 1906 1911 1942
f 1906 1951 1937
f 1906 1942 1951
f 1907 1928 1920
f 1907 1925 1928
f 1908 1949 1926
f 1908 1963 1949
f 1909 1922 3264
f 1909 2733 2591
f 1909 2591 2817
f 1909 3264 2733
f 1910 1943 1935
f 1911 1927 1942
f 1912 1917 1946
f 1912 3593 1917
f 1912 1946 1923
f 1913 1953 1916
f 1913 1918 1939
f 1913 1939 1953
f 1914 1966 1929
f 1914 1929 3060
f 1915 1941 1922
f 1915 1930 1941
f 1916 1953 1965
f 1916 1965 2576
f 1916 2576 3036
f 1917 1929 1950
f 1917 3060 1929
f 1917 1950 1946
f 1917 3593 3060
f 1918 1920 1939
f 1919 2028 1924
f 1919 1990 2028
f 1920 1928 1939
f 1921 1935 1957
f 1921 1957 1962
f 1921 1962 2757
f 1922 1941 1959
f 1922 1959 3264
f 1923 1946 1989
f 1923 1989 1974
f 1924 2019 1963
f 1924 2050 2019
f 1924 2028 2050
f 1925 1979 1928
f 1925 1996 1979
f 1925 1985 2363
f 1925 2561 1985
f 1925 2363 1996
f 1926 1949 1944
f 1927 1954 1942
f 1927 1948 1954
f 1928 1958 1939
f 1928 1979 1958
f 1929 2016 1950
f 1929 1966 1973
f 1929 1973 2016
f 1930 3038 1941
f 1930 2943 3038
f 1931 1959 1971
f 1931 3264 1959
f 1931 1971 1967
f 1931 1967 2533
f 1931 2533 2733
f 1931 2733 3264
f 1932 1947 1978
f 1932 1978 3411
f 1933 1974 2032
f 1933 2032 1990
f 1934 2794 1948
f 1934 2483 2794
f 1935 1943 1952
f 1935 1952 1957
f 1936 3420 1997
f 1936 3411 1998
f 1936 1998 3420
f 1937 1951 1964
f 1937 1964 1982
f 1937 1982 2946
f 1938 1945 1983
f 1938 1983 1947
f 1939 1960 1953
f 1939 1958 1960
f 1940 1962 2004
f 1940 2858 1962
f 1940 2004 2539
f 1940 2018 2367
f 1940 2539 2018
f 1940 2367 2616
f 1940 2616 2858
f 1941 1970 1959
f 1941 3038 1970
f 1942 1955 1951
f 1942 1954 1955
f 1943 1975 1952
f 1943 1956 1972
f 1943 1972 1975
f 1944 1976 1945
f 1944 1949 1961
f 1944 1961 1976
f 1945 1976 1995
f 1945 1995 1983
f 1946 1950 2016
f 1946 2015 1989
f 1946 2016 2015
f 1947 2003 1978
f 1947 1983 2003
f 1948 1993 1954
f 1948 1987 1993
f 1948 2794 1987
f 1949 2009 1961
f 1949 1963 2009
f 1951 1955 1964
f 1952 1975 1957
f 1953 1960 1968
f 1953 1968 1965
f 1954 1981 1955
f 1954 1993 1981
f 1955 1981 1964
f 1956 1980 1972
f 1957 1994 1962
f 1957 1975 1994
f 1958 1977 1960
f 1958 1979 1977
f 1959 1970 1971
f 1960 1977 1968
f 1961 2009 1976
f 1962 1994 2004
f 1962 2858 2757
f 1963 2365 2009
f 1963 2019 2069
f 1963 2069 2365
f 1964 1981 1982
f 1965 1968 1991
f 1965 1991 2344
f 1965 2344 2576
f 1966 3159 1973
f 1966 2637 2046
f 1966 2046 3159
f 1966 3020 2637
f 1967 1971 1984
f 1967 1984 2001
f 1967 2001 1985
f 1967 1985 2561
f 1967 2410 2533
f 1967 2561 2410
f 1968 1977 2002
f 1968 2002 1991
f 1969 3019 1970
f 1969 1970 3038
f 1969 1992 2000
f 1969 3658 1992
f 1969 2000 3019
f 1969 3038 3658
f 1970 3019 1971
f 1971 2000 1984
f 1971 3019 2000
f 1972 1988 1975
f 1972 1980 2017
f 1972 2017 1988
f 1973 2044 2016
f 1973 2052 2044
f 1973 3159 2052
f 1974 1989 2042
f 1974 2042 2032
f 1975 1988 1994
f 1976 2026 1995
f 1976 2009 2026
f 1977 1979 2002
f 1978 2047 1998
f 1978 1998 3411
f 1978 2003 2047
f 1979 1996 2002
f 1980 1999 2017
f 1981 2010 1982
f 1981 1993 2010
f 1982 2012 1986
f 1982 1986 2946
f 1982 2010 2012
f 1983 1995 2039
f 1983 2039 2003
f 1984 2000 3360
f 1984 3360 2001
f 1985 2001 3560
f 1985 2007 2363
f 1985 3560 2007
f 1986 2012 3409
f 1986 2031 2927
f 1986 3409 2031
f 1986 2927 3170
f 1986 3170 2946
f 1987 2022 1993
f 1987 2027 2022
f 1987 2034 2027
f 1987 2971 2034
f 1987 2794 2546
f 1987 2546 2971
f 1988 2024 1994
f 1988 2017 2024
f 1989 2015 2042
f 1990 2062 2028
f 1990 2032 2071
f 1990 2071 2062
f 1991 2002 2008
f 1991 2008 2535
f 1991 2535 2344
f 1992 3360 2000
f 1992 3072 3589
f 1992 3658 3072
f 1992 3589 3360
f 1993 2022 2010
f 1994 3166 2004
f 1994 2024 3166
f 1995 2026 2039
f 1996 2011 2002
f 1996 2613 2011
f 1996 2363 2613
f 1997 2056 2045
f 1997 2045 2834
f 1997 3420 2056
f 1997 2834 3020
f 1998 2047 2055
f 1998 2055 3420
f 1999 2745 2017
f 1999 2441 2025
f 1999 2025 2745
f 1999 2688 2441
f 2001 3360 2013
f 2001 2013 3560
f 2002 2011 2008
f 2003 2039 2837
f 2003 2053 2047
f 2003 2837 2053
f 2004 2023 2539
f 2004 3166 2023
f 2005 3572 2013
f 2005 2013 3589
f 2005 2326 3061
f 2005 3072 2326
f 2005 3061 3572
f 2005 3589 3072
f 2006 2627 2014
f 2006 2014 3061
f 2006 2326 2344
f 2006 3061 2326
f 2006 2344 2535
f 2006 2535 2627
f 2007 2014 2727
f 2007 3572 2014
f 2007 2613 2363
f 2007 2727 2613
f 2007 3560 3572
f 2008 2011 2627
f 2008 2627 2535
f 2009 2054 2026
f 2009 2365 2054
f 2010 2021 2012
f 2010 2030 2021
f 2010 2022 2030
f 2011 2613 2727
f 2011 2727 2627
f 2012 2021 3409
f 2013 3360 3589
f 2013 3572 3560
f 2014 2627 2727
f 2014 3572 3061
f 2015 2016 2044
f 2015 2048 2042
f 2015 2044 2048
f 2017 2029 2024
f 2017 2745 2029
f 2018 2033 2038
f 2018 2698 2033
f 2018 2038 2928
f 2018 2928 2367
f 2018 2539 2698
f 2019 2050 2069
f 2020 2031 2035
f 2020 2927 2031
f 2020 2035 2037
f 2020 2037 3041
f 2020 2688 2752
f 2020 3041 2688
f 2020 2752 2927
f 2021 2030 2031
f 2021 2031 3409
f 2022 2027 2030
f 2023 2024 2029
f 2023 3166 2024
f 2023 2029 3114
f 2023 3114 2539
f 2025 2029 2745
f 2025 3353 2029
f 2025 2040 3353
f 2025 3391 2040
f 2025 2441 3391
f 2026 3469 2039
f 2026 2054 2051
f 2026 2051 3469
f 2027 2036 2030
f 2027 2034 2036
f 2028 2066 2050
f 2028 2062 2066
f 2029 3353 3114
f 2030 2036 2031
f 2031 2041 2035
f 2031 2036 2041
f 2032 2042 2057
f 2032 2057 2071
f 2033 3380 2038
f 2033 3114 2040
f 2033 2040 3380
f 2033 2698 3114
f 2034 2041 2036
f 2034 2043 2041
f 2034 3232 2043
f 2034 2971 2928
f 2034 2928 3232
f 2035 2043 2037
f 2035 2041 2043
f 2037 2043 3380
f 2037 3391 3041
f 2037 3380 3391
f 2038 2043 3232
f 2038 3380 2043
f 2038 3232 2928
f 2039 2049 2837
f 2039 3469 2049
f 2040 3114 3353
f 2040 3391 3380
f 2042 2048 2059
f 2042 2059 2057
f 2044 2058 2048
f 2044 2052 2058
f 2045 2064 2046
f 2045 2046 2637
f 2045 2056 2068
f 2045 2068 2064
f 2045 2637 2834
f 2046 2064 3645
f 2046 3645 3159
f 2047 2053 2061
f 2047 2061 2055
f 2048 2058 2073
f 2048 2073 2059
f 2049 2538 2053
f 2049 2053 2837
f 2049 2060 3193
f 2049 3469 2060
f 2049 3193 2538
f 2050 2066 2086
f 2050 2086 2069
f 2051 2054 2930
f 2051 2313 2060
f 2051 2060 3469
f 2051 2930 2313
f 2052 2074 2058
f 2052 3645 2074
f 2052 3159 3645
f 2053 2538 2061
f 2054 2365 2705
f 2054 2705 2930
f 2055 2061 2070
f 2055 2070 2079
f 2055 2079 3420
f 2056 2078 2068
f 2056 2080 2078
f 2056 3420 2080
f 2057 2059 2065
f 2057 2065 2076
f 2057 2076 2071
f 2058 3169 2073
f 2058 2074 3169
f 2059 2083 2065
f 2059 2073 2083
f 2060 2313 3369
f 2060 3369 3193
f 2061 2304 2070
f 2061 2538 2304
f 2062 2090 2066
f 2062 2071 2081
f 2062 2081 2090
f 2063 2075 2084
f 2063 3369 2075
f 2063 2084 2082
f 2063 2082 2312
f 2063 2312 2538
f 2063 2538 3193
f 2063 3193 3369
f 2064 2068 2094
f 2064 2099 2085
f 2064 2085 3645
f 2064 2094 2099
f 2065 2102 2076
f 2065 2083 2102
f 2066 2090 2086
f 2067 2077 2316
f 2067 2705 2077
f 2067 2313 2930
f 2067 3369 2313
f 2067 2316 3369
f 2067 2930 2705
f 2068 2078 2094
f 2069 2093 2072
f 2069 2072 2365
f 2069 2086 2093
f 2070 3107 2079
f 2070 2304 2082
f 2070 2082 3107
f 2071 2076 2088
f 2071 2088 2081
f 2072 2096 2077
f 2072 2077 2705
f 2072 2093 2096
f 2072 2705 2365
f 2073 2092 2083
f 2073 3169 2092
f 2074 2085 2104
f 2074 3645 2085
f 2074 2104 3621
f 2074 3621 3169
f 2075 2087 2084
f 2075 2316 2087
f 2075 3369 2316
f 2076 2102 2088
f 2077 2096 2091
f 2077 2091 2316
f 2078 2080 2103
f 2078 2098 2094
f 2078 2103 2098
f 2079 2113 2080
f 2079 2080 3420
f 2079 2095 2113
f 2079 3107 2095
f 2080 2113 2103
f 2081 2088 2117
f 2081 2119 2090
f 2081 2117 2119
f 2082 2084 2089
f 2082 2089 2097
f 2082 2097 3107
f 2082 2304 2312
f 2083 2092 2100
f 2083 2100 2102
f 2084 2087 2089
f 2085 2099 2104
f 2086 2090 2106
f 2086 2108 2093
f 2086 2106 2108
f 2087 2101 2089
f 2087 2091 2101
f 2087 2316 2091
f 2088 2102 2109
f 2088 2109 2117
f 2089 2105 2097
f 2089 2101 2105
f 2090 2119 2106
f 2091 2096 2114
f 2091 2112 2101
f 2091 2595 2112
f 2091 2114 2595
f 2092 3644 2100
f 2092 3169 2111
f 2092 2111 3644
f 2093 2122 2096
f 2093 2108 2122
f 2094 2098 2127
f 2094 2127 2099
f 2095 2110 2113
f 2095 2884 2110
f 2095 3107 2884
f 2096 2122 2114
f 2097 2105 2107
f 2097 2107 2120
f 2097 2120 2884
f 2097 2884 3107
f 2098 2103 3632
f 2098 3632 2127
f 2099 2118 2104
f 2099 2127 2118
f 2100 2115 2102
f 2100 2121 2115
f 2100 2116 2121
f 2100 3644 2116
f 2101 2112 2105
f 2102 2126 2109
f 2102 2115 2126
f 2103 2113 3632
f 2104 2118 3660
f 2104 3625 3621
f 2104 3660 3625
f 2105 2129 2107
f 2105 2112 2129
f 2106 2124 2108
f 2106 2119 2124
f 2107 2128 2120
f 2107 3027 2128
f 2107 2129 3027
f 2108 2124 2122
f 2109 2126 2117
f 2110 2125 2113
f 2110 2884 2120
f 2110 2120 3112
f 2110 3112 2125
f 2111 2123 2116
f 2111 2116 3644
f 2111 3625 2123
f 2111 3169 3625
f 2112 2131 2129
f 2112 2133 2131
f 2112 2595 2133
f 2113 2125 2362
f 2113 2362 3632
f 2114 2122 2385
f 2114 2486 2133
f 2114 2133 2595
f 2114 2385 2413
f 2114 2413 2486
f 2115 2121 2132
f 2115 2139 2126
f 2115 2132 2139
f 2116 2130 2121
f 2116 2123 2130
f 2117 2738 2119
f 2117 2126 2141
f 2117 2141 2455
f 2117 2455 2738
f 2118 2127 2428
f 2118 2428 2498
f 2118 2498 3660
f 2119 2738 2124
f 2120 2128 3112
f 2121 2130 2132
f 2122 2124 2550
f 2122 2550 2385
f 2123 2137 2130
f 2123 2135 2134
f 2123 2134 2137
f 2123 3625 2135
f 2124 2738 2550
f 2125 3112 2144
f 2125 2144 3275
f 2125 2527 2362
f 2125 3275 2527
f 2126 2139 3635
f 2126 3635 2141
f 2127 3632 2428
f 2128 3045 2144
f 2128 2144 3112
f 2128 3027 3045
f 2129 2131 3213
f 2129 3243 3027
f 2129 3213 3243
f 2130 2137 2132
f 2131 2133 3460
f 2131 3268 3213
f 2131 3460 3268
f 2132 2137 2138
f 2132 2138 2139
f 2133 2486 3196
f 2133 3196 3289
f 2133 3289 3460
f 2134 2135 2912
f 2134 3292 2137
f 2134 2912 3292
f 2135 2149 2912
f 2135 3660 2149
f 2135 3625 3660
f 2136 3401 2140
f 2136 2140 3561
f 2136 3268 3537
f 2136 3561 3268
f 2136 3525 3401
f 2136 3537 3525
f 2137 3476 2138
f 2137 3292 3476
f 2138 2146 2139
f 2138 2143 2145
f 2138 3476 2143
f 2138 2145 2146
f 2139 2146 3635
f 2140 3045 3054
f 2140 3065 3045
f 2140 3054 3561
f 2140 3401 3065
f 2141 2347 2455
f 2141 3635 2347
f 2142 3322 2143
f 2142 2143 3476
f 2142 2912 2151
f 2142 2151 3322
f 2142 3292 2912
f 2142 3476 3292
f 2143 3250 2145
f 2143 3322 3250
f 2144 2706 2434
f 2144 2434 3275
f 2144 3045 2706
f 2145 2730 2146
f 2145 2152 3070
f 2145 3250 2152
f 2145 3070 2730
f 2146 2730 3635
f 2147 3422 3191
f 2147 3191 3525
f 2147 3357 3422
f 2147 3578 3357
f 2147 3525 3537
f 2147 3537 3578
f 2148 2753 2328
f 2148 2328 3304
f 2148 2486 2413
f 2148 2413 2596
f 2148 3196 2486
f 2148 2596 2579
f 2148 2579 2762
f 2148 2762 2753
f 2148 3304 3196
f 2149 2339 2443
f 2149 2447 2339
f 2149 2443 2912
f 2149 2498 2447
f 2149 3660 2498
f 2150 2153 2155
f 2150 3488 2153
f 2150 2155 3065
f 2150 3065 3401
f 2150 3401 3191
f 2150 3191 3488
f 2151 2912 2443
f 2151 2443 3554
f 2151 3554 3322
f 2152 3250 2911
f 2152 2911 3293
f 2152 3311 3070
f 2152 3293 3311
f 2153 2495 2155
f 2153 3073 2495
f 2153 3488 3073
f 2154 2156 2714
f 2154 3422 2156
f 2154 2744 2659
f 2154 2659 3073
f 2154 2714 2744
f 2154 3073 3488
f 2154 3488 3422
f 2155 2566 2176
f 2155 2176 2706
f 2155 2495 2566
f 2155 2706 3065
f 2156 2162 2383
f 2156 3202 2162
f 2156 2383 2714
f 2156 3422 3202
f 2157 3117 2898
f 2157 2898 3532
f 2157 3062 3117
f 2157 3355 3062
f 2157 3311 3293
f 2157 3293 3355
f 2157 3532 3311
f 2158 2165 2160
f 2158 2160 2659
f 2158 2383 2165
f 2158 2714 2383
f 2158 2659 2744
f 2158 2744 2714
f 2159 2413 2385
f 2159 2385 2550
f 2159 2596 2413
f 2159 2446 2579
f 2159 2899 2446
f 2159 2550 2899
f 2159 2579 2596
f 2160 2165 2168
f 2160 2168 2566
f 2160 2566 2495
f 2160 2495 2592
f 2160 2592 2659
f 2161 2163 2166
f 2161 3311 2163
f 2161 2166 2730
f 2161 2730 3070
f 2161 3070 3311
f 2162 2177 2169
f 2162 2169 2383
f 2162 2180 2177
f 2162 2762 2180
f 2162 2753 2762
f 2162 3202 2753
f 2163 2171 2166
f 2163 3532 2167
f 2163 2167 3587
f 2163 3587 2171
f 2163 3311 3532
f 2164 2827 2374
f 2164 2374 2894
f 2164 2961 2827
f 2164 2894 3394
f 2164 2993 2961
f 2164 3394 2993
f 2165 3296 2168
f 2165 2383 2169
f 2165 2169 3296
f 2166 2171 2425
f 2166 2425 2419
f 2166 2419 2730
f 2167 2898 2173
f 2167 2173 3419
f 2167 3532 2898
f 2167 3419 3587
f 2168 2181 2819
f 2168 3296 2181
f 2168 2819 2566
f 2169 2177 3300
f 2169 2181 3296
f 2169 3300 2181
f 2170 2282 2434
f 2170 2959 2282
f 2170 2434 2706
f 2170 2706 2459
f 2170 2459 2922
f 2170 2922 2862
f 2170 2862 2959
f 2171 2201 2639
f 2171 3317 2201
f 2171 2639 2425
f 2171 3587 3317
f 2172 2185 2191
f 2172 2878 2185
f 2172 2191 2187
f 2172 2187 3317
f 2172 3419 2878
f 2172 3317 3419
f 2173 2175 2878
f 2173 2898 2175
f 2173 2878 3419
f 2174 2175 2851
f 2174 3217 2175
f 2174 2339 2473
f 2174 3086 2339
f 2174 2473 2702
f 2174 2702 3217
f 2174 2851 3598
f 2174 3598 3086
f 2175 3117 2851
f 2175 3217 2878
f 2175 2898 3117
f 2176 2566 2179
f 2176 2179 2771
f 2176 2589 2459
f 2176 2459 2706
f 2176 2891 2589
f 2176 2771 2891
f 2177 2180 2789
f 2177 2789 3559
f 2177 3559 3300
f 2178 2179 2819
f 2178 3032 2179
f 2178 2190 3032
f 2178 3103 2190
f 2178 2819 3103
f 2179 2193 2771
f 2179 3032 2193
f 2179 2566 2819
f 2180 2762 2182
f 2180 2182 3150
f 2180 2231 2789
f 2180 2901 2231
f 2180 3150 2901
f 2181 3103 2819
f 2181 3559 3103
f 2181 3300 3559
f 2182 2762 2579
f 2182 2579 2808
f 2182 2808 3099
f 2182 3099 3150
f 2183 2209 2190
f 2183 2190 3103
f 2183 2789 2209
f 2183 3559 2789
f 2183 3103 3559
f 2184 3004 2196
f 2184 2196 3494
f 2184 2347 2419
f 2184 3136 2347
f 2184 2419 2425
f 2184 2425 2639
f 2184 2639 3004
f 2184 3494 3136
f 2185 2207 2191
f 2185 2327 2207
f 2185 3217 2327
f 2185 2878 3217
f 2186 3186 2194
f 2186 2194 3327
f 2186 2729 2512
f 2186 2512 3403
f 2186 3327 2729
f 2186 3403 3186
f 2187 2191 2211
f 2187 2336 2201
f 2187 2201 3317
f 2187 2211 2336
f 2188 3187 2870
f 2188 2870 3188
f 2188 2894 3187
f 2188 3394 2894
f 2188 2993 3394
f 2188 3509 2993
f 2188 3188 3509
f 2189 2899 2700
f 2189 2700 3096
f 2189 3208 2899
f 2189 3096 3211
f 2189 3178 3208
f 2189 3211 3178
f 2190 2209 3465
f 2190 2212 3032
f 2190 3465 2212
f 2191 2207 2229
f 2191 2229 2211
f 2192 3241 2210
f 2192 2210 3393
f 2192 2558 2959
f 2192 3187 2558
f 2192 2784 2870
f 2192 3393 2784
f 2192 2870 3187
f 2192 2959 3241
f 2193 2226 2258
f 2193 3032 2226
f 2193 2258 2259
f 2193 2259 2823
f 2193 2823 2771
f 2194 2198 2707
f 2194 3116 2198
f 2194 2203 3116
f 2194 3186 2203
f 2194 2707 2895
f 2194 2895 3327
f 2195 2969 2205
f 2195 2205 3055
f 2195 3247 2969
f 2195 3055 3206
f 2195 3206 3485
f 2195 3211 3247
f 2195 3485 3211
f 2196 3004 3133
f 2196 3133 3414
f 2196 3414 3148
f 2196 3148 3494
f 2197 2219 2766
f 2197 3366 2219
f 2197 2554 2446
f 2197 2446 3042
f 2197 2766 2554
f 2197 3042 3089
f 2197 3089 3366
f 2198 2689 2205
f 2198 2205 2707
f 2198 3656 2689
f 2198 3116 3656
f 2199 2465 3057
f 2199 3306 2465
f 2199 3057 2880
f 2199 2880 3502
f 2199 3631 3306
f 2199 3502 3631
f 2200 2208 3206
f 2200 3393 2208
f 2200 2870 2784
f 2200 2784 3393
f 2200 3188 2870
f 2200 3120 3188
f 2200 3206 3120
f 2201 2336 2223
f 2201 2223 2719
f 2201 2719 2639
f 2202 2845 2203
f 2202 2203 3186
f 2202 2422 3313
f 2202 3403 2422
f 2202 3313 2845
f 2202 3186 3403
f 2203 2845 2206
f 2203 2206 3118
f 2203 3656 3116
f 2203 3118 3656
f 2204 2208 3056
f 2204 3244 2208
f 2204 3056 2214
f 2204 2214 3366
f 2204 3089 2669
f 2204 2669 3178
f 2204 3366 3089
f 2204 3178 3244
f 2205 2689 3120
f 2205 2969 2707
f 2205 3120 3055
f 2206 2845 3502
f 2206 2880 3297
f 2206 3502 2880
f 2206 3297 3118
f 2207 2327 2222
f 2207 2222 2372
f 2207 2236 2229
f 2207 2372 2236
f 2208 3393 3056
f 2208 3244 3206
f 2209 2250 2220
f 2209 2220 3465
f 2209 2231 2250
f 2209 2789 2231
f 2210 2965 2214
f 2210 2214 3056
f 2210 3241 2965
f 2210 3056 3393
f 2211 2229 2238
f 2211 2238 3235
f 2211 3235 2336
f 2212 2220 2226
f 2212 3465 2220
f 2212 2226 3032
f 2213 2217 2926
f 2213 3306 2217
f 2213 2339 2465
f 2213 2473 2339
f 2213 2465 3306
f 2213 2631 2473
f 2213 2926 2631
f 2214 2965 2225
f 2214 2225 3366
f 2215 3407 3185
f 2215 3185 3631
f 2215 3265 3334
f 2215 3631 3265
f 2215 3334 3407
f 2216 2914 3148
f 2216 3310 2914
f 2216 3148 3414
f 2216 3197 3310
f 2216 3574 3197
f 2216 3414 3574
f 2217 3574 2926
f 2217 3306 3185
f 2217 3185 3407
f 2217 3407 3197
f 2217 3197 3574
f 2218 2244 2233
f 2218 2233 2862
f 2218 3321 2244
f 2218 2459 2589
f 2218 2922 2459
f 2218 2589 3321
f 2218 2862 2922
f 2219 2225 2524
f 2219 3366 2225
f 2219 2524 2237
f 2219 2237 2766
f 2220 2255 2226
f 2220 2250 2257
f 2220 2257 2255
f 2221 2233 2225
f 2221 2225 2965
f 2221 2862 2233
f 2221 2965 2862
f 2222 2224 2242
f 2222 3217 2224
f 2222 2242 2248
f 2222 2248 2372
f 2222 2327 3217
f 2223 2245 2243
f 2223 2243 2719
f 2223 3235 2245
f 2223 2336 3235
f 2224 2235 2242
f 2224 3437 2235
f 2224 2473 2631
f 2224 2702 2473
f 2224 2631 3437
f 2224 3217 2702
f 2225 2233 2524
f 2226 2255 2258
f 2227 2237 2246
f 2227 2766 2237
f 2227 2246 3138
f 2227 2808 2766
f 2227 3099 2808
f 2227 3138 3099
f 2228 2230 2926
f 2228 3343 2230
f 2228 2926 3647
f 2228 3647 3343
f 2229 2236 2241
f 2229 2241 2238
f 2230 3343 2234
f 2230 2234 3437
f 2230 2631 2926
f 2230 3437 2631
f 2231 2254 2250
f 2231 2262 2254
f 2231 2901 2262
f 2232 3227 2240
f 2232 2240 3343
f 2232 3133 2678
f 2232 2678 3227
f 2232 3590 3133
f 2232 3343 3590
f 2233 2244 2524
f 2234 2240 2235
f 2234 2235 3437
f 2234 3343 2240
f 2235 2240 2249
f 2235 2249 2242
f 2236 2239 2241
f 2236 2372 2239
f 2237 3482 2246
f 2237 2524 3482
f 2238 2241 2247
f 2238 2247 2562
f 2238 2562 3235
f 2239 2247 2241
f 2239 2251 2247
f 2239 2248 2251
f 2239 2372 2248
f 2240 3227 2249
f 2242 2571 2248
f 2242 2249 2571
f 2243 2245 2571
f 2243 2571 2249
f 2243 2249 3227
f 2243 3227 2719
f 2244 3432 2253
f 2244 2253 3482
f 2244 3482 2524
f 2244 3321 3432
f 2245 2251 2571
f 2245 2588 2251
f 2245 2562 2588
f 2245 3235 2562
f 2246 2253 2256
f 2246 3482 2253
f 2246 2256 3138
f 2247 2251 2588
f 2247 2588 2562
f 2248 2571 2251
f 2250 2254 2260
f 2250 2260 2257
f 2252 3138 2256
f 2252 2256 3295
f 2252 3010 2901
f 2252 2901 3150
f 2252 3037 3010
f 2252 3295 3037
f 2252 3150 3138
f 2253 3370 2256
f 2253 2647 3370
f 2253 3432 2647
f 2254 2268 2260
f 2254 2262 2268
f 2255 2257 2264
f 2255 2269 2258
f 2255 2264 2269
f 2256 2261 3295
f 2256 3370 2261
f 2257 2260 2266
f 2257 2266 2264
f 2258 2272 2259
f 2258 2269 2270
f 2258 2270 2272
f 2259 2272 3281
f 2259 3052 2823
f 2259 3281 3052
f 2260 2268 2266
f 2261 2263 2935
f 2261 2957 2263
f 2261 2647 2957
f 2261 3370 2647
f 2261 2935 3037
f 2261 3037 3295
f 2262 3010 2267
f 2262 2267 3137
f 2262 2274 2268
f 2262 3137 2274
f 2262 2901 3010
f 2263 2265 2935
f 2263 3052 2265
f 2263 2891 2823
f 2263 2823 3052
f 2263 2957 2891
f 2264 2266 2273
f 2264 2273 2269
f 2265 2271 2935
f 2265 3281 2271
f 2265 3052 3281
f 2266 2268 2273
f 2267 2271 3143
f 2267 3519 2271
f 2267 3010 3519
f 2267 3143 3137
f 2268 2274 2273
f 2269 2273 2270
f 2270 2275 2272
f 2270 2273 2275
f 2271 3519 2935
f 2271 3281 3143
f 2272 2275 3143
f 2272 3143 3281
f 2273 2274 2275
f 2274 3137 2275
f 2275 3137 3143
f 2282 2362 2527
f 2282 3632 2362
f 2282 2527 2434
f 2282 2558 2598
f 2282 2959 2558
f 2282 2598 3632
f 2284 3078 2569
f 2284 2798 2777
f 2284 2777 3135
f 2284 3135 3472
f 2286 2432 2460
f 2286 3129 2432
f 2286 2457 3129
f 2286 2460 2960
f 2289 3406 2290
f 2289 2290 3474
f 2289 3229 2816
f 2289 3474 3229
f 2290 3125 3474
f 2290 3576 3125
f 2293 2295 2484
f 2293 2493 2295
f 2293 2430 2493
f 2293 2820 2430
f 2293 2484 2820
f 2295 2301 2296
f 2295 2296 2302
f 2295 2493 2301
f 2295 2302 2484
f 2296 2301 2340
f 2296 2322 2302
f 2296 2338 2322
f 2296 2340 2338
f 2297 2302 2322
f 2297 2484 2302
f 2297 2322 2306
f 2298 2301 2323
f 2298 2340 2301
f 2298 2323 2767
f 2298 2354 2340
f 2298 2767 2354
f 2299 2353 2424
f 2300 2883 3617
f 2301 2493 2323
f 2303 2400 2309
f 2303 2309 2448
f 2303 2318 2400
f 2303 2448 2335
f 2304 2538 2312
f 2305 2306 2325
f 2305 2400 2306
f 2305 2331 2309
f 2305 2309 2400
f 2305 2325 2331
f 2306 2400 2318
f 2306 2322 2329
f 2306 2329 2325
f 2307 2309 2331
f 2307 2442 2309
f 2307 2315 2442
f 2307 2767 2315
f 2307 2331 2767
f 2309 2442 2448
f 2310 2493 2430
f 2310 2430 2703
f 2310 2448 2442
f 2310 2703 2448
f 2311 2653 2337
f 2315 2767 2358
f 2319 2421 3104
f 2319 3104 2670
f 2319 2670 3128
f 2321 2803 3237
f 2321 3237 3379
f 2322 2338 2329
f 2323 2358 2767
f 2324 2859 2500
f 2326 3072 2344
f 2328 2753 3202
f 2328 3059 3289
f 2328 3578 3059
f 2328 3202 3357
f 2328 3289 3304
f 2328 3357 3578
f 2330 2736 2711
f 2331 2354 2767
f 2332 2415 2333
f 2332 2517 2415
f 2334 2533 2410
f 2334 2410 2561
f 2334 2501 2417
f 2334 2417 2533
f 2334 2561 2501
f 2339 3086 2443
f 2339 2447 2465
f 2341 2380 2440
f 2344 2509 2576
f 2344 3072 2509
f 2345 2679 2407
f 2346 2606 2469
f 2346 2469 2617
f 2347 2382 2455
f 2347 3299 2382
f 2347 3635 2419
f 2347 3136 2857
f 2347 2857 3299
f 2352 2649 2887
f 2352 2887 2701
f 2353 3629 2424
f 2359 3015 2440
f 2364 2919 2856
f 2364 2856 3371
f 2364 3371 3427
f 2366 3324 2531
f 2366 2709 3323
f 2366 2842 3324
f 2366 3390 2842
f 2366 3323 3390
f 2367 2546 2483
f 2367 2483 2638
f 2367 2928 2546
f 2367 2638 2616
f 2369 2791 2511
f 2370 2577 2915
f 2370 2934 2587
f 2370 2915 2934
f 2374 2827 2428
f 2374 2428 3632
f 2374 2598 2894
f 2374 3632 2598
f 2376 2420 2411
f 2376 3583 2633
f 2376 2998 3583
f 2377 3039 2567
f 2381 2467 3090
f 2382 2422 2512
f 2382 3299 2422
f 2382 2512 2455
f 2384 2394 3000
f 2384 3652 2394
f 2388 2517 2492
f 2389 2760 2469
f 2389 2549 2760
f 2390 2783 2556
f 2395 2829 2621
f 2397 2785 2623
f 2397 2623 2937
f 2397 2937 3205
f 2397 3205 3149
f 2407 2643 2709
f 2407 2710 2643
f 2407 2679 2710
f 2408 2728 2462
f 2408 2462 3024
f 2408 2666 2537
f 2409 3620 2479
f 2409 2668 3209
f 2409 2979 3620
f 2411 2804 2467
f 2414 2693 2999
f 2415 2517 2621
f 2417 2733 2533
f 2417 3066 2733
f 2418 2681 2764
f 2419 3635 2730
f 2421 2716 3526
f 2421 3526 3104
f 2422 3403 2512
f 2422 3299 3313
f 2424 2557 2484
f 2424 3629 2557
f 2427 2605 2452
f 2427 2452 2618
f 2427 2618 2585
f 2427 2913 3565
f 2428 2575 2498
f 2428 2827 2575
f 2429 2843 2779
f 2431 2828 2654
f 2432 3129 2437
f 2433 3044 3132
f 2434 2527 3275
f 2438 2617 2469
f 2438 2469 2760
f 2438 2713 2617
f 2438 2749 2713
f 2438 2760 2749
f 2439 3325 2523
f 2439 2816 2677
f 2439 2788 3325
f 2440 3015 2504
f 2441 2688 3041
f 2441 3041 3391
f 2443 3086 3554
f 2445 2752 2688
f 2445 3170 2752
f 2445 2850 2875
f 2445 2875 2946
f 2445 2946 3170
f 2446 2554 2579
f 2446 2899 3042
f 2447 3057 2465
f 2447 2498 2575
f 2447 2575 2799
f 2447 2799 3057
f 2450 3507 2599
f 2450 2981 3507
f 2452 2632 3085
f 2453 2822 3600
f 2455 2512 2729
f 2455 2729 2738
f 2458 2711 3527
f 2458 3527 3183
f 2461 2481 2580
f 2461 2623 2481
f 2461 2704 2623
f 2462 2809 2663
f 2462 2663 2864
f 2462 2728 2809
f 2462 2864 3094
f 2462 3094 3024
f 2467 2804 2477
f 2467 2477 3090
f 2468 2545 2917
f 2469 2606 2607
f 2471 2620 2694
f 2476 3222 2586
f 2476 2670 3104
f 2477 2804 2797
f 2478 2563 3507
f 2478 3507 2981
f 2480 2516 2722
f 2480 3162 2516
f 2480 3436 3162
f 2481 2889 2580
f 2481 2623 2785
f 2483 2546 2794
f 2488 2777 2798
f 2488 3287 2777
f 2495 3073 2592
f 2497 2573 2889
f 2497 2889 2773
f 2501 2948 2604
f 2506 2743 2612
f 2506 3106 2743
f 2508 3344 3667
f 2509 2909 2576
f 2509 2672 2742
f 2509 3072 2672
f 2509 2742 2909
f 2513 2514 2854
f 2514 2644 2854
f 2515 2811 3212
f 2516 2726 2634
f 2516 2634 3026
f 2516 2812 2722
f 2516 2772 2726
f 2516 2740 2812
f 2516 3026 2740
f 2516 3162 2772
f 2521 2617 2761
f 2522 2597 2591
f 2522 2591 2733
f 2522 2733 3066
f 2523 2800 2531
f 2529 3457 2731
f 2531 3324 2650
f 2536 2615 2645
f 2536 2645 2701
f 2536 2887 2649
f 2536 2649 2903
f 2536 2701 2887
f 2537 2817 2597
f 2537 2666 2817
f 2539 3114 2698
f 2543 2877 2741
f 2543 2896 2877
f 2544 2737 3487
f 2544 3575 2737
f 2544 3487 2968
f 2544 3507 3575
f 2545 2868 3423
f 2545 3604 2917
f 2545 3423 3604
f 2546 2928 2971
f 2547 2864 2663
f 2547 2663 2876
f 2547 2832 2776
f 2547 2776 2864
f 2547 3141 2832
f 2547 2876 3141
f 2548 2885 2670
f 2548 3183 2885
f 2550 2738 2614
f 2550 2614 2899
f 2551 3362 3201
f 2552 3307 3084
f 2553 2953 2960
f 2554 2808 2579
f 2554 2766 2808
f 2558 3187 2598
f 2563 3277 3664
f 2563 3664 3507
f 2565 2814 2734
f 2565 2818 2814
f 2569 3068 2622
f 2573 2629 2889
f 2574 2599 2860
f 2574 2860 2867
f 2575 3297 2799
f 2575 2827 2961
f 2575 2961 3297
f 2576 2909 3036
f 2577 3146 2915
f 2578 2764 2681
f 2580 2889 2629
f 2581 2920 3651
f 2581 3651 3048
f 2585 2618 2830
f 2585 2680 2679
f 2585 2830 2680
f 2587 3396 2610
f 2589 2891 3321
f 2591 2597 2817
f 2592 3073 2659
f 2594 3487 2737
f 2594 2737 3575
f 2594 3344 3487
f 2594 3667 3344
f 2594 3575 3664
f 2594 3664 3667
f 2598 3187 2894
f 2609 2962 2720
f 2612 2743 3003
f 2614 2700 2899
f 2614 3182 2700
f 2614 2738 2729
f 2614 2729 2938
f 2614 2938 3182
f 2615 2723 2645
f 2617 2713 2761
f 2620 2724 2694
f 2620 3167 2724
f 2622 2671 3031
f 2622 3068 2671
f 2623 2704 2958
f 2623 2958 2937
f 2625 3424 2660
f 2632 2929 3084
f 2632 3084 3307
f 2634 2815 3026
f 2634 3256 2815
f 2637 3020 2834
f 2639 2719 2678
f 2639 2678 3004
f 2640 2652 3648
f 2640 2671 2801
f 2640 3648 2671
f 2640 2801 2846
f 2641 2824 2995
f 2641 3147 2824
f 2643 3323 2709
f 2643 2710 3262
f 2643 2869 3323
f 2643 3567 2869
f 2644 3260 2854
f 2644 2932 3260
f 2645 2723 2675
f 2645 2675 2943
f 2647 2891 2957
f 2647 3321 2891
f 2647 3432 3321
f 2650 3324 2941
f 2651 2989 3100
f 2651 3466 3189
f 2652 2952 3648
f 2654 2828 3001
f 2654 3001 3405
f 2655 2835 2890
f 2656 3643 2658
f 2657 2754 2756
f 2660 3424 2676
f 2662 3602 3455
f 2663 2950 2876
f 2664 3600 2822
f 2667 3075 3018
f 2667 3018 3115
f 2667 3115 3033
f 2667 3486 3075
f 2668 2867 2860
f 2668 2860 2968
f 2668 2968 3209
f 2669 3089 3042
f 2669 3042 3208
f 2669 3208 3178
f 2670 2885 3128
f 2671 3068 2801
f 2671 3648 3031
f 2672 2675 2742
f 2672 3658 2675
f 2672 3072 3658
f 2675 2723 2742
f 2675 3364 2943
f 2675 3658 3364
f 2676 2854 3260
f 2678 2719 3227
f 2678 3133 3004
f 2685 3269 3108
f 2689 2993 3509
f 2689 3656 2993
f 2689 3509 3120
f 2692 2739 2756
f 2692 3132 2739
f 2697 3093 2949
f 2700 3182 3096
f 2706 3045 3065
f 2707 3247 2895
f 2707 2969 3247
f 2711 2736 3527
f 2713 2749 3121
f 2720 2856 2951
f 2720 3371 2856
f 2720 2962 3371
f 2726 2772 3207
f 2726 3207 2966
f 2729 3327 2938
f 2732 3123 3035
f 2732 3121 3123
f 2736 3544 3527
f 2740 3341 2812
f 2740 3026 3257
f 2746 3160 3616
f 2751 2846 3408
f 2751 3408 3134
f 2752 3170 2927
f 2754 3011 2756
f 2755 2966 3541
f 2763 2932 2955
f 2763 2996 2932
f 2763 2955 3669
f 2763 3218 2996
f 2763 3404 3218
f 2763 3669 3404
f 2765 3135 3157
f 2765 3472 3135
f 2765 3157 3567
f 2769 2775 3017
f 2769 3017 3085
f 2771 2823 2891
f 2772 3162 3126
f 2777 3473 3135
f 2777 3287 3473
f 2779 2843 3088
f 2780 3088 2843
f 2780 2947 3285
f 2781 3194 3043
f 2788 2933 2836
f 2788 2836 3325
f 2790 2958 2874
f 2790 2874 3586
f 2790 2937 2958
f 2790 3586 2937
f 2791 2992 2944
f 2792 3033 3115
f 2792 3280 3033
f 2792 3115 3215
f 2792 3215 3230
f 2792 3230 3280
f 2793 3108 3538
f 2796 3638 2905
f 2797 2804 2806
f 2799 2880 3057
f 2799 3297 2880
f 2801 3386 2846
f 2801 3068 3002
f 2811 2866 3212
f 2812 3341 3064
f 2815 3257 3026
f 2824 3007 2995
f 2824 3147 3495
f 2825 3167 3000
f 2828 3339 3001
f 2833 2940 2861
f 2833 2861 3506
f 2833 2897 2940
f 2839 3385 2975
f 2839 3184 3385
f 2841 3605 3063
f 2842 2941 3324
f 2842 3177 3142
f 2842 3390 3177
f 2845 3313 3265
f 2845 3265 3502
f 2846 3386 3408
f 2848 3376 2868
f 2848 3156 3376
f 2851 3117 3598
f 2855 3212 2866
f 2856 2919 2951
f 2857 3136 2914
f 2857 2914 3310
f 2857 3334 3299
f 2857 3310 3334
f 2861 3361 3506
f 2862 3241 2959
f 2862 2965 3241
f 2868 3376 3423
f 2869 3567 3157
f 2871 3090 3174
f 2871 3174 3142
f 2871 3142 3177
f 2871 3177 3512
f 2872 3388 3278
f 2874 3134 2925
f 2874 2925 3385
f 2874 2958 3134
f 2874 3385 3586
f 2876 3308 3141
f 2881 2996 2972
f 2881 2976 2996
f 2883 3633 2888
f 2885 3012 2990
f 2885 2990 3309
f 2885 3309 3128
f 2895 3182 2938
f 2895 2938 3327
f 2895 3247 3182
f 2897 3288 2940
f 2899 3208 3042
f 2903 3034 3082
f 2907 3077 3283
f 2907 3510 3077
f 2907 3283 3172
f 2907 3172 3400
f 2907 3400 3345
f 2907 3345 3510
f 2909 3427 3371
f 2911 3250 3322
f 2911 3355 3293
f 2911 3322 3554
f 2911 3554 3355
f 2914 3136 3494
f 2914 3494 3148
f 2915 3146 2934
f 2925 2975 3385
f 2925 3408 2975
f 2925 3134 3408
f 2926 3574 3647
f 2931 3477 3468
f 2932 2996 2976
f 2932 2976 3260
f 2935 3519 3037
f 2943 3364 3038
f 2945 3023 3421
f 2945 3421 3144
f 2945 3144 3486
f 2949 2964 2963
f 2949 2963 3083
f 2949 3093 2964
f 2952 3080 3648
f 2961 2993 3297
f 2963 3238 3083
f 2968 3487 3209
f 2972 2996 3283
f 2972 3283 3200
f 2975 3408 3386
f 2977 2986 2991
f 2978 3030 3347
f 2978 3450 3030
f 2978 3347 3139
f 2978 3351 3450
f 2989 3373 3100
f 2989 3454 3236
f 2990 3012 3069
f 2990 3471 3309
f 2993 3656 3297
f 2995 3007 3028
f 2995 3028 3374
f 2995 3374 3234
f 2996 3218 3433
f 2996 3433 3283
f 3001 3046 3352
f 3001 3352 3405
f 3002 3022 3616
f 3009 3433 3218
f 3010 3037 3519
f 3012 3215 3069
f 3012 3230 3215
f 3012 3337 3230
f 3013 3518 3109
f 3018 3098 3215
f 3018 3346 3098
f 3018 3215 3115
f 3021 3290 3092
f 3023 3164 3363
f 3023 3363 3421
f 3024 3284 3240
f 3027 3054 3045
f 3027 3243 3054
f 3035 3123 3175
f 3038 3364 3658
f 3043 3194 3389
f 3043 3389 3290
f 3054 3243 3213
f 3054 3213 3561
f 3055 3120 3206
f 3059 3268 3460
f 3059 3537 3268
f 3059 3460 3289
f 3059 3578 3537
f 3062 3598 3117
f 3062 3355 3598
f 3069 3215 3098
f 3075 3144 3421
f 3075 3486 3144
f 3077 3539 3283
f 3086 3355 3554
f 3086 3598 3355
f 3092 3290 3503
f 3092 3503 3480
f 3095 3234 3163
f 3096 3182 3247
f 3096 3247 3211
f 3097 3666 3582
f 3098 3346 3571
f 3099 3138 3150
f 3108 3269 3538
f 3118 3297 3656
f 3120 3509 3188
f 3122 3153 3389
f 3122 3524 3153
f 3122 3389 3194
f 3122 3270 3524
f 3125 3245 3474
f 3125 3576 3330
f 3128 3309 3551
f 3131 3221 3528
f 3131 3528 3262
f 3133 3590 3414
f 3135 3473 3157
f 3140 3152 3591
f 3140 3273 3239
f 3140 3591 3415
f 3145 3510 3345
f 3149 3205 3316
f 3153 3503 3389
f 3155 3349 3312
f 3155 3312 3613
f 3156 3547 3376
f 3163 3234 3563
f 3163 3563 3415
f 3169 3621 3625
f 3178 3211 3244
f 3181 3382 3552
f 3184 3586 3385
f 3185 3306 3631
f 3189 3466 3481
f 3191 3401 3525
f 3191 3422 3488
f 3196 3304 3289
f 3197 3407 3310
f 3198 3627 3228
f 3200 3283 3539
f 3201 3362 3459
f 3201 3459 3431
f 3202 3422 3357
f 3206 3244 3485
f 3211 3485 3244
f 3213 3268 3561
f 3221 3417 3528
f 3229 3474 3246
f 3231 3239 3348
f 3234 3374 3563
f 3238 3430 3251
f 3239 3273 3348
f 3245 3246 3474
f 3265 3313 3334
f 3265 3631 3502
f 3270 3498 3524
f 3277 3667 3664
f 3278 3388 3637
f 3279 3479 3564
f 3290 3389 3503
f 3299 3334 3313
f 3309 3515 3551
f 3310 3407 3334
f 3317 3587 3419
f 3343 3414 3590
f 3343 3647 3414
f 3361 3530 3506
f 3376 3547 3423
f 3414 3647 3574
f 3423 3547 3604
f 3467 3608 3550
f 3490 3582 3668
f 3505 3571 3581
f 3507 3664 3575
f 3522 3601 3568
f 3543 3584 3549
f 3582 3666 3668
f 3594 3668 3665
f 3665 3668 3666
