solid /Users/dianne/Desktop/MIT/Graphics_final_project/fast_cody/outputs/converted/20251121_121348/model.msh__tracked_surface.stl
facet normal 0 0 0
outer loop
vertex 3.851185e-03 7.809059e-02 -5.899568e-01
vertex 5.269979e-02 8.936985e-02 -5.473050e-01
vertex 7.466914e-02 5.592743e-02 -5.848485e-01
endloop
endfacet
facet normal 0 0 0
outer loop
vertex 5.573682e-01 2.496679e-02 -3.993858e-01
vertex 5.457958e-01 2.487334e-02 -4.428243e-01
vertex 4.938426e-01 2.726902e-02 -4.004337e-01
endloop
endfacet
facet normal 0 0 0
outer loop
vertex -1.402064e-01 1.158475e-01 -4.144980e-02
vertex -1.452160e-01 1.037845e-01 -5.116480e-02
vertex -1.272400e-01 1.184562e-01 -5.720800e-02
endloop
endfacet
facet normal 0 0 0
outer loop
vertex -1.670879e-01 9.933781e-02 -5.902413e-01
vertex -1.132135e-01 1.088700e-01 -5.649886e-01
vertex -9.912863e-02 8.480985e-02 -6.099519e-01
endloop
endfacet
facet normal 0 0 0
outer loop
vertex -5.024725e-01 9.419785e-02 -3.535594e-01
vertex -4.863220e-01 1.012065e-01 -3.829989e-01
vertex -5.329396e-01 7.797696e-02 -3.673297e-01
endloop
endfacet
facet normal 0 0 0
outer loop
vertex -1.466911e-01 1.343842e-01 -6.657502e-02
vertex -1.422253e-01 1.199535e-01 -1.059774e-01
vertex -1.703844e-01 1.201916e-01 -7.667733e-02
endloop
endfacet
facet normal 0 0 0
outer loop
vertex -7.881861e-02 1.664333e-01 -3.197713e-03
vertex -9.407000e-02 1.507793e-01 -3.183990e-03
vertex -7.680497e-02 1.588763e-01 -1.536905e-05
endloop
endfacet
facet normal 0 0 0
outer loop
vertex -1.272400e-01 1.184562e-01 -5.720800e-02
vertex -1.452160e-01 1.037845e-01 -5.116480e-02
vertex -1.253121e-01 1.060558e-01 -6.971275e-02
endloop
endfacet
facet normal 0 0 0
outer loop
vertex 2.004817e-03 -1.340489e-01 -3.114373e-01
vertex -3.975449e-02 -1.413181e-01 -3.531775e-01
vertex 7.890275e-03 -1.347988e-01 -3.543745e-01
endloop
endfacet
facet normal 0 0 0
outer loop
vertex -1.954288e-01 1.602084e-02 -6.514161e-01
vertex -2.268491e-01 -2.505427e-04 -6.484461e-01
vertex -2.243186e-01 3.878608e-02 -6.428228e-01
endloop
endfacet
facet normal 0 0 0
outer loop
vertex -1.727532e-01 9.684478e-02 -1.588179e-01
vertex -1.766673e-01 1.013933e-01 -1.223931e-01
vertex -1.422253e-01 1.199535e-01 -1.059774e-01
endloop
endfacet
facet normal 0 0 0
outer loop
vertex 3.311571e-01 -1.263316e-02 -1.579631e-01
vertex 3.349574e-01 -1.814935e-03 -1.996513e-01
vertex 3.413586e-01 -1.076521e-03 -1.534560e-01
endloop
endfacet
facet normal 0 0 0
outer loop
vertex -3.947003e-01 1.575826e-01 -4.010811e-01
vertex -4.200439e-01 1.481875e-01 -4.274134e-01
vertex -4.162042e-01 1.466619e-01 -3.936371e-01
endloop
endfacet
facet normal 0 0 0
outer loop
vertex -2.045871e-01 -1.179396e-01 -2.833137e-02
vertex -1.976690e-01 -1.187956e-01 -1.754099e-02
vertex -2.109896e-01 -1.032181e-01 -2.970819e-02
endloop
endfacet
facet normal 0 0 0
outer loop
vertex -1.883893e-02 -1.273589e-01 -2.574810e-01
vertex -6.532016e-02 -1.416729e-01 -2.956766e-01
vertex 2.004817e-03 -1.340489e-01 -3.114373e-01
endloop
endfacet
facet normal 0 0 0
outer loop
vertex -1.376917e-01 1.375887e-01 -2.583336e-02
vertex -1.402064e-01 1.158475e-01 -4.144980e-02
vertex -1.272400e-01 1.184562e-01 -5.720800e-02
endloop
endfacet
facet normal 0 0 0
outer loop
vertex -1.095288e-01 1.739060e-01 -3.017520e-01
vertex -1.300917e-01 1.714036e-01 -3.777878e-01
vertex -1.691780e-01 1.598484e-01 -3.414045e-01
endloop
endfacet
facet normal 0 0 0
outer loop
vertex 1.745977e-01 -1.469713e-03 -6.857406e-02
vertex 2.003500e-01 8.914508e-03 -7.772366e-02
vertex 1.658556e-01 9.587741e-03 -8.694788e-02
endloop
endfacet
facet normal 0 0 0
outer loop
vertex -4.136908e-01 1.233165e-01 -3.708707e-01
vertex -3.946885e-01 1.429931e-01 -3.770261e-01
vertex -4.162042e-01 1.466619e-01 -3.936371e-01
endloop
endfacet
facet normal 0 0 0
outer loop
vertex -2.213505e-01 1.026421e-01 -6.121565e-02
vertex -2.267520e-01 9.527473e-02 -8.194911e-02
vertex -2.210086e-01 8.543000e-02 -6.911625e-02
endloop
endfacet
facet normal 0 0 0
outer loop
vertex 3.962775e-01 -1.964689e-02 -2.319573e-01
vertex 4.116378e-01 -2.796207e-02 -2.694747e-01
vertex 4.311918e-01 -2.104087e-02 -1.968537e-01
endloop
endfacet
facet normal 0 0 0
outer loop
vertex -2.252482e-01 8.252832e-02 -1.289417e-01
vertex -1.933785e-01 8.130235e-02 -1.353386e-01
vertex -2.214299e-01 7.780819e-02 -1.527371e-01
endloop
endfacet
facet normal 0 0 0
outer loop
vertex 1.037403e-01 -1.210846e-02 -1.183863e-01
vertex 9.955400e-02 -1.041410e-03 -1.039500e-01
vertex 7.945700e-02 -9.208500e-04 -1.217460e-01
endloop
endfacet
facet normal 0 0 0
outer loop
vertex -9.147585e-02 1.670156e-01 -4.024820e-01
vertex -9.459400e-02 1.803810e-01 -4.000790e-01
vertex -6.744300e-02 1.849663e-01 -4.132120e-01
endloop
endfacet
facet normal 0 0 0
outer loop
vertex 1.094378e-01 1.155177e-01 -3.294223e-01
vertex 8.873849e-02 1.196447e-01 -3.775772e-01
vertex 6.101849e-02 1.234493e-01 -3.190909e-01
endloop
endfacet
facet normal 0 0 0
outer loop
vertex -8.384880e-02 1.745421e-01 -2.503051e-01
vertex -1.095288e-01 1.739060e-01 -3.017520e-01
vertex -1.412374e-01 1.549716e-01 -2.415625e-01
endloop
endfacet
facet normal 0 0 0
outer loop
vertex 1.901700e-01 -2.808746e-02 -5.937757e-01
vertex 1.659572e-01 -1.096096e-02 -6.228259e-01
vertex 2.071400e-01 -1.714735e-02 -6.322219e-01
endloop
endfacet
facet normal 0 0 0
outer loop
vertex 6.070321e-02 1.966361e-01 -3.021946e-01
vertex 3.286200e-02 2.005692e-01 -3.244757e-01
vertex 3.675225e-02 1.972662e-01 -2.911557e-01
endloop
endfacet
facet normal 0 0 0
outer loop
vertex -2.406384e-01 1.298118e-01 -2.410652e-01
vertex -2.892718e-01 1.371456e-01 -2.789706e-01
vertex -3.219658e-01 1.159242e-01 -2.301420e-01
endloop
endfacet
facet normal 0 0 0
outer loop
vertex -7.372230e-02 6.224901e-02 -1.464099e-01
vertex -8.691709e-02 9.333092e-02 -1.740494e-01
vertex -1.023044e-01 8.148293e-02 -1.462527e-01
endloop
endfacet
facet normal 0 0 0
outer loop
vertex 3.829900e-01 -1.870444e-02 -4.395432e-01
vertex 3.718612e-01 -2.802488e-02 -3.853892e-01
vertex 3.513650e-01 -1.985539e-02 -4.220860e-01
endloop
endfacet
facet normal 0 0 0
outer loop
vertex -7.025218e-02 -1.558666e-01 -1.946300e-01
vertex -3.602100e-02 -1.613993e-01 -1.889670e-01
vertex -5.163012e-02 -1.550463e-01 -2.261431e-01
endloop
endfacet
facet normal 0 0 0
outer loop
vertex -1.454683e-01 -1.098117e-01 -4.240586e-02
vertex -1.582849e-01 -1.192440e-01 -2.642999e-02
vertex -1.463400e-01 -1.245551e-01 -4.155084e-02
endloop
endfacet
facet normal 0 0 0
outer loop
vertex -1.288424e-02 -1.905110e-01 -2.530329e-01
vertex -1.144101e-02 -1.961464e-01 -3.097918e-01
vertex 2.382986e-02 -1.986586e-01 -2.905791e-01
endloop
endfacet
facet normal 0 0 0
outer loop
vertex 1.549392e-01 1.087460e-01 -3.583840e-01
vertex 2.252668e-01 9.425911e-02 -3.470685e-01
vertex 1.954027e-01 8.914530e-02 -4.314011e-01
endloop
endfacet
facet normal 0 0 0
outer loop
vertex 2.252668e-01 9.425911e-02 -3.470685e-01
vertex 2.779786e-01 6.838335e-02 -3.901500e-01
vertex 1.954027e-01 8.914530e-02 -4.314011e-01
endloop
endfacet
facet normal 0 0 0
outer loop
vertex -1.439386e-01 -1.185718e-01 -2.014351e-01
vertex -1.422005e-01 -1.383385e-01 -2.417292e-01
vertex -8.421228e-02 -1.261943e-01 -2.273182e-01
endloop
endfacet
facet normal 0 0 0
outer loop
vertex 5.382615e-01 1.986565e-02 -4.923911e-01
vertex 5.571088e-01 1.168244e-02 -5.054002e-01
vertex 5.369681e-01 7.007323e-03 -5.207427e-01
endloop
endfacet
facet normal 0 0 0
outer loop
vertex -2.432560e-01 -1.397475e-01 -2.639421e-01
vertex -3.076873e-01 -1.131696e-01 -2.160466e-01
vertex -3.259383e-01 -1.368594e-01 -2.857026e-01
endloop
endfacet
facet normal 0 0 0
outer loop
vertex 5.382615e-01 1.986565e-02 -4.923911e-01
vertex 5.687815e-01 1.580838e-02 -4.723746e-01
vertex 5.571088e-01 1.168244e-02 -5.054002e-01
endloop
endfacet
facet normal 0 0 0
outer loop
vertex 2.365232e-01 1.596075e-02 -6.303849e-01
vertex 2.097430e-01 -9.840400e-04 -6.454080e-01
vertex 2.124502e-01 1.817420e-02 -6.289182e-01
endloop
endfacet
facet normal 0 0 0
outer loop
vertex 5.942600e-02 -1.983498e-01 -2.980530e-01
vertex 4.215802e-02 -2.031897e-01 -3.285300e-01
vertex 6.704500e-02 -2.024363e-01 -3.373116e-01
endloop
endfacet
facet normal 0 0 0
outer loop
vertex 8.390955e-02 7.712834e-02 -2.020773e-01
vertex 1.037943e-02 8.733884e-02 -1.935147e-01
vertex 4.828410e-02 5.463507e-02 -1.690188e-01
endloop
endfacet
facet normal 0 0 0
outer loop
vertex -3.215846e-01 1.368934e-01 -4.274482e-01
vertex -3.097382e-01 1.326335e-01 -4.674719e-01
vertex -3.507689e-01 1.309328e-01 -4.417714e-01
endloop
endfacet
facet normal 0 0 0
outer loop
vertex 4.756891e-01 -3.009680e-02 -3.277989e-01
vertex 4.116378e-01 -2.796207e-02 -2.694747e-01
vertex 4.258235e-01 -2.964383e-02 -3.797900e-01
endloop
endfacet
facet normal 0 0 0
outer loop
vertex 4.116378e-01 -2.796207e-02 -2.694747e-01
vertex 3.749372e-01 -2.965303e-02 -3.393893e-01
vertex 4.258235e-01 -2.964383e-02 -3.797900e-01
endloop
endfacet
facet normal 0 0 0
outer loop
vertex 6.101849e-02 1.234493e-01 -3.190909e-01
vertex 5.301246e-02 1.158505e-01 -2.641844e-01
vertex 9.557261e-02 1.082685e-01 -2.654842e-01
endloop
endfacet
facet normal 0 0 0
outer loop
vertex -4.113174e-01 -3.235632e-02 -5.784969e-01
vertex -4.536840e-01 1.946413e-02 -5.546406e-01
vertex -4.089985e-01 7.618684e-03 -5.831019e-01
endloop
endfacet
facet normal 0 0 0
outer loop
vertex -3.953165e-01 4.328121e-02 -5.807031e-01
vertex -4.089985e-01 7.618684e-03 -5.831019e-01
vertex -4.536840e-01 1.946413e-02 -5.546406e-01
endloop
endfacet
facet normal 0 0 0
outer loop
vertex 1.537544e-01 -9.669783e-02 -4.577493e-01
vertex 2.284914e-01 -8.177775e-02 -4.266201e-01
vertex 1.702312e-01 -1.052919e-01 -3.978546e-01
endloop
endfacet
facet normal 0 0 0
outer loop
vertex -1.651273e-01 -1.511440e-01 -2.631849e-01
vertex -1.422005e-01 -1.383385e-01 -2.417292e-01
vertex -1.733488e-01 -1.227884e-01 -2.037840e-01
endloop
endfacet
facet normal 0 0 0
outer loop
vertex -1.422005e-01 -1.383385e-01 -2.417292e-01
vertex -1.651273e-01 -1.511440e-01 -2.631849e-01
vertex -1.090666e-01 -1.621327e-01 -2.131350e-01
endloop
endfacet
facet normal 0 0 0
outer loop
vertex 4.925613e-01 2.764323e-02 -3.373814e-01
vertex 5.116524e-01 2.745859e-02 -3.045771e-01
vertex 5.436115e-01 2.677496e-02 -3.482267e-01
endloop
endfacet
facet normal 0 0 0
outer loop
vertex -1.015620e-01 -1.822591e-01 -3.939370e-01
vertex -3.947677e-02 -1.954906e-01 -3.570631e-01
vertex -8.520435e-02 -1.852005e-01 -3.411043e-01
endloop
endfacet
facet normal 0 0 0
outer loop
vertex 4.312542e-01 2.737293e-02 -3.143799e-01
vertex 3.819087e-01 2.425222e-02 -2.641216e-01
vertex 4.404932e-01 2.326585e-02 -2.335292e-01
endloop
endfacet
facet normal 0 0 0
outer loop
vertex 5.492001e-01 1.347532e-02 -2.238009e-01
vertex 5.394535e-01 2.347322e-02 -2.808069e-01
vertex 5.051183e-01 2.117480e-02 -2.057377e-01
endloop
endfacet
facet normal 0 0 0
outer loop
vertex 6.754500e-02 1.875077e-01 -3.261280e-01
vertex 6.070321e-02 1.966361e-01 -3.021946e-01
vertex 5.150511e-02 1.812209e-01 -2.856631e-01
endloop
endfacet
facet normal 0 0 0
outer loop
vertex 2.340151e-01 -1.328492e-02 -9.952530e-02
vertex 1.887443e-01 -1.251066e-02 -8.829346e-02
vertex 2.032489e-01 -1.721644e-02 -1.477018e-01
endloop
endfacet
facet normal 0 0 0
outer loop
vertex -1.285053e-01 -1.525113e-01 -3.659312e-01
vertex -1.211148e-01 -1.659247e-01 -3.859694e-01
vertex -1.515365e-01 -1.555583e-01 -3.639020e-01
endloop
endfacet
facet normal 0 0 0
outer loop
vertex -1.515365e-01 -1.555583e-01 -3.639020e-01
vertex -1.368425e-01 -1.492613e-01 -4.189485e-01
vertex -1.285053e-01 -1.525113e-01 -3.659312e-01
endloop
endfacet
facet normal 0 0 0
outer loop
vertex 2.796909e-02 2.681998e-02 -7.275684e-01
vertex 3.001630e-02 1.757391e-02 -7.676700e-01
vertex 4.321310e-03 1.826186e-02 -7.627623e-01
endloop
endfacet
facet normal 0 0 0
outer loop
vertex 6.101849e-02 1.234493e-01 -3.190909e-01
vertex 8.873849e-02 1.196447e-01 -3.775772e-01
vertex 2.533917e-02 1.300463e-01 -3.538449e-01
endloop
endfacet
facet normal 0 0 0
outer loop
vertex -3.138045e-01 -1.453719e-01 -3.486900e-01
vertex -2.520616e-01 -1.510982e-01 -3.386683e-01
vertex -3.259383e-01 -1.368594e-01 -2.857026e-01
endloop
endfacet
facet normal 0 0 0
outer loop
vertex 5.876740e-01 1.029747e-02 -3.352310e-01
vertex 5.436115e-01 2.677496e-02 -3.482267e-01
vertex 5.647136e-01 1.676417e-02 -3.096786e-01
endloop
endfacet
facet normal 0 0 0
outer loop
vertex 5.077860e-01 7.990387e-03 -5.218086e-01
vertex 4.844604e-01 1.607245e-02 -5.003365e-01
vertex 5.382615e-01 1.986565e-02 -4.923911e-01
endloop
endfacet
facet normal 0 0 0
outer loop
vertex -1.132135e-01 1.088700e-01 -5.649886e-01
vertex -6.548923e-02 1.240438e-01 -5.052064e-01
vertex -5.747677e-02 9.889427e-02 -5.751395e-01
endloop
endfacet
facet normal 0 0 0
outer loop
vertex 4.482054e-01 2.319003e-02 -4.443274e-01
vertex 4.492607e-01 1.332763e-02 -4.875329e-01
vertex 3.996485e-01 1.594043e-02 -4.522276e-01
endloop
endfacet
facet normal 0 0 0
outer loop
vertex 4.050642e-01 2.686269e-02 -3.850644e-01
vertex 3.996485e-01 1.594043e-02 -4.522276e-01
vertex 3.513650e-01 1.732854e-02 -4.231590e-01
endloop
endfacet
facet normal 0 0 0
outer loop
vertex 7.890275e-03 -1.347988e-01 -3.543745e-01
vertex 5.413545e-02 -1.277934e-01 -3.472421e-01
vertex 2.004817e-03 -1.340489e-01 -3.114373e-01
endloop
endfacet
facet normal 0 0 0
outer loop
vertex 3.987078e-02 -6.545755e-02 -5.945244e-01
vertex 5.697501e-02 -9.055627e-02 -5.487049e-01
vertex 2.161392e-02 -8.508602e-02 -5.749177e-01
endloop
endfacet
facet normal 0 0 0
outer loop
vertex 2.872004e-02 -1.233963e-01 -4.544968e-01
vertex -7.479286e-03 -1.103829e-01 -5.328168e-01
vertex 5.673378e-02 -1.085520e-01 -5.000224e-01
endloop
endfacet
facet normal 0 0 0
outer loop
vertex -2.833115e-02 -3.039799e-02 -6.918367e-01
vertex -2.045958e-03 -2.964773e-02 -7.267708e-01
vertex 2.495036e-02 -3.041184e-02 -6.907031e-01
endloop
endfacet
facet normal 0 0 0
outer loop
vertex -4.481623e-02 1.535528e-01 -2.248799e-01
vertex -4.025667e-02 1.561905e-01 -2.654229e-01
vertex -9.981303e-03 1.614841e-01 -2.357769e-01
endloop
endfacet
facet normal 0 0 0
outer loop
vertex -2.399278e-01 -1.240003e-01 -5.306634e-01
vertex -1.845745e-01 -1.402885e-01 -4.790080e-01
vertex -2.748635e-01 -1.357211e-01 -4.829291e-01
endloop
endfacet
facet normal 0 0 0
outer loop
vertex 3.647392e-01 2.765068e-02 -3.214951e-01
vertex 3.680208e-01 2.663222e-02 -3.683788e-01
vertex 3.478478e-01 4.606424e-02 -3.404454e-01
endloop
endfacet
facet normal 0 0 0
outer loop
vertex 9.304082e-02 2.225460e-02 -6.876640e-01
vertex 1.041710e-01 5.421595e-03 -7.156541e-01
vertex 8.004710e-02 1.928263e-02 -7.268475e-01
endloop
endfacet
facet normal 0 0 0
outer loop
vertex 4.956798e-01 2.421929e-02 -4.525539e-01
vertex 4.844604e-01 1.607245e-02 -5.003365e-01
vertex 4.482054e-01 2.319003e-02 -4.443274e-01
endloop
endfacet
facet normal 0 0 0
outer loop
vertex 2.548542e-01 -3.002024e-02 -5.790634e-01
vertex 1.927975e-01 -3.035530e-02 -5.338395e-01
vertex 1.901700e-01 -2.808746e-02 -5.937757e-01
endloop
endfacet
facet normal 0 0 0
outer loop
vertex -3.601785e-01 -1.513071e-01 -4.331403e-01
vertex -3.786500e-01 -1.438082e-01 -4.582480e-01
vertex -3.543269e-01 -1.344886e-01 -4.322334e-01
endloop
endfacet
facet normal 0 0 0
outer loop
vertex -2.520616e-01 -1.510982e-01 -3.386683e-01
vertex -2.736488e-01 -1.485239e-01 -4.048665e-01
vertex -2.039762e-01 -1.527530e-01 -3.941823e-01
endloop
endfacet
facet normal 0 0 0
outer loop
vertex 3.851185e-03 7.809059e-02 -5.899568e-01
vertex -4.488873e-02 5.702722e-02 -6.282398e-01
vertex -5.747677e-02 9.889427e-02 -5.751395e-01
endloop
endfacet
facet normal 0 0 0
outer loop
vertex 5.702100e-02 2.008637e-01 -3.813230e-01
vertex 2.221375e-02 2.020208e-01 -3.895364e-01
vertex 3.706551e-02 2.025638e-01 -3.624171e-01
endloop
endfacet
facet normal 0 0 0
outer loop
vertex 4.712354e-02 2.442321e-02 -6.933420e-01
vertex -1.912994e-04 2.808431e-02 -6.884720e-01
vertex 5.574919e-02 2.833223e-02 -6.521779e-01
endloop
endfacet
facet normal 0 0 0
outer loop
vertex -1.732946e-01 1.401187e-01 -4.665800e-01
vertex -2.532546e-01 1.354422e-01 -4.797415e-01
vertex -2.322353e-01 1.451169e-01 -4.290789e-01
endloop
endfacet
facet normal 0 0 0
outer loop
vertex 2.832776e-01 9.699473e-03 -9.849779e-02
vertex 2.656519e-01 1.393334e-02 -1.204499e-01
vertex 2.561274e-01 8.850326e-03 -8.303908e-02
endloop
endfacet
facet normal 0 0 0
outer loop
vertex 2.689168e-01 -1.876092e-02 -1.618560e-01
vertex 3.311571e-01 -1.263316e-02 -1.579631e-01
vertex 2.955413e-01 -1.204774e-02 -1.109747e-01
endloop
endfacet
facet normal 0 0 0
outer loop
vertex 3.105242e-01 -1.644759e-02 -1.902065e-01
vertex 3.311571e-01 -1.263316e-02 -1.579631e-01
vertex 2.689168e-01 -1.876092e-02 -1.618560e-01
endloop
endfacet
facet normal 0 0 0
outer loop
vertex 3.225341e-01 1.205471e-02 -1.406538e-01
vertex 2.656519e-01 1.393334e-02 -1.204499e-01
vertex 3.063470e-01 9.430560e-03 -1.093340e-01
endloop
endfacet
facet normal 0 0 0
outer loop
vertex 3.349574e-01 -1.814935e-03 -1.996513e-01
vertex 3.192103e-01 9.312104e-03 -2.173067e-01
vertex 3.307000e-01 1.039337e-02 -1.810840e-01
endloop
endfacet
facet normal 0 0 0
outer loop
vertex 5.051183e-01 2.117480e-02 -2.057377e-01
vertex 4.404932e-01 2.326585e-02 -2.335292e-01
vertex 4.639782e-01 1.994223e-02 -1.857965e-01
endloop
endfacet
facet normal 0 0 0
outer loop
vertex 5.340597e-01 -1.282762e-03 -5.259346e-01
vertex 5.101100e-01 -1.244349e-02 -5.201150e-01
vertex 5.077860e-01 7.990387e-03 -5.218086e-01
endloop
endfacet
facet normal 0 0 0
outer loop
vertex 2.796909e-02 2.681998e-02 -7.275684e-01
vertex 4.321310e-03 1.826186e-02 -7.627623e-01
vertex -3.231621e-02 2.614631e-02 -7.429761e-01
endloop
endfacet
facet normal 0 0 0
outer loop
vertex 5.457958e-01 2.487334e-02 -4.428243e-01
vertex 5.687815e-01 1.580838e-02 -4.723746e-01
vertex 5.382615e-01 1.986565e-02 -4.923911e-01
endloop
endfacet
facet normal 0 0 0
outer loop
vertex -1.953939e-01 -1.168326e-01 -5.562493e-01
vertex -1.845745e-01 -1.402885e-01 -4.790080e-01
vertex -2.399278e-01 -1.240003e-01 -5.306634e-01
endloop
endfacet
facet normal 0 0 0
outer loop
vertex -1.845745e-01 -1.402885e-01 -4.790080e-01
vertex -2.039762e-01 -1.527530e-01 -3.941823e-01
vertex -2.383229e-01 -1.472250e-01 -4.345407e-01
endloop
endfacet
facet normal 0 0 0
outer loop
vertex 3.513650e-01 1.732854e-02 -4.231590e-01
vertex 3.427741e-01 4.276832e-02 -3.831263e-01
vertex 3.680208e-01 2.663222e-02 -3.683788e-01
endloop
endfacet
facet normal 0 0 0
outer loop
vertex 5.876740e-01 1.029747e-02 -3.352310e-01
vertex 5.647136e-01 1.676417e-02 -3.096786e-01
vertex 5.772014e-01 7.465295e-03 -2.841175e-01
endloop
endfacet
facet normal 0 0 0
outer loop
vertex -2.736488e-01 -1.485239e-01 -4.048665e-01
vertex -2.383229e-01 -1.472250e-01 -4.345407e-01
vertex -2.039762e-01 -1.527530e-01 -3.941823e-01
endloop
endfacet
facet normal 0 0 0
outer loop
vertex 4.482054e-01 2.319003e-02 -4.443274e-01
vertex 4.844604e-01 1.607245e-02 -5.003365e-01
vertex 4.492607e-01 1.332763e-02 -4.875329e-01
endloop
endfacet
facet normal 0 0 0
outer loop
vertex 5.795536e-01 1.677753e-02 -4.286537e-01
vertex 5.573682e-01 2.496679e-02 -3.993858e-01
vertex 5.906798e-01 1.071959e-02 -3.760185e-01
endloop
endfacet
facet normal 0 0 0
outer loop
vertex -7.855131e-02 -2.731341e-02 -7.459082e-01
vertex -6.703400e-02 -1.210861e-02 -7.910250e-01
vertex -4.146351e-02 -2.841633e-02 -7.449908e-01
endloop
endfacet
facet normal 0 0 0
outer loop
vertex 3.532430e-01 -9.183848e-04 -5.603070e-01
vertex 3.227060e-01 -1.433760e-03 -5.971510e-01
vertex 3.231043e-01 1.468954e-02 -5.831525e-01
endloop
endfacet
facet normal 0 0 0
outer loop
vertex 1.514869e-01 1.025628e-01 -2.863953e-01
vertex 1.294093e-01 8.711630e-02 -2.339045e-01
vertex 2.036303e-01 7.629562e-02 -2.573564e-01
endloop
endfacet
facet normal 0 0 0
outer loop
vertex 4.404932e-01 2.326585e-02 -2.335292e-01
vertex 3.819087e-01 2.425222e-02 -2.641216e-01
vertex 3.785388e-01 1.789765e-02 -2.310145e-01
endloop
endfacet
facet normal 0 0 0
outer loop
vertex 4.404932e-01 2.326585e-02 -2.335292e-01
vertex 3.785388e-01 1.789765e-02 -2.310145e-01
vertex 4.013402e-01 1.529243e-02 -2.013805e-01
endloop
endfacet
facet normal 0 0 0
outer loop
vertex 3.063470e-01 9.430560e-03 -1.093340e-01
vertex 3.296753e-01 9.173500e-03 -1.302923e-01
vertex 3.225341e-01 1.205471e-02 -1.406538e-01
endloop
endfacet
facet normal 0 0 0
outer loop
vertex 4.602101e-01 -3.255945e-03 -1.405559e-01
vertex 4.769390e-01 1.042953e-02 -1.453540e-01
vertex 4.283680e-01 1.050608e-02 -1.641550e-01
endloop
endfacet
facet normal 0 0 0
outer loop
vertex 3.413586e-01 -1.076521e-03 -1.534560e-01
vertex 3.225341e-01 1.205471e-02 -1.406538e-01
vertex 3.296753e-01 9.173500e-03 -1.302923e-01
endloop
endfacet
facet normal 0 0 0
outer loop
vertex 5.687815e-01 1.580838e-02 -4.723746e-01
vertex 5.457958e-01 2.487334e-02 -4.428243e-01
vertex 5.795536e-01 1.677753e-02 -4.286537e-01
endloop
endfacet
facet normal 0 0 0
outer loop
vertex 5.051739e-01 1.359310e-02 -1.672660e-01
vertex 5.258051e-01 1.410972e-02 -1.881303e-01
vertex 5.051183e-01 2.117480e-02 -2.057377e-01
endloop
endfacet
facet normal 0 0 0
outer loop
vertex 5.765951e-01 -2.346338e-02 -4.363726e-01
vertex 5.350453e-01 -2.357396e-02 -4.812157e-01
vertex 5.779060e-01 -1.159188e-02 -4.753960e-01
endloop
endfacet
facet normal 0 0 0
outer loop
vertex 2.223417e-01 1.637339e-02 -1.560542e-01
vertex 2.096825e-01 1.256109e-02 -1.094558e-01
vertex 2.656519e-01 1.393334e-02 -1.204499e-01
endloop
endfacet
facet normal 0 0 0
outer loop
vertex -4.797810e-01 2.079918e-03 -2.217025e-01
vertex -4.778177e-01 3.338310e-02 -2.232188e-01
vertex -5.031666e-01 2.636189e-02 -2.360124e-01
endloop
endfacet
facet normal 0 0 0
outer loop
vertex 2.340151e-01 -1.328492e-02 -9.952530e-02
vertex 2.955413e-01 -1.204774e-02 -1.109747e-01
vertex 2.687945e-01 -4.943955e-03 -8.288059e-02
endloop
endfacet
facet normal 0 0 0
outer loop
vertex -1.512752e-01 -1.423154e-01 -4.180801e-02
vertex -1.265491e-01 -1.359536e-01 -7.807314e-02
vertex -1.264016e-01 -1.563850e-01 -2.201389e-02
endloop
endfacet
facet normal 0 0 0
outer loop
vertex 5.687710e-01 -1.001230e-03 -2.437250e-01
vertex 5.518830e-01 -9.484602e-04 -2.116811e-01
vertex 5.466045e-01 -1.514794e-02 -2.182139e-01
endloop
endfacet
facet normal 0 0 0
outer loop
vertex -1.436298e-01 1.470852e-01 -4.151009e-01
vertex -1.732946e-01 1.401187e-01 -4.665800e-01
vertex -1.938764e-01 1.504791e-01 -3.876121e-01
endloop
endfacet
facet normal 0 0 0
outer loop
vertex 3.117070e-01 -2.951406e-02 -5.401235e-01
vertex 2.548542e-01 -3.002024e-02 -5.790634e-01
vertex 2.980962e-01 -2.121089e-02 -5.931856e-01
endloop
endfacet
facet normal 0 0 0
outer loop
vertex 2.779786e-01 6.838335e-02 -3.901500e-01
vertex 2.252668e-01 9.425911e-02 -3.470685e-01
vertex 2.877402e-01 6.969611e-02 -3.371845e-01
endloop
endfacet
facet normal 0 0 0
outer loop
vertex 8.483811e-02 -1.164901e-01 -2.809297e-01
vertex 6.033900e-02 -1.247268e-01 -3.097931e-01
vertex 1.176004e-01 -1.154363e-01 -3.071515e-01
endloop
endfacet
facet normal 0 0 0
outer loop
vertex 5.876740e-01 1.029747e-02 -3.352310e-01
vertex 5.906798e-01 1.071959e-02 -3.760185e-01
vertex 5.436115e-01 2.677496e-02 -3.482267e-01
endloop
endfacet
facet normal 0 0 0
outer loop
vertex 3.001630e-02 1.757391e-02 -7.676700e-01
vertex 2.796909e-02 2.681998e-02 -7.275684e-01
vertex 6.478025e-02 1.721840e-02 -7.491038e-01
endloop
endfacet
facet normal 0 0 0
outer loop
vertex 5.130333e-02 -1.780185e-02 -7.617233e-01
vertex 8.701900e-02 -1.085511e-02 -7.412280e-01
vertex 6.491976e-02 -2.779110e-02 -7.132090e-01
endloop
endfacet
facet normal 0 0 0
outer loop
vertex 3.476714e-01 1.537872e-02 -2.483852e-01
vertex 3.785388e-01 1.789765e-02 -2.310145e-01
vertex 3.819087e-01 2.425222e-02 -2.641216e-01
endloop
endfacet
facet normal 0 0 0
outer loop
vertex -1.915107e-01 1.495519e-01 -2.992065e-01
vertex -1.691780e-01 1.598484e-01 -3.414045e-01
vertex -1.938764e-01 1.504791e-01 -3.876121e-01
endloop
endfacet
facet normal 0 0 0
outer loop
vertex -1.540793e-01 1.243573e-01 -5.270404e-01
vertex -6.548923e-02 1.240438e-01 -5.052064e-01
vertex -1.132135e-01 1.088700e-01 -5.649886e-01
endloop
endfacet
facet normal 0 0 0
outer loop
vertex -1.751947e-02 1.401602e-01 -6.309977e-02
vertex -2.622000e-02 1.469442e-01 -2.962101e-02
vertex -2.692680e-02 1.258638e-01 -6.492283e-02
endloop
endfacet
facet normal 0 0 0
outer loop
vertex -2.622000e-02 1.469442e-01 -2.962101e-02
vertex -1.751947e-02 1.401602e-01 -6.309977e-02
vertex -2.244000e-02 1.554431e-01 -3.825399e-02
endloop
endfacet
facet normal 0 0 0
outer loop
vertex 2.097430e-01 -9.840400e-04 -6.454080e-01
vertex 1.818641e-01 1.424400e-02 -6.263096e-01
vertex 2.124502e-01 1.817420e-02 -6.289182e-01
endloop
endfacet
facet normal 0 0 0
outer loop
vertex -2.692680e-02 1.258638e-01 -6.492283e-02
vertex -1.975998e-02 1.298938e-01 -8.136007e-02
vertex -1.751947e-02 1.401602e-01 -6.309977e-02
endloop
endfacet
facet normal 0 0 0
outer loop
vertex -3.658017e-01 8.257261e-02 -5.608701e-01
vertex -2.999790e-01 1.145948e-01 -5.313206e-01
vertex -3.028401e-01 8.962105e-02 -5.811883e-01
endloop
endfacet
facet normal 0 0 0
outer loop
vertex -5.610473e-01 -4.605475e-02 -3.008553e-01
vertex -5.850421e-01 -1.612975e-02 -3.093809e-01
vertex -5.795643e-01 -4.123995e-02 -3.440883e-01
endloop
endfacet
facet normal 0 0 0
outer loop
vertex -1.953939e-01 -1.168326e-01 -5.562493e-01
vertex -2.499376e-01 -1.054409e-01 -5.749098e-01
vertex -2.147460e-01 -8.384831e-02 -6.152760e-01
endloop
endfacet
facet normal 0 0 0
outer loop
vertex 7.098980e-02 -1.168978e-01 -4.484718e-01
vertex 5.673378e-02 -1.085520e-01 -5.000224e-01
vertex 9.866725e-02 -1.058199e-01 -4.760209e-01
endloop
endfacet
facet normal 0 0 0
outer loop
vertex -7.976548e-02 -1.241965e-01 -1.089675e-01
vertex -8.036091e-02 -1.574791e-01 -3.838767e-02
vertex -1.265491e-01 -1.359536e-01 -7.807314e-02
endloop
endfacet
facet normal 0 0 0
outer loop
vertex -3.012205e-01 -4.401430e-02 -1.514850e-01
vertex -3.683348e-01 -3.379881e-02 -1.677314e-01
vertex -3.516836e-01 -8.065856e-02 -1.871857e-01
endloop
endfacet
facet normal 0 0 0
outer loop
vertex -2.272020e-01 1.212845e-01 -5.341707e-01
vertex -2.999790e-01 1.145948e-01 -5.313206e-01
vertex -2.532546e-01 1.354422e-01 -4.797415e-01
endloop
endfacet
facet normal 0 0 0
outer loop
vertex -2.588077e-01 1.471614e-01 -3.442298e-01
vertex -2.506322e-01 1.382119e-01 -2.885752e-01
vertex -1.915107e-01 1.495519e-01 -2.992065e-01
endloop
endfacet
facet normal 0 0 0
outer loop
vertex -2.892718e-01 1.371456e-01 -2.789706e-01
vertex -2.506322e-01 1.382119e-01 -2.885752e-01
vertex -2.588077e-01 1.471614e-01 -3.442298e-01
endloop
endfacet
facet normal 0 0 0
outer loop
vertex -1.670879e-01 9.933781e-02 -5.902413e-01
vertex -2.272020e-01 1.212845e-01 -5.341707e-01
vertex -1.540793e-01 1.243573e-01 -5.270404e-01
endloop
endfacet
facet normal 0 0 0
outer loop
vertex -1.056654e-01 1.382740e-01 -4.594087e-01
vertex -1.540793e-01 1.243573e-01 -5.270404e-01
vertex -1.732946e-01 1.401187e-01 -4.665800e-01
endloop
endfacet
facet normal 0 0 0
outer loop
vertex -6.548923e-02 1.240438e-01 -5.052064e-01
vertex -1.540793e-01 1.243573e-01 -5.270404e-01
vertex -1.056654e-01 1.382740e-01 -4.594087e-01
endloop
endfacet
facet normal 0 0 0
outer loop
vertex 1.499006e-01 -2.035058e-02 -1.756506e-01
vertex 1.665541e-01 -1.586224e-02 -1.337782e-01
vertex 1.115806e-01 -1.895963e-02 -1.582637e-01
endloop
endfacet
facet normal 0 0 0
outer loop
vertex 2.173322e-01 1.650968e-02 -2.024527e-01
vertex 1.617157e-01 1.597107e-02 -1.719623e-01
vertex 2.223417e-01 1.637339e-02 -1.560542e-01
endloop
endfacet
facet normal 0 0 0
outer loop
vertex -3.580990e-01 -1.508711e-01 -4.084387e-01
vertex -3.585799e-01 -1.369137e-01 -3.868529e-01
vertex -3.754242e-01 -1.536284e-01 -3.916169e-01
endloop
endfacet
facet normal 0 0 0
outer loop
vertex 4.639782e-01 1.994223e-02 -1.857965e-01
vertex 4.404932e-01 2.326585e-02 -2.335292e-01
vertex 4.311420e-01 1.915671e-02 -1.974553e-01
endloop
endfacet
facet normal 0 0 0
outer loop
vertex -3.028401e-01 8.962105e-02 -5.811883e-01
vertex -2.402463e-01 9.928832e-02 -5.836131e-01
vertex -2.582156e-01 6.390612e-02 -6.240044e-01
endloop
endfacet
facet normal 0 0 0
outer loop
vertex 1.522642e-01 -2.835385e-02 -5.672030e-01
vertex 1.594046e-01 -5.273985e-02 -5.403574e-01
vertex 1.110768e-01 -5.939478e-02 -5.641258e-01
endloop
endfacet
facet normal 0 0 0
outer loop
vertex 1.522642e-01 -2.835385e-02 -5.672030e-01
vertex 1.901700e-01 -2.808746e-02 -5.937757e-01
vertex 1.927975e-01 -3.035530e-02 -5.338395e-01
endloop
endfacet
facet normal 0 0 0
outer loop
vertex 2.796909e-02 2.681998e-02 -7.275684e-01
vertex 8.004710e-02 1.928263e-02 -7.268475e-01
vertex 6.478025e-02 1.721840e-02 -7.491038e-01
endloop
endfacet
facet normal 0 0 0
outer loop
vertex 5.697501e-02 -9.055627e-02 -5.487049e-01
vertex -7.479286e-03 -1.103829e-01 -5.328168e-01
vertex 2.161392e-02 -8.508602e-02 -5.749177e-01
endloop
endfacet
facet normal 0 0 0
outer loop
vertex -1.845745e-01 -1.402885e-01 -4.790080e-01
vertex -1.953939e-01 -1.168326e-01 -5.562493e-01
vertex -1.404181e-01 -1.236273e-01 -5.365452e-01
endloop
endfacet
facet normal 0 0 0
outer loop
vertex -2.087097e-01 -1.509156e-01 -3.043903e-01
vertex -1.690450e-01 -1.618341e-01 -3.321065e-01
vertex -1.651273e-01 -1.511440e-01 -2.631849e-01
endloop
endfacet
facet normal 0 0 0
outer loop
vertex -2.087097e-01 -1.509156e-01 -3.043903e-01
vertex -2.520616e-01 -1.510982e-01 -3.386683e-01
vertex -1.690450e-01 -1.618341e-01 -3.321065e-01
endloop
endfacet
facet normal 0 0 0
outer loop
vertex -3.926513e-01 1.573176e-01 -4.340665e-01
vertex -4.086530e-01 1.455415e-01 -4.489143e-01
vertex -4.200439e-01 1.481875e-01 -4.274134e-01
endloop
endfacet
facet normal 0 0 0
outer loop
vertex -4.162042e-01 1.466619e-01 -3.936371e-01
vertex -3.946885e-01 1.429931e-01 -3.770261e-01
vertex -3.947003e-01 1.575826e-01 -4.010811e-01
endloop
endfacet
facet normal 0 0 0
outer loop
vertex 3.923000e-02 1.985902e-01 -4.073040e-01
vertex 4.681800e-02 1.851978e-01 -3.959560e-01
vertex 2.674625e-02 1.853754e-01 -4.195196e-01
endloop
endfacet
facet normal 0 0 0
outer loop
vertex 8.767867e-03 1.117261e-01 -5.105113e-01
vertex -5.747677e-02 9.889427e-02 -5.751395e-01
vertex -6.548923e-02 1.240438e-01 -5.052064e-01
endloop
endfacet
facet normal 0 0 0
outer loop
vertex -3.023681e-03 1.809285e-01 -4.295580e-01
vertex 1.210900e-02 1.963148e-01 -4.262580e-01
vertex 2.674625e-02 1.853754e-01 -4.195196e-01
endloop
endfacet
facet normal 0 0 0
outer loop
vertex 2.674625e-02 1.853754e-01 -4.195196e-01
vertex 1.210900e-02 1.963148e-01 -4.262580e-01
vertex 3.923000e-02 1.985902e-01 -4.073040e-01
endloop
endfacet
facet normal 0 0 0
outer loop
vertex -5.870425e-02 2.873350e-02 -6.527094e-01
vertex -1.043659e-01 2.665911e-02 -6.560242e-01
vertex -1.092225e-01 5.212346e-02 -6.438456e-01
endloop
endfacet
facet normal 0 0 0
outer loop
vertex -7.233912e-02 2.787623e-02 -6.925865e-01
vertex -1.043659e-01 2.665911e-02 -6.560242e-01
vertex -5.870425e-02 2.873350e-02 -6.527094e-01
endloop
endfacet
facet normal 0 0 0
outer loop
vertex 5.902766e-01 -1.270932e-02 -3.699898e-01
vertex 5.928280e-01 3.613400e-04 -3.415510e-01
vertex 5.871130e-01 -1.413173e-02 -3.466257e-01
endloop
endfacet
facet normal 0 0 0
outer loop
vertex -7.976548e-02 -1.241965e-01 -1.089675e-01
vertex -3.492014e-02 -1.467333e-01 -6.851039e-02
vertex -8.036091e-02 -1.574791e-01 -3.838767e-02
endloop
endfacet
facet normal 0 0 0
outer loop
vertex 2.730178e-01 1.844442e-02 -6.111158e-01
vertex 2.365232e-01 1.596075e-02 -6.303849e-01
vertex 2.507072e-01 2.738625e-02 -5.821171e-01
endloop
endfacet
facet normal 0 0 0
outer loop
vertex 3.114426e-01 2.222509e-02 -4.772175e-01
vertex 2.790245e-01 2.879222e-02 -5.177224e-01
vertex 2.907604e-01 1.905682e-02 -4.569308e-01
endloop
endfacet
facet normal 0 0 0
outer loop
vertex 1.659572e-01 -1.096096e-02 -6.228259e-01
vertex 2.097430e-01 -9.840400e-04 -6.454080e-01
vertex 2.071400e-01 -1.714735e-02 -6.322219e-01
endloop
endfacet
facet normal 0 0 0
outer loop
vertex 5.340597e-01 -1.282762e-03 -5.259346e-01
vertex 5.077860e-01 7.990387e-03 -5.218086e-01
vertex 5.369681e-01 7.007323e-03 -5.207427e-01
endloop
endfacet
facet normal 0 0 0
outer loop
vertex 3.675225e-02 1.972662e-01 -2.911557e-01
vertex 3.286200e-02 2.005692e-01 -3.244757e-01
vertex 7.585142e-03 1.946223e-01 -2.919247e-01
endloop
endfacet
facet normal 0 0 0
outer loop
vertex 3.602550e-01 -9.687200e-04 -5.399960e-01
vertex 3.532430e-01 -9.183848e-04 -5.603070e-01
vertex 3.412700e-01 1.725502e-02 -5.524150e-01
endloop
endfacet
facet normal 0 0 0
outer loop
vertex 2.934805e-01 -5.096239e-02 -4.194331e-01
vertex 3.513650e-01 -1.985539e-02 -4.220860e-01
vertex 3.455287e-01 -4.690839e-02 -3.725212e-01
endloop
endfacet
facet normal 0 0 0
outer loop
vertex 2.760570e-01 -2.361781e-02 -4.712130e-01
vertex 2.745648e-01 -3.153055e-02 -5.186337e-01
vertex 3.075500e-01 -2.669906e-02 -4.821298e-01
endloop
endfacet
facet normal 0 0 0
outer loop
vertex 3.455287e-01 -4.690839e-02 -3.725212e-01
vertex 2.907689e-01 -7.019772e-02 -3.655334e-01
vertex 2.934805e-01 -5.096239e-02 -4.194331e-01
endloop
endfacet
facet normal 0 0 0
outer loop
vertex 9.304082e-02 2.225460e-02 -6.876640e-01
vertex 5.574919e-02 2.833223e-02 -6.521779e-01
vertex 1.041476e-01 2.039251e-02 -6.502789e-01
endloop
endfacet
facet normal 0 0 0
outer loop
vertex -1.054795e-02 -1.657181e-01 -2.838483e-01
vertex 3.431053e-02 -1.762517e-01 -2.438556e-01
vertex 2.509378e-02 -1.728768e-01 -2.905413e-01
endloop
endfacet
facet normal 0 0 0
outer loop
vertex 3.684469e-01 -2.186936e-02 -2.458367e-01
vertex 3.561730e-01 -1.238465e-02 -2.282912e-01
vertex 3.400367e-01 -1.479193e-02 -2.465972e-01
endloop
endfacet
facet normal 0 0 0
outer loop
vertex 3.819087e-01 2.425222e-02 -2.641216e-01
vertex 3.647392e-01 2.765068e-02 -3.214951e-01
vertex 3.456551e-01 2.261178e-02 -2.773174e-01
endloop
endfacet
facet normal 0 0 0
outer loop
vertex -1.054795e-02 -1.657181e-01 -2.838483e-01
vertex 4.207904e-03 -1.703551e-01 -3.247524e-01
vertex -5.088162e-02 -1.607339e-01 -3.286490e-01
endloop
endfacet
facet normal 0 0 0
outer loop
vertex -3.012205e-01 -4.401430e-02 -1.514850e-01
vertex -2.223902e-01 -8.975536e-02 -1.630946e-01
vertex -2.434914e-01 -6.338943e-02 -1.474192e-01
endloop
endfacet
facet normal 0 0 0
outer loop
vertex -4.723841e-02 -1.683188e-01 -1.051885e-02
vertex -2.319327e-02 -1.580310e-01 -3.943801e-02
vertex -4.676946e-02 -1.585544e-01 -7.764457e-03
endloop
endfacet
facet normal 0 0 0
outer loop
vertex 1.256462e-01 1.248325e-02 -6.394429e-01
vertex 1.229235e-01 3.555340e-03 -6.613496e-01
vertex 1.041476e-01 2.039251e-02 -6.502789e-01
endloop
endfacet
facet normal 0 0 0
outer loop
vertex -5.694237e-03 2.916606e-02 -6.357863e-01
vertex -4.488873e-02 5.702722e-02 -6.282398e-01
vertex 3.851185e-03 7.809059e-02 -5.899568e-01
endloop
endfacet
facet normal 0 0 0
outer loop
vertex -6.331746e-02 -1.720902e-01 -1.961177e-01
vertex -1.090666e-01 -1.621327e-01 -2.131350e-01
vertex -8.045611e-02 -1.768307e-01 -2.409220e-01
endloop
endfacet
facet normal 0 0 0
outer loop
vertex 3.169307e-01 2.701948e-02 -5.114181e-01
vertex 3.114426e-01 2.222509e-02 -4.772175e-01
vertex 3.388981e-01 1.636400e-02 -4.873980e-01
endloop
endfacet
facet normal 0 0 0
outer loop
vertex 2.790245e-01 2.879222e-02 -5.177224e-01
vertex 3.043376e-01 2.729332e-02 -5.503648e-01
vertex 2.507072e-01 2.738625e-02 -5.821171e-01
endloop
endfacet
facet normal 0 0 0
outer loop
vertex 2.495036e-02 -3.041184e-02 -6.907031e-01
vertex -2.045958e-03 -2.964773e-02 -7.267708e-01
vertex 2.994408e-02 -2.745514e-02 -7.414701e-01
endloop
endfacet
facet normal 0 0 0
outer loop
vertex 3.388981e-01 1.636400e-02 -4.873980e-01
vertex 3.114426e-01 2.222509e-02 -4.772175e-01
vertex 3.323715e-01 1.452236e-03 -4.672533e-01
endloop
endfacet
facet normal 0 0 0
outer loop
vertex 3.513650e-01 1.732854e-02 -4.231590e-01
vertex 3.050095e-01 3.984118e-02 -4.213878e-01
vertex 3.427741e-01 4.276832e-02 -3.831263e-01
endloop
endfacet
facet normal 0 0 0
outer loop
vertex -3.055437e-01 1.413626e-01 -3.176552e-01
vertex -2.588077e-01 1.471614e-01 -3.442298e-01
vertex -3.026422e-01 1.437431e-01 -3.585677e-01
endloop
endfacet
facet normal 0 0 0
outer loop
vertex -1.557643e-01 1.937091e-02 -6.975996e-01
vertex -1.954288e-01 1.602084e-02 -6.514161e-01
vertex -1.592767e-01 2.120068e-02 -6.555231e-01
endloop
endfacet
facet normal 0 0 0
outer loop
vertex 2.333870e-01 -3.049803e-02 -5.105094e-01
vertex 1.947584e-01 -6.676589e-02 -4.956982e-01
vertex 1.927975e-01 -3.035530e-02 -5.338395e-01
endloop
endfacet
facet normal 0 0 0
outer loop
vertex 2.548542e-01 -3.002024e-02 -5.790634e-01
vertex 2.333870e-01 -3.049803e-02 -5.105094e-01
vertex 1.927975e-01 -3.035530e-02 -5.338395e-01
endloop
endfacet
facet normal 0 0 0
outer loop
vertex -5.616267e-01 -4.893938e-02 -3.976067e-01
vertex -5.318614e-01 -4.417628e-02 -4.624005e-01
vertex -5.264869e-01 -7.295427e-02 -4.275970e-01
endloop
endfacet
facet normal 0 0 0
outer loop
vertex -1.090666e-01 -1.621327e-01 -2.131350e-01
vertex -6.331746e-02 -1.720902e-01 -1.961177e-01
vertex -7.025218e-02 -1.558666e-01 -1.946300e-01
endloop
endfacet
facet normal 0 0 0
outer loop
vertex 4.312542e-01 2.737293e-02 -3.143799e-01
vertex 4.547448e-01 2.748218e-02 -3.603027e-01
vertex 4.050642e-01 2.686269e-02 -3.850644e-01
endloop
endfacet
facet normal 0 0 0
outer loop
vertex 3.142207e-01 -2.943716e-03 -4.430373e-01
vertex 3.033518e-01 -8.079635e-03 -4.573805e-01
vertex 2.907604e-01 1.905682e-02 -4.569308e-01
endloop
endfacet
facet normal 0 0 0
outer loop
vertex 2.907604e-01 1.905682e-02 -4.569308e-01
vertex 3.033518e-01 -8.079635e-03 -4.573805e-01
vertex 3.116097e-01 8.322993e-03 -4.600946e-01
endloop
endfacet
facet normal 0 0 0
outer loop
vertex 3.050095e-01 3.984118e-02 -4.213878e-01
vertex 2.907604e-01 1.905682e-02 -4.569308e-01
vertex 2.546244e-01 5.457063e-02 -4.513249e-01
endloop
endfacet
facet normal 0 0 0
outer loop
vertex 3.050095e-01 3.984118e-02 -4.213878e-01
vertex 2.546244e-01 5.457063e-02 -4.513249e-01
vertex 2.779786e-01 6.838335e-02 -3.901500e-01
endloop
endfacet
facet normal 0 0 0
outer loop
vertex 3.305678e-01 -5.088386e-02 -3.132010e-01
vertex 3.618260e-01 -2.681802e-02 -2.895464e-01
vertex 3.173417e-01 -3.102372e-02 -2.690989e-01
endloop
endfacet
facet normal 0 0 0
outer loop
vertex 3.618260e-01 -2.681802e-02 -2.895464e-01
vertex 3.417993e-01 -1.995331e-02 -2.621836e-01
vertex 3.173417e-01 -3.102372e-02 -2.690989e-01
endloop
endfacet
facet normal 0 0 0
outer loop
vertex 3.114426e-01 2.222509e-02 -4.772175e-01
vertex 3.116097e-01 8.322993e-03 -4.600946e-01
vertex 3.323715e-01 1.452236e-03 -4.672533e-01
endloop
endfacet
facet normal 0 0 0
outer loop
vertex 5.779060e-01 -1.159188e-02 -4.753960e-01
vertex 5.876719e-01 -2.036263e-03 -4.625486e-01
vertex 5.765951e-01 -2.346338e-02 -4.363726e-01
endloop
endfacet
facet normal 0 0 0
outer loop
vertex 9.763395e-02 -2.602704e-02 -5.945931e-01
vertex 4.641080e-02 -3.400400e-02 -6.135557e-01
vertex 9.070776e-02 -2.682344e-02 -6.390086e-01
endloop
endfacet
facet normal 0 0 0
outer loop
vertex 3.199608e-01 1.614797e-02 -4.349941e-01
vertex 2.907604e-01 1.905682e-02 -4.569308e-01
vertex 3.050095e-01 3.984118e-02 -4.213878e-01
endloop
endfacet
facet normal 0 0 0
outer loop
vertex -7.697789e-02 -1.185460e-01 -5.375406e-01
vertex -9.908719e-02 -1.386155e-01 -4.687165e-01
vertex -1.404181e-01 -1.236273e-01 -5.365452e-01
endloop
endfacet
facet normal 0 0 0
outer loop
vertex 3.050095e-01 3.984118e-02 -4.213878e-01
vertex 3.513650e-01 1.732854e-02 -4.231590e-01
vertex 3.199608e-01 1.614797e-02 -4.349941e-01
endloop
endfacet
facet normal 0 0 0
outer loop
vertex 5.077860e-01 7.990387e-03 -5.218086e-01
vertex 5.382615e-01 1.986565e-02 -4.923911e-01
vertex 5.369681e-01 7.007323e-03 -5.207427e-01
endloop
endfacet
facet normal 0 0 0
outer loop
vertex -8.180220e-02 1.649297e-01 -1.993835e-01
vertex -8.384880e-02 1.745421e-01 -2.503051e-01
vertex -1.067681e-01 1.633179e-01 -2.202716e-01
endloop
endfacet
facet normal 0 0 0
outer loop
vertex 3.513650e-01 1.732854e-02 -4.231590e-01
vertex 3.451641e-01 1.091117e-03 -4.389027e-01
vertex 3.199608e-01 1.614797e-02 -4.349941e-01
endloop
endfacet
facet normal 0 0 0
outer loop
vertex 3.267246e-01 -1.631507e-02 -4.721282e-01
vertex 3.033518e-01 -8.079635e-03 -4.573805e-01
vertex 3.075500e-01 -2.669906e-02 -4.821298e-01
endloop
endfacet
facet normal 0 0 0
outer loop
vertex -5.853000e-02 -1.874032e-01 -4.169320e-01
vertex -3.947677e-02 -1.954906e-01 -3.570631e-01
vertex -1.015620e-01 -1.822591e-01 -3.939370e-01
endloop
endfacet
facet normal 0 0 0
outer loop
vertex -8.180220e-02 1.649297e-01 -1.993835e-01
vertex -1.067681e-01 1.633179e-01 -2.202716e-01
vertex -1.196567e-01 1.471394e-01 -2.200443e-01
endloop
endfacet
facet normal 0 0 0
outer loop
vertex -7.511500e-02 9.642940e-03 -7.896140e-01
vertex -1.092626e-01 1.585007e-02 -7.686468e-01
vertex -8.215065e-02 2.416304e-02 -7.501432e-01
endloop
endfacet
facet normal 0 0 0
outer loop
vertex 1.954027e-01 8.914530e-02 -4.314011e-01
vertex 2.061705e-01 6.432840e-02 -4.845770e-01
vertex 1.421046e-01 9.111728e-02 -4.801424e-01
endloop
endfacet
facet normal 0 0 0
outer loop
vertex 3.303334e-01 -1.630350e-02 -4.330260e-01
vertex 3.451641e-01 1.091117e-03 -4.389027e-01
vertex 3.829900e-01 -1.870444e-02 -4.395432e-01
endloop
endfacet
facet normal 0 0 0
outer loop
vertex -2.402463e-01 9.928832e-02 -5.836131e-01
vertex -2.272020e-01 1.212845e-01 -5.341707e-01
vertex -1.670879e-01 9.933781e-02 -5.902413e-01
endloop
endfacet
facet normal 0 0 0
outer loop
vertex -2.891589e-01 2.357653e-02 -6.325408e-01
vertex -3.633352e-01 1.392409e-02 -6.061810e-01
vertex -3.322935e-01 5.736773e-02 -6.041017e-01
endloop
endfacet
facet normal 0 0 0
outer loop
vertex 3.033518e-01 -8.079635e-03 -4.573805e-01
vertex 3.267246e-01 -1.631507e-02 -4.721282e-01
vertex 3.323715e-01 1.452236e-03 -4.672533e-01
endloop
endfacet
facet normal 0 0 0
outer loop
vertex 3.323715e-01 1.452236e-03 -4.672533e-01
vertex 3.116097e-01 8.322993e-03 -4.600946e-01
vertex 3.033518e-01 -8.079635e-03 -4.573805e-01
endloop
endfacet
facet normal 0 0 0
outer loop
vertex -2.022713e-02 1.620230e-01 -2.969289e-01
vertex -5.231374e-02 1.576094e-01 -3.199300e-01
vertex -2.778487e-03 1.673460e-01 -3.282594e-01
endloop
endfacet
facet normal 0 0 0
outer loop
vertex 1.125523e-01 -1.117617e-01 -4.311207e-01
vertex 9.866725e-02 -1.058199e-01 -4.760209e-01
vertex 1.537544e-01 -9.669783e-02 -4.577493e-01
endloop
endfacet
facet normal 0 0 0
outer loop
vertex 1.537544e-01 -9.669783e-02 -4.577493e-01
vertex 9.866725e-02 -1.058199e-01 -4.760209e-01
vertex 1.155066e-01 -8.877059e-02 -5.114480e-01
endloop
endfacet
facet normal 0 0 0
outer loop
vertex 3.451641e-01 1.091117e-03 -4.389027e-01
vertex 3.815720e-01 -9.572300e-04 -4.582190e-01
vertex 3.829900e-01 -1.870444e-02 -4.395432e-01
endloop
endfacet
facet normal 0 0 0
outer loop
vertex 3.038492e-01 -2.353425e-02 -4.430548e-01
vertex 3.033518e-01 -8.079635e-03 -4.573805e-01
vertex 3.142207e-01 -2.943716e-03 -4.430373e-01
endloop
endfacet
facet normal 0 0 0
outer loop
vertex 3.451641e-01 1.091117e-03 -4.389027e-01
vertex 3.142207e-01 -2.943716e-03 -4.430373e-01
vertex 3.199608e-01 1.614797e-02 -4.349941e-01
endloop
endfacet
facet normal 0 0 0
outer loop
vertex -1.915107e-01 1.495519e-01 -2.992065e-01
vertex -1.412374e-01 1.549716e-01 -2.415625e-01
vertex -1.095288e-01 1.739060e-01 -3.017520e-01
endloop
endfacet
facet normal 0 0 0
outer loop
vertex -1.095288e-01 1.739060e-01 -3.017520e-01
vertex -1.691780e-01 1.598484e-01 -3.414045e-01
vertex -1.915107e-01 1.495519e-01 -2.992065e-01
endloop
endfacet
facet normal 0 0 0
outer loop
vertex -7.283062e-02 1.348019e-01 -3.656330e-02
vertex -9.689278e-02 1.092305e-01 -7.990175e-02
vertex -4.648624e-02 1.192117e-01 -7.057089e-02
endloop
endfacet
facet normal 0 0 0
outer loop
vertex -3.585799e-01 -1.369137e-01 -3.868529e-01
vertex -3.230052e-01 -1.428669e-01 -4.078397e-01
vertex -3.138045e-01 -1.453719e-01 -3.486900e-01
endloop
endfacet
facet normal 0 0 0
outer loop
vertex 5.413545e-02 -1.277934e-01 -3.472421e-01
vertex 1.016351e-01 -1.199898e-01 -3.509760e-01
vertex 6.033900e-02 -1.247268e-01 -3.097931e-01
endloop
endfacet
facet normal 0 0 0
outer loop
vertex -4.649024e-01 -3.070648e-02 -5.439268e-01
vertex -4.113174e-01 -3.235632e-02 -5.784969e-01
vertex -4.276315e-01 -6.545006e-02 -5.460224e-01
endloop
endfacet
facet normal 0 0 0
outer loop
vertex -1.400073e-02 -3.165522e-02 -6.382401e-01
vertex 2.330710e-02 -3.160547e-02 -6.256551e-01
vertex -3.966440e-03 -5.619859e-02 -6.184049e-01
endloop
endfacet
facet normal 0 0 0
outer loop
vertex 1.229235e-01 3.555340e-03 -6.613496e-01
vertex 1.191023e-01 -1.649285e-02 -6.440800e-01
vertex 1.117149e-01 -1.668489e-02 -6.749721e-01
endloop
endfacet
facet normal 0 0 0
outer loop
vertex -5.747677e-02 9.889427e-02 -5.751395e-01
vertex -9.912863e-02 8.480985e-02 -6.099519e-01
vertex -1.132135e-01 1.088700e-01 -5.649886e-01
endloop
endfacet
facet normal 0 0 0
outer loop
vertex 3.532430e-01 -9.183848e-04 -5.603070e-01
vertex 3.443611e-01 -2.036335e-02 -5.373455e-01
vertex 3.310978e-01 -1.833336e-02 -5.703876e-01
endloop
endfacet
facet normal 0 0 0
outer loop
vertex 5.369681e-01 7.007323e-03 -5.207427e-01
vertex 5.350748e-01 -1.202686e-02 -5.198951e-01
vertex 5.340597e-01 -1.282762e-03 -5.259346e-01
endloop
endfacet
facet normal 0 0 0
outer loop
vertex 5.494835e-01 -1.047450e-02 -5.147186e-01
vertex 5.350748e-01 -1.202686e-02 -5.198951e-01
vertex 5.369681e-01 7.007323e-03 -5.207427e-01
endloop
endfacet
facet normal 0 0 0
outer loop
vertex -2.434914e-01 -6.338943e-02 -1.474192e-01
vertex -2.143070e-01 -3.289014e-02 -1.322671e-01
vertex -2.639137e-01 -1.856211e-02 -1.381127e-01
endloop
endfacet
facet normal 0 0 0
outer loop
vertex -3.507689e-01 1.309328e-01 -4.417714e-01
vertex -3.659088e-01 1.516130e-01 -4.352754e-01
vertex -3.578848e-01 1.507680e-01 -4.132023e-01
endloop
endfacet
facet normal 0 0 0
outer loop
vertex -4.791628e-01 5.468250e-02 -5.126755e-01
vertex -4.198385e-01 6.530510e-02 -5.485991e-01
vertex -4.536840e-01 1.946413e-02 -5.546406e-01
endloop
endfacet
facet normal 0 0 0
outer loop
vertex 3.427741e-01 4.276832e-02 -3.831263e-01
vertex 3.478478e-01 4.606424e-02 -3.404454e-01
vertex 3.680208e-01 2.663222e-02 -3.683788e-01
endloop
endfacet
facet normal 0 0 0
outer loop
vertex 5.350748e-01 -1.202686e-02 -5.198951e-01
vertex 5.350453e-01 -2.357396e-02 -4.812157e-01
vertex 5.101100e-01 -1.244349e-02 -5.201150e-01
endloop
endfacet
facet normal 0 0 0
outer loop
vertex 1.117149e-01 -1.668489e-02 -6.749721e-01
vertex 1.145360e-01 -2.015139e-03 -6.976966e-01
vertex 1.229235e-01 3.555340e-03 -6.613496e-01
endloop
endfacet
facet normal 0 0 0
outer loop
vertex -5.088162e-02 -1.607339e-01 -3.286490e-01
vertex -5.325101e-02 -1.573512e-01 -2.742493e-01
vertex -1.054795e-02 -1.657181e-01 -2.838483e-01
endloop
endfacet
facet normal 0 0 0
outer loop
vertex -5.325101e-02 -1.573512e-01 -2.742493e-01
vertex -5.163012e-02 -1.550463e-01 -2.261431e-01
vertex -1.054795e-02 -1.657181e-01 -2.838483e-01
endloop
endfacet
facet normal 0 0 0
outer loop
vertex 3.561730e-01 -1.238465e-02 -2.282912e-01
vertex 3.684469e-01 -2.186936e-02 -2.458367e-01
vertex 3.854640e-01 -1.185404e-02 -1.990880e-01
endloop
endfacet
facet normal 0 0 0
outer loop
vertex 5.269979e-02 8.936985e-02 -5.473050e-01
vertex 1.198828e-01 6.016230e-02 -5.550027e-01
vertex 7.466914e-02 5.592743e-02 -5.848485e-01
endloop
endfacet
facet normal 0 0 0
outer loop
vertex -3.026422e-01 1.437431e-01 -3.585677e-01
vertex -2.588077e-01 1.471614e-01 -3.442298e-01
vertex -2.829253e-01 1.434704e-01 -4.128501e-01
endloop
endfacet
facet normal 0 0 0
outer loop
vertex -3.701669e-01 1.471340e-01 -3.857589e-01
vertex -3.578848e-01 1.507680e-01 -4.132023e-01
vertex -3.770044e-01 1.593885e-01 -4.163966e-01
endloop
endfacet
facet normal 0 0 0
outer loop
vertex 1.508686e-01 2.492573e-02 -5.674231e-01
vertex 1.198828e-01 6.016230e-02 -5.550027e-01
vertex 1.684208e-01 5.588416e-02 -5.280097e-01
endloop
endfacet
facet normal 0 0 0
outer loop
vertex 2.584565e-01 6.466372e-02 -2.814554e-01
vertex 2.877402e-01 6.969611e-02 -3.371845e-01
vertex 2.252668e-01 9.425911e-02 -3.470685e-01
endloop
endfacet
facet normal 0 0 0
outer loop
vertex 1.594046e-01 -5.273985e-02 -5.403574e-01
vertex 1.927975e-01 -3.035530e-02 -5.338395e-01
vertex 1.947584e-01 -6.676589e-02 -4.956982e-01
endloop
endfacet
facet normal 0 0 0
outer loop
vertex 5.574919e-02 2.833223e-02 -6.521779e-01
vertex -1.912994e-04 2.808431e-02 -6.884720e-01
vertex -5.694237e-03 2.916606e-02 -6.357863e-01
endloop
endfacet
facet normal 0 0 0
outer loop
vertex -5.597259e-01 -9.021719e-03 -4.348709e-01
vertex -5.351756e-01 -8.113405e-03 -4.779904e-01
vertex -5.318614e-01 -4.417628e-02 -4.624005e-01
endloop
endfacet
facet normal 0 0 0
outer loop
vertex 3.417993e-01 -1.995331e-02 -2.621836e-01
vertex 3.400367e-01 -1.479193e-02 -2.465972e-01
vertex 3.173417e-01 -3.102372e-02 -2.690989e-01
endloop
endfacet
facet normal 0 0 0
outer loop
vertex 5.350453e-01 -2.357396e-02 -4.812157e-01
vertex 5.350748e-01 -1.202686e-02 -5.198951e-01
vertex 5.494835e-01 -1.047450e-02 -5.147186e-01
endloop
endfacet
facet normal 0 0 0
outer loop
vertex -1.092225e-01 5.212346e-02 -6.438456e-01
vertex -1.592767e-01 2.120068e-02 -6.555231e-01
vertex -1.527539e-01 6.370974e-02 -6.364423e-01
endloop
endfacet
facet normal 0 0 0
outer loop
vertex 5.779060e-01 -1.159188e-02 -4.753960e-01
vertex 5.350453e-01 -2.357396e-02 -4.812157e-01
vertex 5.494835e-01 -1.047450e-02 -5.147186e-01
endloop
endfacet
facet normal 0 0 0
outer loop
vertex 2.656519e-01 1.393334e-02 -1.204499e-01
vertex 3.225341e-01 1.205471e-02 -1.406538e-01
vertex 2.715411e-01 1.554926e-02 -1.583099e-01
endloop
endfacet
facet normal 0 0 0
outer loop
vertex 3.038492e-01 -2.353425e-02 -4.430548e-01
vertex 2.934805e-01 -5.096239e-02 -4.194331e-01
vertex 2.760570e-01 -2.361781e-02 -4.712130e-01
endloop
endfacet
facet normal 0 0 0
outer loop
vertex 2.548790e-01 -1.001260e-03 -6.383090e-01
vertex 2.421182e-01 -1.740803e-02 -6.292733e-01
vertex 2.097430e-01 -9.840400e-04 -6.454080e-01
endloop
endfacet
facet normal 0 0 0
outer loop
vertex 3.173417e-01 -3.102372e-02 -2.690989e-01
vertex 2.857237e-01 -5.570307e-02 -2.848935e-01
vertex 3.305678e-01 -5.088386e-02 -3.132010e-01
endloop
endfacet
facet normal 0 0 0
outer loop
vertex -3.658382e-01 -8.033045e-02 -5.683657e-01
vertex -4.276315e-01 -6.545006e-02 -5.460224e-01
vertex -4.113174e-01 -3.235632e-02 -5.784969e-01
endloop
endfacet
facet normal 0 0 0
outer loop
vertex -5.293088e-01 -8.170699e-02 -3.765468e-01
vertex -5.616267e-01 -4.893938e-02 -3.976067e-01
vertex -5.264869e-01 -7.295427e-02 -4.275970e-01
endloop
endfacet
facet normal 0 0 0
outer loop
vertex 2.521540e-01 2.592505e-02 -4.887760e-01
vertex 2.546244e-01 5.457063e-02 -4.513249e-01
vertex 2.907604e-01 1.905682e-02 -4.569308e-01
endloop
endfacet
facet normal 0 0 0
outer loop
vertex -4.465600e-02 3.769927e-02 -1.379226e-01
vertex -3.896808e-02 7.824437e-02 -1.690848e-01
vertex -7.372230e-02 6.224901e-02 -1.464099e-01
endloop
endfacet
facet normal 0 0 0
outer loop
vertex -1.368425e-01 -1.492613e-01 -4.189485e-01
vertex -7.003095e-02 -1.431805e-01 -4.056767e-01
vertex -1.101993e-01 -1.493345e-01 -3.930501e-01
endloop
endfacet
facet normal 0 0 0
outer loop
vertex -3.045614e-01 1.192545e-02 -1.459807e-01
vertex -3.646544e-01 1.582594e-02 -1.639173e-01
vertex -3.683348e-01 -3.379881e-02 -1.677314e-01
endloop
endfacet
facet normal 0 0 0
outer loop
vertex -3.012205e-01 -4.401430e-02 -1.514850e-01
vertex -3.045614e-01 1.192545e-02 -1.459807e-01
vertex -3.683348e-01 -3.379881e-02 -1.677314e-01
endloop
endfacet
facet normal 0 0 0
outer loop
vertex -3.507689e-01 1.309328e-01 -4.417714e-01
vertex -3.097382e-01 1.326335e-01 -4.674719e-01
vertex -3.568040e-01 1.130471e-01 -5.050700e-01
endloop
endfacet
facet normal 0 0 0
outer loop
vertex -5.163012e-02 -1.550463e-01 -2.261431e-01
vertex -3.602100e-02 -1.613993e-01 -1.889670e-01
vertex 7.085718e-03 -1.678389e-01 -2.126871e-01
endloop
endfacet
facet normal 0 0 0
outer loop
vertex -4.456351e-01 7.586902e-02 -2.289064e-01
vertex -4.232697e-01 5.184620e-02 -1.997748e-01
vertex -3.938095e-01 9.528027e-02 -2.228916e-01
endloop
endfacet
facet normal 0 0 0
outer loop
vertex 8.390955e-02 7.712834e-02 -2.020773e-01
vertex 1.598114e-01 5.705658e-02 -2.080753e-01
vertex 1.294093e-01 8.711630e-02 -2.339045e-01
endloop
endfacet
facet normal 0 0 0
outer loop
vertex -4.189718e-01 -1.447641e-01 -4.431947e-01
vertex -3.945861e-01 -1.548511e-01 -4.435285e-01
vertex -4.059774e-01 -1.577488e-01 -4.233656e-01
endloop
endfacet
facet normal 0 0 0
outer loop
vertex -5.541554e-01 -2.634181e-02 -2.735410e-01
vertex -5.396153e-01 2.273223e-03 -2.571191e-01
vertex -5.731518e-01 1.524905e-02 -2.909634e-01
endloop
endfacet
facet normal 0 0 0
outer loop
vertex -7.233912e-02 2.787623e-02 -6.925865e-01
vertex -1.912994e-04 2.808431e-02 -6.884720e-01
vertex -3.231621e-02 2.614631e-02 -7.429761e-01
endloop
endfacet
facet normal 0 0 0
outer loop
vertex -6.845356e-03 -1.735358e-01 -1.927156e-01
vertex 7.085718e-03 -1.678389e-01 -2.126871e-01
vertex -3.602100e-02 -1.613993e-01 -1.889670e-01
endloop
endfacet
facet normal 0 0 0
outer loop
vertex 3.476714e-01 1.537872e-02 -2.483852e-01
vertex 3.456551e-01 2.261178e-02 -2.773174e-01
vertex 3.133814e-01 1.264946e-02 -2.532664e-01
endloop
endfacet
facet normal 0 0 0
outer loop
vertex -1.651273e-01 -1.511440e-01 -2.631849e-01
vertex -1.690450e-01 -1.618341e-01 -3.321065e-01
vertex -1.212330e-01 -1.739581e-01 -3.025011e-01
endloop
endfacet
facet normal 0 0 0
outer loop
vertex -2.881211e-01 6.866021e-02 -1.591449e-01
vertex -3.331218e-01 4.143551e-02 -1.595374e-01
vertex -3.045614e-01 1.192545e-02 -1.459807e-01
endloop
endfacet
facet normal 0 0 0
outer loop
vertex -7.003095e-02 -1.431805e-01 -4.056767e-01
vertex -9.908719e-02 -1.386155e-01 -4.687165e-01
vertex -3.387704e-02 -1.305282e-01 -4.683105e-01
endloop
endfacet
facet normal 0 0 0
outer loop
vertex -6.218021e-02 1.368365e-01 -4.397543e-01
vertex -6.548923e-02 1.240438e-01 -5.052064e-01
vertex -1.056654e-01 1.382740e-01 -4.594087e-01
endloop
endfacet
facet normal 0 0 0
outer loop
vertex 3.467213e-01 4.158953e-02 -3.108583e-01
vertex 3.647392e-01 2.765068e-02 -3.214951e-01
vertex 3.478478e-01 4.606424e-02 -3.404454e-01
endloop
endfacet
facet normal 0 0 0
outer loop
vertex -2.243186e-01 3.878608e-02 -6.428228e-01
vertex -2.891589e-01 2.357653e-02 -6.325408e-01
vertex -2.582156e-01 6.390612e-02 -6.240044e-01
endloop
endfacet
facet normal 0 0 0
outer loop
vertex -2.243186e-01 3.878608e-02 -6.428228e-01
vertex -2.268491e-01 -2.505427e-04 -6.484461e-01
vertex -2.891589e-01 2.357653e-02 -6.325408e-01
endloop
endfacet
facet normal 0 0 0
outer loop
vertex -4.700336e-01 -7.262036e-02 -2.392897e-01
vertex -5.132651e-01 -3.774399e-02 -2.455257e-01
vertex -5.237239e-01 -6.630275e-02 -2.811343e-01
endloop
endfacet
facet normal 0 0 0
outer loop
vertex -4.059774e-01 -1.577488e-01 -4.233656e-01
vertex -3.802874e-01 -1.614730e-01 -4.195956e-01
vertex -4.149891e-01 -1.510159e-01 -3.980129e-01
endloop
endfacet
facet normal 0 0 0
outer loop
vertex -4.149891e-01 -1.510159e-01 -3.980129e-01
vertex -3.802874e-01 -1.614730e-01 -4.195956e-01
vertex -3.961648e-01 -1.539026e-01 -3.885252e-01
endloop
endfacet
facet normal 0 0 0
outer loop
vertex -1.690450e-01 -1.618341e-01 -3.321065e-01
vertex -2.039762e-01 -1.527530e-01 -3.941823e-01
vertex -1.515365e-01 -1.555583e-01 -3.639020e-01
endloop
endfacet
facet normal 0 0 0
outer loop
vertex -3.802874e-01 -1.614730e-01 -4.195956e-01
vertex -3.754242e-01 -1.536284e-01 -3.916169e-01
vertex -3.961648e-01 -1.539026e-01 -3.885252e-01
endloop
endfacet
facet normal 0 0 0
outer loop
vertex -3.580990e-01 -1.508711e-01 -4.084387e-01
vertex -3.754242e-01 -1.536284e-01 -3.916169e-01
vertex -3.802874e-01 -1.614730e-01 -4.195956e-01
endloop
endfacet
facet normal 0 0 0
outer loop
vertex -3.754242e-01 -1.536284e-01 -3.916169e-01
vertex -3.866152e-01 -1.314613e-01 -3.674479e-01
vertex -3.961648e-01 -1.539026e-01 -3.885252e-01
endloop
endfacet
facet normal 0 0 0
outer loop
vertex 3.196981e-01 5.051423e-02 -3.072197e-01
vertex 3.456551e-01 2.261178e-02 -2.773174e-01
vertex 3.467213e-01 4.158953e-02 -3.108583e-01
endloop
endfacet
facet normal 0 0 0
outer loop
vertex 3.467213e-01 4.158953e-02 -3.108583e-01
vertex 3.478478e-01 4.606424e-02 -3.404454e-01
vertex 3.196981e-01 5.051423e-02 -3.072197e-01
endloop
endfacet
facet normal 0 0 0
outer loop
vertex 2.548790e-01 -1.001260e-03 -6.383090e-01
vertex 2.097430e-01 -9.840400e-04 -6.454080e-01
vertex 2.365232e-01 1.596075e-02 -6.303849e-01
endloop
endfacet
facet normal 0 0 0
outer loop
vertex 3.513650e-01 -1.985539e-02 -4.220860e-01
vertex 2.934805e-01 -5.096239e-02 -4.194331e-01
vertex 3.303334e-01 -1.630350e-02 -4.330260e-01
endloop
endfacet
facet normal 0 0 0
outer loop
vertex -5.957820e-01 -1.237842e-02 -3.470050e-01
vertex -5.795643e-01 -4.123995e-02 -3.440883e-01
vertex -5.850421e-01 -1.612975e-02 -3.093809e-01
endloop
endfacet
facet normal 0 0 0
outer loop
vertex 3.749372e-01 -2.965303e-02 -3.393893e-01
vertex 3.455287e-01 -4.690839e-02 -3.725212e-01
vertex 3.718612e-01 -2.802488e-02 -3.853892e-01
endloop
endfacet
facet normal 0 0 0
outer loop
vertex 3.305678e-01 -5.088386e-02 -3.132010e-01
vertex 3.455287e-01 -4.690839e-02 -3.725212e-01
vertex 3.749372e-01 -2.965303e-02 -3.393893e-01
endloop
endfacet
facet normal 0 0 0
outer loop
vertex -5.438648e-01 6.980115e-02 -3.253581e-01
vertex -5.763019e-01 4.324231e-02 -3.293003e-01
vertex -5.554615e-01 4.514360e-02 -2.936654e-01
endloop
endfacet
facet normal 0 0 0
outer loop
vertex -1.751947e-02 1.401602e-01 -6.309977e-02
vertex -3.485331e-02 1.393868e-01 -7.964547e-02
vertex -4.510327e-02 1.526844e-01 -5.214415e-02
endloop
endfacet
facet normal 0 0 0
outer loop
vertex -4.510327e-02 1.526844e-01 -5.214415e-02
vertex -2.244000e-02 1.554431e-01 -3.825399e-02
vertex -1.751947e-02 1.401602e-01 -6.309977e-02
endloop
endfacet
facet normal 0 0 0
outer loop
vertex -4.113174e-01 -3.235632e-02 -5.784969e-01
vertex -4.649024e-01 -3.070648e-02 -5.439268e-01
vertex -4.536840e-01 1.946413e-02 -5.546406e-01
endloop
endfacet
facet normal 0 0 0
outer loop
vertex 2.907689e-01 -7.019772e-02 -3.655334e-01
vertex 2.284914e-01 -8.177775e-02 -4.266201e-01
vertex 2.934805e-01 -5.096239e-02 -4.194331e-01
endloop
endfacet
facet normal 0 0 0
outer loop
vertex -1.422245e-01 1.452286e-01 -4.017035e-02
vertex -1.376917e-01 1.375887e-01 -2.583336e-02
vertex -1.222479e-01 1.552116e-01 -1.789122e-02
endloop
endfacet
facet normal 0 0 0
outer loop
vertex 2.857237e-01 -5.570307e-02 -2.848935e-01
vertex 2.853375e-01 -2.750171e-02 -2.562050e-01
vertex 2.436946e-01 -7.071798e-02 -2.736107e-01
endloop
endfacet
facet normal 0 0 0
outer loop
vertex 1.598114e-01 5.705658e-02 -2.080753e-01
vertex 8.390955e-02 7.712834e-02 -2.020773e-01
vertex 9.565385e-02 1.660607e-02 -1.524368e-01
endloop
endfacet
facet normal 0 0 0
outer loop
vertex 1.617157e-01 1.597107e-02 -1.719623e-01
vertex 1.598114e-01 5.705658e-02 -2.080753e-01
vertex 9.565385e-02 1.660607e-02 -1.524368e-01
endloop
endfacet
facet normal 0 0 0
outer loop
vertex -1.391789e-01 -1.725428e-01 -3.638904e-01
vertex -8.520435e-02 -1.852005e-01 -3.411043e-01
vertex -1.212330e-01 -1.739581e-01 -3.025011e-01
endloop
endfacet
facet normal 0 0 0
outer loop
vertex -1.391789e-01 -1.725428e-01 -3.638904e-01
vertex -1.211148e-01 -1.659247e-01 -3.859694e-01
vertex -1.015620e-01 -1.822591e-01 -3.939370e-01
endloop
endfacet
facet normal 0 0 0
outer loop
vertex 2.877402e-01 6.969611e-02 -3.371845e-01
vertex 2.584565e-01 6.466372e-02 -2.814554e-01
vertex 3.196981e-01 5.051423e-02 -3.072197e-01
endloop
endfacet
facet normal 0 0 0
outer loop
vertex 5.436115e-01 2.677496e-02 -3.482267e-01
vertex 5.573682e-01 2.496679e-02 -3.993858e-01
vertex 4.938426e-01 2.726902e-02 -4.004337e-01
endloop
endfacet
facet normal 0 0 0
outer loop
vertex -1.838758e-02 -1.796971e-01 -4.277097e-01
vertex -5.853000e-02 -1.874032e-01 -4.169320e-01
vertex -5.089508e-02 -1.747897e-01 -4.185320e-01
endloop
endfacet
facet normal 0 0 0
outer loop
vertex -3.259383e-01 -1.368594e-01 -2.857026e-01
vertex -2.520616e-01 -1.510982e-01 -3.386683e-01
vertex -2.432560e-01 -1.397475e-01 -2.639421e-01
endloop
endfacet
facet normal 0 0 0
outer loop
vertex -4.488873e-02 5.702722e-02 -6.282398e-01
vertex -5.694237e-03 2.916606e-02 -6.357863e-01
vertex -5.870425e-02 2.873350e-02 -6.527094e-01
endloop
endfacet
facet normal 0 0 0
outer loop
vertex -3.946885e-01 1.429931e-01 -3.770261e-01
vertex -3.701669e-01 1.471340e-01 -3.857589e-01
vertex -3.947003e-01 1.575826e-01 -4.010811e-01
endloop
endfacet
facet normal 0 0 0
outer loop
vertex 4.938426e-01 2.726902e-02 -4.004337e-01
vertex 4.482054e-01 2.319003e-02 -4.443274e-01
vertex 4.050642e-01 2.686269e-02 -3.850644e-01
endloop
endfacet
facet normal 0 0 0
outer loop
vertex 4.050642e-01 2.686269e-02 -3.850644e-01
vertex 4.482054e-01 2.319003e-02 -4.443274e-01
vertex 3.996485e-01 1.594043e-02 -4.522276e-01
endloop
endfacet
facet normal 0 0 0
outer loop
vertex -5.318614e-01 -4.417628e-02 -4.624005e-01
vertex -5.616267e-01 -4.893938e-02 -3.976067e-01
vertex -5.597259e-01 -9.021719e-03 -4.348709e-01
endloop
endfacet
facet normal 0 0 0
outer loop
vertex 5.830391e-01 -1.859976e-02 -4.046411e-01
vertex 5.643425e-01 -2.594357e-02 -3.885724e-01
vertex 5.765951e-01 -2.346338e-02 -4.363726e-01
endloop
endfacet
facet normal 0 0 0
outer loop
vertex -2.483474e-01 -7.049155e-02 -6.198153e-01
vertex -2.929898e-01 -8.682514e-02 -5.932159e-01
vertex -2.819487e-01 -5.713479e-02 -6.243545e-01
endloop
endfacet
facet normal 0 0 0
outer loop
vertex -8.639380e-02 -1.710200e-01 -4.050157e-01
vertex -5.853000e-02 -1.874032e-01 -4.169320e-01
vertex -1.015620e-01 -1.822591e-01 -3.939370e-01
endloop
endfacet
facet normal 0 0 0
outer loop
vertex -4.299236e-01 -9.972194e-02 -2.472271e-01
vertex -3.689120e-01 -1.100039e-01 -2.303590e-01
vertex -4.038372e-01 -7.672137e-02 -2.045080e-01
endloop
endfacet
facet normal 0 0 0
outer loop
vertex -9.908719e-02 -1.386155e-01 -4.687165e-01
vertex -1.368425e-01 -1.492613e-01 -4.189485e-01
vertex -1.845745e-01 -1.402885e-01 -4.790080e-01
endloop
endfacet
facet normal 0 0 0
outer loop
vertex 3.442046e-01 -1.954354e-02 -5.041199e-01
vertex 3.075500e-01 -2.669906e-02 -4.821298e-01
vertex 3.117070e-01 -2.951406e-02 -5.401235e-01
endloop
endfacet
facet normal 0 0 0
outer loop
vertex 3.126851e-01 -1.009092e-02 -2.250181e-01
vertex 3.035995e-01 -1.234793e-03 -2.380811e-01
vertex 3.192103e-01 9.312104e-03 -2.173067e-01
endloop
endfacet
facet normal 0 0 0
outer loop
vertex 3.718612e-01 -2.802488e-02 -3.853892e-01
vertex 4.258235e-01 -2.964383e-02 -3.797900e-01
vertex 3.749372e-01 -2.965303e-02 -3.393893e-01
endloop
endfacet
facet normal 0 0 0
outer loop
vertex -5.221254e-01 3.859061e-02 -2.530293e-01
vertex -5.396153e-01 2.273223e-03 -2.571191e-01
vertex -5.031666e-01 2.636189e-02 -2.360124e-01
endloop
endfacet
facet normal 0 0 0
outer loop
vertex -4.200439e-01 1.481875e-01 -4.274134e-01
vertex -3.947003e-01 1.575826e-01 -4.010811e-01
vertex -3.926513e-01 1.573176e-01 -4.340665e-01
endloop
endfacet
facet normal 0 0 0
outer loop
vertex -3.770044e-01 1.593885e-01 -4.163966e-01
vertex -3.926513e-01 1.573176e-01 -4.340665e-01
vertex -3.947003e-01 1.575826e-01 -4.010811e-01
endloop
endfacet
facet normal 0 0 0
outer loop
vertex -3.701669e-01 1.471340e-01 -3.857589e-01
vertex -3.770044e-01 1.593885e-01 -4.163966e-01
vertex -3.947003e-01 1.575826e-01 -4.010811e-01
endloop
endfacet
facet normal 0 0 0
outer loop
vertex -3.811843e-01 1.434924e-01 -4.563993e-01
vertex -4.063345e-01 1.305802e-01 -4.653446e-01
vertex -4.086530e-01 1.455415e-01 -4.489143e-01
endloop
endfacet
facet normal 0 0 0
outer loop
vertex -3.811843e-01 1.434924e-01 -4.563993e-01
vertex -3.926513e-01 1.573176e-01 -4.340665e-01
vertex -3.659088e-01 1.516130e-01 -4.352754e-01
endloop
endfacet
facet normal 0 0 0
outer loop
vertex -3.786500e-01 -1.438082e-01 -4.582480e-01
vertex -3.802874e-01 -1.614730e-01 -4.195956e-01
vertex -3.945861e-01 -1.548511e-01 -4.435285e-01
endloop
endfacet
facet normal 0 0 0
outer loop
vertex -3.601785e-01 -1.513071e-01 -4.331403e-01
vertex -3.802874e-01 -1.614730e-01 -4.195956e-01
vertex -3.786500e-01 -1.438082e-01 -4.582480e-01
endloop
endfacet
facet normal 0 0 0
outer loop
vertex -3.023681e-03 1.809285e-01 -4.295580e-01
vertex -2.654400e-02 1.759602e-01 -4.248490e-01
vertex -3.138721e-02 1.914185e-01 -4.232945e-01
endloop
endfacet
facet normal 0 0 0
outer loop
vertex -1.883893e-02 -1.273589e-01 -2.574810e-01
vertex -8.421228e-02 -1.261943e-01 -2.273182e-01
vertex -6.532016e-02 -1.416729e-01 -2.956766e-01
endloop
endfacet
facet normal 0 0 0
outer loop
vertex 9.866725e-02 -1.058199e-01 -4.760209e-01
vertex 5.673378e-02 -1.085520e-01 -5.000224e-01
vertex 1.155066e-01 -8.877059e-02 -5.114480e-01
endloop
endfacet
facet normal 0 0 0
outer loop
vertex -7.479286e-03 -1.103829e-01 -5.328168e-01
vertex 5.697501e-02 -9.055627e-02 -5.487049e-01
vertex 5.673378e-02 -1.085520e-01 -5.000224e-01
endloop
endfacet
facet normal 0 0 0
outer loop
vertex 2.760570e-01 -2.361781e-02 -4.712130e-01
vertex 2.934805e-01 -5.096239e-02 -4.194331e-01
vertex 2.407209e-01 -5.557082e-02 -4.693725e-01
endloop
endfacet
facet normal 0 0 0
outer loop
vertex -1.844534e-01 -1.286734e-02 -6.811430e-01
vertex -1.973492e-01 -8.400043e-03 -6.560386e-01
vertex -1.840377e-01 2.162375e-03 -6.916398e-01
endloop
endfacet
facet normal 0 0 0
outer loop
vertex 3.305678e-01 -5.088386e-02 -3.132010e-01
vertex 3.749372e-01 -2.965303e-02 -3.393893e-01
vertex 3.618260e-01 -2.681802e-02 -2.895464e-01
endloop
endfacet
facet normal 0 0 0
outer loop
vertex 2.333870e-01 -3.049803e-02 -5.105094e-01
vertex 2.407209e-01 -5.557082e-02 -4.693725e-01
vertex 1.947584e-01 -6.676589e-02 -4.956982e-01
endloop
endfacet
facet normal 0 0 0
outer loop
vertex 5.065029e-01 -2.456943e-02 -2.207481e-01
vertex 5.296687e-01 -2.672946e-02 -2.691136e-01
vertex 5.466045e-01 -1.514794e-02 -2.182139e-01
endloop
endfacet
facet normal 0 0 0
outer loop
vertex 4.547448e-01 2.748218e-02 -3.603027e-01
vertex 4.938426e-01 2.726902e-02 -4.004337e-01
vertex 4.050642e-01 2.686269e-02 -3.850644e-01
endloop
endfacet
facet normal 0 0 0
outer loop
vertex 4.925613e-01 2.764323e-02 -3.373814e-01
vertex 4.938426e-01 2.726902e-02 -4.004337e-01
vertex 4.547448e-01 2.748218e-02 -3.603027e-01
endloop
endfacet
facet normal 0 0 0
outer loop
vertex -3.104806e-01 -1.396852e-01 -4.468449e-01
vertex -2.748635e-01 -1.357211e-01 -4.829291e-01
vertex -2.736488e-01 -1.485239e-01 -4.048665e-01
endloop
endfacet
facet normal 0 0 0
outer loop
vertex 4.116378e-01 -2.796207e-02 -2.694747e-01
vertex 3.618260e-01 -2.681802e-02 -2.895464e-01
vertex 3.749372e-01 -2.965303e-02 -3.393893e-01
endloop
endfacet
facet normal 0 0 0
outer loop
vertex -2.105165e-02 -1.414587e-01 -4.379035e-02
vertex -2.502014e-02 -1.287803e-01 -6.437552e-02
vertex -6.172904e-02 -1.300019e-01 -4.734558e-02
endloop
endfacet
facet normal 0 0 0
outer loop
vertex 1.598114e-01 5.705658e-02 -2.080753e-01
vertex 2.173322e-01 1.650968e-02 -2.024527e-01
vertex 2.286249e-01 4.497905e-02 -2.345828e-01
endloop
endfacet
facet normal 0 0 0
outer loop
vertex 2.036303e-01 7.629562e-02 -2.573564e-01
vertex 1.598114e-01 5.705658e-02 -2.080753e-01
vertex 2.286249e-01 4.497905e-02 -2.345828e-01
endloop
endfacet
facet normal 0 0 0
outer loop
vertex -3.770044e-01 1.593885e-01 -4.163966e-01
vertex -3.578848e-01 1.507680e-01 -4.132023e-01
vertex -3.659088e-01 1.516130e-01 -4.352754e-01
endloop
endfacet
facet normal 0 0 0
outer loop
vertex -3.322935e-01 5.736773e-02 -6.041017e-01
vertex -3.028401e-01 8.962105e-02 -5.811883e-01
vertex -2.582156e-01 6.390612e-02 -6.240044e-01
endloop
endfacet
facet normal 0 0 0
outer loop
vertex 2.221375e-02 2.020208e-01 -3.895364e-01
vertex 2.051240e-03 1.986802e-01 -3.550496e-01
vertex 3.706551e-02 2.025638e-01 -3.624171e-01
endloop
endfacet
facet normal 0 0 0
outer loop
vertex -5.483210e-02 1.831118e-01 -2.846336e-01
vertex -6.071528e-03 1.890392e-01 -2.585465e-01
vertex -2.210513e-02 1.928352e-01 -3.161378e-01
endloop
endfacet
facet normal 0 0 0
outer loop
vertex -3.011215e-02 -1.792884e-01 -1.976959e-01
vertex -8.045611e-02 -1.768307e-01 -2.409220e-01
vertex -1.288424e-02 -1.905110e-01 -2.530329e-01
endloop
endfacet
facet normal 0 0 0
outer loop
vertex 5.768474e-01 -3.259973e-04 -4.894093e-01
vertex 5.779060e-01 -1.159188e-02 -4.753960e-01
vertex 5.577546e-01 2.038266e-03 -5.129996e-01
endloop
endfacet
facet normal 0 0 0
outer loop
vertex -3.802874e-01 -1.614730e-01 -4.195956e-01
vertex -3.601785e-01 -1.513071e-01 -4.331403e-01
vertex -3.580990e-01 -1.508711e-01 -4.084387e-01
endloop
endfacet
facet normal 0 0 0
outer loop
vertex 2.061705e-01 6.432840e-02 -4.845770e-01
vertex 2.546244e-01 5.457063e-02 -4.513249e-01
vertex 2.521540e-01 2.592505e-02 -4.887760e-01
endloop
endfacet
facet normal 0 0 0
outer loop
vertex 3.442046e-01 -1.954354e-02 -5.041199e-01
vertex 3.117070e-01 -2.951406e-02 -5.401235e-01
vertex 3.443611e-01 -2.036335e-02 -5.373455e-01
endloop
endfacet
facet normal 0 0 0
outer loop
vertex 2.032489e-01 -1.721644e-02 -1.477018e-01
vertex 1.499006e-01 -2.035058e-02 -1.756506e-01
vertex 1.882206e-01 -2.174153e-02 -1.930376e-01
endloop
endfacet
facet normal 0 0 0
outer loop
vertex 1.882206e-01 -2.174153e-02 -1.930376e-01
vertex 2.689168e-01 -1.876092e-02 -1.618560e-01
vertex 2.032489e-01 -1.721644e-02 -1.477018e-01
endloop
endfacet
facet normal 0 0 0
outer loop
vertex -3.011215e-02 -1.792884e-01 -1.976959e-01
vertex 1.522300e-02 -1.834628e-01 -2.120920e-01
vertex -6.845356e-03 -1.735358e-01 -1.927156e-01
endloop
endfacet
facet normal 0 0 0
outer loop
vertex 5.768474e-01 -3.259973e-04 -4.894093e-01
vertex 5.571088e-01 1.168244e-02 -5.054002e-01
vertex 5.687815e-01 1.580838e-02 -4.723746e-01
endloop
endfacet
facet normal 0 0 0
outer loop
vertex 5.577546e-01 2.038266e-03 -5.129996e-01
vertex 5.571088e-01 1.168244e-02 -5.054002e-01
vertex 5.768474e-01 -3.259973e-04 -4.894093e-01
endloop
endfacet
facet normal 0 0 0
outer loop
vertex -5.616267e-01 -4.893938e-02 -3.976067e-01
vertex -5.293088e-01 -8.170699e-02 -3.765468e-01
vertex -5.795643e-01 -4.123995e-02 -3.440883e-01
endloop
endfacet
facet normal 0 0 0
outer loop
vertex -3.945861e-01 -1.548511e-01 -4.435285e-01
vertex -3.802874e-01 -1.614730e-01 -4.195956e-01
vertex -4.059774e-01 -1.577488e-01 -4.233656e-01
endloop
endfacet
facet normal 0 0 0
outer loop
vertex 4.715680e-01 -9.132200e-04 -5.139160e-01
vertex 4.230611e-01 -1.123656e-03 -4.843644e-01
vertex 4.492607e-01 1.332763e-02 -4.875329e-01
endloop
endfacet
facet normal 0 0 0
outer loop
vertex -3.028401e-01 8.962105e-02 -5.811883e-01
vertex -3.322935e-01 5.736773e-02 -6.041017e-01
vertex -3.658017e-01 8.257261e-02 -5.608701e-01
endloop
endfacet
facet normal 0 0 0
outer loop
vertex -1.079110e-01 -1.620480e-01 -7.954000e-03
vertex -1.264016e-01 -1.563850e-01 -2.201389e-02
vertex -8.036091e-02 -1.574791e-01 -3.838767e-02
endloop
endfacet
facet normal 0 0 0
outer loop
vertex 2.061705e-01 6.432840e-02 -4.845770e-01
vertex 1.684208e-01 5.588416e-02 -5.280097e-01
vertex 1.421046e-01 9.111728e-02 -4.801424e-01
endloop
endfacet
facet normal 0 0 0
outer loop
vertex -3.658382e-01 -8.033045e-02 -5.683657e-01
vertex -3.797929e-01 -9.940804e-02 -5.276261e-01
vertex -4.276315e-01 -6.545006e-02 -5.460224e-01
endloop
endfacet
facet normal 0 0 0
outer loop
vertex 5.687710e-01 -1.001230e-03 -2.437250e-01
vertex 5.554584e-01 -1.867409e-02 -2.553374e-01
vertex 5.723382e-01 -1.381933e-02 -2.769972e-01
endloop
endfacet
facet normal 0 0 0
outer loop
vertex -3.329395e-01 -6.142158e-02 -6.031455e-01
vertex -2.929898e-01 -8.682514e-02 -5.932159e-01
vertex -3.658382e-01 -8.033045e-02 -5.683657e-01
endloop
endfacet
facet normal 0 0 0
outer loop
vertex -3.159849e-01 -1.100017e-01 -5.429795e-01
vertex -3.658382e-01 -8.033045e-02 -5.683657e-01
vertex -2.929898e-01 -8.682514e-02 -5.932159e-01
endloop
endfacet
facet normal 0 0 0
outer loop
vertex -3.993122e-01 -1.385402e-01 -4.616561e-01
vertex -3.945861e-01 -1.548511e-01 -4.435285e-01
vertex -4.189718e-01 -1.447641e-01 -4.431947e-01
endloop
endfacet
facet normal 0 0 0
outer loop
vertex 4.906124e-01 -1.393965e-03 -1.428134e-01
vertex 5.051739e-01 1.359310e-02 -1.672660e-01
vertex 4.769390e-01 1.042953e-02 -1.453540e-01
endloop
endfacet
facet normal 0 0 0
outer loop
vertex 1.947584e-01 -6.676589e-02 -4.956982e-01
vertex 1.518679e-01 -7.529317e-02 -5.154213e-01
vertex 1.594046e-01 -5.273985e-02 -5.403574e-01
endloop
endfacet
facet normal 0 0 0
outer loop
vertex 1.518679e-01 -7.529317e-02 -5.154213e-01
vertex 1.947584e-01 -6.676589e-02 -4.956982e-01
vertex 1.537544e-01 -9.669783e-02 -4.577493e-01
endloop
endfacet
facet normal 0 0 0
outer loop
vertex -3.387704e-02 -1.305282e-01 -4.683105e-01
vertex 2.872004e-02 -1.233963e-01 -4.544968e-01
vertex 1.975489e-03 -1.331296e-01 -4.066026e-01
endloop
endfacet
facet normal 0 0 0
outer loop
vertex -1.968554e-01 7.321162e-02 -6.251435e-01
vertex -2.402463e-01 9.928832e-02 -5.836131e-01
vertex -1.670879e-01 9.933781e-02 -5.902413e-01
endloop
endfacet
facet normal 0 0 0
outer loop
vertex -5.318614e-01 -4.417628e-02 -4.624005e-01
vertex -4.943543e-01 -8.204633e-02 -4.588708e-01
vertex -5.264869e-01 -7.295427e-02 -4.275970e-01
endloop
endfacet
facet normal 0 0 0
outer loop
vertex 7.098980e-02 -1.168978e-01 -4.484718e-01
vertex 2.872004e-02 -1.233963e-01 -4.544968e-01
vertex 5.673378e-02 -1.085520e-01 -5.000224e-01
endloop
endfacet
facet normal 0 0 0
outer loop
vertex 5.359889e-01 2.768615e-04 -1.805804e-01
vertex 5.492001e-01 1.347532e-02 -2.238009e-01
vertex 5.258051e-01 1.410972e-02 -1.881303e-01
endloop
endfacet
facet normal 0 0 0
outer loop
vertex -1.452160e-01 1.037845e-01 -5.116480e-02
vertex -1.402064e-01 1.158475e-01 -4.144980e-02
vertex -1.552767e-01 1.146170e-01 -2.836813e-02
endloop
endfacet
facet normal 0 0 0
outer loop
vertex 2.853375e-01 -2.750171e-02 -2.562050e-01
vertex 2.499982e-01 -4.184493e-02 -2.422335e-01
vertex 2.436946e-01 -7.071798e-02 -2.736107e-01
endloop
endfacet
facet normal 0 0 0
outer loop
vertex 1.367616e-02 3.890401e-02 -1.486793e-01
vertex 1.403729e-03 -5.603281e-03 -1.333432e-01
vertex 7.046647e-02 2.695009e-03 -1.343413e-01
endloop
endfacet
facet normal 0 0 0
outer loop
vertex 7.046647e-02 2.695009e-03 -1.343413e-01
vertex 1.403729e-03 -5.603281e-03 -1.333432e-01
vertex 7.038158e-02 -1.012765e-02 -1.384780e-01
endloop
endfacet
facet normal 0 0 0
outer loop
vertex -1.894467e-01 -1.107895e-01 -1.691164e-02
vertex -2.109896e-01 -1.032181e-01 -2.970819e-02
vertex -1.976690e-01 -1.187956e-01 -1.754099e-02
endloop
endfacet
facet normal 0 0 0
outer loop
vertex -1.651273e-01 -1.511440e-01 -2.631849e-01
vertex -8.045611e-02 -1.768307e-01 -2.409220e-01
vertex -1.090666e-01 -1.621327e-01 -2.131350e-01
endloop
endfacet
facet normal 0 0 0
outer loop
vertex -1.212330e-01 -1.739581e-01 -3.025011e-01
vertex -8.045611e-02 -1.768307e-01 -2.409220e-01
vertex -1.651273e-01 -1.511440e-01 -2.631849e-01
endloop
endfacet
facet normal 0 0 0
outer loop
vertex 3.117070e-01 -2.951406e-02 -5.401235e-01
vertex 3.075500e-01 -2.669906e-02 -4.821298e-01
vertex 2.745648e-01 -3.153055e-02 -5.186337e-01
endloop
endfacet
facet normal 0 0 0
outer loop
vertex -3.097382e-01 1.326335e-01 -4.674719e-01
vertex -2.999790e-01 1.145948e-01 -5.313206e-01
vertex -3.568040e-01 1.130471e-01 -5.050700e-01
endloop
endfacet
facet normal 0 0 0
outer loop
vertex -3.659088e-01 1.516130e-01 -4.352754e-01
vertex -3.507689e-01 1.309328e-01 -4.417714e-01
vertex -3.811843e-01 1.434924e-01 -4.563993e-01
endloop
endfacet
facet normal 0 0 0
outer loop
vertex 2.679709e-01 -7.782450e-02 -3.225895e-01
vertex 2.857237e-01 -5.570307e-02 -2.848935e-01
vertex 2.436946e-01 -7.071798e-02 -2.736107e-01
endloop
endfacet
facet normal 0 0 0
outer loop
vertex -4.198385e-01 6.530510e-02 -5.485991e-01
vertex -3.929055e-01 9.006981e-02 -5.285816e-01
vertex -3.658017e-01 8.257261e-02 -5.608701e-01
endloop
endfacet
facet normal 0 0 0
outer loop
vertex -4.193399e-01 -1.300318e-01 -4.592537e-01
vertex -4.124501e-01 -1.136608e-01 -4.662978e-01
vertex -3.993122e-01 -1.385402e-01 -4.616561e-01
endloop
endfacet
facet normal 0 0 0
outer loop
vertex -4.374140e-01 -1.109513e-01 -4.482470e-01
vertex -4.124501e-01 -1.136608e-01 -4.662978e-01
vertex -4.193399e-01 -1.300318e-01 -4.592537e-01
endloop
endfacet
facet normal 0 0 0
outer loop
vertex -3.504840e-01 -1.240289e-01 -4.853816e-01
vertex -3.914210e-01 -1.175039e-01 -4.694720e-01
vertex -3.797929e-01 -9.940804e-02 -5.276261e-01
endloop
endfacet
facet normal 0 0 0
outer loop
vertex 5.625127e-01 -2.527590e-02 -3.436776e-01
vertex 5.489309e-01 -2.531025e-02 -3.052180e-01
vertex 5.219411e-01 -2.699392e-02 -3.345606e-01
endloop
endfacet
facet normal 0 0 0
outer loop
vertex 3.035995e-01 -1.234793e-03 -2.380811e-01
vertex 3.126851e-01 -1.009092e-02 -2.250181e-01
vertex 2.719920e-01 -1.175644e-02 -2.396470e-01
endloop
endfacet
facet normal 0 0 0
outer loop
vertex 1.537544e-01 -9.669783e-02 -4.577493e-01
vertex 1.702312e-01 -1.052919e-01 -3.978546e-01
vertex 1.125523e-01 -1.117617e-01 -4.311207e-01
endloop
endfacet
facet normal 0 0 0
outer loop
vertex 5.219411e-01 -2.699392e-02 -3.345606e-01
vertex 5.394664e-01 -2.919078e-02 -3.696002e-01
vertex 5.625127e-01 -2.527590e-02 -3.436776e-01
endloop
endfacet
facet normal 0 0 0
outer loop
vertex -2.039762e-01 -1.527530e-01 -3.941823e-01
vertex -1.690450e-01 -1.618341e-01 -3.321065e-01
vertex -2.520616e-01 -1.510982e-01 -3.386683e-01
endloop
endfacet
facet normal 0 0 0
outer loop
vertex 2.730178e-01 1.844442e-02 -6.111158e-01
vertex 3.231043e-01 1.468954e-02 -5.831525e-01
vertex 2.934981e-01 -6.144290e-04 -6.195079e-01
endloop
endfacet
facet normal 0 0 0
outer loop
vertex 2.730178e-01 1.844442e-02 -6.111158e-01
vertex 2.507072e-01 2.738625e-02 -5.821171e-01
vertex 3.231043e-01 1.468954e-02 -5.831525e-01
endloop
endfacet
facet normal 0 0 0
outer loop
vertex 2.881013e-01 4.539927e-04 -2.491917e-01
vertex 2.862801e-01 3.190652e-02 -2.623798e-01
vertex 2.758227e-01 8.824783e-03 -2.431646e-01
endloop
endfacet
facet normal 0 0 0
outer loop
vertex 3.133814e-01 1.264946e-02 -2.532664e-01
vertex 2.862801e-01 3.190652e-02 -2.623798e-01
vertex 2.881013e-01 4.539927e-04 -2.491917e-01
endloop
endfacet
facet normal 0 0 0
outer loop
vertex -4.651508e-02 9.777962e-02 -1.233821e-01
vertex -2.484400e-02 1.147283e-01 -9.474102e-02
vertex -7.008828e-02 9.893665e-02 -1.055904e-01
endloop
endfacet
facet normal 0 0 0
outer loop
vertex 8.560894e-02 -2.739900e-02 -6.836815e-01
vertex 8.701900e-02 -1.085511e-02 -7.412280e-01
vertex 1.117149e-01 -1.668489e-02 -6.749721e-01
endloop
endfacet
facet normal 0 0 0
outer loop
vertex 3.035995e-01 -1.234793e-03 -2.380811e-01
vertex 2.881013e-01 4.539927e-04 -2.491917e-01
vertex 2.758227e-01 8.824783e-03 -2.431646e-01
endloop
endfacet
facet normal 0 0 0
outer loop
vertex 2.881013e-01 4.539927e-04 -2.491917e-01
vertex 2.719920e-01 -1.175644e-02 -2.396470e-01
vertex 2.853375e-01 -2.750171e-02 -2.562050e-01
endloop
endfacet
facet normal 0 0 0
outer loop
vertex 2.719920e-01 -1.175644e-02 -2.396470e-01
vertex 2.881013e-01 4.539927e-04 -2.491917e-01
vertex 3.035995e-01 -1.234793e-03 -2.380811e-01
endloop
endfacet
facet normal 0 0 0
outer loop
vertex -2.105165e-02 -1.414587e-01 -4.379035e-02
vertex -4.676946e-02 -1.585544e-01 -7.764457e-03
vertex -2.319327e-02 -1.580310e-01 -3.943801e-02
endloop
endfacet
facet normal 0 0 0
outer loop
vertex -2.432560e-01 -1.397475e-01 -2.639421e-01
vertex -1.733488e-01 -1.227884e-01 -2.037840e-01
vertex -2.494011e-01 -1.135882e-01 -2.045742e-01
endloop
endfacet
facet normal 0 0 0
outer loop
vertex -9.259480e-02 1.442283e-01 -4.044842e-01
vertex -1.056654e-01 1.382740e-01 -4.594087e-01
vertex -1.436298e-01 1.470852e-01 -4.151009e-01
endloop
endfacet
facet normal 0 0 0
outer loop
vertex -3.770044e-01 1.593885e-01 -4.163966e-01
vertex -3.659088e-01 1.516130e-01 -4.352754e-01
vertex -3.926513e-01 1.573176e-01 -4.340665e-01
endloop
endfacet
facet normal 0 0 0
outer loop
vertex -2.158234e-01 9.904838e-02 -3.886914e-02
vertex -1.976944e-01 1.074619e-01 -1.847084e-02
vertex -2.048660e-01 1.169482e-01 -2.220500e-02
endloop
endfacet
facet normal 0 0 0
outer loop
vertex 4.258235e-01 -2.964383e-02 -3.797900e-01
vertex 5.071418e-01 -2.969689e-02 -3.974454e-01
vertex 4.756891e-01 -3.009680e-02 -3.277989e-01
endloop
endfacet
facet normal 0 0 0
outer loop
vertex -5.597259e-01 -9.021719e-03 -4.348709e-01
vertex -5.840364e-01 -1.680666e-02 -3.827638e-01
vertex -5.689629e-01 2.524236e-02 -4.099460e-01
endloop
endfacet
facet normal 0 0 0
outer loop
vertex -5.850421e-01 -1.612975e-02 -3.093809e-01
vertex -5.731518e-01 1.524905e-02 -2.909634e-01
vertex -5.921569e-01 1.914479e-02 -3.295834e-01
endloop
endfacet
facet normal 0 0 0
outer loop
vertex -5.042661e-01 8.621170e-02 -4.286543e-01
vertex -5.329396e-01 7.797696e-02 -3.673297e-01
vertex -4.863220e-01 1.012065e-01 -3.829989e-01
endloop
endfacet
facet normal 0 0 0
outer loop
vertex 3.851185e-03 7.809059e-02 -5.899568e-01
vertex -5.747677e-02 9.889427e-02 -5.751395e-01
vertex 8.767867e-03 1.117261e-01 -5.105113e-01
endloop
endfacet
facet normal 0 0 0
outer loop
vertex 6.070321e-02 1.966361e-01 -3.021946e-01
vertex 6.754500e-02 1.875077e-01 -3.261280e-01
vertex 6.778062e-02 2.009532e-01 -3.445657e-01
endloop
endfacet
facet normal 0 0 0
outer loop
vertex -5.231374e-02 1.576094e-01 -3.199300e-01
vertex -1.113460e-01 1.418459e-01 -2.711390e-01
vertex -9.209659e-02 1.463901e-01 -3.373851e-01
endloop
endfacet
facet normal 0 0 0
outer loop
vertex -9.209659e-02 1.463901e-01 -3.373851e-01
vertex -1.113460e-01 1.418459e-01 -2.711390e-01
vertex -5.790238e-02 1.353714e-01 -2.755884e-01
endloop
endfacet
facet normal 0 0 0
outer loop
vertex 4.492607e-01 1.332763e-02 -4.875329e-01
vertex 4.230611e-01 -1.123656e-03 -4.843644e-01
vertex 3.996485e-01 1.594043e-02 -4.522276e-01
endloop
endfacet
facet normal 0 0 0
outer loop
vertex -5.731518e-01 1.524905e-02 -2.909634e-01
vertex -5.554615e-01 4.514360e-02 -2.936654e-01
vertex -5.763019e-01 4.324231e-02 -3.293003e-01
endloop
endfacet
facet normal 0 0 0
outer loop
vertex -5.731518e-01 1.524905e-02 -2.909634e-01
vertex -5.763019e-01 4.324231e-02 -3.293003e-01
vertex -5.921569e-01 1.914479e-02 -3.295834e-01
endloop
endfacet
facet normal 0 0 0
outer loop
vertex -5.921569e-01 1.914479e-02 -3.295834e-01
vertex -5.763019e-01 4.324231e-02 -3.293003e-01
vertex -5.730635e-01 4.402658e-02 -3.675867e-01
endloop
endfacet
facet normal 0 0 0
outer loop
vertex -2.736488e-01 -1.485239e-01 -4.048665e-01
vertex -2.748635e-01 -1.357211e-01 -4.829291e-01
vertex -2.383229e-01 -1.472250e-01 -4.345407e-01
endloop
endfacet
facet normal 0 0 0
outer loop
vertex -2.045871e-01 -1.179396e-01 -2.833137e-02
vertex -1.799072e-01 -1.239883e-01 -2.285299e-02
vertex -1.976690e-01 -1.187956e-01 -1.754099e-02
endloop
endfacet
facet normal 0 0 0
outer loop
vertex 5.940598e-02 -5.919558e-02 -1.722490e-01
vertex 1.115806e-01 -1.895963e-02 -1.582637e-01
vertex 7.038158e-02 -1.012765e-02 -1.384780e-01
endloop
endfacet
facet normal 0 0 0
outer loop
vertex -2.494011e-01 -1.135882e-01 -2.045742e-01
vertex -2.223902e-01 -8.975536e-02 -1.630946e-01
vertex -3.032472e-01 -8.435141e-02 -1.784376e-01
endloop
endfacet
facet normal 0 0 0
outer loop
vertex 2.056244e-01 -8.355649e-02 -2.682035e-01
vertex 2.436946e-01 -7.071798e-02 -2.736107e-01
vertex 2.107550e-01 -6.029533e-02 -2.347068e-01
endloop
endfacet
facet normal 0 0 0
outer loop
vertex -3.159849e-01 -1.100017e-01 -5.429795e-01
vertex -2.399278e-01 -1.240003e-01 -5.306634e-01
vertex -2.748635e-01 -1.357211e-01 -4.829291e-01
endloop
endfacet
facet normal 0 0 0
outer loop
vertex -3.032472e-01 -8.435141e-02 -1.784376e-01
vertex -2.223902e-01 -8.975536e-02 -1.630946e-01
vertex -3.012205e-01 -4.401430e-02 -1.514850e-01
endloop
endfacet
facet normal 0 0 0
outer loop
vertex -1.651382e-01 1.399430e-01 -2.505671e-01
vertex -2.406384e-01 1.298118e-01 -2.410652e-01
vertex -1.710161e-01 1.210639e-01 -2.049695e-01
endloop
endfacet
facet normal 0 0 0
outer loop
vertex 5.574919e-02 2.833223e-02 -6.521779e-01
vertex 6.296647e-02 2.395373e-02 -6.074466e-01
vertex 1.162609e-01 2.018094e-02 -6.163977e-01
endloop
endfacet
facet normal 0 0 0
outer loop
vertex 2.223417e-01 1.637339e-02 -1.560542e-01
vertex 2.695265e-01 1.688707e-02 -2.005685e-01
vertex 2.173322e-01 1.650968e-02 -2.024527e-01
endloop
endfacet
facet normal 0 0 0
outer loop
vertex 2.877402e-01 6.969611e-02 -3.371845e-01
vertex 3.196981e-01 5.051423e-02 -3.072197e-01
vertex 3.478478e-01 4.606424e-02 -3.404454e-01
endloop
endfacet
facet normal 0 0 0
outer loop
vertex 9.565385e-02 1.660607e-02 -1.524368e-01
vertex 8.251742e-02 9.177390e-03 -1.281792e-01
vertex 1.059225e-01 9.342596e-03 -1.126011e-01
endloop
endfacet
facet normal 0 0 0
outer loop
vertex 1.367616e-02 3.890401e-02 -1.486793e-01
vertex 7.046647e-02 2.695009e-03 -1.343413e-01
vertex 4.828410e-02 5.463507e-02 -1.690188e-01
endloop
endfacet
facet normal 0 0 0
outer loop
vertex 4.828410e-02 5.463507e-02 -1.690188e-01
vertex 7.046647e-02 2.695009e-03 -1.343413e-01
vertex 9.565385e-02 1.660607e-02 -1.524368e-01
endloop
endfacet
facet normal 0 0 0
outer loop
vertex -2.402463e-01 9.928832e-02 -5.836131e-01
vertex -2.999790e-01 1.145948e-01 -5.313206e-01
vertex -2.272020e-01 1.212845e-01 -5.341707e-01
endloop
endfacet
facet normal 0 0 0
outer loop
vertex 5.269979e-02 8.936985e-02 -5.473050e-01
vertex 1.187266e-01 7.947411e-02 -5.253966e-01
vertex 1.198828e-01 6.016230e-02 -5.550027e-01
endloop
endfacet
facet normal 0 0 0
outer loop
vertex 8.466823e-02 9.944509e-02 -5.001106e-01
vertex 1.187266e-01 7.947411e-02 -5.253966e-01
vertex 5.269979e-02 8.936985e-02 -5.473050e-01
endloop
endfacet
facet normal 0 0 0
outer loop
vertex -3.516836e-01 -8.065856e-02 -1.871857e-01
vertex -4.038372e-01 -7.672137e-02 -2.045080e-01
vertex -3.689120e-01 -1.100039e-01 -2.303590e-01
endloop
endfacet
facet normal 0 0 0
outer loop
vertex -5.067602e-02 -3.168222e-02 -6.492367e-01
vertex -7.669514e-02 -3.009176e-02 -6.961285e-01
vertex -2.833115e-02 -3.039799e-02 -6.918367e-01
endloop
endfacet
facet normal 0 0 0
outer loop
vertex 1.262611e-01 -1.139749e-01 -3.929244e-01
vertex 1.702312e-01 -1.052919e-01 -3.978546e-01
vertex 1.467317e-01 -1.124536e-01 -3.548703e-01
endloop
endfacet
facet normal 0 0 0
outer loop
vertex 6.272247e-02 -5.163597e-04 -7.700047e-01
vertex 3.001630e-02 1.757391e-02 -7.676700e-01
vertex 6.478025e-02 1.721840e-02 -7.491038e-01
endloop
endfacet
facet normal 0 0 0
outer loop
vertex -5.850421e-01 -1.612975e-02 -3.093809e-01
vertex -5.541554e-01 -2.634181e-02 -2.735410e-01
vertex -5.731518e-01 1.524905e-02 -2.909634e-01
endloop
endfacet
facet normal 0 0 0
outer loop
vertex 1.522300e-02 -1.834628e-01 -2.120920e-01
vertex 3.431053e-02 -1.762517e-01 -2.438556e-01
vertex 7.085718e-03 -1.678389e-01 -2.126871e-01
endloop
endfacet
facet normal 0 0 0
outer loop
vertex -7.003095e-02 -1.431805e-01 -4.056767e-01
vertex -1.368425e-01 -1.492613e-01 -4.189485e-01
vertex -9.908719e-02 -1.386155e-01 -4.687165e-01
endloop
endfacet
facet normal 0 0 0
outer loop
vertex 2.907689e-01 -7.019772e-02 -3.655334e-01
vertex 3.455287e-01 -4.690839e-02 -3.725212e-01
vertex 3.305678e-01 -5.088386e-02 -3.132010e-01
endloop
endfacet
facet normal 0 0 0
outer loop
vertex 1.403729e-03 -5.603281e-03 -1.333432e-01
vertex 1.367616e-02 3.890401e-02 -1.486793e-01
vertex -4.465600e-02 3.769927e-02 -1.379226e-01
endloop
endfacet
facet normal 0 0 0
outer loop
vertex -1.043659e-01 2.665911e-02 -6.560242e-01
vertex -7.233912e-02 2.787623e-02 -6.925865e-01
vertex -1.233027e-01 2.476239e-02 -6.991307e-01
endloop
endfacet
facet normal 0 0 0
outer loop
vertex 2.679709e-01 -7.782450e-02 -3.225895e-01
vertex 3.305678e-01 -5.088386e-02 -3.132010e-01
vertex 2.857237e-01 -5.570307e-02 -2.848935e-01
endloop
endfacet
facet normal 0 0 0
outer loop
vertex 3.305678e-01 -5.088386e-02 -3.132010e-01
vertex 2.679709e-01 -7.782450e-02 -3.225895e-01
vertex 2.907689e-01 -7.019772e-02 -3.655334e-01
endloop
endfacet
facet normal 0 0 0
outer loop
vertex 4.925613e-01 2.764323e-02 -3.373814e-01
vertex 4.547448e-01 2.748218e-02 -3.603027e-01
vertex 4.312542e-01 2.737293e-02 -3.143799e-01
endloop
endfacet
facet normal 0 0 0
outer loop
vertex 1.294093e-01 8.711630e-02 -2.339045e-01
vertex 1.598114e-01 5.705658e-02 -2.080753e-01
vertex 2.036303e-01 7.629562e-02 -2.573564e-01
endloop
endfacet
facet normal 0 0 0
outer loop
vertex -1.475766e-01 -6.606699e-03 -7.556737e-01
vertex -1.586394e-01 -1.465225e-02 -7.268062e-01
vertex -1.655876e-01 -4.160274e-03 -7.262710e-01
endloop
endfacet
facet normal 0 0 0
outer loop
vertex -9.981303e-03 1.614841e-01 -2.357769e-01
vertex -2.017338e-02 1.589876e-01 -1.965272e-01
vertex -4.481623e-02 1.535528e-01 -2.248799e-01
endloop
endfacet
facet normal 0 0 0
outer loop
vertex 2.036303e-01 7.629562e-02 -2.573564e-01
vertex 2.584565e-01 6.466372e-02 -2.814554e-01
vertex 2.252668e-01 9.425911e-02 -3.470685e-01
endloop
endfacet
facet normal 0 0 0
outer loop
vertex -1.300917e-01 1.714036e-01 -3.777878e-01
vertex -9.459400e-02 1.803810e-01 -4.000790e-01
vertex -1.106243e-01 1.658610e-01 -3.927152e-01
endloop
endfacet
facet normal 0 0 0
outer loop
vertex -3.055437e-01 1.413626e-01 -3.176552e-01
vertex -2.892718e-01 1.371456e-01 -2.789706e-01
vertex -2.588077e-01 1.471614e-01 -3.442298e-01
endloop
endfacet
facet normal 0 0 0
outer loop
vertex -5.957820e-01 -1.237842e-02 -3.470050e-01
vertex -5.850421e-01 -1.612975e-02 -3.093809e-01
vertex -5.921569e-01 1.914479e-02 -3.295834e-01
endloop
endfacet
facet normal 0 0 0
outer loop
vertex 2.036303e-01 7.629562e-02 -2.573564e-01
vertex 2.252668e-01 9.425911e-02 -3.470685e-01
vertex 1.514869e-01 1.025628e-01 -2.863953e-01
endloop
endfacet
facet normal 0 0 0
outer loop
vertex 5.269979e-02 8.936985e-02 -5.473050e-01
vertex 3.851185e-03 7.809059e-02 -5.899568e-01
vertex 8.767867e-03 1.117261e-01 -5.105113e-01
endloop
endfacet
facet normal 0 0 0
outer loop
vertex -3.646544e-01 1.582594e-02 -1.639173e-01
vertex -4.165775e-01 1.472151e-02 -1.869491e-01
vertex -3.683348e-01 -3.379881e-02 -1.677314e-01
endloop
endfacet
facet normal 0 0 0
outer loop
vertex -9.459400e-02 1.803810e-01 -4.000790e-01
vertex -1.300917e-01 1.714036e-01 -3.777878e-01
vertex -8.244202e-02 1.835613e-01 -3.454475e-01
endloop
endfacet
facet normal 0 0 0
outer loop
vertex 3.456551e-01 2.261178e-02 -2.773174e-01
vertex 3.647392e-01 2.765068e-02 -3.214951e-01
vertex 3.467213e-01 4.158953e-02 -3.108583e-01
endloop
endfacet
facet normal 0 0 0
outer loop
vertex 3.819087e-01 2.425222e-02 -2.641216e-01
vertex 3.456551e-01 2.261178e-02 -2.773174e-01
vertex 3.476714e-01 1.537872e-02 -2.483852e-01
endloop
endfacet
facet normal 0 0 0
outer loop
vertex 3.647392e-01 2.765068e-02 -3.214951e-01
vertex 3.819087e-01 2.425222e-02 -2.641216e-01
vertex 4.312542e-01 2.737293e-02 -3.143799e-01
endloop
endfacet
facet normal 0 0 0
outer loop
vertex -7.697789e-02 -1.185460e-01 -5.375406e-01
vertex -6.697216e-02 -9.530444e-02 -5.900584e-01
vertex -7.479286e-03 -1.103829e-01 -5.328168e-01
endloop
endfacet
facet normal 0 0 0
outer loop
vertex 5.772014e-01 7.465295e-03 -2.841175e-01
vertex 5.687710e-01 -1.001230e-03 -2.437250e-01
vertex 5.723382e-01 -1.381933e-02 -2.769972e-01
endloop
endfacet
facet normal 0 0 0
outer loop
vertex -4.768510e-01 -1.066387e-01 -3.639020e-01
vertex -5.293088e-01 -8.170699e-02 -3.765468e-01
vertex -4.924915e-01 -9.783880e-02 -4.123112e-01
endloop
endfacet
facet normal 0 0 0
outer loop
vertex -5.840364e-01 -1.680666e-02 -3.827638e-01
vertex -5.882509e-01 1.356062e-02 -3.721665e-01
vertex -5.689629e-01 2.524236e-02 -4.099460e-01
endloop
endfacet
facet normal 0 0 0
outer loop
vertex 5.942600e-02 -1.983498e-01 -2.980530e-01
vertex 4.396363e-02 -1.941442e-01 -2.613767e-01
vertex 2.382986e-02 -1.986586e-01 -2.905791e-01
endloop
endfacet
facet normal 0 0 0
outer loop
vertex -2.829253e-01 1.434704e-01 -4.128501e-01
vertex -2.532546e-01 1.354422e-01 -4.797415e-01
vertex -3.097382e-01 1.326335e-01 -4.674719e-01
endloop
endfacet
facet normal 0 0 0
outer loop
vertex -4.488873e-02 5.702722e-02 -6.282398e-01
vertex -9.912863e-02 8.480985e-02 -6.099519e-01
vertex -5.747677e-02 9.889427e-02 -5.751395e-01
endloop
endfacet
facet normal 0 0 0
outer loop
vertex -1.253121e-01 1.060558e-01 -6.971275e-02
vertex -1.512417e-01 9.050220e-02 -8.262659e-02
vertex -1.285949e-01 9.138826e-02 -1.126545e-01
endloop
endfacet
facet normal 0 0 0
outer loop
vertex -1.253121e-01 1.060558e-01 -6.971275e-02
vertex -1.285949e-01 9.138826e-02 -1.126545e-01
vertex -9.689278e-02 1.092305e-01 -7.990175e-02
endloop
endfacet
facet normal 0 0 0
outer loop
vertex -3.387704e-02 -1.305282e-01 -4.683105e-01
vertex -7.697789e-02 -1.185460e-01 -5.375406e-01
vertex -7.479286e-03 -1.103829e-01 -5.328168e-01
endloop
endfacet
facet normal 0 0 0
outer loop
vertex -4.165775e-01 1.472151e-02 -1.869491e-01
vertex -4.120023e-01 -2.823413e-02 -1.866216e-01
vertex -3.683348e-01 -3.379881e-02 -1.677314e-01
endloop
endfacet
facet normal 0 0 0
outer loop
vertex 2.407209e-01 -5.557082e-02 -4.693725e-01
vertex 2.934805e-01 -5.096239e-02 -4.194331e-01
vertex 2.284914e-01 -8.177775e-02 -4.266201e-01
endloop
endfacet
facet normal 0 0 0
outer loop
vertex 1.403729e-03 -5.603281e-03 -1.333432e-01
vertex -4.279195e-02 -3.074611e-02 -1.342015e-01
vertex -8.076874e-03 -4.882079e-02 -1.488847e-01
endloop
endfacet
facet normal 0 0 0
outer loop
vertex -9.107310e-02 -4.987416e-03 -1.268354e-01
vertex -4.279195e-02 -3.074611e-02 -1.342015e-01
vertex -4.121789e-02 -7.970749e-05 -1.301649e-01
endloop
endfacet
facet normal 0 0 0
outer loop
vertex 1.162609e-01 2.018094e-02 -6.163977e-01
vertex 1.508686e-01 2.492573e-02 -5.674231e-01
vertex 1.657025e-01 1.799213e-02 -6.078447e-01
endloop
endfacet
facet normal 0 0 0
outer loop
vertex 1.657025e-01 1.799213e-02 -6.078447e-01
vertex 1.508686e-01 2.492573e-02 -5.674231e-01
vertex 1.966439e-01 2.795900e-02 -5.822619e-01
endloop
endfacet
facet normal 0 0 0
outer loop
vertex -4.488873e-02 5.702722e-02 -6.282398e-01
vertex -1.092225e-01 5.212346e-02 -6.438456e-01
vertex -9.912863e-02 8.480985e-02 -6.099519e-01
endloop
endfacet
facet normal 0 0 0
outer loop
vertex -6.331746e-02 -1.720902e-01 -1.961177e-01
vertex -3.011215e-02 -1.792884e-01 -1.976959e-01
vertex -3.503775e-02 -1.736569e-01 -1.887726e-01
endloop
endfacet
facet normal 0 0 0
outer loop
vertex -4.193399e-01 -1.300318e-01 -4.592537e-01
vertex -3.993122e-01 -1.385402e-01 -4.616561e-01
vertex -4.189718e-01 -1.447641e-01 -4.431947e-01
endloop
endfacet
facet normal 0 0 0
outer loop
vertex -2.532546e-01 1.354422e-01 -4.797415e-01
vertex -1.732946e-01 1.401187e-01 -4.665800e-01
vertex -2.272020e-01 1.212845e-01 -5.341707e-01
endloop
endfacet
facet normal 0 0 0
outer loop
vertex 3.602550e-01 -9.687200e-04 -5.399960e-01
vertex 3.443611e-01 -2.036335e-02 -5.373455e-01
vertex 3.532430e-01 -9.183848e-04 -5.603070e-01
endloop
endfacet
facet normal 0 0 0
outer loop
vertex -1.821512e-02 1.760837e-01 -1.944086e-01
vertex -6.071528e-03 1.890392e-01 -2.585465e-01
vertex -5.088042e-02 1.776376e-01 -2.197055e-01
endloop
endfacet
facet normal 0 0 0
outer loop
vertex -3.507689e-01 1.309328e-01 -4.417714e-01
vertex -3.868145e-01 1.158272e-01 -4.734602e-01
vertex -3.811843e-01 1.434924e-01 -4.563993e-01
endloop
endfacet
facet normal 0 0 0
outer loop
vertex -4.768510e-01 -1.066387e-01 -3.639020e-01
vertex -4.632283e-01 -1.085632e-01 -3.213402e-01
vertex -5.074443e-01 -9.237899e-02 -3.303592e-01
endloop
endfacet
facet normal 0 0 0
outer loop
vertex 1.947584e-01 -6.676589e-02 -4.956982e-01
vertex 2.284914e-01 -8.177775e-02 -4.266201e-01
vertex 1.537544e-01 -9.669783e-02 -4.577493e-01
endloop
endfacet
facet normal 0 0 0
outer loop
vertex -2.881211e-01 6.866021e-02 -1.591449e-01
vertex -3.219658e-01 1.159242e-01 -2.301420e-01
vertex -3.397702e-01 9.353233e-02 -1.999445e-01
endloop
endfacet
facet normal 0 0 0
outer loop
vertex -3.219658e-01 1.159242e-01 -2.301420e-01
vertex -2.881211e-01 6.866021e-02 -1.591449e-01
vertex -2.644827e-01 1.035269e-01 -1.960736e-01
endloop
endfacet
facet normal 0 0 0
outer loop
vertex 1.110768e-01 -5.939478e-02 -5.641258e-01
vertex 1.155066e-01 -8.877059e-02 -5.114480e-01
vertex 5.697501e-02 -9.055627e-02 -5.487049e-01
endloop
endfacet
facet normal 0 0 0
outer loop
vertex -4.536840e-01 1.946413e-02 -5.546406e-01
vertex -4.198385e-01 6.530510e-02 -5.485991e-01
vertex -3.953165e-01 4.328121e-02 -5.807031e-01
endloop
endfacet
facet normal 0 0 0
outer loop
vertex -1.527539e-01 6.370974e-02 -6.364423e-01
vertex -9.912863e-02 8.480985e-02 -6.099519e-01
vertex -1.092225e-01 5.212346e-02 -6.438456e-01
endloop
endfacet
facet normal 0 0 0
outer loop
vertex -1.515092e-01 1.354580e-01 -3.958414e-02
vertex -1.376917e-01 1.375887e-01 -2.583336e-02
vertex -1.422245e-01 1.452286e-01 -4.017035e-02
endloop
endfacet
facet normal 0 0 0
outer loop
vertex 5.723382e-01 -1.381933e-02 -2.769972e-01
vertex 5.829880e-01 -1.234588e-02 -3.112220e-01
vertex 5.772014e-01 7.465295e-03 -2.841175e-01
endloop
endfacet
facet normal 0 0 0
outer loop
vertex -9.989069e-02 4.033983e-02 -1.307309e-01
vertex -4.465600e-02 3.769927e-02 -1.379226e-01
vertex -7.372230e-02 6.224901e-02 -1.464099e-01
endloop
endfacet
facet normal 0 0 0
outer loop
vertex -9.689278e-02 1.092305e-01 -7.990175e-02
vertex -1.285949e-01 9.138826e-02 -1.126545e-01
vertex -7.008828e-02 9.893665e-02 -1.055904e-01
endloop
endfacet
facet normal 0 0 0
outer loop
vertex 5.772014e-01 7.465295e-03 -2.841175e-01
vertex 5.635046e-01 1.337689e-02 -2.586868e-01
vertex 5.687710e-01 -1.001230e-03 -2.437250e-01
endloop
endfacet
facet normal 0 0 0
outer loop
vertex -5.088042e-02 1.776376e-01 -2.197055e-01
vertex -4.905869e-02 1.702170e-01 -1.910760e-01
vertex -1.821512e-02 1.760837e-01 -1.944086e-01
endloop
endfacet
facet normal 0 0 0
outer loop
vertex -5.442156e-01 -7.147050e-02 -3.273578e-01
vertex -5.610473e-01 -4.605475e-02 -3.008553e-01
vertex -5.795643e-01 -4.123995e-02 -3.440883e-01
endloop
endfacet
facet normal 0 0 0
outer loop
vertex 6.642000e-02 1.872360e-01 -3.573850e-01
vertex 5.702100e-02 2.008637e-01 -3.813230e-01
vertex 6.778062e-02 2.009532e-01 -3.445657e-01
endloop
endfacet
facet normal 0 0 0
outer loop
vertex -2.432560e-01 -1.397475e-01 -2.639421e-01
vertex -2.087097e-01 -1.509156e-01 -3.043903e-01
vertex -1.651273e-01 -1.511440e-01 -2.631849e-01
endloop
endfacet
facet normal 0 0 0
outer loop
vertex 5.876740e-01 1.029747e-02 -3.352310e-01
vertex 5.829880e-01 -1.234588e-02 -3.112220e-01
vertex 5.928280e-01 3.613400e-04 -3.415510e-01
endloop
endfacet
facet normal 0 0 0
outer loop
vertex -1.670879e-01 9.933781e-02 -5.902413e-01
vertex -1.540793e-01 1.243573e-01 -5.270404e-01
vertex -1.132135e-01 1.088700e-01 -5.649886e-01
endloop
endfacet
facet normal 0 0 0
outer loop
vertex 3.923000e-02 1.985902e-01 -4.073040e-01
vertex 2.221375e-02 2.020208e-01 -3.895364e-01
vertex 5.702100e-02 2.008637e-01 -3.813230e-01
endloop
endfacet
facet normal 0 0 0
outer loop
vertex -4.737754e-01 -9.678894e-02 -2.854089e-01
vertex -4.299236e-01 -9.972194e-02 -2.472271e-01
vertex -4.700336e-01 -7.262036e-02 -2.392897e-01
endloop
endfacet
facet normal 0 0 0
outer loop
vertex -3.788802e-01 6.324309e-02 -1.861781e-01
vertex -3.397702e-01 9.353233e-02 -1.999445e-01
vertex -3.938095e-01 9.528027e-02 -2.228916e-01
endloop
endfacet
facet normal 0 0 0
outer loop
vertex -6.697216e-02 -9.530444e-02 -5.900584e-01
vertex -1.532506e-02 -8.252315e-02 -5.955650e-01
vertex -7.479286e-03 -1.103829e-01 -5.328168e-01
endloop
endfacet
facet normal 0 0 0
outer loop
vertex -3.786500e-01 -1.438082e-01 -4.582480e-01
vertex -3.945861e-01 -1.548511e-01 -4.435285e-01
vertex -3.993122e-01 -1.385402e-01 -4.616561e-01
endloop
endfacet
facet normal 0 0 0
outer loop
vertex -3.231621e-02 2.614631e-02 -7.429761e-01
vertex -1.685800e-02 1.025151e-02 -7.934230e-01
vertex -4.842968e-02 2.178180e-02 -7.690666e-01
endloop
endfacet
facet normal 0 0 0
outer loop
vertex -4.374140e-01 -1.109513e-01 -4.482470e-01
vertex -4.193399e-01 -1.300318e-01 -4.592537e-01
vertex -4.189718e-01 -1.447641e-01 -4.431947e-01
endloop
endfacet
facet normal 0 0 0
outer loop
vertex 2.907689e-01 -7.019772e-02 -3.655334e-01
vertex 2.318369e-01 -9.233899e-02 -3.663054e-01
vertex 2.284914e-01 -8.177775e-02 -4.266201e-01
endloop
endfacet
facet normal 0 0 0
outer loop
vertex 1.388361e-01 1.396605e-02 -1.340583e-01
vertex 1.683266e-01 1.301615e-02 -1.161191e-01
vertex 1.617157e-01 1.597107e-02 -1.719623e-01
endloop
endfacet
facet normal 0 0 0
outer loop
vertex -8.045611e-02 -1.768307e-01 -2.409220e-01
vertex -3.011215e-02 -1.792884e-01 -1.976959e-01
vertex -6.331746e-02 -1.720902e-01 -1.961177e-01
endloop
endfacet
facet normal 0 0 0
outer loop
vertex -6.029367e-02 -8.648801e-02 -1.703210e-01
vertex -9.382351e-02 -1.005913e-01 -1.783088e-01
vertex -8.421228e-02 -1.261943e-01 -2.273182e-01
endloop
endfacet
facet normal 0 0 0
outer loop
vertex 1.702312e-01 -1.052919e-01 -3.978546e-01
vertex 2.284914e-01 -8.177775e-02 -4.266201e-01
vertex 2.318369e-01 -9.233899e-02 -3.663054e-01
endloop
endfacet
facet normal 0 0 0
outer loop
vertex -2.402463e-01 9.928832e-02 -5.836131e-01
vertex -1.968554e-01 7.321162e-02 -6.251435e-01
vertex -2.582156e-01 6.390612e-02 -6.240044e-01
endloop
endfacet
facet normal 0 0 0
outer loop
vertex -5.610473e-01 -4.605475e-02 -3.008553e-01
vertex -5.541554e-01 -2.634181e-02 -2.735410e-01
vertex -5.850421e-01 -1.612975e-02 -3.093809e-01
endloop
endfacet
facet normal 0 0 0
outer loop
vertex 8.466823e-02 9.944509e-02 -5.001106e-01
vertex 1.166972e-01 1.090062e-01 -4.316207e-01
vertex 1.421046e-01 9.111728e-02 -4.801424e-01
endloop
endfacet
facet normal 0 0 0
outer loop
vertex -7.856723e-02 -1.673903e-01 -1.612650e-03
vertex -8.036091e-02 -1.574791e-01 -3.838767e-02
vertex -4.723841e-02 -1.683188e-01 -1.051885e-02
endloop
endfacet
facet normal 0 0 0
outer loop
vertex -4.510327e-02 1.526844e-01 -5.214415e-02
vertex -4.243249e-02 1.651073e-01 -1.632356e-02
vertex -2.244000e-02 1.554431e-01 -3.825399e-02
endloop
endfacet
facet normal 0 0 0
outer loop
vertex 1.367616e-02 3.890401e-02 -1.486793e-01
vertex 1.037943e-02 8.733884e-02 -1.935147e-01
vertex -3.896808e-02 7.824437e-02 -1.690848e-01
endloop
endfacet
facet normal 0 0 0
outer loop
vertex -4.924915e-01 -9.783880e-02 -4.123112e-01
vertex -5.293088e-01 -8.170699e-02 -3.765468e-01
vertex -5.264869e-01 -7.295427e-02 -4.275970e-01
endloop
endfacet
facet normal 0 0 0
outer loop
vertex -1.466911e-01 1.343842e-01 -6.657502e-02
vertex -1.515092e-01 1.354580e-01 -3.958414e-02
vertex -1.422245e-01 1.452286e-01 -4.017035e-02
endloop
endfacet
facet normal 0 0 0
outer loop
vertex -1.288424e-02 -1.905110e-01 -2.530329e-01
vertex -8.045611e-02 -1.768307e-01 -2.409220e-01
vertex -6.054557e-02 -1.856568e-01 -2.930213e-01
endloop
endfacet
facet normal 0 0 0
outer loop
vertex 7.945700e-02 -9.208500e-04 -1.217460e-01
vertex 8.251742e-02 9.177390e-03 -1.281792e-01
vertex 7.038158e-02 -1.012765e-02 -1.384780e-01
endloop
endfacet
facet normal 0 0 0
outer loop
vertex 1.138760e-01 2.404384e-02 -5.826380e-01
vertex 7.466914e-02 5.592743e-02 -5.848485e-01
vertex 1.198828e-01 6.016230e-02 -5.550027e-01
endloop
endfacet
facet normal 0 0 0
outer loop
vertex 1.508686e-01 2.492573e-02 -5.674231e-01
vertex 1.162609e-01 2.018094e-02 -6.163977e-01
vertex 1.138760e-01 2.404384e-02 -5.826380e-01
endloop
endfacet
facet normal 0 0 0
outer loop
vertex -1.726058e-01 1.129046e-01 -1.898736e-02
vertex -2.048660e-01 1.169482e-01 -2.220500e-02
vertex -1.976944e-01 1.074619e-01 -1.847084e-02
endloop
endfacet
facet normal 0 0 0
outer loop
vertex -2.048660e-01 1.169482e-01 -2.220500e-02
vertex -1.726058e-01 1.129046e-01 -1.898736e-02
vertex -1.844314e-01 1.216922e-01 -2.401980e-02
endloop
endfacet
facet normal 0 0 0
outer loop
vertex -4.243249e-02 1.651073e-01 -1.632356e-02
vertex -4.510327e-02 1.526844e-01 -5.214415e-02
vertex -6.400318e-02 1.609493e-01 -2.948363e-02
endloop
endfacet
facet normal 0 0 0
outer loop
vertex 4.312542e-01 2.737293e-02 -3.143799e-01
vertex 5.116524e-01 2.745859e-02 -3.045771e-01
vertex 4.925613e-01 2.764323e-02 -3.373814e-01
endloop
endfacet
facet normal 0 0 0
outer loop
vertex -2.588077e-01 1.471614e-01 -3.442298e-01
vertex -1.915107e-01 1.495519e-01 -2.992065e-01
vertex -1.938764e-01 1.504791e-01 -3.876121e-01
endloop
endfacet
facet normal 0 0 0
outer loop
vertex -2.279257e-01 -7.155752e-02 -1.230372e-01
vertex -2.246812e-01 -7.873535e-02 -1.467398e-01
vertex -2.277236e-01 -8.301330e-02 -1.296470e-01
endloop
endfacet
facet normal 0 0 0
outer loop
vertex -5.795643e-01 -4.123995e-02 -3.440883e-01
vertex -5.293088e-01 -8.170699e-02 -3.765468e-01
vertex -5.442156e-01 -7.147050e-02 -3.273578e-01
endloop
endfacet
facet normal 0 0 0
outer loop
vertex -1.289732e-01 -1.278780e-02 -7.666470e-01
vertex -1.244995e-01 1.252134e-03 -7.755838e-01
vertex -9.893560e-02 -1.788476e-02 -7.730960e-01
endloop
endfacet
facet normal 0 0 0
outer loop
vertex -2.281808e-01 2.397006e-02 -1.334521e-01
vertex -2.143070e-01 -3.289014e-02 -1.322671e-01
vertex -1.862201e-01 -2.213451e-03 -1.271912e-01
endloop
endfacet
facet normal 0 0 0
outer loop
vertex -9.615956e-02 1.206092e-01 -1.114543e-01
vertex -2.715900e-02 1.237075e-01 -1.027980e-01
vertex -5.379100e-02 1.081029e-01 -1.291190e-01
endloop
endfacet
facet normal 0 0 0
outer loop
vertex -7.511500e-02 9.642940e-03 -7.896140e-01
vertex -9.349500e-02 -9.572600e-04 -7.899290e-01
vertex -1.092626e-01 1.585007e-02 -7.686468e-01
endloop
endfacet
facet normal 0 0 0
outer loop
vertex -2.322353e-01 1.451169e-01 -4.290789e-01
vertex -2.588077e-01 1.471614e-01 -3.442298e-01
vertex -1.938764e-01 1.504791e-01 -3.876121e-01
endloop
endfacet
facet normal 0 0 0
outer loop
vertex -9.349500e-02 -9.572600e-04 -7.899290e-01
vertex -1.244995e-01 1.252134e-03 -7.755838e-01
vertex -1.092626e-01 1.585007e-02 -7.686468e-01
endloop
endfacet
facet normal 0 0 0
outer loop
vertex -4.063345e-01 1.305802e-01 -4.653446e-01
vertex -4.273102e-01 1.069715e-01 -4.624941e-01
vertex -4.275000e-01 1.282125e-01 -4.510480e-01
endloop
endfacet
facet normal 0 0 0
outer loop
vertex 1.403729e-03 -5.603281e-03 -1.333432e-01
vertex -8.076874e-03 -4.882079e-02 -1.488847e-01
vertex 7.038158e-02 -1.012765e-02 -1.384780e-01
endloop
endfacet
facet normal 0 0 0
outer loop
vertex 7.038158e-02 -1.012765e-02 -1.384780e-01
vertex -8.076874e-03 -4.882079e-02 -1.488847e-01
vertex 5.940598e-02 -5.919558e-02 -1.722490e-01
endloop
endfacet
facet normal 0 0 0
outer loop
vertex 1.374582e-01 -5.418348e-02 -1.931676e-01
vertex 1.094718e-01 -8.924168e-02 -2.235702e-01
vertex 1.621202e-01 -7.897010e-02 -2.315405e-01
endloop
endfacet
facet normal 0 0 0
outer loop
vertex -2.286353e-01 -9.400649e-02 -8.984720e-02
vertex -2.270552e-01 -8.109228e-02 -9.008759e-02
vertex -2.279257e-01 -7.155752e-02 -1.230372e-01
endloop
endfacet
facet normal 0 0 0
outer loop
vertex -4.276315e-01 -6.545006e-02 -5.460224e-01
vertex -4.837524e-01 -6.167826e-02 -5.032369e-01
vertex -4.649024e-01 -3.070648e-02 -5.439268e-01
endloop
endfacet
facet normal 0 0 0
outer loop
vertex -2.405735e-01 5.454665e-02 -1.436119e-01
vertex -2.185387e-01 5.729005e-02 -1.392999e-01
vertex -2.255931e-01 6.521949e-02 -1.401210e-01
endloop
endfacet
facet normal 0 0 0
outer loop
vertex -2.255931e-01 6.521949e-02 -1.401210e-01
vertex -2.185387e-01 5.729005e-02 -1.392999e-01
vertex -2.167845e-01 6.584974e-02 -1.287922e-01
endloop
endfacet
facet normal 0 0 0
outer loop
vertex -1.975998e-02 1.298938e-01 -8.136007e-02
vertex -2.692680e-02 1.258638e-01 -6.492283e-02
vertex -2.484400e-02 1.147283e-01 -9.474102e-02
endloop
endfacet
facet normal 0 0 0
outer loop
vertex -2.105165e-02 -1.414587e-01 -4.379035e-02
vertex -1.720968e-02 -1.415008e-01 -6.188897e-02
vertex -2.502014e-02 -1.287803e-01 -6.437552e-02
endloop
endfacet
facet normal 0 0 0
outer loop
vertex 3.427741e-01 4.276832e-02 -3.831263e-01
vertex 3.050095e-01 3.984118e-02 -4.213878e-01
vertex 2.779786e-01 6.838335e-02 -3.901500e-01
endloop
endfacet
facet normal 0 0 0
outer loop
vertex 2.779786e-01 6.838335e-02 -3.901500e-01
vertex 3.478478e-01 4.606424e-02 -3.404454e-01
vertex 3.427741e-01 4.276832e-02 -3.831263e-01
endloop
endfacet
facet normal 0 0 0
outer loop
vertex -1.588043e-01 -4.068649e-02 -1.276247e-01
vertex -1.867231e-01 -6.557076e-02 -1.340480e-01
vertex -1.365126e-01 -7.313415e-02 -1.347520e-01
endloop
endfacet
facet normal 0 0 0
outer loop
vertex -1.867231e-01 -6.557076e-02 -1.340480e-01
vertex -1.706972e-01 -7.317726e-02 -1.278120e-01
vertex -1.365126e-01 -7.313415e-02 -1.347520e-01
endloop
endfacet
facet normal 0 0 0
outer loop
vertex 8.873849e-02 1.196447e-01 -3.775772e-01
vertex 1.094378e-01 1.155177e-01 -3.294223e-01
vertex 1.549392e-01 1.087460e-01 -3.583840e-01
endloop
endfacet
facet normal 0 0 0
outer loop
vertex -8.244202e-02 1.835613e-01 -3.454475e-01
vertex -1.300917e-01 1.714036e-01 -3.777878e-01
vertex -1.095288e-01 1.739060e-01 -3.017520e-01
endloop
endfacet
facet normal 0 0 0
outer loop
vertex 5.953649e-01 -2.866664e-05 -4.140588e-01
vertex 5.906798e-01 1.071959e-02 -3.760185e-01
vertex 5.902766e-01 -1.270932e-02 -3.699898e-01
endloop
endfacet
facet normal 0 0 0
outer loop
vertex 5.071418e-01 -2.969689e-02 -3.974454e-01
vertex 4.746948e-01 -2.585759e-02 -4.485719e-01
vertex 5.262371e-01 -2.804238e-02 -4.409210e-01
endloop
endfacet
facet normal 0 0 0
outer loop
vertex 3.225341e-01 1.205471e-02 -1.406538e-01
vertex 3.307000e-01 1.039337e-02 -1.810840e-01
vertex 2.715411e-01 1.554926e-02 -1.583099e-01
endloop
endfacet
facet normal 0 0 0
outer loop
vertex 1.110768e-01 -5.939478e-02 -5.641258e-01
vertex 1.518679e-01 -7.529317e-02 -5.154213e-01
vertex 1.155066e-01 -8.877059e-02 -5.114480e-01
endloop
endfacet
facet normal 0 0 0
outer loop
vertex 1.155066e-01 -8.877059e-02 -5.114480e-01
vertex 1.518679e-01 -7.529317e-02 -5.154213e-01
vertex 1.537544e-01 -9.669783e-02 -4.577493e-01
endloop
endfacet
facet normal 0 0 0
outer loop
vertex 7.046647e-02 2.695009e-03 -1.343413e-01
vertex 8.251742e-02 9.177390e-03 -1.281792e-01
vertex 9.565385e-02 1.660607e-02 -1.524368e-01
endloop
endfacet
facet normal 0 0 0
outer loop
vertex -2.204235e-01 -9.061320e-02 -6.072617e-02
vertex -2.270552e-01 -8.109228e-02 -9.008759e-02
vertex -2.286353e-01 -9.400649e-02 -8.984720e-02
endloop
endfacet
facet normal 0 0 0
outer loop
vertex -9.147585e-02 1.670156e-01 -4.024820e-01
vertex -6.744300e-02 1.849663e-01 -4.132120e-01
vertex -6.002405e-02 1.714666e-01 -4.153495e-01
endloop
endfacet
facet normal 0 0 0
outer loop
vertex 8.466823e-02 9.944509e-02 -5.001106e-01
vertex 1.421046e-01 9.111728e-02 -4.801424e-01
vertex 1.187266e-01 7.947411e-02 -5.253966e-01
endloop
endfacet
facet normal 0 0 0
outer loop
vertex -2.644827e-01 1.035269e-01 -1.960736e-01
vertex -2.406384e-01 1.298118e-01 -2.410652e-01
vertex -3.219658e-01 1.159242e-01 -2.301420e-01
endloop
endfacet
facet normal 0 0 0
outer loop
vertex -1.953939e-01 -1.168326e-01 -5.562493e-01
vertex -2.147460e-01 -8.384831e-02 -6.152760e-01
vertex -1.784148e-01 -9.513873e-02 -6.018408e-01
endloop
endfacet
facet normal 0 0 0
outer loop
vertex -1.422253e-01 1.199535e-01 -1.059774e-01
vertex -1.466911e-01 1.343842e-01 -6.657502e-02
vertex -1.056099e-01 1.488286e-01 -4.837767e-02
endloop
endfacet
facet normal 0 0 0
outer loop
vertex -1.436298e-01 1.470852e-01 -4.151009e-01
vertex -1.056654e-01 1.382740e-01 -4.594087e-01
vertex -1.732946e-01 1.401187e-01 -4.665800e-01
endloop
endfacet
facet normal 0 0 0
outer loop
vertex 8.539394e-03 -2.013985e-01 -3.464968e-01
vertex 4.215802e-02 -2.031897e-01 -3.285300e-01
vertex 1.619686e-02 -2.010155e-01 -3.220443e-01
endloop
endfacet
facet normal 0 0 0
outer loop
vertex 2.917676e-02 1.269360e-01 -4.081144e-01
vertex 8.873849e-02 1.196447e-01 -3.775772e-01
vertex 6.720535e-02 1.189243e-01 -4.259160e-01
endloop
endfacet
facet normal 0 0 0
outer loop
vertex 2.384000e-02 1.849835e-01 -2.236070e-01
vertex 3.387400e-02 1.745850e-01 -2.412689e-01
vertex 4.264367e-02 1.912448e-01 -2.585756e-01
endloop
endfacet
facet normal 0 0 0
outer loop
vertex -2.281808e-01 2.397006e-02 -1.334521e-01
vertex -2.639137e-01 -1.856211e-02 -1.381127e-01
vertex -2.143070e-01 -3.289014e-02 -1.322671e-01
endloop
endfacet
facet normal 0 0 0
outer loop
vertex -3.658382e-01 -8.033045e-02 -5.683657e-01
vertex -3.159849e-01 -1.100017e-01 -5.429795e-01
vertex -3.797929e-01 -9.940804e-02 -5.276261e-01
endloop
endfacet
facet normal 0 0 0
outer loop
vertex 4.746948e-01 -2.585759e-02 -4.485719e-01
vertex 5.101100e-01 -1.244349e-02 -5.201150e-01
vertex 5.350453e-01 -2.357396e-02 -4.812157e-01
endloop
endfacet
facet normal 0 0 0
outer loop
vertex -2.532546e-01 1.354422e-01 -4.797415e-01
vertex -2.829253e-01 1.434704e-01 -4.128501e-01
vertex -2.322353e-01 1.451169e-01 -4.290789e-01
endloop
endfacet
facet normal 0 0 0
outer loop
vertex -1.727532e-01 9.684478e-02 -1.588179e-01
vertex -2.161814e-01 1.031998e-01 -1.827154e-01
vertex -1.933785e-01 8.130235e-02 -1.353386e-01
endloop
endfacet
facet normal 0 0 0
outer loop
vertex -4.273598e-01 -9.436668e-02 -5.020974e-01
vertex -4.578747e-01 -9.134533e-02 -4.800195e-01
vertex -4.837524e-01 -6.167826e-02 -5.032369e-01
endloop
endfacet
facet normal 0 0 0
outer loop
vertex 5.687815e-01 1.580838e-02 -4.723746e-01
vertex 5.876719e-01 -2.036263e-03 -4.625486e-01
vertex 5.768474e-01 -3.259973e-04 -4.894093e-01
endloop
endfacet
facet normal 0 0 0
outer loop
vertex -4.685581e-02 1.921000e-01 -3.725609e-01
vertex -6.744300e-02 1.849663e-01 -4.132120e-01
vertex -9.459400e-02 1.803810e-01 -4.000790e-01
endloop
endfacet
facet normal 0 0 0
outer loop
vertex 1.388361e-01 1.396605e-02 -1.340583e-01
vertex 1.617157e-01 1.597107e-02 -1.719623e-01
vertex 9.565385e-02 1.660607e-02 -1.524368e-01
endloop
endfacet
facet normal 0 0 0
outer loop
vertex 1.410608e-01 1.044795e-02 -9.846193e-02
vertex 1.658556e-01 9.587741e-03 -8.694788e-02
vertex 1.683266e-01 1.301615e-02 -1.161191e-01
endloop
endfacet
facet normal 0 0 0
outer loop
vertex 1.882206e-01 -2.174153e-02 -1.930376e-01
vertex 1.374582e-01 -5.418348e-02 -1.931676e-01
vertex 1.621202e-01 -7.897010e-02 -2.315405e-01
endloop
endfacet
facet normal 0 0 0
outer loop
vertex -1.763041e-01 -1.019207e-01 -1.266884e-01
vertex -1.796937e-01 -1.018457e-01 -1.057868e-01
vertex -1.810840e-01 -9.158229e-02 -1.131610e-01
endloop
endfacet
facet normal 0 0 0
outer loop
vertex -5.264869e-01 -7.295427e-02 -4.275970e-01
vertex -4.943543e-01 -8.204633e-02 -4.588708e-01
vertex -4.924915e-01 -9.783880e-02 -4.123112e-01
endloop
endfacet
facet normal 0 0 0
outer loop
vertex 2.907689e-01 -7.019772e-02 -3.655334e-01
vertex 2.679709e-01 -7.782450e-02 -3.225895e-01
vertex 2.318369e-01 -9.233899e-02 -3.663054e-01
endloop
endfacet
facet normal 0 0 0
outer loop
vertex -2.819487e-01 -5.713479e-02 -6.243545e-01
vertex -2.768369e-01 -1.543113e-02 -6.376313e-01
vertex -2.384817e-01 -4.101358e-02 -6.410275e-01
endloop
endfacet
facet normal 0 0 0
outer loop
vertex -1.404181e-01 -1.236273e-01 -5.365452e-01
vertex -9.908719e-02 -1.386155e-01 -4.687165e-01
vertex -1.845745e-01 -1.402885e-01 -4.790080e-01
endloop
endfacet
facet normal 0 0 0
outer loop
vertex -3.689120e-01 -1.100039e-01 -2.303590e-01
vertex -3.259383e-01 -1.368594e-01 -2.857026e-01
vertex -3.076873e-01 -1.131696e-01 -2.160466e-01
endloop
endfacet
facet normal 0 0 0
outer loop
vertex 2.108923e-01 -9.653857e-02 -3.213507e-01
vertex 1.467317e-01 -1.124536e-01 -3.548703e-01
vertex 1.702312e-01 -1.052919e-01 -3.978546e-01
endloop
endfacet
facet normal 0 0 0
outer loop
vertex 1.702312e-01 -1.052919e-01 -3.978546e-01
vertex 2.318369e-01 -9.233899e-02 -3.663054e-01
vertex 2.108923e-01 -9.653857e-02 -3.213507e-01
endloop
endfacet
facet normal 0 0 0
outer loop
vertex -1.515365e-01 -1.555583e-01 -3.639020e-01
vertex -1.211148e-01 -1.659247e-01 -3.859694e-01
vertex -1.391789e-01 -1.725428e-01 -3.638904e-01
endloop
endfacet
facet normal 0 0 0
outer loop
vertex 5.065029e-01 -2.456943e-02 -2.207481e-01
vertex 4.749460e-01 -2.761792e-02 -2.523677e-01
vertex 5.296687e-01 -2.672946e-02 -2.691136e-01
endloop
endfacet
facet normal 0 0 0
outer loop
vertex -3.331218e-01 4.143551e-02 -1.595374e-01
vertex -2.881211e-01 6.866021e-02 -1.591449e-01
vertex -3.359624e-01 6.926880e-02 -1.758172e-01
endloop
endfacet
facet normal 0 0 0
outer loop
vertex -3.646544e-01 1.582594e-02 -1.639173e-01
vertex -3.331218e-01 4.143551e-02 -1.595374e-01
vertex -3.788802e-01 6.324309e-02 -1.861781e-01
endloop
endfacet
facet normal 0 0 0
outer loop
vertex 1.514869e-01 1.025628e-01 -2.863953e-01
vertex 1.549392e-01 1.087460e-01 -3.583840e-01
vertex 1.094378e-01 1.155177e-01 -3.294223e-01
endloop
endfacet
facet normal 0 0 0
outer loop
vertex -1.799072e-01 -1.239883e-01 -2.285299e-02
vertex -1.894467e-01 -1.107895e-01 -1.691164e-02
vertex -1.976690e-01 -1.187956e-01 -1.754099e-02
endloop
endfacet
facet normal 0 0 0
outer loop
vertex -4.778177e-01 3.338310e-02 -2.232188e-01
vertex -4.932953e-01 6.064885e-02 -2.470250e-01
vertex -5.031666e-01 2.636189e-02 -2.360124e-01
endloop
endfacet
facet normal 0 0 0
outer loop
vertex -3.331218e-01 4.143551e-02 -1.595374e-01
vertex -3.359624e-01 6.926880e-02 -1.758172e-01
vertex -3.788802e-01 6.324309e-02 -1.861781e-01
endloop
endfacet
facet normal 0 0 0
outer loop
vertex -3.397702e-01 9.353233e-02 -1.999445e-01
vertex -3.788802e-01 6.324309e-02 -1.861781e-01
vertex -3.359624e-01 6.926880e-02 -1.758172e-01
endloop
endfacet
facet normal 0 0 0
outer loop
vertex -1.799072e-01 -1.239883e-01 -2.285299e-02
vertex -1.582849e-01 -1.192440e-01 -2.642999e-02
vertex -1.894467e-01 -1.107895e-01 -1.691164e-02
endloop
endfacet
facet normal 0 0 0
outer loop
vertex -3.811843e-01 1.434924e-01 -4.563993e-01
vertex -3.868145e-01 1.158272e-01 -4.734602e-01
vertex -4.063345e-01 1.305802e-01 -4.653446e-01
endloop
endfacet
facet normal 0 0 0
outer loop
vertex -5.957820e-01 -1.237842e-02 -3.470050e-01
vertex -5.921569e-01 1.914479e-02 -3.295834e-01
vertex -5.882509e-01 1.356062e-02 -3.721665e-01
endloop
endfacet
facet normal 0 0 0
outer loop
vertex -9.259480e-02 1.442283e-01 -4.044842e-01
vertex -6.218021e-02 1.368365e-01 -4.397543e-01
vertex -1.056654e-01 1.382740e-01 -4.594087e-01
endloop
endfacet
facet normal 0 0 0
outer loop
vertex 3.063470e-01 9.430560e-03 -1.093340e-01
vertex 2.832776e-01 9.699473e-03 -9.849779e-02
vertex 2.977340e-01 -1.179200e-03 -9.557101e-02
endloop
endfacet
facet normal 0 0 0
outer loop
vertex -2.272020e-01 1.212845e-01 -5.341707e-01
vertex -1.732946e-01 1.401187e-01 -4.665800e-01
vertex -1.540793e-01 1.243573e-01 -5.270404e-01
endloop
endfacet
facet normal 0 0 0
outer loop
vertex -3.658017e-01 8.257261e-02 -5.608701e-01
vertex -3.953165e-01 4.328121e-02 -5.807031e-01
vertex -4.198385e-01 6.530510e-02 -5.485991e-01
endloop
endfacet
facet normal 0 0 0
outer loop
vertex -3.504840e-01 -1.240289e-01 -4.853816e-01
vertex -3.159849e-01 -1.100017e-01 -5.429795e-01
vertex -2.748635e-01 -1.357211e-01 -4.829291e-01
endloop
endfacet
facet normal 0 0 0
outer loop
vertex 2.687945e-01 -4.943955e-03 -8.288059e-02
vertex 2.955413e-01 -1.204774e-02 -1.109747e-01
vertex 2.977340e-01 -1.179200e-03 -9.557101e-02
endloop
endfacet
facet normal 0 0 0
outer loop
vertex -3.504840e-01 -1.240289e-01 -4.853816e-01
vertex -2.748635e-01 -1.357211e-01 -4.829291e-01
vertex -3.104806e-01 -1.396852e-01 -4.468449e-01
endloop
endfacet
facet normal 0 0 0
outer loop
vertex -1.349920e-01 -1.233886e-01 -5.070299e-02
vertex -1.197133e-01 -1.204509e-01 -5.742937e-02
vertex -1.307642e-01 -1.076853e-01 -6.115083e-02
endloop
endfacet
facet normal 0 0 0
outer loop
vertex -1.454683e-01 -1.098117e-01 -4.240586e-02
vertex -1.349920e-01 -1.233886e-01 -5.070299e-02
vertex -1.307642e-01 -1.076853e-01 -6.115083e-02
endloop
endfacet
facet normal 0 0 0
outer loop
vertex -3.628035e-01 -1.368597e-01 -3.436183e-01
vertex -3.866152e-01 -1.314613e-01 -3.674479e-01
vertex -3.585799e-01 -1.369137e-01 -3.868529e-01
endloop
endfacet
facet normal 0 0 0
outer loop
vertex -4.651508e-02 9.777962e-02 -1.233821e-01
vertex -5.379100e-02 1.081029e-01 -1.291190e-01
vertex -2.715900e-02 1.237075e-01 -1.027980e-01
endloop
endfacet
facet normal 0 0 0
outer loop
vertex -2.506322e-01 1.382119e-01 -2.885752e-01
vertex -2.406384e-01 1.298118e-01 -2.410652e-01
vertex -1.915107e-01 1.495519e-01 -2.992065e-01
endloop
endfacet
facet normal 0 0 0
outer loop
vertex -2.892718e-01 1.371456e-01 -2.789706e-01
vertex -2.406384e-01 1.298118e-01 -2.410652e-01
vertex -2.506322e-01 1.382119e-01 -2.885752e-01
endloop
endfacet
facet normal 0 0 0
outer loop
vertex -3.387704e-02 -1.305282e-01 -4.683105e-01
vertex -9.908719e-02 -1.386155e-01 -4.687165e-01
vertex -7.697789e-02 -1.185460e-01 -5.375406e-01
endloop
endfacet
facet normal 0 0 0
outer loop
vertex 4.312542e-01 2.737293e-02 -3.143799e-01
vertex 4.050642e-01 2.686269e-02 -3.850644e-01
vertex 3.647392e-01 2.765068e-02 -3.214951e-01
endloop
endfacet
facet normal 0 0 0
outer loop
vertex -2.881211e-01 6.866021e-02 -1.591449e-01
vertex -3.045614e-01 1.192545e-02 -1.459807e-01
vertex -2.281808e-01 2.397006e-02 -1.334521e-01
endloop
endfacet
facet normal 0 0 0
outer loop
vertex -1.288424e-02 -1.905110e-01 -2.530329e-01
vertex -6.054557e-02 -1.856568e-01 -2.930213e-01
vertex -1.144101e-02 -1.961464e-01 -3.097918e-01
endloop
endfacet
facet normal 0 0 0
outer loop
vertex -2.432560e-01 -1.397475e-01 -2.639421e-01
vertex -2.520616e-01 -1.510982e-01 -3.386683e-01
vertex -2.087097e-01 -1.509156e-01 -3.043903e-01
endloop
endfacet
facet normal 0 0 0
outer loop
vertex -1.953939e-01 -1.168326e-01 -5.562493e-01
vertex -1.784148e-01 -9.513873e-02 -6.018408e-01
vertex -1.259244e-01 -9.912767e-02 -5.939424e-01
endloop
endfacet
facet normal 0 0 0
outer loop
vertex -2.039762e-01 -1.527530e-01 -3.941823e-01
vertex -1.845745e-01 -1.402885e-01 -4.790080e-01
vertex -1.368425e-01 -1.492613e-01 -4.189485e-01
endloop
endfacet
facet normal 0 0 0
outer loop
vertex -1.259244e-01 -9.912767e-02 -5.939424e-01
vertex -1.404181e-01 -1.236273e-01 -5.365452e-01
vertex -1.953939e-01 -1.168326e-01 -5.562493e-01
endloop
endfacet
facet normal 0 0 0
outer loop
vertex 1.303470e-01 -1.041410e-03 -8.382699e-02
vertex 1.658556e-01 9.587741e-03 -8.694788e-02
vertex 1.410608e-01 1.044795e-02 -9.846193e-02
endloop
endfacet
facet normal 0 0 0
outer loop
vertex -2.499376e-01 -1.054409e-01 -5.749098e-01
vertex -2.483474e-01 -7.049155e-02 -6.198153e-01
vertex -2.147460e-01 -8.384831e-02 -6.152760e-01
endloop
endfacet
facet normal 0 0 0
outer loop
vertex 2.382986e-02 -1.986586e-01 -2.905791e-01
vertex 4.215802e-02 -2.031897e-01 -3.285300e-01
vertex 5.942600e-02 -1.983498e-01 -2.980530e-01
endloop
endfacet
facet normal 0 0 0
outer loop
vertex 1.619686e-02 -2.010155e-01 -3.220443e-01
vertex 4.215802e-02 -2.031897e-01 -3.285300e-01
vertex 2.382986e-02 -1.986586e-01 -2.905791e-01
endloop
endfacet
facet normal 0 0 0
outer loop
vertex -3.788802e-01 6.324309e-02 -1.861781e-01
vertex -3.938095e-01 9.528027e-02 -2.228916e-01
vertex -4.232697e-01 5.184620e-02 -1.997748e-01
endloop
endfacet
facet normal 0 0 0
outer loop
vertex -1.532506e-02 -8.252315e-02 -5.955650e-01
vertex -6.697216e-02 -9.530444e-02 -5.900584e-01
vertex -4.708852e-02 -6.158181e-02 -6.280882e-01
endloop
endfacet
facet normal 0 0 0
outer loop
vertex -9.075478e-02 1.235896e-01 -2.239120e-01
vertex -1.257303e-01 1.163394e-01 -1.995154e-01
vertex -8.691709e-02 9.333092e-02 -1.740494e-01
endloop
endfacet
facet normal 0 0 0
outer loop
vertex 1.954027e-01 8.914530e-02 -4.314011e-01
vertex 1.421046e-01 9.111728e-02 -4.801424e-01
vertex 1.166972e-01 1.090062e-01 -4.316207e-01
endloop
endfacet
facet normal 0 0 0
outer loop
vertex -3.475832e-01 1.323733e-01 -2.933976e-01
vertex -3.055437e-01 1.413626e-01 -3.176552e-01
vertex -3.490375e-01 1.372650e-01 -3.525328e-01
endloop
endfacet
facet normal 0 0 0
outer loop
vertex -3.475832e-01 1.323733e-01 -2.933976e-01
vertex -2.892718e-01 1.371456e-01 -2.789706e-01
vertex -3.055437e-01 1.413626e-01 -3.176552e-01
endloop
endfacet
facet normal 0 0 0
outer loop
vertex 8.873849e-02 1.196447e-01 -3.775772e-01
vertex 1.549392e-01 1.087460e-01 -3.583840e-01
vertex 1.166972e-01 1.090062e-01 -4.316207e-01
endloop
endfacet
facet normal 0 0 0
outer loop
vertex -5.853000e-02 -1.874032e-01 -4.169320e-01
vertex -5.579260e-03 -1.967762e-01 -4.268011e-01
vertex -7.438073e-03 -2.006002e-01 -3.922248e-01
endloop
endfacet
facet normal 0 0 0
outer loop
vertex 2.766754e-03 1.283526e-01 -2.851042e-01
vertex 5.301246e-02 1.158505e-01 -2.641844e-01
vertex 6.101849e-02 1.234493e-01 -3.190909e-01
endloop
endfacet
facet normal 0 0 0
outer loop
vertex 1.651444e-02 1.695580e-01 -2.846324e-01
vertex 5.150511e-02 1.812209e-01 -2.856631e-01
vertex 3.387400e-02 1.745850e-01 -2.412689e-01
endloop
endfacet
facet normal 0 0 0
outer loop
vertex -2.281808e-01 2.397006e-02 -1.334521e-01
vertex -1.862201e-01 -2.213451e-03 -1.271912e-01
vertex -1.540435e-01 2.840028e-02 -1.265039e-01
endloop
endfacet
facet normal 0 0 0
outer loop
vertex -4.505509e-01 -3.124953e-02 -2.062591e-01
vertex -4.165775e-01 1.472151e-02 -1.869491e-01
vertex -4.568363e-01 1.351464e-02 -2.073940e-01
endloop
endfacet
facet normal 0 0 0
outer loop
vertex -5.010736e-02 1.295587e-02 -7.898754e-01
vertex -1.685800e-02 1.025151e-02 -7.934230e-01
vertex -5.026412e-02 -3.044841e-04 -7.985246e-01
endloop
endfacet
facet normal 0 0 0
outer loop
vertex 2.779786e-01 6.838335e-02 -3.901500e-01
vertex 2.877402e-01 6.969611e-02 -3.371845e-01
vertex 3.478478e-01 4.606424e-02 -3.404454e-01
endloop
endfacet
facet normal 0 0 0
outer loop
vertex 4.938426e-01 2.726902e-02 -4.004337e-01
vertex 4.956798e-01 2.421929e-02 -4.525539e-01
vertex 4.482054e-01 2.319003e-02 -4.443274e-01
endloop
endfacet
facet normal 0 0 0
outer loop
vertex 4.956798e-01 2.421929e-02 -4.525539e-01
vertex 4.938426e-01 2.726902e-02 -4.004337e-01
vertex 5.457958e-01 2.487334e-02 -4.428243e-01
endloop
endfacet
facet normal 0 0 0
outer loop
vertex 5.940598e-02 -5.919558e-02 -1.722490e-01
vertex 8.211650e-02 -7.515169e-02 -1.961677e-01
vertex 1.115806e-01 -1.895963e-02 -1.582637e-01
endloop
endfacet
facet normal 0 0 0
outer loop
vertex 1.664219e-01 -1.065598e-01 -3.117251e-01
vertex 1.176004e-01 -1.154363e-01 -3.071515e-01
vertex 1.467317e-01 -1.124536e-01 -3.548703e-01
endloop
endfacet
facet normal 0 0 0
outer loop
vertex 1.405696e-01 -1.060874e-01 -2.797982e-01
vertex 1.664219e-01 -1.065598e-01 -3.117251e-01
vertex 1.672198e-01 -9.406760e-02 -2.625626e-01
endloop
endfacet
facet normal 0 0 0
outer loop
vertex 5.643425e-01 -2.594357e-02 -3.885724e-01
vertex 5.071418e-01 -2.969689e-02 -3.974454e-01
vertex 5.765951e-01 -2.346338e-02 -4.363726e-01
endloop
endfacet
facet normal 0 0 0
outer loop
vertex 5.262371e-01 -2.804238e-02 -4.409210e-01
vertex 5.765951e-01 -2.346338e-02 -4.363726e-01
vertex 5.071418e-01 -2.969689e-02 -3.974454e-01
endloop
endfacet
facet normal 0 0 0
outer loop
vertex 4.756891e-01 -3.009680e-02 -3.277989e-01
vertex 5.296687e-01 -2.672946e-02 -2.691136e-01
vertex 4.749460e-01 -2.761792e-02 -2.523677e-01
endloop
endfacet
facet normal 0 0 0
outer loop
vertex 5.219411e-01 -2.699392e-02 -3.345606e-01
vertex 5.296687e-01 -2.672946e-02 -2.691136e-01
vertex 4.756891e-01 -3.009680e-02 -3.277989e-01
endloop
endfacet
facet normal 0 0 0
outer loop
vertex -4.791628e-01 5.468250e-02 -5.126755e-01
vertex -4.708552e-01 9.236688e-02 -4.592030e-01
vertex -4.200094e-01 9.756700e-02 -4.962932e-01
endloop
endfacet
facet normal 0 0 0
outer loop
vertex -5.015964e-01 5.510868e-02 -4.855452e-01
vertex -4.708552e-01 9.236688e-02 -4.592030e-01
vertex -4.791628e-01 5.468250e-02 -5.126755e-01
endloop
endfacet
facet normal 0 0 0
outer loop
vertex -4.334569e-01 -1.386331e-01 -4.088488e-01
vertex -4.189718e-01 -1.447641e-01 -4.431947e-01
vertex -4.059774e-01 -1.577488e-01 -4.233656e-01
endloop
endfacet
facet normal 0 0 0
outer loop
vertex -2.017595e-01 -5.038828e-02 -6.424504e-01
vertex -2.147460e-01 -8.384831e-02 -6.152760e-01
vertex -2.384817e-01 -4.101358e-02 -6.410275e-01
endloop
endfacet
facet normal 0 0 0
outer loop
vertex -2.384817e-01 -4.101358e-02 -6.410275e-01
vertex -2.147460e-01 -8.384831e-02 -6.152760e-01
vertex -2.483474e-01 -7.049155e-02 -6.198153e-01
endloop
endfacet
facet normal 0 0 0
outer loop
vertex -4.110726e-01 -1.301745e-01 -3.709479e-01
vertex -4.149891e-01 -1.510159e-01 -3.980129e-01
vertex -3.961648e-01 -1.539026e-01 -3.885252e-01
endloop
endfacet
facet normal 0 0 0
outer loop
vertex 1.882206e-01 -2.174153e-02 -1.930376e-01
vertex 2.313075e-01 -1.946994e-02 -2.158045e-01
vertex 2.689168e-01 -1.876092e-02 -1.618560e-01
endloop
endfacet
facet normal 0 0 0
outer loop
vertex 1.617157e-01 1.597107e-02 -1.719623e-01
vertex 2.173322e-01 1.650968e-02 -2.024527e-01
vertex 1.598114e-01 5.705658e-02 -2.080753e-01
endloop
endfacet
facet normal 0 0 0
outer loop
vertex -6.400318e-02 1.609493e-01 -2.948363e-02
vertex -4.510327e-02 1.526844e-01 -5.214415e-02
vertex -1.056099e-01 1.488286e-01 -4.837767e-02
endloop
endfacet
facet normal 0 0 0
outer loop
vertex -7.881861e-02 1.664333e-01 -3.197713e-03
vertex -6.400318e-02 1.609493e-01 -2.948363e-02
vertex -1.056099e-01 1.488286e-01 -4.837767e-02
endloop
endfacet
facet normal 0 0 0
outer loop
vertex -3.929055e-01 9.006981e-02 -5.285816e-01
vertex -3.568040e-01 1.130471e-01 -5.050700e-01
vertex -3.658017e-01 8.257261e-02 -5.608701e-01
endloop
endfacet
facet normal 0 0 0
outer loop
vertex -4.200094e-01 9.756700e-02 -4.962932e-01
vertex -3.568040e-01 1.130471e-01 -5.050700e-01
vertex -3.929055e-01 9.006981e-02 -5.285816e-01
endloop
endfacet
facet normal 0 0 0
outer loop
vertex -4.314450e-02 1.400924e-01 -3.359432e-01
vertex 2.766754e-03 1.283526e-01 -2.851042e-01
vertex 2.533917e-02 1.300463e-01 -3.538449e-01
endloop
endfacet
facet normal 0 0 0
outer loop
vertex 6.101849e-02 1.234493e-01 -3.190909e-01
vertex 2.533917e-02 1.300463e-01 -3.538449e-01
vertex 2.766754e-03 1.283526e-01 -2.851042e-01
endloop
endfacet
facet normal 0 0 0
outer loop
vertex -3.492014e-02 -1.467333e-01 -6.851039e-02
vertex -2.319327e-02 -1.580310e-01 -3.943801e-02
vertex -8.036091e-02 -1.574791e-01 -3.838767e-02
endloop
endfacet
facet normal 0 0 0
outer loop
vertex -3.786500e-01 -1.438082e-01 -4.582480e-01
vertex -3.711970e-01 -1.262837e-01 -4.588013e-01
vertex -3.543269e-01 -1.344886e-01 -4.322334e-01
endloop
endfacet
facet normal 0 0 0
outer loop
vertex -3.711970e-01 -1.262837e-01 -4.588013e-01
vertex -3.504840e-01 -1.240289e-01 -4.853816e-01
vertex -3.543269e-01 -1.344886e-01 -4.322334e-01
endloop
endfacet
facet normal 0 0 0
outer loop
vertex 2.223417e-01 1.637339e-02 -1.560542e-01
vertex 2.715411e-01 1.554926e-02 -1.583099e-01
vertex 2.695265e-01 1.688707e-02 -2.005685e-01
endloop
endfacet
facet normal 0 0 0
outer loop
vertex -3.788802e-01 6.324309e-02 -1.861781e-01
vertex -4.232697e-01 5.184620e-02 -1.997748e-01
vertex -4.165775e-01 1.472151e-02 -1.869491e-01
endloop
endfacet
facet normal 0 0 0
outer loop
vertex 1.294093e-01 8.711630e-02 -2.339045e-01
vertex 9.557261e-02 1.082685e-01 -2.654842e-01
vertex 8.390955e-02 7.712834e-02 -2.020773e-01
endloop
endfacet
facet normal 0 0 0
outer loop
vertex -2.432560e-01 -1.397475e-01 -2.639421e-01
vertex -1.651273e-01 -1.511440e-01 -2.631849e-01
vertex -1.733488e-01 -1.227884e-01 -2.037840e-01
endloop
endfacet
facet normal 0 0 0
outer loop
vertex -5.318614e-01 -4.417628e-02 -4.624005e-01
vertex -4.837524e-01 -6.167826e-02 -5.032369e-01
vertex -4.943543e-01 -8.204633e-02 -4.588708e-01
endloop
endfacet
facet normal 0 0 0
outer loop
vertex -3.646544e-01 1.582594e-02 -1.639173e-01
vertex -3.788802e-01 6.324309e-02 -1.861781e-01
vertex -4.165775e-01 1.472151e-02 -1.869491e-01
endloop
endfacet
facet normal 0 0 0
outer loop
vertex 5.625127e-01 -2.527590e-02 -3.436776e-01
vertex 5.394664e-01 -2.919078e-02 -3.696002e-01
vertex 5.643425e-01 -2.594357e-02 -3.885724e-01
endloop
endfacet
facet normal 0 0 0
outer loop
vertex 1.094718e-01 -8.924168e-02 -2.235702e-01
vertex 8.211650e-02 -7.515169e-02 -1.961677e-01
vertex 5.662268e-02 -9.558220e-02 -2.148411e-01
endloop
endfacet
facet normal 0 0 0
outer loop
vertex -1.475766e-01 -6.606699e-03 -7.556737e-01
vertex -1.244995e-01 1.252134e-03 -7.755838e-01
vertex -1.289732e-01 -1.278780e-02 -7.666470e-01
endloop
endfacet
facet normal 0 0 0
outer loop
vertex 2.221375e-02 2.020208e-01 -3.895364e-01
vertex 1.210900e-02 1.963148e-01 -4.262580e-01
vertex -9.827255e-03 1.984580e-01 -3.952837e-01
endloop
endfacet
facet normal 0 0 0
outer loop
vertex -2.715900e-02 1.237075e-01 -1.027980e-01
vertex -9.615956e-02 1.206092e-01 -1.114543e-01
vertex -7.287011e-02 1.368411e-01 -8.208800e-02
endloop
endfacet
facet normal 0 0 0
outer loop
vertex 7.585142e-03 1.946223e-01 -2.919247e-01
vertex 3.286200e-02 2.005692e-01 -3.244757e-01
vertex -2.210513e-02 1.928352e-01 -3.161378e-01
endloop
endfacet
facet normal 0 0 0
outer loop
vertex -3.504840e-01 -1.240289e-01 -4.853816e-01
vertex -3.104806e-01 -1.396852e-01 -4.468449e-01
vertex -3.543269e-01 -1.344886e-01 -4.322334e-01
endloop
endfacet
facet normal 0 0 0
outer loop
vertex -3.104806e-01 -1.396852e-01 -4.468449e-01
vertex -3.230052e-01 -1.428669e-01 -4.078397e-01
vertex -3.543269e-01 -1.344886e-01 -4.322334e-01
endloop
endfacet
facet normal 0 0 0
outer loop
vertex 1.467317e-01 -1.124536e-01 -3.548703e-01
vertex 2.108923e-01 -9.653857e-02 -3.213507e-01
vertex 1.664219e-01 -1.065598e-01 -3.117251e-01
endloop
endfacet
facet normal 0 0 0
outer loop
vertex -5.026412e-02 -3.044841e-04 -7.985246e-01
vertex -1.685800e-02 1.025151e-02 -7.934230e-01
vertex -2.849718e-02 -9.314365e-03 -7.954813e-01
endloop
endfacet
facet normal 0 0 0
outer loop
vertex 1.882206e-01 -2.174153e-02 -1.930376e-01
vertex 1.499006e-01 -2.035058e-02 -1.756506e-01
vertex 1.374582e-01 -5.418348e-02 -1.931676e-01
endloop
endfacet
facet normal 0 0 0
outer loop
vertex 9.557261e-02 1.082685e-01 -2.654842e-01
vertex 5.301246e-02 1.158505e-01 -2.641844e-01
vertex 8.390955e-02 7.712834e-02 -2.020773e-01
endloop
endfacet
facet normal 0 0 0
outer loop
vertex 2.329171e-02 1.750923e-01 -3.717241e-01
vertex -2.533060e-02 1.665517e-01 -3.756524e-01
vertex 7.704058e-03 1.755169e-01 -4.049698e-01
endloop
endfacet
facet normal 0 0 0
outer loop
vertex 1.094378e-01 1.155177e-01 -3.294223e-01
vertex 9.557261e-02 1.082685e-01 -2.654842e-01
vertex 1.514869e-01 1.025628e-01 -2.863953e-01
endloop
endfacet
facet normal 0 0 0
outer loop
vertex 3.987078e-02 -6.545755e-02 -5.945244e-01
vertex -3.966440e-03 -5.619859e-02 -6.184049e-01
vertex 2.330710e-02 -3.160547e-02 -6.256551e-01
endloop
endfacet
facet normal 0 0 0
outer loop
vertex 9.304082e-02 2.225460e-02 -6.876640e-01
vertex 4.712354e-02 2.442321e-02 -6.933420e-01
vertex 5.574919e-02 2.833223e-02 -6.521779e-01
endloop
endfacet
facet normal 0 0 0
outer loop
vertex 9.304082e-02 2.225460e-02 -6.876640e-01
vertex 8.004710e-02 1.928263e-02 -7.268475e-01
vertex 4.712354e-02 2.442321e-02 -6.933420e-01
endloop
endfacet
facet normal 0 0 0
outer loop
vertex -3.975449e-02 -1.413181e-01 -3.531775e-01
vertex 1.975489e-03 -1.331296e-01 -4.066026e-01
vertex 7.890275e-03 -1.347988e-01 -3.543745e-01
endloop
endfacet
facet normal 0 0 0
outer loop
vertex -1.365126e-01 -7.313415e-02 -1.347520e-01
vertex -8.754555e-02 -5.179073e-02 -1.353943e-01
vertex -1.588043e-01 -4.068649e-02 -1.276247e-01
endloop
endfacet
facet normal 0 0 0
outer loop
vertex -6.548923e-02 1.240438e-01 -5.052064e-01
vertex -1.216289e-02 1.281899e-01 -4.502556e-01
vertex 8.767867e-03 1.117261e-01 -5.105113e-01
endloop
endfacet
facet normal 0 0 0
outer loop
vertex -5.017418e-01 9.055384e-02 -3.209063e-01
vertex -4.994147e-01 7.884261e-02 -2.791189e-01
vertex -4.729933e-01 9.667471e-02 -2.912140e-01
endloop
endfacet
facet normal 0 0 0
outer loop
vertex -5.042861e-02 1.405206e-01 -3.840767e-01
vertex -4.314450e-02 1.400924e-01 -3.359432e-01
vertex -5.453665e-03 1.339382e-01 -3.854062e-01
endloop
endfacet
facet normal 0 0 0
outer loop
vertex -5.329396e-01 7.797696e-02 -3.673297e-01
vertex -5.730635e-01 4.402658e-02 -3.675867e-01
vertex -5.763019e-01 4.324231e-02 -3.293003e-01
endloop
endfacet
facet normal 0 0 0
outer loop
vertex -5.438648e-01 6.980115e-02 -3.253581e-01
vertex -5.329396e-01 7.797696e-02 -3.673297e-01
vertex -5.763019e-01 4.324231e-02 -3.293003e-01
endloop
endfacet
facet normal 0 0 0
outer loop
vertex -3.030959e-02 1.155054e-01 -2.263040e-01
vertex -6.035205e-02 1.046045e-01 -1.974889e-01
vertex -3.896808e-02 7.824437e-02 -1.690848e-01
endloop
endfacet
facet normal 0 0 0
outer loop
vertex 1.037943e-02 8.733884e-02 -1.935147e-01
vertex -3.030959e-02 1.155054e-01 -2.263040e-01
vertex -3.896808e-02 7.824437e-02 -1.690848e-01
endloop
endfacet
facet normal 0 0 0
outer loop
vertex -2.692680e-02 1.258638e-01 -6.492283e-02
vertex -2.622000e-02 1.469442e-01 -2.962101e-02
vertex -4.648624e-02 1.192117e-01 -7.057089e-02
endloop
endfacet
facet normal 0 0 0
outer loop
vertex 8.873849e-02 1.196447e-01 -3.775772e-01
vertex 1.166972e-01 1.090062e-01 -4.316207e-01
vertex 6.720535e-02 1.189243e-01 -4.259160e-01
endloop
endfacet
facet normal 0 0 0
outer loop
vertex 1.016351e-01 -1.199898e-01 -3.509760e-01
vertex 1.467317e-01 -1.124536e-01 -3.548703e-01
vertex 1.176004e-01 -1.154363e-01 -3.071515e-01
endloop
endfacet
facet normal 0 0 0
outer loop
vertex 2.407209e-01 -5.557082e-02 -4.693725e-01
vertex 2.284914e-01 -8.177775e-02 -4.266201e-01
vertex 1.947584e-01 -6.676589e-02 -4.956982e-01
endloop
endfacet
facet normal 0 0 0
outer loop
vertex 4.756891e-01 -3.009680e-02 -3.277989e-01
vertex 5.071418e-01 -2.969689e-02 -3.974454e-01
vertex 5.219411e-01 -2.699392e-02 -3.345606e-01
endloop
endfacet
facet normal 0 0 0
outer loop
vertex 1.166972e-01 1.090062e-01 -4.316207e-01
vertex 8.466823e-02 9.944509e-02 -5.001106e-01
vertex 5.681545e-02 1.104854e-01 -4.646581e-01
endloop
endfacet
facet normal 0 0 0
outer loop
vertex 8.767867e-03 1.117261e-01 -5.105113e-01
vertex 5.681545e-02 1.104854e-01 -4.646581e-01
vertex 8.466823e-02 9.944509e-02 -5.001106e-01
endloop
endfacet
facet normal 0 0 0
outer loop
vertex -3.800647e-01 1.309953e-01 -3.424888e-01
vertex -4.107012e-01 1.233229e-01 -3.374259e-01
vertex -3.830581e-01 1.271393e-01 -3.067807e-01
endloop
endfacet
facet normal 0 0 0
outer loop
vertex -3.331218e-01 4.143551e-02 -1.595374e-01
vertex -3.646544e-01 1.582594e-02 -1.639173e-01
vertex -3.045614e-01 1.192545e-02 -1.459807e-01
endloop
endfacet
facet normal 0 0 0
outer loop
vertex 5.436115e-01 2.677496e-02 -3.482267e-01
vertex 5.906798e-01 1.071959e-02 -3.760185e-01
vertex 5.573682e-01 2.496679e-02 -3.993858e-01
endloop
endfacet
facet normal 0 0 0
outer loop
vertex -1.422253e-01 1.199535e-01 -1.059774e-01
vertex -1.766673e-01 1.013933e-01 -1.223931e-01
vertex -1.703844e-01 1.201916e-01 -7.667733e-02
endloop
endfacet
facet normal 0 0 0
outer loop
vertex -5.074443e-01 -9.237899e-02 -3.303592e-01
vertex -5.237239e-01 -6.630275e-02 -2.811343e-01
vertex -5.442156e-01 -7.147050e-02 -3.273578e-01
endloop
endfacet
facet normal 0 0 0
outer loop
vertex -5.597259e-01 -9.021719e-03 -4.348709e-01
vertex -5.616267e-01 -4.893938e-02 -3.976067e-01
vertex -5.840364e-01 -1.680666e-02 -3.827638e-01
endloop
endfacet
facet normal 0 0 0
outer loop
vertex -5.483210e-02 1.831118e-01 -2.846336e-01
vertex -2.210513e-02 1.928352e-01 -3.161378e-01
vertex -8.244202e-02 1.835613e-01 -3.454475e-01
endloop
endfacet
facet normal 0 0 0
outer loop
vertex -1.028810e-01 -9.623853e-02 -1.094426e-01
vertex -1.263398e-01 -1.001577e-01 -9.649542e-02
vertex -8.104294e-02 -1.062647e-01 -9.137251e-02
endloop
endfacet
facet normal 0 0 0
outer loop
vertex 4.749460e-01 -2.761792e-02 -2.523677e-01
vertex 4.116378e-01 -2.796207e-02 -2.694747e-01
vertex 4.756891e-01 -3.009680e-02 -3.277989e-01
endloop
endfacet
facet normal 0 0 0
outer loop
vertex -5.483210e-02 1.831118e-01 -2.846336e-01
vertex -1.095288e-01 1.739060e-01 -3.017520e-01
vertex -8.384880e-02 1.745421e-01 -2.503051e-01
endloop
endfacet
facet normal 0 0 0
outer loop
vertex 9.565385e-02 1.660607e-02 -1.524368e-01
vertex 1.059225e-01 9.342596e-03 -1.126011e-01
vertex 1.388361e-01 1.396605e-02 -1.340583e-01
endloop
endfacet
facet normal 0 0 0
outer loop
vertex 2.313075e-01 -1.946994e-02 -2.158045e-01
vertex 1.882206e-01 -2.174153e-02 -1.930376e-01
vertex 2.107550e-01 -6.029533e-02 -2.347068e-01
endloop
endfacet
facet normal 0 0 0
outer loop
vertex 7.466914e-02 5.592743e-02 -5.848485e-01
vertex 3.085084e-02 4.914663e-02 -6.085519e-01
vertex 3.851185e-03 7.809059e-02 -5.899568e-01
endloop
endfacet
facet normal 0 0 0
outer loop
vertex 3.085084e-02 4.914663e-02 -6.085519e-01
vertex 7.466914e-02 5.592743e-02 -5.848485e-01
vertex 6.296647e-02 2.395373e-02 -6.074466e-01
endloop
endfacet
facet normal 0 0 0
outer loop
vertex 5.697501e-02 -9.055627e-02 -5.487049e-01
vertex 1.155066e-01 -8.877059e-02 -5.114480e-01
vertex 5.673378e-02 -1.085520e-01 -5.000224e-01
endloop
endfacet
facet normal 0 0 0
outer loop
vertex 2.994408e-02 -2.745514e-02 -7.414701e-01
vertex 6.491976e-02 -2.779110e-02 -7.132090e-01
vertex 2.495036e-02 -3.041184e-02 -6.907031e-01
endloop
endfacet
facet normal 0 0 0
outer loop
vertex -1.527539e-01 6.370974e-02 -6.364423e-01
vertex -1.968554e-01 7.321162e-02 -6.251435e-01
vertex -1.670879e-01 9.933781e-02 -5.902413e-01
endloop
endfacet
facet normal 0 0 0
outer loop
vertex -1.216289e-02 1.281899e-01 -4.502556e-01
vertex 2.917676e-02 1.269360e-01 -4.081144e-01
vertex 5.681545e-02 1.104854e-01 -4.646581e-01
endloop
endfacet
facet normal 0 0 0
outer loop
vertex -1.216289e-02 1.281899e-01 -4.502556e-01
vertex 5.681545e-02 1.104854e-01 -4.646581e-01
vertex 8.767867e-03 1.117261e-01 -5.105113e-01
endloop
endfacet
facet normal 0 0 0
outer loop
vertex -8.215065e-02 2.416304e-02 -7.501432e-01
vertex -7.233912e-02 2.787623e-02 -6.925865e-01
vertex -3.231621e-02 2.614631e-02 -7.429761e-01
endloop
endfacet
facet normal 0 0 0
outer loop
vertex -5.132651e-01 -3.774399e-02 -2.455257e-01
vertex -4.700336e-01 -7.262036e-02 -2.392897e-01
vertex -4.505509e-01 -3.124953e-02 -2.062591e-01
endloop
endfacet
facet normal 0 0 0
outer loop
vertex -4.505509e-01 -3.124953e-02 -2.062591e-01
vertex -4.797810e-01 2.079918e-03 -2.217025e-01
vertex -5.132651e-01 -3.774399e-02 -2.455257e-01
endloop
endfacet
facet normal 0 0 0
outer loop
vertex 3.307000e-01 1.039337e-02 -1.810840e-01
vertex 2.695265e-01 1.688707e-02 -2.005685e-01
vertex 2.715411e-01 1.554926e-02 -1.583099e-01
endloop
endfacet
facet normal 0 0 0
outer loop
vertex -2.210513e-02 1.928352e-01 -3.161378e-01
vertex -4.685581e-02 1.921000e-01 -3.725609e-01
vertex -8.244202e-02 1.835613e-01 -3.454475e-01
endloop
endfacet
facet normal 0 0 0
outer loop
vertex 4.749460e-01 -2.761792e-02 -2.523677e-01
vertex 5.065029e-01 -2.456943e-02 -2.207481e-01
vertex 4.740689e-01 -2.373826e-02 -2.016764e-01
endloop
endfacet
facet normal 0 0 0
outer loop
vertex 4.740689e-01 -2.373826e-02 -2.016764e-01
vertex 4.311918e-01 -2.104087e-02 -1.968537e-01
vertex 4.749460e-01 -2.761792e-02 -2.523677e-01
endloop
endfacet
facet normal 0 0 0
outer loop
vertex -7.669514e-02 -3.009176e-02 -6.961285e-01
vertex -1.155913e-01 -2.436803e-02 -7.419583e-01
vertex -7.855131e-02 -2.731341e-02 -7.459082e-01
endloop
endfacet
facet normal 0 0 0
outer loop
vertex -2.252482e-01 8.252832e-02 -1.289417e-01
vertex -2.267520e-01 9.527473e-02 -8.194911e-02
vertex -1.824606e-01 9.497346e-02 -9.616902e-02
endloop
endfacet
facet normal 0 0 0
outer loop
vertex -4.791628e-01 5.468250e-02 -5.126755e-01
vertex -4.200094e-01 9.756700e-02 -4.962932e-01
vertex -4.198385e-01 6.530510e-02 -5.485991e-01
endloop
endfacet
facet normal 0 0 0
outer loop
vertex -4.200094e-01 9.756700e-02 -4.962932e-01
vertex -4.708552e-01 9.236688e-02 -4.592030e-01
vertex -4.273102e-01 1.069715e-01 -4.624941e-01
endloop
endfacet
facet normal 0 0 0
outer loop
vertex -2.384817e-01 -4.101358e-02 -6.410275e-01
vertex -2.483474e-01 -7.049155e-02 -6.198153e-01
vertex -2.819487e-01 -5.713479e-02 -6.243545e-01
endloop
endfacet
facet normal 0 0 0
outer loop
vertex 1.514869e-01 1.025628e-01 -2.863953e-01
vertex 9.557261e-02 1.082685e-01 -2.654842e-01
vertex 1.294093e-01 8.711630e-02 -2.339045e-01
endloop
endfacet
facet normal 0 0 0
outer loop
vertex 2.466790e-01 -1.070120e-03 -7.078502e-02
vertex 2.184250e-01 -3.453852e-03 -6.592014e-02
vertex 2.411910e-01 -9.980480e-03 -7.581699e-02
endloop
endfacet
facet normal 0 0 0
outer loop
vertex -2.819487e-01 -5.713479e-02 -6.243545e-01
vertex -3.329395e-01 -6.142158e-02 -6.031455e-01
vertex -3.298123e-01 -2.028929e-02 -6.198755e-01
endloop
endfacet
facet normal 0 0 0
outer loop
vertex -1.391789e-01 -1.725428e-01 -3.638904e-01
vertex -1.015620e-01 -1.822591e-01 -3.939370e-01
vertex -8.520435e-02 -1.852005e-01 -3.411043e-01
endloop
endfacet
facet normal 0 0 0
outer loop
vertex 2.329171e-02 1.750923e-01 -3.717241e-01
vertex 6.642000e-02 1.872360e-01 -3.573850e-01
vertex 3.505356e-02 1.758814e-01 -3.340900e-01
endloop
endfacet
facet normal 0 0 0
outer loop
vertex 2.252668e-01 9.425911e-02 -3.470685e-01
vertex 1.549392e-01 1.087460e-01 -3.583840e-01
vertex 1.514869e-01 1.025628e-01 -2.863953e-01
endloop
endfacet
facet normal 0 0 0
outer loop
vertex -1.339664e-02 -7.845961e-02 -1.731843e-01
vertex -8.076874e-03 -4.882079e-02 -1.488847e-01
vertex -6.029367e-02 -8.648801e-02 -1.703210e-01
endloop
endfacet
facet normal 0 0 0
outer loop
vertex 3.854640e-01 -1.185404e-02 -1.990880e-01
vertex 4.340194e-01 -1.218691e-02 -1.604405e-01
vertex 3.964960e-01 5.371838e-04 -1.824931e-01
endloop
endfacet
facet normal 0 0 0
outer loop
vertex 4.218995e-01 2.267017e-03 -1.631388e-01
vertex 3.964960e-01 5.371838e-04 -1.824931e-01
vertex 4.340194e-01 -1.218691e-02 -1.604405e-01
endloop
endfacet
facet normal 0 0 0
outer loop
vertex -4.523581e-01 1.094093e-01 -4.138654e-01
vertex -4.708552e-01 9.236688e-02 -4.592030e-01
vertex -5.042661e-01 8.621170e-02 -4.286543e-01
endloop
endfacet
facet normal 0 0 0
outer loop
vertex -9.689278e-02 1.092305e-01 -7.990175e-02
vertex -7.283062e-02 1.348019e-01 -3.656330e-02
vertex -1.272400e-01 1.184562e-01 -5.720800e-02
endloop
endfacet
facet normal 0 0 0
outer loop
vertex 2.318369e-01 -9.233899e-02 -3.663054e-01
vertex 2.679709e-01 -7.782450e-02 -3.225895e-01
vertex 2.108923e-01 -9.653857e-02 -3.213507e-01
endloop
endfacet
facet normal 0 0 0
outer loop
vertex 4.013402e-01 1.529243e-02 -2.013805e-01
vertex 3.964960e-01 5.371838e-04 -1.824931e-01
vertex 4.283680e-01 1.050608e-02 -1.641550e-01
endloop
endfacet
facet normal 0 0 0
outer loop
vertex 3.964960e-01 5.371838e-04 -1.824931e-01
vertex 4.013402e-01 1.529243e-02 -2.013805e-01
vertex 3.742715e-01 4.805779e-03 -2.058986e-01
endloop
endfacet
facet normal 0 0 0
outer loop
vertex -4.299236e-01 -9.972194e-02 -2.472271e-01
vertex -4.344359e-01 -1.132110e-01 -2.904463e-01
vertex -3.937588e-01 -1.222529e-01 -2.796989e-01
endloop
endfacet
facet normal 0 0 0
outer loop
vertex -1.540435e-01 2.840028e-02 -1.265039e-01
vertex -1.588043e-01 -4.068649e-02 -1.276247e-01
vertex -9.107310e-02 -4.987416e-03 -1.268354e-01
endloop
endfacet
facet normal 0 0 0
outer loop
vertex -9.989069e-02 4.033983e-02 -1.307309e-01
vertex -1.540435e-01 2.840028e-02 -1.265039e-01
vertex -9.107310e-02 -4.987416e-03 -1.268354e-01
endloop
endfacet
facet normal 0 0 0
outer loop
vertex 5.071418e-01 -2.969689e-02 -3.974454e-01
vertex 4.258235e-01 -2.964383e-02 -3.797900e-01
vertex 4.746948e-01 -2.585759e-02 -4.485719e-01
endloop
endfacet
facet normal 0 0 0
outer loop
vertex -9.615956e-02 1.206092e-01 -1.114543e-01
vertex -1.056099e-01 1.488286e-01 -4.837767e-02
vertex -7.287011e-02 1.368411e-01 -8.208800e-02
endloop
endfacet
facet normal 0 0 0
outer loop
vertex -4.757598e-01 1.021254e-01 -3.457375e-01
vertex -4.557499e-01 1.068440e-01 -3.243546e-01
vertex -4.469661e-01 1.145319e-01 -3.632944e-01
endloop
endfacet
facet normal 0 0 0
outer loop
vertex 5.051183e-01 2.117480e-02 -2.057377e-01
vertex 5.116524e-01 2.745859e-02 -3.045771e-01
vertex 4.404932e-01 2.326585e-02 -2.335292e-01
endloop
endfacet
facet normal 0 0 0
outer loop
vertex -4.757598e-01 1.021254e-01 -3.457375e-01
vertex -4.469661e-01 1.145319e-01 -3.632944e-01
vertex -4.863220e-01 1.012065e-01 -3.829989e-01
endloop
endfacet
facet normal 0 0 0
outer loop
vertex -6.744300e-02 1.849663e-01 -4.132120e-01
vertex -3.138721e-02 1.914185e-01 -4.232945e-01
vertex -2.654400e-02 1.759602e-01 -4.248490e-01
endloop
endfacet
facet normal 0 0 0
outer loop
vertex -4.120023e-01 -2.823413e-02 -1.866216e-01
vertex -4.505509e-01 -3.124953e-02 -2.062591e-01
vertex -4.038372e-01 -7.672137e-02 -2.045080e-01
endloop
endfacet
facet normal 0 0 0
outer loop
vertex 8.496822e-02 -1.206207e-01 -4.046337e-01
vertex 7.098980e-02 -1.168978e-01 -4.484718e-01
vertex 1.125523e-01 -1.117617e-01 -4.311207e-01
endloop
endfacet
facet normal 0 0 0
outer loop
vertex 1.125523e-01 -1.117617e-01 -4.311207e-01
vertex 1.702312e-01 -1.052919e-01 -3.978546e-01
vertex 1.262611e-01 -1.139749e-01 -3.929244e-01
endloop
endfacet
facet normal 0 0 0
outer loop
vertex -8.104294e-02 -1.062647e-01 -9.137251e-02
vertex -5.992249e-02 -9.417832e-02 -1.292214e-01
vertex -8.385859e-02 -8.753370e-02 -1.403881e-01
endloop
endfacet
facet normal 0 0 0
outer loop
vertex -8.104294e-02 -1.062647e-01 -9.137251e-02
vertex -8.385859e-02 -8.753370e-02 -1.403881e-01
vertex -1.028810e-01 -9.623853e-02 -1.094426e-01
endloop
endfacet
facet normal 0 0 0
outer loop
vertex -4.086530e-01 1.455415e-01 -4.489143e-01
vertex -3.926513e-01 1.573176e-01 -4.340665e-01
vertex -3.811843e-01 1.434924e-01 -4.563993e-01
endloop
endfacet
facet normal 0 0 0
outer loop
vertex -2.778487e-03 1.673460e-01 -3.282594e-01
vertex 1.651444e-02 1.695580e-01 -2.846324e-01
vertex -2.022713e-02 1.620230e-01 -2.969289e-01
endloop
endfacet
facet normal 0 0 0
outer loop
vertex -3.475832e-01 1.323733e-01 -2.933976e-01
vertex -3.219658e-01 1.159242e-01 -2.301420e-01
vertex -2.892718e-01 1.371456e-01 -2.789706e-01
endloop
endfacet
facet normal 0 0 0
outer loop
vertex 5.369681e-01 7.007323e-03 -5.207427e-01
vertex 5.577546e-01 2.038266e-03 -5.129996e-01
vertex 5.494835e-01 -1.047450e-02 -5.147186e-01
endloop
endfacet
facet normal 0 0 0
outer loop
vertex 4.252949e-02 -1.171672e-01 -2.561117e-01
vertex -3.853943e-03 -1.026033e-01 -2.072372e-01
vertex -1.883893e-02 -1.273589e-01 -2.574810e-01
endloop
endfacet
facet normal 0 0 0
outer loop
vertex -5.790238e-02 1.353714e-01 -2.755884e-01
vertex 2.766754e-03 1.283526e-01 -2.851042e-01
vertex -4.314450e-02 1.400924e-01 -3.359432e-01
endloop
endfacet
facet normal 0 0 0
outer loop
vertex -9.107310e-02 -4.987416e-03 -1.268354e-01
vertex -8.754555e-02 -5.179073e-02 -1.353943e-01
vertex -4.279195e-02 -3.074611e-02 -1.342015e-01
endloop
endfacet
facet normal 0 0 0
outer loop
vertex -3.712197e-01 -1.323233e-01 -3.071709e-01
vertex -3.259383e-01 -1.368594e-01 -2.857026e-01
vertex -3.937588e-01 -1.222529e-01 -2.796989e-01
endloop
endfacet
facet normal 0 0 0
outer loop
vertex 1.125523e-01 -1.117617e-01 -4.311207e-01
vertex 1.262611e-01 -1.139749e-01 -3.929244e-01
vertex 8.496822e-02 -1.206207e-01 -4.046337e-01
endloop
endfacet
facet normal 0 0 0
outer loop
vertex -4.200094e-01 9.756700e-02 -4.962932e-01
vertex -3.868145e-01 1.158272e-01 -4.734602e-01
vertex -3.568040e-01 1.130471e-01 -5.050700e-01
endloop
endfacet
facet normal 0 0 0
outer loop
vertex -3.032472e-01 -8.435141e-02 -1.784376e-01
vertex -3.516836e-01 -8.065856e-02 -1.871857e-01
vertex -3.076873e-01 -1.131696e-01 -2.160466e-01
endloop
endfacet
facet normal 0 0 0
outer loop
vertex -5.163012e-02 -1.550463e-01 -2.261431e-01
vertex 7.085718e-03 -1.678389e-01 -2.126871e-01
vertex -1.054795e-02 -1.657181e-01 -2.838483e-01
endloop
endfacet
facet normal 0 0 0
outer loop
vertex -1.573350e-01 -1.144015e-01 -1.127588e-01
vertex -1.796937e-01 -1.018457e-01 -1.057868e-01
vertex -1.763041e-01 -1.019207e-01 -1.266884e-01
endloop
endfacet
facet normal 0 0 0
outer loop
vertex 3.505356e-02 1.758814e-01 -3.340900e-01
vertex 6.754500e-02 1.875077e-01 -3.261280e-01
vertex 5.150511e-02 1.812209e-01 -2.856631e-01
endloop
endfacet
facet normal 0 0 0
outer loop
vertex -4.994147e-01 7.884261e-02 -2.791189e-01
vertex -4.932953e-01 6.064885e-02 -2.470250e-01
vertex -4.737058e-01 8.339938e-02 -2.597753e-01
endloop
endfacet
facet normal 0 0 0
outer loop
vertex -1.259244e-01 -9.912767e-02 -5.939424e-01
vertex -1.784148e-01 -9.513873e-02 -6.018408e-01
vertex -1.497888e-01 -7.364690e-02 -6.298903e-01
endloop
endfacet
facet normal 0 0 0
outer loop
vertex 1.094718e-01 -8.924168e-02 -2.235702e-01
vertex 1.126607e-01 -1.053368e-01 -2.584976e-01
vertex 1.621202e-01 -7.897010e-02 -2.315405e-01
endloop
endfacet
facet normal 0 0 0
outer loop
vertex -1.084001e-01 -5.963551e-02 -6.407586e-01
vertex -1.259244e-01 -9.912767e-02 -5.939424e-01
vertex -1.497888e-01 -7.364690e-02 -6.298903e-01
endloop
endfacet
facet normal 0 0 0
outer loop
vertex -4.107012e-01 1.233229e-01 -3.374259e-01
vertex -4.314623e-01 1.126605e-01 -2.941845e-01
vertex -3.830581e-01 1.271393e-01 -3.067807e-01
endloop
endfacet
facet normal 0 0 0
outer loop
vertex 1.453484e-01 -1.059292e-02 -9.279194e-02
vertex 1.303470e-01 -1.041410e-03 -8.382699e-02
vertex 1.037403e-01 -1.210846e-02 -1.183863e-01
endloop
endfacet
facet normal 0 0 0
outer loop
vertex 1.453484e-01 -1.059292e-02 -9.279194e-02
vertex 1.037403e-01 -1.210846e-02 -1.183863e-01
vertex 1.665541e-01 -1.586224e-02 -1.337782e-01
endloop
endfacet
facet normal 0 0 0
outer loop
vertex 4.312542e-01 2.737293e-02 -3.143799e-01
vertex 4.404932e-01 2.326585e-02 -2.335292e-01
vertex 5.116524e-01 2.745859e-02 -3.045771e-01
endloop
endfacet
facet normal 0 0 0
outer loop
vertex -5.579260e-03 -1.967762e-01 -4.268011e-01
vertex 3.150500e-02 -2.010577e-01 -4.126080e-01
vertex -7.438073e-03 -2.006002e-01 -3.922248e-01
endloop
endfacet
facet normal 0 0 0
outer loop
vertex -4.737058e-01 8.339938e-02 -2.597753e-01
vertex -4.456351e-01 7.586902e-02 -2.289064e-01
vertex -4.458771e-01 9.583841e-02 -2.575759e-01
endloop
endfacet
facet normal 0 0 0
outer loop
vertex -1.422245e-01 1.452286e-01 -4.017035e-02
vertex -1.222479e-01 1.552116e-01 -1.789122e-02
vertex -1.056099e-01 1.488286e-01 -4.837767e-02
endloop
endfacet
facet normal 0 0 0
outer loop
vertex -2.493100e-02 -1.275223e-01 -9.787199e-02
vertex -4.010096e-02 -1.076541e-01 -1.217182e-01
vertex -3.143849e-02 -1.125654e-01 -9.465678e-02
endloop
endfacet
facet normal 0 0 0
outer loop
vertex -1.569814e-01 7.350399e-02 -1.301164e-01
vertex -1.285949e-01 9.138826e-02 -1.126545e-01
vertex -1.781299e-01 7.718278e-02 -1.022748e-01
endloop
endfacet
facet normal 0 0 0
outer loop
vertex -1.285949e-01 9.138826e-02 -1.126545e-01
vertex -1.512417e-01 9.050220e-02 -8.262659e-02
vertex -1.781299e-01 7.718278e-02 -1.022748e-01
endloop
endfacet
facet normal 0 0 0
outer loop
vertex -4.791628e-01 5.468250e-02 -5.126755e-01
vertex -5.178363e-01 1.640397e-02 -4.989454e-01
vertex -5.015964e-01 5.510868e-02 -4.855452e-01
endloop
endfacet
facet normal 0 0 0
outer loop
vertex -1.283844e-01 -1.159114e-01 -1.219890e-01
vertex -1.481748e-01 -9.909885e-02 -1.546065e-01
vertex -9.288500e-02 -1.009003e-01 -1.444970e-01
endloop
endfacet
facet normal 0 0 0
outer loop
vertex -1.973492e-01 -8.400043e-03 -6.560386e-01
vertex -1.954288e-01 1.602084e-02 -6.514161e-01
vertex -1.840377e-01 2.162375e-03 -6.916398e-01
endloop
endfacet
facet normal 0 0 0
outer loop
vertex 1.166972e-01 1.090062e-01 -4.316207e-01
vertex 5.681545e-02 1.104854e-01 -4.646581e-01
vertex 6.720535e-02 1.189243e-01 -4.259160e-01
endloop
endfacet
facet normal 0 0 0
outer loop
vertex 4.218995e-01 2.267017e-03 -1.631388e-01
vertex 4.283680e-01 1.050608e-02 -1.641550e-01
vertex 3.964960e-01 5.371838e-04 -1.824931e-01
endloop
endfacet
facet normal 0 0 0
outer loop
vertex -4.113174e-01 -3.235632e-02 -5.784969e-01
vertex -3.329395e-01 -6.142158e-02 -6.031455e-01
vertex -3.658382e-01 -8.033045e-02 -5.683657e-01
endloop
endfacet
facet normal 0 0 0
outer loop
vertex 2.745648e-01 -3.153055e-02 -5.186337e-01
vertex 2.548542e-01 -3.002024e-02 -5.790634e-01
vertex 3.117070e-01 -2.951406e-02 -5.401235e-01
endloop
endfacet
facet normal 0 0 0
outer loop
vertex -2.833115e-02 -3.039799e-02 -6.918367e-01
vertex -4.146351e-02 -2.841633e-02 -7.449908e-01
vertex -2.045958e-03 -2.964773e-02 -7.267708e-01
endloop
endfacet
facet normal 0 0 0
outer loop
vertex 3.987078e-02 -6.545755e-02 -5.945244e-01
vertex -1.532506e-02 -8.252315e-02 -5.955650e-01
vertex -3.966440e-03 -5.619859e-02 -6.184049e-01
endloop
endfacet
facet normal 0 0 0
outer loop
vertex -3.938095e-01 9.528027e-02 -2.228916e-01
vertex -4.458771e-01 9.583841e-02 -2.575759e-01
vertex -4.456351e-01 7.586902e-02 -2.289064e-01
endloop
endfacet
facet normal 0 0 0
outer loop
vertex -4.344780e-01 -1.192147e-01 -3.411154e-01
vertex -4.110726e-01 -1.301745e-01 -3.709479e-01
vertex -4.004381e-01 -1.280682e-01 -3.329966e-01
endloop
endfacet
facet normal 0 0 0
outer loop
vertex -7.233912e-02 2.787623e-02 -6.925865e-01
vertex -8.215065e-02 2.416304e-02 -7.501432e-01
vertex -1.233027e-01 2.476239e-02 -6.991307e-01
endloop
endfacet
facet normal 0 0 0
outer loop
vertex -1.732946e-01 1.401187e-01 -4.665800e-01
vertex -2.322353e-01 1.451169e-01 -4.290789e-01
vertex -1.938764e-01 1.504791e-01 -3.876121e-01
endloop
endfacet
facet normal 0 0 0
outer loop
vertex 1.975489e-03 -1.331296e-01 -4.066026e-01
vertex -7.003095e-02 -1.431805e-01 -4.056767e-01
vertex -3.387704e-02 -1.305282e-01 -4.683105e-01
endloop
endfacet
facet normal 0 0 0
outer loop
vertex -5.026412e-02 -3.044841e-04 -7.985246e-01
vertex -9.349500e-02 -9.572600e-04 -7.899290e-01
vertex -7.511500e-02 9.642940e-03 -7.896140e-01
endloop
endfacet
facet normal 0 0 0
outer loop
vertex -1.727532e-01 9.684478e-02 -1.588179e-01
vertex -1.257303e-01 1.163394e-01 -1.995154e-01
vertex -1.710161e-01 1.210639e-01 -2.049695e-01
endloop
endfacet
facet normal 0 0 0
outer loop
vertex -1.412374e-01 1.549716e-01 -2.415625e-01
vertex -1.915107e-01 1.495519e-01 -2.992065e-01
vertex -1.651382e-01 1.399430e-01 -2.505671e-01
endloop
endfacet
facet normal 0 0 0
outer loop
vertex -4.314450e-02 1.400924e-01 -3.359432e-01
vertex -9.209659e-02 1.463901e-01 -3.373851e-01
vertex -5.790238e-02 1.353714e-01 -2.755884e-01
endloop
endfacet
facet normal 0 0 0
outer loop
vertex 1.367616e-02 3.890401e-02 -1.486793e-01
vertex 4.828410e-02 5.463507e-02 -1.690188e-01
vertex 1.037943e-02 8.733884e-02 -1.935147e-01
endloop
endfacet
facet normal 0 0 0
outer loop
vertex -6.071528e-03 1.890392e-01 -2.585465e-01
vertex -8.384880e-02 1.745421e-01 -2.503051e-01
vertex -5.088042e-02 1.776376e-01 -2.197055e-01
endloop
endfacet
facet normal 0 0 0
outer loop
vertex -1.853009e-01 -9.105502e-02 -6.370813e-02
vertex -1.454683e-01 -1.098117e-01 -4.240586e-02
vertex -1.307642e-01 -1.076853e-01 -6.115083e-02
endloop
endfacet
facet normal 0 0 0
outer loop
vertex 1.594046e-01 -5.273985e-02 -5.403574e-01
vertex 1.518679e-01 -7.529317e-02 -5.154213e-01
vertex 1.110768e-01 -5.939478e-02 -5.641258e-01
endloop
endfacet
facet normal 0 0 0
outer loop
vertex 5.779060e-01 -1.159188e-02 -4.753960e-01
vertex 5.768474e-01 -3.259973e-04 -4.894093e-01
vertex 5.876719e-01 -2.036263e-03 -4.625486e-01
endloop
endfacet
facet normal 0 0 0
outer loop
vertex -1.862201e-01 -2.213451e-03 -1.271912e-01
vertex -1.588043e-01 -4.068649e-02 -1.276247e-01
vertex -1.540435e-01 2.840028e-02 -1.265039e-01
endloop
endfacet
facet normal 0 0 0
outer loop
vertex -5.067602e-02 -3.168222e-02 -6.492367e-01
vertex -9.468384e-02 -2.913242e-02 -6.550594e-01
vertex -7.669514e-02 -3.009176e-02 -6.961285e-01
endloop
endfacet
facet normal 0 0 0
outer loop
vertex -1.084001e-01 -5.963551e-02 -6.407586e-01
vertex -9.468384e-02 -2.913242e-02 -6.550594e-01
vertex -5.067602e-02 -3.168222e-02 -6.492367e-01
endloop
endfacet
facet normal 0 0 0
outer loop
vertex 1.262611e-01 -1.139749e-01 -3.929244e-01
vertex 1.467317e-01 -1.124536e-01 -3.548703e-01
vertex 1.016351e-01 -1.199898e-01 -3.509760e-01
endloop
endfacet
facet normal 0 0 0
outer loop
vertex 5.413545e-02 -1.277934e-01 -3.472421e-01
vertex 6.727981e-02 -1.251247e-01 -3.777172e-01
vertex 1.016351e-01 -1.199898e-01 -3.509760e-01
endloop
endfacet
facet normal 0 0 0
outer loop
vertex -4.273102e-01 1.069715e-01 -4.624941e-01
vertex -4.468220e-01 1.061232e-01 -4.423757e-01
vertex -4.275000e-01 1.282125e-01 -4.510480e-01
endloop
endfacet
facet normal 0 0 0
outer loop
vertex -3.097382e-01 1.326335e-01 -4.674719e-01
vertex -2.532546e-01 1.354422e-01 -4.797415e-01
vertex -2.999790e-01 1.145948e-01 -5.313206e-01
endloop
endfacet
facet normal 0 0 0
outer loop
vertex -4.557499e-01 1.068440e-01 -3.243546e-01
vertex -4.314623e-01 1.126605e-01 -2.941845e-01
vertex -4.107012e-01 1.233229e-01 -3.374259e-01
endloop
endfacet
facet normal 0 0 0
outer loop
vertex -3.159849e-01 -1.100017e-01 -5.429795e-01
vertex -2.499376e-01 -1.054409e-01 -5.749098e-01
vertex -2.399278e-01 -1.240003e-01 -5.306634e-01
endloop
endfacet
facet normal 0 0 0
outer loop
vertex -3.219658e-01 1.159242e-01 -2.301420e-01
vertex -3.938095e-01 9.528027e-02 -2.228916e-01
vertex -3.397702e-01 9.353233e-02 -1.999445e-01
endloop
endfacet
facet normal 0 0 0
outer loop
vertex -3.938095e-01 9.528027e-02 -2.228916e-01
vertex -3.219658e-01 1.159242e-01 -2.301420e-01
vertex -3.610299e-01 1.176868e-01 -2.485876e-01
endloop
endfacet
facet normal 0 0 0
outer loop
vertex -4.469661e-01 1.145319e-01 -3.632944e-01
vertex -4.424787e-01 1.141665e-01 -3.966346e-01
vertex -4.863220e-01 1.012065e-01 -3.829989e-01
endloop
endfacet
facet normal 0 0 0
outer loop
vertex -4.288081e-01 1.259833e-01 -3.804649e-01
vertex -4.424787e-01 1.141665e-01 -3.966346e-01
vertex -4.469661e-01 1.145319e-01 -3.632944e-01
endloop
endfacet
facet normal 0 0 0
outer loop
vertex -2.499376e-01 -1.054409e-01 -5.749098e-01
vertex -2.929898e-01 -8.682514e-02 -5.932159e-01
vertex -2.483474e-01 -7.049155e-02 -6.198153e-01
endloop
endfacet
facet normal 0 0 0
outer loop
vertex -5.099848e-02 1.524400e-01 -7.995527e-03
vertex -4.243249e-02 1.651073e-01 -1.632356e-02
vertex -6.206251e-02 1.658516e-01 -2.643934e-03
endloop
endfacet
facet normal 0 0 0
outer loop
vertex -2.999790e-01 1.145948e-01 -5.313206e-01
vertex -3.658017e-01 8.257261e-02 -5.608701e-01
vertex -3.568040e-01 1.130471e-01 -5.050700e-01
endloop
endfacet
facet normal 0 0 0
outer loop
vertex 2.096825e-01 1.256109e-02 -1.094558e-01
vertex 1.683266e-01 1.301615e-02 -1.161191e-01
vertex 1.658556e-01 9.587741e-03 -8.694788e-02
endloop
endfacet
facet normal 0 0 0
outer loop
vertex -4.468220e-01 1.061232e-01 -4.423757e-01
vertex -4.523581e-01 1.094093e-01 -4.138654e-01
vertex -4.344663e-01 1.353142e-01 -4.099687e-01
endloop
endfacet
facet normal 0 0 0
outer loop
vertex -4.907510e-02 -1.108574e-01 -2.076009e-01
vertex -8.421228e-02 -1.261943e-01 -2.273182e-01
vertex -1.883893e-02 -1.273589e-01 -2.574810e-01
endloop
endfacet
facet normal 0 0 0
outer loop
vertex -3.138045e-01 -1.453719e-01 -3.486900e-01
vertex -3.230052e-01 -1.428669e-01 -4.078397e-01
vertex -2.736488e-01 -1.485239e-01 -4.048665e-01
endloop
endfacet
facet normal 0 0 0
outer loop
vertex -2.281808e-01 2.397006e-02 -1.334521e-01
vertex -3.045614e-01 1.192545e-02 -1.459807e-01
vertex -2.639137e-01 -1.856211e-02 -1.381127e-01
endloop
endfacet
facet normal 0 0 0
outer loop
vertex -4.344663e-01 1.353142e-01 -4.099687e-01
vertex -4.200439e-01 1.481875e-01 -4.274134e-01
vertex -4.468220e-01 1.061232e-01 -4.423757e-01
endloop
endfacet
facet normal 0 0 0
outer loop
vertex 3.456551e-01 2.261178e-02 -2.773174e-01
vertex 3.196981e-01 5.051423e-02 -3.072197e-01
vertex 3.133814e-01 1.264946e-02 -2.532664e-01
endloop
endfacet
facet normal 0 0 0
outer loop
vertex 3.133814e-01 1.264946e-02 -2.532664e-01
vertex 3.196981e-01 5.051423e-02 -3.072197e-01
vertex 2.862801e-01 3.190652e-02 -2.623798e-01
endloop
endfacet
facet normal 0 0 0
outer loop
vertex 5.421841e-01 2.505116e-02 -3.152542e-01
vertex 5.436115e-01 2.677496e-02 -3.482267e-01
vertex 5.116524e-01 2.745859e-02 -3.045771e-01
endloop
endfacet
facet normal 0 0 0
outer loop
vertex 5.647136e-01 1.676417e-02 -3.096786e-01
vertex 5.436115e-01 2.677496e-02 -3.482267e-01
vertex 5.421841e-01 2.505116e-02 -3.152542e-01
endloop
endfacet
facet normal 0 0 0
outer loop
vertex -6.893765e-02 -1.634591e-01 -3.824777e-01
vertex -2.907446e-02 -1.687420e-01 -3.847138e-01
vertex -5.089508e-02 -1.747897e-01 -4.185320e-01
endloop
endfacet
facet normal 0 0 0
outer loop
vertex -3.397702e-01 9.353233e-02 -1.999445e-01
vertex -3.359624e-01 6.926880e-02 -1.758172e-01
vertex -2.881211e-01 6.866021e-02 -1.591449e-01
endloop
endfacet
facet normal 0 0 0
outer loop
vertex -4.146351e-02 -2.841633e-02 -7.449908e-01
vertex -5.691063e-03 -2.593364e-02 -7.610494e-01
vertex -2.045958e-03 -2.964773e-02 -7.267708e-01
endloop
endfacet
facet normal 0 0 0
outer loop
vertex -4.729933e-01 9.667471e-02 -2.912140e-01
vertex -4.994147e-01 7.884261e-02 -2.791189e-01
vertex -4.737058e-01 8.339938e-02 -2.597753e-01
endloop
endfacet
facet normal 0 0 0
outer loop
vertex 3.387400e-02 1.745850e-01 -2.412689e-01
vertex 5.150511e-02 1.812209e-01 -2.856631e-01
vertex 4.264367e-02 1.912448e-01 -2.585756e-01
endloop
endfacet
facet normal 0 0 0
outer loop
vertex 2.221375e-02 2.020208e-01 -3.895364e-01
vertex 3.923000e-02 1.985902e-01 -4.073040e-01
vertex 1.210900e-02 1.963148e-01 -4.262580e-01
endloop
endfacet
facet normal 0 0 0
outer loop
vertex -5.579260e-03 -1.967762e-01 -4.268011e-01
vertex -5.853000e-02 -1.874032e-01 -4.169320e-01
vertex -1.838758e-02 -1.796971e-01 -4.277097e-01
endloop
endfacet
facet normal 0 0 0
outer loop
vertex 2.051240e-03 1.986802e-01 -3.550496e-01
vertex -2.210513e-02 1.928352e-01 -3.161378e-01
vertex 3.286200e-02 2.005692e-01 -3.244757e-01
endloop
endfacet
facet normal 0 0 0
outer loop
vertex 2.051240e-03 1.986802e-01 -3.550496e-01
vertex -4.685581e-02 1.921000e-01 -3.725609e-01
vertex -2.210513e-02 1.928352e-01 -3.161378e-01
endloop
endfacet
facet normal 0 0 0
outer loop
vertex 2.032489e-01 -1.721644e-02 -1.477018e-01
vertex 1.665541e-01 -1.586224e-02 -1.337782e-01
vertex 1.499006e-01 -2.035058e-02 -1.756506e-01
endloop
endfacet
facet normal 0 0 0
outer loop
vertex -5.442156e-01 -7.147050e-02 -3.273578e-01
vertex -5.293088e-01 -8.170699e-02 -3.765468e-01
vertex -5.074443e-01 -9.237899e-02 -3.303592e-01
endloop
endfacet
facet normal 0 0 0
outer loop
vertex 7.945700e-02 -9.208500e-04 -1.217460e-01
vertex 9.955400e-02 -1.041410e-03 -1.039500e-01
vertex 1.059225e-01 9.342596e-03 -1.126011e-01
endloop
endfacet
facet normal 0 0 0
outer loop
vertex -5.017418e-01 9.055384e-02 -3.209063e-01
vertex -5.329396e-01 7.797696e-02 -3.673297e-01
vertex -5.438648e-01 6.980115e-02 -3.253581e-01
endloop
endfacet
facet normal 0 0 0
outer loop
vertex -8.104294e-02 -1.062647e-01 -9.137251e-02
vertex -6.172904e-02 -1.300019e-01 -4.734558e-02
vertex -3.143849e-02 -1.125654e-01 -9.465678e-02
endloop
endfacet
facet normal 0 0 0
outer loop
vertex -3.055437e-01 1.413626e-01 -3.176552e-01
vertex -3.026422e-01 1.437431e-01 -3.585677e-01
vertex -3.490375e-01 1.372650e-01 -3.525328e-01
endloop
endfacet
facet normal 0 0 0
outer loop
vertex -3.235410e-01 1.408221e-01 -3.825984e-01
vertex -3.026422e-01 1.437431e-01 -3.585677e-01
vertex -2.829253e-01 1.434704e-01 -4.128501e-01
endloop
endfacet
facet normal 0 0 0
outer loop
vertex 4.404932e-01 2.326585e-02 -2.335292e-01
vertex 4.013402e-01 1.529243e-02 -2.013805e-01
vertex 4.311420e-01 1.915671e-02 -1.974553e-01
endloop
endfacet
facet normal 0 0 0
outer loop
vertex -1.355330e-01 9.160840e-02 -1.559210e-01
vertex -1.422253e-01 1.199535e-01 -1.059774e-01
vertex -9.615956e-02 1.206092e-01 -1.114543e-01
endloop
endfacet
facet normal 0 0 0
outer loop
vertex 3.114426e-01 2.222509e-02 -4.772175e-01
vertex 3.169307e-01 2.701948e-02 -5.114181e-01
vertex 2.790245e-01 2.879222e-02 -5.177224e-01
endloop
endfacet
facet normal 0 0 0
outer loop
vertex -2.279257e-01 -7.155752e-02 -1.230372e-01
vertex -2.270552e-01 -8.109228e-02 -9.008759e-02
vertex -1.928895e-01 -7.545013e-02 -1.059087e-01
endloop
endfacet
facet normal 0 0 0
outer loop
vertex 2.790245e-01 2.879222e-02 -5.177224e-01
vertex 3.169307e-01 2.701948e-02 -5.114181e-01
vertex 3.043376e-01 2.729332e-02 -5.503648e-01
endloop
endfacet
facet normal 0 0 0
outer loop
vertex -1.257303e-01 1.163394e-01 -1.995154e-01
vertex -1.355330e-01 9.160840e-02 -1.559210e-01
vertex -8.691709e-02 9.333092e-02 -1.740494e-01
endloop
endfacet
facet normal 0 0 0
outer loop
vertex 7.038158e-02 -1.012765e-02 -1.384780e-01
vertex 1.037403e-01 -1.210846e-02 -1.183863e-01
vertex 7.945700e-02 -9.208500e-04 -1.217460e-01
endloop
endfacet
facet normal 0 0 0
outer loop
vertex -1.427973e-01 1.516259e-02 -7.403433e-01
vertex -1.244995e-01 1.252134e-03 -7.755838e-01
vertex -1.475766e-01 -6.606699e-03 -7.556737e-01
endloop
endfacet
facet normal 0 0 0
outer loop
vertex -1.092626e-01 1.585007e-02 -7.686468e-01
vertex -1.244995e-01 1.252134e-03 -7.755838e-01
vertex -1.427973e-01 1.516259e-02 -7.403433e-01
endloop
endfacet
facet normal 0 0 0
outer loop
vertex 5.051183e-01 2.117480e-02 -2.057377e-01
vertex 5.394535e-01 2.347322e-02 -2.808069e-01
vertex 5.116524e-01 2.745859e-02 -3.045771e-01
endloop
endfacet
facet normal 0 0 0
outer loop
vertex -3.159849e-01 -1.100017e-01 -5.429795e-01
vertex -3.504840e-01 -1.240289e-01 -4.853816e-01
vertex -3.797929e-01 -9.940804e-02 -5.276261e-01
endloop
endfacet
facet normal 0 0 0
outer loop
vertex 1.617157e-01 1.597107e-02 -1.719623e-01
vertex 1.683266e-01 1.301615e-02 -1.161191e-01
vertex 2.223417e-01 1.637339e-02 -1.560542e-01
endloop
endfacet
facet normal 0 0 0
outer loop
vertex -1.400073e-02 -3.165522e-02 -6.382401e-01
vertex 2.495036e-02 -3.041184e-02 -6.907031e-01
vertex 2.330710e-02 -3.160547e-02 -6.256551e-01
endloop
endfacet
facet normal 0 0 0
outer loop
vertex 2.495036e-02 -3.041184e-02 -6.907031e-01
vertex 5.851264e-02 -2.858849e-02 -6.678129e-01
vertex 2.330710e-02 -3.160547e-02 -6.256551e-01
endloop
endfacet
facet normal 0 0 0
outer loop
vertex -9.912863e-02 8.480985e-02 -6.099519e-01
vertex -1.527539e-01 6.370974e-02 -6.364423e-01
vertex -1.670879e-01 9.933781e-02 -5.902413e-01
endloop
endfacet
facet normal 0 0 0
outer loop
vertex -7.283062e-02 1.348019e-01 -3.656330e-02
vertex -9.407000e-02 1.507793e-01 -3.183990e-03
vertex -1.376917e-01 1.375887e-01 -2.583336e-02
endloop
endfacet
facet normal 0 0 0
outer loop
vertex -2.147460e-01 -8.384831e-02 -6.152760e-01
vertex -1.841975e-01 -7.765085e-02 -6.239697e-01
vertex -1.784148e-01 -9.513873e-02 -6.018408e-01
endloop
endfacet
facet normal 0 0 0
outer loop
vertex -1.841975e-01 -7.765085e-02 -6.239697e-01
vertex -2.147460e-01 -8.384831e-02 -6.152760e-01
vertex -2.017595e-01 -5.038828e-02 -6.424504e-01
endloop
endfacet
facet normal 0 0 0
outer loop
vertex -5.450571e-01 3.379569e-02 -2.695252e-01
vertex -5.554615e-01 4.514360e-02 -2.936654e-01
vertex -5.731518e-01 1.524905e-02 -2.909634e-01
endloop
endfacet
facet normal 0 0 0
outer loop
vertex 2.004817e-03 -1.340489e-01 -3.114373e-01
vertex 5.413545e-02 -1.277934e-01 -3.472421e-01
vertex 6.033900e-02 -1.247268e-01 -3.097931e-01
endloop
endfacet
facet normal 0 0 0
outer loop
vertex -3.490375e-01 1.372650e-01 -3.525328e-01
vertex -3.800647e-01 1.309953e-01 -3.424888e-01
vertex -3.830581e-01 1.271393e-01 -3.067807e-01
endloop
endfacet
facet normal 0 0 0
outer loop
vertex -3.814300e-01 1.304975e-01 -3.729470e-01
vertex -3.800647e-01 1.309953e-01 -3.424888e-01
vertex -3.490375e-01 1.372650e-01 -3.525328e-01
endloop
endfacet
facet normal 0 0 0
outer loop
vertex -4.232697e-01 5.184620e-02 -1.997748e-01
vertex -4.456351e-01 7.586902e-02 -2.289064e-01
vertex -4.561790e-01 4.822922e-02 -2.155200e-01
endloop
endfacet
facet normal 0 0 0
outer loop
vertex -5.288217e-01 5.353285e-02 -4.543998e-01
vertex -5.178363e-01 1.640397e-02 -4.989454e-01
vertex -5.478541e-01 2.230993e-02 -4.514614e-01
endloop
endfacet
facet normal 0 0 0
outer loop
vertex 1.966439e-01 2.795900e-02 -5.822619e-01
vertex 2.507072e-01 2.738625e-02 -5.821171e-01
vertex 2.124502e-01 1.817420e-02 -6.289182e-01
endloop
endfacet
facet normal 0 0 0
outer loop
vertex -1.400073e-02 -3.165522e-02 -6.382401e-01
vertex -5.067602e-02 -3.168222e-02 -6.492367e-01
vertex -2.833115e-02 -3.039799e-02 -6.918367e-01
endloop
endfacet
facet normal 0 0 0
outer loop
vertex 1.954027e-01 8.914530e-02 -4.314011e-01
vertex 1.166972e-01 1.090062e-01 -4.316207e-01
vertex 1.549392e-01 1.087460e-01 -3.583840e-01
endloop
endfacet
facet normal 0 0 0
outer loop
vertex 5.681545e-02 1.104854e-01 -4.646581e-01
vertex 2.917676e-02 1.269360e-01 -4.081144e-01
vertex 6.720535e-02 1.189243e-01 -4.259160e-01
endloop
endfacet
facet normal 0 0 0
outer loop
vertex -4.344359e-01 -1.132110e-01 -2.904463e-01
vertex -4.344780e-01 -1.192147e-01 -3.411154e-01
vertex -4.004381e-01 -1.280682e-01 -3.329966e-01
endloop
endfacet
facet normal 0 0 0
outer loop
vertex 5.262371e-01 -2.804238e-02 -4.409210e-01
vertex 4.746948e-01 -2.585759e-02 -4.485719e-01
vertex 5.350453e-01 -2.357396e-02 -4.812157e-01
endloop
endfacet
facet normal 0 0 0
outer loop
vertex 5.350453e-01 -2.357396e-02 -4.812157e-01
vertex 5.765951e-01 -2.346338e-02 -4.363726e-01
vertex 5.262371e-01 -2.804238e-02 -4.409210e-01
endloop
endfacet
facet normal 0 0 0
outer loop
vertex 4.681800e-02 1.851978e-01 -3.959560e-01
vertex 3.923000e-02 1.985902e-01 -4.073040e-01
vertex 5.702100e-02 2.008637e-01 -3.813230e-01
endloop
endfacet
facet normal 0 0 0
outer loop
vertex 8.496822e-02 -1.206207e-01 -4.046337e-01
vertex 4.671807e-02 -1.263608e-01 -4.139890e-01
vertex 7.098980e-02 -1.168978e-01 -4.484718e-01
endloop
endfacet
facet normal 0 0 0
outer loop
vertex -2.644827e-01 1.035269e-01 -1.960736e-01
vertex -2.161814e-01 1.031998e-01 -1.827154e-01
vertex -2.406384e-01 1.298118e-01 -2.410652e-01
endloop
endfacet
facet normal 0 0 0
outer loop
vertex -5.450571e-01 3.379569e-02 -2.695252e-01
vertex -5.731518e-01 1.524905e-02 -2.909634e-01
vertex -5.396153e-01 2.273223e-03 -2.571191e-01
endloop
endfacet
facet normal 0 0 0
outer loop
vertex -1.222479e-01 1.552116e-01 -1.789122e-02
vertex -7.881861e-02 1.664333e-01 -3.197713e-03
vertex -1.056099e-01 1.488286e-01 -4.837767e-02
endloop
endfacet
facet normal 0 0 0
outer loop
vertex -1.821512e-02 1.760837e-01 -1.944086e-01
vertex 3.343000e-03 1.679436e-01 -2.002230e-01
vertex 2.384000e-02 1.849835e-01 -2.236070e-01
endloop
endfacet
facet normal 0 0 0
outer loop
vertex -2.639137e-01 -1.856211e-02 -1.381127e-01
vertex -3.045614e-01 1.192545e-02 -1.459807e-01
vertex -3.012205e-01 -4.401430e-02 -1.514850e-01
endloop
endfacet
facet normal 0 0 0
outer loop
vertex -5.453665e-03 1.339382e-01 -3.854062e-01
vertex 2.533917e-02 1.300463e-01 -3.538449e-01
vertex 2.917676e-02 1.269360e-01 -4.081144e-01
endloop
endfacet
facet normal 0 0 0
outer loop
vertex 2.329171e-02 1.750923e-01 -3.717241e-01
vertex 7.704058e-03 1.755169e-01 -4.049698e-01
vertex 4.681800e-02 1.851978e-01 -3.959560e-01
endloop
endfacet
facet normal 0 0 0
outer loop
vertex -4.344663e-01 1.353142e-01 -4.099687e-01
vertex -4.288081e-01 1.259833e-01 -3.804649e-01
vertex -4.162042e-01 1.466619e-01 -3.936371e-01
endloop
endfacet
facet normal 0 0 0
outer loop
vertex -4.424787e-01 1.141665e-01 -3.966346e-01
vertex -4.288081e-01 1.259833e-01 -3.804649e-01
vertex -4.344663e-01 1.353142e-01 -4.099687e-01
endloop
endfacet
facet normal 0 0 0
outer loop
vertex 5.812261e-02 -2.026003e-01 -3.791626e-01
vertex 5.007648e-02 -1.872418e-01 -3.856534e-01
vertex 6.467600e-02 -1.881993e-01 -3.604830e-01
endloop
endfacet
facet normal 0 0 0
outer loop
vertex -2.213505e-01 1.026421e-01 -6.121565e-02
vertex -1.959218e-01 1.128241e-01 -4.379358e-02
vertex -1.824606e-01 9.497346e-02 -9.616902e-02
endloop
endfacet
facet normal 0 0 0
outer loop
vertex -2.048660e-01 1.169482e-01 -2.220500e-02
vertex -1.959218e-01 1.128241e-01 -4.379358e-02
vertex -2.213505e-01 1.026421e-01 -6.121565e-02
endloop
endfacet
facet normal 0 0 0
outer loop
vertex -4.700336e-01 -7.262036e-02 -2.392897e-01
vertex -4.299236e-01 -9.972194e-02 -2.472271e-01
vertex -4.038372e-01 -7.672137e-02 -2.045080e-01
endloop
endfacet
facet normal 0 0 0
outer loop
vertex -2.494011e-01 -1.135882e-01 -2.045742e-01
vertex -3.032472e-01 -8.435141e-02 -1.784376e-01
vertex -3.076873e-01 -1.131696e-01 -2.160466e-01
endloop
endfacet
facet normal 0 0 0
outer loop
vertex -1.355330e-01 9.160840e-02 -1.559210e-01
vertex -1.257303e-01 1.163394e-01 -1.995154e-01
vertex -1.727532e-01 9.684478e-02 -1.588179e-01
endloop
endfacet
facet normal 0 0 0
outer loop
vertex 1.203424e-02 -1.743827e-01 -3.726521e-01
vertex -2.907446e-02 -1.687420e-01 -3.847138e-01
vertex -1.942690e-02 -1.675388e-01 -3.502748e-01
endloop
endfacet
facet normal 0 0 0
outer loop
vertex 5.847800e-02 -1.844273e-01 -2.988800e-01
vertex 6.704500e-02 -2.024363e-01 -3.373116e-01
vertex 6.704500e-02 -1.877675e-01 -3.312226e-01
endloop
endfacet
facet normal 0 0 0
outer loop
vertex 4.639782e-01 1.994223e-02 -1.857965e-01
vertex 4.311420e-01 1.915671e-02 -1.974553e-01
vertex 4.283680e-01 1.050608e-02 -1.641550e-01
endloop
endfacet
facet normal 0 0 0
outer loop
vertex 4.311420e-01 1.915671e-02 -1.974553e-01
vertex 4.013402e-01 1.529243e-02 -2.013805e-01
vertex 4.283680e-01 1.050608e-02 -1.641550e-01
endloop
endfacet
facet normal 0 0 0
outer loop
vertex -1.821512e-02 1.760837e-01 -1.944086e-01
vertex 2.384000e-02 1.849835e-01 -2.236070e-01
vertex -6.071528e-03 1.890392e-01 -2.585465e-01
endloop
endfacet
facet normal 0 0 0
outer loop
vertex -3.230052e-01 -1.428669e-01 -4.078397e-01
vertex -3.104806e-01 -1.396852e-01 -4.468449e-01
vertex -2.736488e-01 -1.485239e-01 -4.048665e-01
endloop
endfacet
facet normal 0 0 0
outer loop
vertex -1.651382e-01 1.399430e-01 -2.505671e-01
vertex -1.915107e-01 1.495519e-01 -2.992065e-01
vertex -2.406384e-01 1.298118e-01 -2.410652e-01
endloop
endfacet
facet normal 0 0 0
outer loop
vertex -4.299236e-01 -9.972194e-02 -2.472271e-01
vertex -3.937588e-01 -1.222529e-01 -2.796989e-01
vertex -3.689120e-01 -1.100039e-01 -2.303590e-01
endloop
endfacet
facet normal 0 0 0
outer loop
vertex -5.042861e-02 1.405206e-01 -3.840767e-01
vertex -6.218021e-02 1.368365e-01 -4.397543e-01
vertex -9.259480e-02 1.442283e-01 -4.044842e-01
endloop
endfacet
facet normal 0 0 0
outer loop
vertex -2.781571e-02 -2.039204e-02 -7.798550e-01
vertex 1.232242e-02 -1.600667e-02 -7.812851e-01
vertex -5.691063e-03 -2.593364e-02 -7.610494e-01
endloop
endfacet
facet normal 0 0 0
outer loop
vertex 1.232242e-02 -1.600667e-02 -7.812851e-01
vertex -2.781571e-02 -2.039204e-02 -7.798550e-01
vertex -2.849718e-02 -9.314365e-03 -7.954813e-01
endloop
endfacet
facet normal 0 0 0
outer loop
vertex 3.231043e-01 1.468954e-02 -5.831525e-01
vertex 2.507072e-01 2.738625e-02 -5.821171e-01
vertex 3.043376e-01 2.729332e-02 -5.503648e-01
endloop
endfacet
facet normal 0 0 0
outer loop
vertex -1.197133e-01 -1.204509e-01 -5.742937e-02
vertex -8.104294e-02 -1.062647e-01 -9.137251e-02
vertex -1.263398e-01 -1.001577e-01 -9.649542e-02
endloop
endfacet
facet normal 0 0 0
outer loop
vertex -1.263398e-01 -1.001577e-01 -9.649542e-02
vertex -1.307642e-01 -1.076853e-01 -6.115083e-02
vertex -1.197133e-01 -1.204509e-01 -5.742937e-02
endloop
endfacet
facet normal 0 0 0
outer loop
vertex -1.817350e-01 -9.318027e-02 -1.496120e-01
vertex -2.223902e-01 -8.975536e-02 -1.630946e-01
vertex -1.733488e-01 -1.227884e-01 -2.037840e-01
endloop
endfacet
facet normal 0 0 0
outer loop
vertex 1.232242e-02 -1.600667e-02 -7.812851e-01
vertex 6.272247e-02 -5.163597e-04 -7.700047e-01
vertex 5.130333e-02 -1.780185e-02 -7.617233e-01
endloop
endfacet
facet normal 0 0 0
outer loop
vertex -1.257303e-01 1.163394e-01 -1.995154e-01
vertex -1.355590e-01 1.313377e-01 -2.346131e-01
vertex -1.710161e-01 1.210639e-01 -2.049695e-01
endloop
endfacet
facet normal 0 0 0
outer loop
vertex -2.781571e-02 -2.039204e-02 -7.798550e-01
vertex -5.691063e-03 -2.593364e-02 -7.610494e-01
vertex -4.146351e-02 -2.841633e-02 -7.449908e-01
endloop
endfacet
facet normal 0 0 0
outer loop
vertex -3.387704e-02 -1.305282e-01 -4.683105e-01
vertex -7.479286e-03 -1.103829e-01 -5.328168e-01
vertex 2.872004e-02 -1.233963e-01 -4.544968e-01
endloop
endfacet
facet normal 0 0 0
outer loop
vertex 2.704794e-01 -1.528814e-02 -2.020808e-01
vertex 3.126851e-01 -1.009092e-02 -2.250181e-01
vertex 3.105242e-01 -1.644759e-02 -1.902065e-01
endloop
endfacet
facet normal 0 0 0
outer loop
vertex 2.719920e-01 -1.175644e-02 -2.396470e-01
vertex 3.126851e-01 -1.009092e-02 -2.250181e-01
vertex 2.704794e-01 -1.528814e-02 -2.020808e-01
endloop
endfacet
facet normal 0 0 0
outer loop
vertex 2.124502e-01 1.817420e-02 -6.289182e-01
vertex 1.818641e-01 1.424400e-02 -6.263096e-01
vertex 1.966439e-01 2.795900e-02 -5.822619e-01
endloop
endfacet
facet normal 0 0 0
outer loop
vertex 1.657025e-01 1.799213e-02 -6.078447e-01
vertex 1.966439e-01 2.795900e-02 -5.822619e-01
vertex 1.818641e-01 1.424400e-02 -6.263096e-01
endloop
endfacet
facet normal 0 0 0
outer loop
vertex -9.615956e-02 1.206092e-01 -1.114543e-01
vertex -1.422253e-01 1.199535e-01 -1.059774e-01
vertex -1.056099e-01 1.488286e-01 -4.837767e-02
endloop
endfacet
facet normal 0 0 0
outer loop
vertex -4.165775e-01 1.472151e-02 -1.869491e-01
vertex -4.505509e-01 -3.124953e-02 -2.062591e-01
vertex -4.120023e-01 -2.823413e-02 -1.866216e-01
endloop
endfacet
facet normal 0 0 0
outer loop
vertex -3.909072e-01 1.162722e-01 -2.633851e-01
vertex -4.314623e-01 1.126605e-01 -2.941845e-01
vertex -4.458771e-01 9.583841e-02 -2.575759e-01
endloop
endfacet
facet normal 0 0 0
outer loop
vertex -3.231621e-02 2.614631e-02 -7.429761e-01
vertex -1.912994e-04 2.808431e-02 -6.884720e-01
vertex 2.796909e-02 2.681998e-02 -7.275684e-01
endloop
endfacet
facet normal 0 0 0
outer loop
vertex 1.745977e-01 -1.469713e-03 -6.857406e-02
vertex 2.184250e-01 -3.453852e-03 -6.592014e-02
vertex 2.003500e-01 8.914508e-03 -7.772366e-02
endloop
endfacet
facet normal 0 0 0
outer loop
vertex -8.726849e-02 -1.511606e-01 -5.620174e-03
vertex -7.856723e-02 -1.673903e-01 -1.612650e-03
vertex -4.676946e-02 -1.585544e-01 -7.764457e-03
endloop
endfacet
facet normal 0 0 0
outer loop
vertex -1.259244e-01 -9.912767e-02 -5.939424e-01
vertex -6.697216e-02 -9.530444e-02 -5.900584e-01
vertex -7.697789e-02 -1.185460e-01 -5.375406e-01
endloop
endfacet
facet normal 0 0 0
outer loop
vertex -1.937420e-01 6.038385e-02 -1.347740e-01
vertex -2.288040e-01 7.441863e-02 -1.079280e-01
vertex -2.167845e-01 6.584974e-02 -1.287922e-01
endloop
endfacet
facet normal 0 0 0
outer loop
vertex -1.288424e-02 -1.905110e-01 -2.530329e-01
vertex 4.396363e-02 -1.941442e-01 -2.613767e-01
vertex 1.522300e-02 -1.834628e-01 -2.120920e-01
endloop
endfacet
facet normal 0 0 0
outer loop
vertex -4.198385e-01 6.530510e-02 -5.485991e-01
vertex -4.200094e-01 9.756700e-02 -4.962932e-01
vertex -3.929055e-01 9.006981e-02 -5.285816e-01
endloop
endfacet
facet normal 0 0 0
outer loop
vertex 4.396363e-02 -1.941442e-01 -2.613767e-01
vertex -1.288424e-02 -1.905110e-01 -2.530329e-01
vertex 2.382986e-02 -1.986586e-01 -2.905791e-01
endloop
endfacet
facet normal 0 0 0
outer loop
vertex -3.797929e-01 -9.940804e-02 -5.276261e-01
vertex -4.273598e-01 -9.436668e-02 -5.020974e-01
vertex -4.276315e-01 -6.545006e-02 -5.460224e-01
endloop
endfacet
facet normal 0 0 0
outer loop
vertex -4.471000e-01 -1.133424e-01 -4.070638e-01
vertex -4.661137e-01 -1.005014e-01 -4.469071e-01
vertex -4.374140e-01 -1.109513e-01 -4.482470e-01
endloop
endfacet
facet normal 0 0 0
outer loop
vertex -8.421228e-02 -1.261943e-01 -2.273182e-01
vertex -4.907510e-02 -1.108574e-01 -2.076009e-01
vertex -6.029367e-02 -8.648801e-02 -1.703210e-01
endloop
endfacet
facet normal 0 0 0
outer loop
vertex 1.319000e-02 -9.285500e-04 -7.923060e-01
vertex 6.272247e-02 -5.163597e-04 -7.700047e-01
vertex 1.232242e-02 -1.600667e-02 -7.812851e-01
endloop
endfacet
facet normal 0 0 0
outer loop
vertex -5.031666e-01 2.636189e-02 -2.360124e-01
vertex -4.932953e-01 6.064885e-02 -2.470250e-01
vertex -5.221254e-01 3.859061e-02 -2.530293e-01
endloop
endfacet
facet normal 0 0 0
outer loop
vertex -5.795643e-01 -4.123995e-02 -3.440883e-01
vertex -5.840364e-01 -1.680666e-02 -3.827638e-01
vertex -5.616267e-01 -4.893938e-02 -3.976067e-01
endloop
endfacet
facet normal 0 0 0
outer loop
vertex -1.263398e-01 -1.001577e-01 -9.649542e-02
vertex -1.706972e-01 -7.317726e-02 -1.278120e-01
vertex -1.524680e-01 -9.212106e-02 -8.904102e-02
endloop
endfacet
facet normal 0 0 0
outer loop
vertex -1.263398e-01 -1.001577e-01 -9.649542e-02
vertex -1.247190e-01 -8.621236e-02 -1.275128e-01
vertex -1.706972e-01 -7.317726e-02 -1.278120e-01
endloop
endfacet
facet normal 0 0 0
outer loop
vertex -1.365126e-01 -7.313415e-02 -1.347520e-01
vertex -1.706972e-01 -7.317726e-02 -1.278120e-01
vertex -1.247190e-01 -8.621236e-02 -1.275128e-01
endloop
endfacet
facet normal 0 0 0
outer loop
vertex 4.283680e-01 1.050608e-02 -1.641550e-01
vertex 4.769390e-01 1.042953e-02 -1.453540e-01
vertex 4.639782e-01 1.994223e-02 -1.857965e-01
endloop
endfacet
facet normal 0 0 0
outer loop
vertex -1.928895e-01 -7.545013e-02 -1.059087e-01
vertex -2.270552e-01 -8.109228e-02 -9.008759e-02
vertex -1.853009e-01 -9.105502e-02 -6.370813e-02
endloop
endfacet
facet normal 0 0 0
outer loop
vertex -1.655876e-01 -4.160274e-03 -7.262710e-01
vertex -1.427973e-01 1.516259e-02 -7.403433e-01
vertex -1.475766e-01 -6.606699e-03 -7.556737e-01
endloop
endfacet
facet normal 0 0 0
outer loop
vertex -6.703400e-02 -1.210861e-02 -7.910250e-01
vertex -2.781571e-02 -2.039204e-02 -7.798550e-01
vertex -4.146351e-02 -2.841633e-02 -7.449908e-01
endloop
endfacet
facet normal 0 0 0
outer loop
vertex -2.781571e-02 -2.039204e-02 -7.798550e-01
vertex -6.703400e-02 -1.210861e-02 -7.910250e-01
vertex -2.849718e-02 -9.314365e-03 -7.954813e-01
endloop
endfacet
facet normal 0 0 0
outer loop
vertex -2.406384e-01 1.298118e-01 -2.410652e-01
vertex -2.161814e-01 1.031998e-01 -1.827154e-01
vertex -1.710161e-01 1.210639e-01 -2.049695e-01
endloop
endfacet
facet normal 0 0 0
outer loop
vertex -4.737754e-01 -9.678894e-02 -2.854089e-01
vertex -5.237239e-01 -6.630275e-02 -2.811343e-01
vertex -5.074443e-01 -9.237899e-02 -3.303592e-01
endloop
endfacet
facet normal 0 0 0
outer loop
vertex 8.873849e-02 1.196447e-01 -3.775772e-01
vertex 2.917676e-02 1.269360e-01 -4.081144e-01
vertex 2.533917e-02 1.300463e-01 -3.538449e-01
endloop
endfacet
facet normal 0 0 0
outer loop
vertex -4.557499e-01 1.068440e-01 -3.243546e-01
vertex -4.107012e-01 1.233229e-01 -3.374259e-01
vertex -4.469661e-01 1.145319e-01 -3.632944e-01
endloop
endfacet
facet normal 0 0 0
outer loop
vertex 1.651444e-02 1.695580e-01 -2.846324e-01
vertex -9.981303e-03 1.614841e-01 -2.357769e-01
vertex -4.025667e-02 1.561905e-01 -2.654229e-01
endloop
endfacet
facet normal 0 0 0
outer loop
vertex -2.022713e-02 1.620230e-01 -2.969289e-01
vertex 1.651444e-02 1.695580e-01 -2.846324e-01
vertex -4.025667e-02 1.561905e-01 -2.654229e-01
endloop
endfacet
facet normal 0 0 0
outer loop
vertex 4.844604e-01 1.607245e-02 -5.003365e-01
vertex 4.956798e-01 2.421929e-02 -4.525539e-01
vertex 5.382615e-01 1.986565e-02 -4.923911e-01
endloop
endfacet
facet normal 0 0 0
outer loop
vertex -2.268491e-01 -2.505427e-04 -6.484461e-01
vertex -1.954288e-01 1.602084e-02 -6.514161e-01
vertex -1.973492e-01 -8.400043e-03 -6.560386e-01
endloop
endfacet
facet normal 0 0 0
outer loop
vertex 2.509378e-02 -1.728768e-01 -2.905413e-01
vertex 4.639427e-02 -1.803395e-01 -2.713678e-01
vertex 5.847800e-02 -1.844273e-01 -2.988800e-01
endloop
endfacet
facet normal 0 0 0
outer loop
vertex -4.568363e-01 1.351464e-02 -2.073940e-01
vertex -4.165775e-01 1.472151e-02 -1.869491e-01
vertex -4.232697e-01 5.184620e-02 -1.997748e-01
endloop
endfacet
facet normal 0 0 0
outer loop
vertex -4.578747e-01 -9.134533e-02 -4.800195e-01
vertex -4.273598e-01 -9.436668e-02 -5.020974e-01
vertex -4.374140e-01 -1.109513e-01 -4.482470e-01
endloop
endfacet
facet normal 0 0 0
outer loop
vertex -4.124501e-01 -1.136608e-01 -4.662978e-01
vertex -4.374140e-01 -1.109513e-01 -4.482470e-01
vertex -4.273598e-01 -9.436668e-02 -5.020974e-01
endloop
endfacet
facet normal 0 0 0
outer loop
vertex -1.540435e-01 2.840028e-02 -1.265039e-01
vertex -9.989069e-02 4.033983e-02 -1.307309e-01
vertex -1.569814e-01 7.350399e-02 -1.301164e-01
endloop
endfacet
facet normal 0 0 0
outer loop
vertex -1.586394e-01 -1.465225e-02 -7.268062e-01
vertex -1.547306e-01 -2.341485e-02 -6.896451e-01
vertex -1.844534e-01 -1.286734e-02 -6.811430e-01
endloop
endfacet
facet normal 0 0 0
outer loop
vertex -1.840377e-01 2.162375e-03 -6.916398e-01
vertex -1.586394e-01 -1.465225e-02 -7.268062e-01
vertex -1.844534e-01 -1.286734e-02 -6.811430e-01
endloop
endfacet
facet normal 0 0 0
outer loop
vertex -1.247190e-01 -8.621236e-02 -1.275128e-01
vertex -1.263398e-01 -1.001577e-01 -9.649542e-02
vertex -1.028810e-01 -9.623853e-02 -1.094426e-01
endloop
endfacet
facet normal 0 0 0
outer loop
vertex -6.054557e-02 -1.856568e-01 -2.930213e-01
vertex -3.947677e-02 -1.954906e-01 -3.570631e-01
vertex -1.144101e-02 -1.961464e-01 -3.097918e-01
endloop
endfacet
facet normal 0 0 0
outer loop
vertex -8.520435e-02 -1.852005e-01 -3.411043e-01
vertex -3.947677e-02 -1.954906e-01 -3.570631e-01
vertex -6.054557e-02 -1.856568e-01 -2.930213e-01
endloop
endfacet
facet normal 0 0 0
outer loop
vertex -1.028810e-01 -9.623853e-02 -1.094426e-01
vertex -8.385859e-02 -8.753370e-02 -1.403881e-01
vertex -1.247190e-01 -8.621236e-02 -1.275128e-01
endloop
endfacet
facet normal 0 0 0
outer loop
vertex 2.944838e-02 -8.204184e-02 -1.912996e-01
vertex -8.076874e-03 -4.882079e-02 -1.488847e-01
vertex -1.339664e-02 -7.845961e-02 -1.731843e-01
endloop
endfacet
facet normal 0 0 0
outer loop
vertex -3.853943e-03 -1.026033e-01 -2.072372e-01
vertex 5.662268e-02 -9.558220e-02 -2.148411e-01
vertex 2.944838e-02 -8.204184e-02 -1.912996e-01
endloop
endfacet
facet normal 0 0 0
outer loop
vertex 1.041710e-01 5.421595e-03 -7.156541e-01
vertex 1.113928e-01 1.258986e-02 -6.899703e-01
vertex 1.145360e-01 -2.015139e-03 -6.976966e-01
endloop
endfacet
facet normal 0 0 0
outer loop
vertex -4.676946e-02 -1.585544e-01 -7.764457e-03
vertex -7.856723e-02 -1.673903e-01 -1.612650e-03
vertex -4.723841e-02 -1.683188e-01 -1.051885e-02
endloop
endfacet
facet normal 0 0 0
outer loop
vertex 5.902766e-01 -1.270932e-02 -3.699898e-01
vertex 5.871130e-01 -1.413173e-02 -3.466257e-01
vertex 5.625127e-01 -2.527590e-02 -3.436776e-01
endloop
endfacet
facet normal 0 0 0
outer loop
vertex 5.625127e-01 -2.527590e-02 -3.436776e-01
vertex 5.871130e-01 -1.413173e-02 -3.466257e-01
vertex 5.829880e-01 -1.234588e-02 -3.112220e-01
endloop
endfacet
facet normal 0 0 0
outer loop
vertex 4.639427e-02 -1.803395e-01 -2.713678e-01
vertex 4.396363e-02 -1.941442e-01 -2.613767e-01
vertex 5.847800e-02 -1.844273e-01 -2.988800e-01
endloop
endfacet
facet normal 0 0 0
outer loop
vertex -4.273598e-01 -9.436668e-02 -5.020974e-01
vertex -4.837524e-01 -6.167826e-02 -5.032369e-01
vertex -4.276315e-01 -6.545006e-02 -5.460224e-01
endloop
endfacet
facet normal 0 0 0
outer loop
vertex -1.023044e-01 8.148293e-02 -1.462527e-01
vertex -7.435493e-02 8.952308e-02 -1.392331e-01
vertex -7.008828e-02 9.893665e-02 -1.055904e-01
endloop
endfacet
facet normal 0 0 0
outer loop
vertex -7.283062e-02 1.348019e-01 -3.656330e-02
vertex -4.648624e-02 1.192117e-01 -7.057089e-02
vertex -2.622000e-02 1.469442e-01 -2.962101e-02
endloop
endfacet
facet normal 0 0 0
outer loop
vertex -5.099848e-02 1.524400e-01 -7.995527e-03
vertex -7.283062e-02 1.348019e-01 -3.656330e-02
vertex -2.622000e-02 1.469442e-01 -2.962101e-02
endloop
endfacet
facet normal 0 0 0
outer loop
vertex -1.524680e-01 -9.212106e-02 -8.904102e-02
vertex -1.706972e-01 -7.317726e-02 -1.278120e-01
vertex -1.928895e-01 -7.545013e-02 -1.059087e-01
endloop
endfacet
facet normal 0 0 0
outer loop
vertex 4.252949e-02 -1.171672e-01 -2.561117e-01
vertex -1.883893e-02 -1.273589e-01 -2.574810e-01
vertex 2.004817e-03 -1.340489e-01 -3.114373e-01
endloop
endfacet
facet normal 0 0 0
outer loop
vertex -2.588077e-01 1.471614e-01 -3.442298e-01
vertex -2.322353e-01 1.451169e-01 -4.290789e-01
vertex -2.829253e-01 1.434704e-01 -4.128501e-01
endloop
endfacet
facet normal 0 0 0
outer loop
vertex -4.568363e-01 1.351464e-02 -2.073940e-01
vertex -4.232697e-01 5.184620e-02 -1.997748e-01
vertex -4.561790e-01 4.822922e-02 -2.155200e-01
endloop
endfacet
facet normal 0 0 0
outer loop
vertex 5.829880e-01 -1.234588e-02 -3.112220e-01
vertex 5.871130e-01 -1.413173e-02 -3.466257e-01
vertex 5.928280e-01 3.613400e-04 -3.415510e-01
endloop
endfacet
facet normal 0 0 0
outer loop
vertex 4.688471e-01 -1.929553e-02 -1.684951e-01
vertex 4.602101e-01 -3.255945e-03 -1.405559e-01
vertex 4.340194e-01 -1.218691e-02 -1.604405e-01
endloop
endfacet
facet normal 0 0 0
outer loop
vertex -4.200439e-01 1.481875e-01 -4.274134e-01
vertex -4.344663e-01 1.353142e-01 -4.099687e-01
vertex -4.162042e-01 1.466619e-01 -3.936371e-01
endloop
endfacet
facet normal 0 0 0
outer loop
vertex -2.045871e-01 -1.179396e-01 -2.833137e-02
vertex -2.208290e-01 -1.040675e-01 -6.313202e-02
vertex -1.626362e-01 -1.139310e-01 -6.126131e-02
endloop
endfacet
facet normal 0 0 0
outer loop
vertex -2.208290e-01 -1.040675e-01 -6.313202e-02
vertex -2.045871e-01 -1.179396e-01 -2.833137e-02
vertex -2.109896e-01 -1.032181e-01 -2.970819e-02
endloop
endfacet
facet normal 0 0 0
outer loop
vertex -1.883093e-01 -9.864218e-02 -8.734422e-02
vertex -1.626362e-01 -1.139310e-01 -6.126131e-02
vertex -2.208290e-01 -1.040675e-01 -6.313202e-02
endloop
endfacet
facet normal 0 0 0
outer loop
vertex -4.578747e-01 -9.134533e-02 -4.800195e-01
vertex -4.943543e-01 -8.204633e-02 -4.588708e-01
vertex -4.837524e-01 -6.167826e-02 -5.032369e-01
endloop
endfacet
facet normal 0 0 0
outer loop
vertex -3.628035e-01 -1.368597e-01 -3.436183e-01
vertex -3.585799e-01 -1.369137e-01 -3.868529e-01
vertex -3.138045e-01 -1.453719e-01 -3.486900e-01
endloop
endfacet
facet normal 0 0 0
outer loop
vertex -1.023044e-01 8.148293e-02 -1.462527e-01
vertex -1.285949e-01 9.138826e-02 -1.126545e-01
vertex -1.569814e-01 7.350399e-02 -1.301164e-01
endloop
endfacet
facet normal 0 0 0
outer loop
vertex 1.203424e-02 -1.743827e-01 -3.726521e-01
vertex 5.007648e-02 -1.872418e-01 -3.856534e-01
vertex 3.547697e-02 -1.862843e-01 -4.108239e-01
endloop
endfacet
facet normal 0 0 0
outer loop
vertex -5.088042e-02 1.776376e-01 -2.197055e-01
vertex -8.384880e-02 1.745421e-01 -2.503051e-01
vertex -8.180220e-02 1.649297e-01 -1.993835e-01
endloop
endfacet
facet normal 0 0 0
outer loop
vertex -1.023044e-01 8.148293e-02 -1.462527e-01
vertex -1.569814e-01 7.350399e-02 -1.301164e-01
vertex -9.989069e-02 4.033983e-02 -1.307309e-01
endloop
endfacet
facet normal 0 0 0
outer loop
vertex -4.025667e-02 1.561905e-01 -2.654229e-01
vertex -1.113460e-01 1.418459e-01 -2.711390e-01
vertex -5.231374e-02 1.576094e-01 -3.199300e-01
endloop
endfacet
facet normal 0 0 0
outer loop
vertex 3.150500e-02 -2.010577e-01 -4.126080e-01
vertex 5.812261e-02 -2.026003e-01 -3.791626e-01
vertex 3.015119e-02 -2.040014e-01 -3.674283e-01
endloop
endfacet
facet normal 0 0 0
outer loop
vertex 5.812261e-02 -2.026003e-01 -3.791626e-01
vertex 3.547697e-02 -1.862843e-01 -4.108239e-01
vertex 5.007648e-02 -1.872418e-01 -3.856534e-01
endloop
endfacet
facet normal 0 0 0
outer loop
vertex -5.992249e-02 -9.417832e-02 -1.292214e-01
vertex -4.010096e-02 -1.076541e-01 -1.217182e-01
vertex -6.552098e-02 -1.077832e-01 -1.335460e-01
endloop
endfacet
facet normal 0 0 0
outer loop
vertex 1.145360e-01 -2.015139e-03 -6.976966e-01
vertex 1.117149e-01 -1.668489e-02 -6.749721e-01
vertex 8.701900e-02 -1.085511e-02 -7.412280e-01
endloop
endfacet
facet normal 0 0 0
outer loop
vertex -4.729933e-01 9.667471e-02 -2.912140e-01
vertex -4.314623e-01 1.126605e-01 -2.941845e-01
vertex -4.557499e-01 1.068440e-01 -3.243546e-01
endloop
endfacet
facet normal 0 0 0
outer loop
vertex -1.043659e-01 2.665911e-02 -6.560242e-01
vertex -1.592767e-01 2.120068e-02 -6.555231e-01
vertex -1.092225e-01 5.212346e-02 -6.438456e-01
endloop
endfacet
facet normal 0 0 0
outer loop
vertex -1.592767e-01 2.120068e-02 -6.555231e-01
vertex -1.043659e-01 2.665911e-02 -6.560242e-01
vertex -1.233027e-01 2.476239e-02 -6.991307e-01
endloop
endfacet
facet normal 0 0 0
outer loop
vertex -1.592767e-01 2.120068e-02 -6.555231e-01
vertex -1.233027e-01 2.476239e-02 -6.991307e-01
vertex -1.557643e-01 1.937091e-02 -6.975996e-01
endloop
endfacet
facet normal 0 0 0
outer loop
vertex -2.493100e-02 -1.275223e-01 -9.787199e-02
vertex -3.143849e-02 -1.125654e-01 -9.465678e-02
vertex -1.720968e-02 -1.415008e-01 -6.188897e-02
endloop
endfacet
facet normal 0 0 0
outer loop
vertex -2.502014e-02 -1.287803e-01 -6.437552e-02
vertex -1.720968e-02 -1.415008e-01 -6.188897e-02
vertex -3.143849e-02 -1.125654e-01 -9.465678e-02
endloop
endfacet
facet normal 0 0 0
outer loop
vertex -2.432560e-01 -1.397475e-01 -2.639421e-01
vertex -2.494011e-01 -1.135882e-01 -2.045742e-01
vertex -3.076873e-01 -1.131696e-01 -2.160466e-01
endloop
endfacet
facet normal 0 0 0
outer loop
vertex -1.643668e-01 1.256264e-02 -7.177814e-01
vertex -1.427973e-01 1.516259e-02 -7.403433e-01
vertex -1.655876e-01 -4.160274e-03 -7.262710e-01
endloop
endfacet
facet normal 0 0 0
outer loop
vertex 1.522300e-02 -1.834628e-01 -2.120920e-01
vertex 4.396363e-02 -1.941442e-01 -2.613767e-01
vertex 3.431053e-02 -1.762517e-01 -2.438556e-01
endloop
endfacet
facet normal 0 0 0
outer loop
vertex 1.203424e-02 -1.743827e-01 -3.726521e-01
vertex 3.547697e-02 -1.862843e-01 -4.108239e-01
vertex 1.399267e-02 -1.857417e-01 -4.266312e-01
endloop
endfacet
facet normal 0 0 0
outer loop
vertex 1.672198e-01 -9.406760e-02 -2.625626e-01
vertex 1.621202e-01 -7.897010e-02 -2.315405e-01
vertex 1.405696e-01 -1.060874e-01 -2.797982e-01
endloop
endfacet
facet normal 0 0 0
outer loop
vertex 5.007648e-02 -1.872418e-01 -3.856534e-01
vertex 1.203424e-02 -1.743827e-01 -3.726521e-01
vertex 3.525291e-02 -1.793855e-01 -3.353903e-01
endloop
endfacet
facet normal 0 0 0
outer loop
vertex -5.067602e-02 -3.168222e-02 -6.492367e-01
vertex -4.708852e-02 -6.158181e-02 -6.280882e-01
vertex -1.084001e-01 -5.963551e-02 -6.407586e-01
endloop
endfacet
facet normal 0 0 0
outer loop
vertex 5.130333e-02 -1.780185e-02 -7.617233e-01
vertex 6.272247e-02 -5.163597e-04 -7.700047e-01
vertex 8.701900e-02 -1.085511e-02 -7.412280e-01
endloop
endfacet
facet normal 0 0 0
outer loop
vertex -4.676946e-02 -1.585544e-01 -7.764457e-03
vertex -6.172904e-02 -1.300019e-01 -4.734558e-02
vertex -8.726849e-02 -1.511606e-01 -5.620174e-03
endloop
endfacet
facet normal 0 0 0
outer loop
vertex -6.172904e-02 -1.300019e-01 -4.734558e-02
vertex -1.011444e-01 -1.336713e-01 -3.384117e-02
vertex -8.726849e-02 -1.511606e-01 -5.620174e-03
endloop
endfacet
facet normal 0 0 0
outer loop
vertex -3.689120e-01 -1.100039e-01 -2.303590e-01
vertex -3.076873e-01 -1.131696e-01 -2.160466e-01
vertex -3.516836e-01 -8.065856e-02 -1.871857e-01
endloop
endfacet
facet normal 0 0 0
outer loop
vertex 5.219411e-01 -2.699392e-02 -3.345606e-01
vertex 5.071418e-01 -2.969689e-02 -3.974454e-01
vertex 5.394664e-01 -2.919078e-02 -3.696002e-01
endloop
endfacet
facet normal 0 0 0
outer loop
vertex 5.394664e-01 -2.919078e-02 -3.696002e-01
vertex 5.071418e-01 -2.969689e-02 -3.974454e-01
vertex 5.643425e-01 -2.594357e-02 -3.885724e-01
endloop
endfacet
facet normal 0 0 0
outer loop
vertex 1.621202e-01 -7.897010e-02 -2.315405e-01
vertex 1.126607e-01 -1.053368e-01 -2.584976e-01
vertex 1.405696e-01 -1.060874e-01 -2.797982e-01
endloop
endfacet
facet normal 0 0 0
outer loop
vertex 1.126607e-01 -1.053368e-01 -2.584976e-01
vertex 8.483811e-02 -1.164901e-01 -2.809297e-01
vertex 1.176004e-01 -1.154363e-01 -3.071515e-01
endloop
endfacet
facet normal 0 0 0
outer loop
vertex -4.121789e-02 -7.970749e-05 -1.301649e-01
vertex -4.279195e-02 -3.074611e-02 -1.342015e-01
vertex 1.403729e-03 -5.603281e-03 -1.333432e-01
endloop
endfacet
facet normal 0 0 0
outer loop
vertex -4.121789e-02 -7.970749e-05 -1.301649e-01
vertex 1.403729e-03 -5.603281e-03 -1.333432e-01
vertex -4.465600e-02 3.769927e-02 -1.379226e-01
endloop
endfacet
facet normal 0 0 0
outer loop
vertex -3.909072e-01 1.162722e-01 -2.633851e-01
vertex -4.458771e-01 9.583841e-02 -2.575759e-01
vertex -3.938095e-01 9.528027e-02 -2.228916e-01
endloop
endfacet
facet normal 0 0 0
outer loop
vertex -7.680497e-02 1.588763e-01 -1.536905e-05
vertex -5.099848e-02 1.524400e-01 -7.995527e-03
vertex -6.206251e-02 1.658516e-01 -2.643934e-03
endloop
endfacet
facet normal 0 0 0
outer loop
vertex 4.218995e-01 2.267017e-03 -1.631388e-01
vertex 4.602101e-01 -3.255945e-03 -1.405559e-01
vertex 4.283680e-01 1.050608e-02 -1.641550e-01
endloop
endfacet
facet normal 0 0 0
outer loop
vertex 4.340194e-01 -1.218691e-02 -1.604405e-01
vertex 4.602101e-01 -3.255945e-03 -1.405559e-01
vertex 4.218995e-01 2.267017e-03 -1.631388e-01
endloop
endfacet
facet normal 0 0 0
outer loop
vertex -4.360179e-01 -1.184144e-01 -3.766435e-01
vertex -4.768510e-01 -1.066387e-01 -3.639020e-01
vertex -4.471000e-01 -1.133424e-01 -4.070638e-01
endloop
endfacet
facet normal 0 0 0
outer loop
vertex -4.768510e-01 -1.066387e-01 -3.639020e-01
vertex -4.924915e-01 -9.783880e-02 -4.123112e-01
vertex -4.471000e-01 -1.133424e-01 -4.070638e-01
endloop
endfacet
facet normal 0 0 0
outer loop
vertex -3.866152e-01 -1.314613e-01 -3.674479e-01
vertex -3.754242e-01 -1.536284e-01 -3.916169e-01
vertex -3.585799e-01 -1.369137e-01 -3.868529e-01
endloop
endfacet
facet normal 0 0 0
outer loop
vertex -9.382351e-02 -1.005913e-01 -1.783088e-01
vertex -1.439386e-01 -1.185718e-01 -2.014351e-01
vertex -8.421228e-02 -1.261943e-01 -2.273182e-01
endloop
endfacet
facet normal 0 0 0
outer loop
vertex -1.481748e-01 -9.909885e-02 -1.546065e-01
vertex -1.733488e-01 -1.227884e-01 -2.037840e-01
vertex -1.439386e-01 -1.185718e-01 -2.014351e-01
endloop
endfacet
facet normal 0 0 0
outer loop
vertex -1.799072e-01 -1.239883e-01 -2.285299e-02
vertex -2.045871e-01 -1.179396e-01 -2.833137e-02
vertex -1.626362e-01 -1.139310e-01 -6.126131e-02
endloop
endfacet
facet normal 0 0 0
outer loop
vertex -1.439386e-01 -1.185718e-01 -2.014351e-01
vertex -9.382351e-02 -1.005913e-01 -1.783088e-01
vertex -1.481748e-01 -9.909885e-02 -1.546065e-01
endloop
endfacet
facet normal 0 0 0
outer loop
vertex -5.042661e-01 8.621170e-02 -4.286543e-01
vertex -5.288217e-01 5.353285e-02 -4.543998e-01
vertex -5.314450e-01 6.821457e-02 -4.231856e-01
endloop
endfacet
facet normal 0 0 0
outer loop
vertex -3.485331e-02 1.393868e-01 -7.964547e-02
vertex -2.715900e-02 1.237075e-01 -1.027980e-01
vertex -7.287011e-02 1.368411e-01 -8.208800e-02
endloop
endfacet
facet normal 0 0 0
outer loop
vertex 7.890275e-03 -1.347988e-01 -3.543745e-01
vertex 1.975489e-03 -1.331296e-01 -4.066026e-01
vertex 3.257409e-02 -1.308987e-01 -3.796197e-01
endloop
endfacet
facet normal 0 0 0
outer loop
vertex -4.314623e-01 1.126605e-01 -2.941845e-01
vertex -4.729933e-01 9.667471e-02 -2.912140e-01
vertex -4.458771e-01 9.583841e-02 -2.575759e-01
endloop
endfacet
facet normal 0 0 0
outer loop
vertex -4.729933e-01 9.667471e-02 -2.912140e-01
vertex -4.737058e-01 8.339938e-02 -2.597753e-01
vertex -4.458771e-01 9.583841e-02 -2.575759e-01
endloop
endfacet
facet normal 0 0 0
outer loop
vertex 4.641080e-02 -3.400400e-02 -6.135557e-01
vertex 3.987078e-02 -6.545755e-02 -5.945244e-01
vertex 2.330710e-02 -3.160547e-02 -6.256551e-01
endloop
endfacet
facet normal 0 0 0
outer loop
vertex -2.778487e-03 1.673460e-01 -3.282594e-01
vertex -2.533060e-02 1.665517e-01 -3.756524e-01
vertex 2.329171e-02 1.750923e-01 -3.717241e-01
endloop
endfacet
facet normal 0 0 0
outer loop
vertex 2.329171e-02 1.750923e-01 -3.717241e-01
vertex 3.505356e-02 1.758814e-01 -3.340900e-01
vertex -2.778487e-03 1.673460e-01 -3.282594e-01
endloop
endfacet
facet normal 0 0 0
outer loop
vertex -1.702432e-01 -4.126516e-02 -6.502387e-01
vertex -1.841975e-01 -7.765085e-02 -6.239697e-01
vertex -2.017595e-01 -5.038828e-02 -6.424504e-01
endloop
endfacet
facet normal 0 0 0
outer loop
vertex -1.620238e-01 1.293019e-01 -5.521677e-02
vertex -1.703844e-01 1.201916e-01 -7.667733e-02
vertex -1.597997e-01 1.123603e-01 -6.359314e-02
endloop
endfacet
facet normal 0 0 0
outer loop
vertex 5.413545e-02 -1.277934e-01 -3.472421e-01
vertex 3.257409e-02 -1.308987e-01 -3.796197e-01
vertex 6.727981e-02 -1.251247e-01 -3.777172e-01
endloop
endfacet
facet normal 0 0 0
outer loop
vertex -2.907446e-02 -1.687420e-01 -3.847138e-01
vertex -6.893765e-02 -1.634591e-01 -3.824777e-01
vertex -5.088162e-02 -1.607339e-01 -3.286490e-01
endloop
endfacet
facet normal 0 0 0
outer loop
vertex 6.033900e-02 -1.247268e-01 -3.097931e-01
vertex 1.016351e-01 -1.199898e-01 -3.509760e-01
vertex 1.176004e-01 -1.154363e-01 -3.071515e-01
endloop
endfacet
facet normal 0 0 0
outer loop
vertex -9.893560e-02 -1.788476e-02 -7.730960e-01
vertex -9.349500e-02 -9.572600e-04 -7.899290e-01
vertex -6.703400e-02 -1.210861e-02 -7.910250e-01
endloop
endfacet
facet normal 0 0 0
outer loop
vertex -6.035205e-02 1.046045e-01 -1.974889e-01
vertex -8.691709e-02 9.333092e-02 -1.740494e-01
vertex -3.896808e-02 7.824437e-02 -1.690848e-01
endloop
endfacet
facet normal 0 0 0
outer loop
vertex 5.662268e-02 -9.558220e-02 -2.148411e-01
vertex -3.853943e-03 -1.026033e-01 -2.072372e-01
vertex 4.252949e-02 -1.171672e-01 -2.561117e-01
endloop
endfacet
facet normal 0 0 0
outer loop
vertex 5.851264e-02 -2.858849e-02 -6.678129e-01
vertex 2.495036e-02 -3.041184e-02 -6.907031e-01
vertex 6.491976e-02 -2.779110e-02 -7.132090e-01
endloop
endfacet
facet normal 0 0 0
outer loop
vertex -2.434914e-01 -6.338943e-02 -1.474192e-01
vertex -2.639137e-01 -1.856211e-02 -1.381127e-01
vertex -3.012205e-01 -4.401430e-02 -1.514850e-01
endloop
endfacet
facet normal 0 0 0
outer loop
vertex 3.192103e-01 9.312104e-03 -2.173067e-01
vertex 3.035995e-01 -1.234793e-03 -2.380811e-01
vertex 2.758227e-01 8.824783e-03 -2.431646e-01
endloop
endfacet
facet normal 0 0 0
outer loop
vertex -2.243186e-01 3.878608e-02 -6.428228e-01
vertex -2.582156e-01 6.390612e-02 -6.240044e-01
vertex -1.968554e-01 7.321162e-02 -6.251435e-01
endloop
endfacet
facet normal 0 0 0
outer loop
vertex 2.495036e-02 -3.041184e-02 -6.907031e-01
vertex -1.400073e-02 -3.165522e-02 -6.382401e-01
vertex -2.833115e-02 -3.039799e-02 -6.918367e-01
endloop
endfacet
facet normal 0 0 0
outer loop
vertex -6.703400e-02 -1.210861e-02 -7.910250e-01
vertex -5.026412e-02 -3.044841e-04 -7.985246e-01
vertex -2.849718e-02 -9.314365e-03 -7.954813e-01
endloop
endfacet
facet normal 0 0 0
outer loop
vertex 8.496822e-02 -1.206207e-01 -4.046337e-01
vertex 6.727981e-02 -1.251247e-01 -3.777172e-01
vertex 4.671807e-02 -1.263608e-01 -4.139890e-01
endloop
endfacet
facet normal 0 0 0
outer loop
vertex 1.303470e-01 -1.041410e-03 -8.382699e-02
vertex 1.410608e-01 1.044795e-02 -9.846193e-02
vertex 1.059225e-01 9.342596e-03 -1.126011e-01
endloop
endfacet
facet normal 0 0 0
outer loop
vertex -2.319327e-02 -1.580310e-01 -3.943801e-02
vertex -3.492014e-02 -1.467333e-01 -6.851039e-02
vertex -1.720968e-02 -1.415008e-01 -6.188897e-02
endloop
endfacet
facet normal 0 0 0
outer loop
vertex -5.263907e-01 7.189000e-02 -3.015242e-01
vertex -4.994147e-01 7.884261e-02 -2.791189e-01
vertex -5.017418e-01 9.055384e-02 -3.209063e-01
endloop
endfacet
facet normal 0 0 0
outer loop
vertex -5.017418e-01 9.055384e-02 -3.209063e-01
vertex -5.438648e-01 6.980115e-02 -3.253581e-01
vertex -5.263907e-01 7.189000e-02 -3.015242e-01
endloop
endfacet
facet normal 0 0 0
outer loop
vertex 5.296687e-01 -2.672946e-02 -2.691136e-01
vertex 5.489309e-01 -2.531025e-02 -3.052180e-01
vertex 5.723382e-01 -1.381933e-02 -2.769972e-01
endloop
endfacet
facet normal 0 0 0
outer loop
vertex 5.489309e-01 -2.531025e-02 -3.052180e-01
vertex 5.296687e-01 -2.672946e-02 -2.691136e-01
vertex 5.219411e-01 -2.699392e-02 -3.345606e-01
endloop
endfacet
facet normal 0 0 0
outer loop
vertex -2.692680e-02 1.258638e-01 -6.492283e-02
vertex -4.648624e-02 1.192117e-01 -7.057089e-02
vertex -2.484400e-02 1.147283e-01 -9.474102e-02
endloop
endfacet
facet normal 0 0 0
outer loop
vertex 1.882206e-01 -2.174153e-02 -1.930376e-01
vertex 1.621202e-01 -7.897010e-02 -2.315405e-01
vertex 2.107550e-01 -6.029533e-02 -2.347068e-01
endloop
endfacet
facet normal 0 0 0
outer loop
vertex -1.573350e-01 -1.144015e-01 -1.127588e-01
vertex -1.283844e-01 -1.159114e-01 -1.219890e-01
vertex -1.265491e-01 -1.359536e-01 -7.807314e-02
endloop
endfacet
facet normal 0 0 0
outer loop
vertex -1.678296e-01 -1.242627e-01 -7.733777e-02
vertex -1.573350e-01 -1.144015e-01 -1.127588e-01
vertex -1.265491e-01 -1.359536e-01 -7.807314e-02
endloop
endfacet
facet normal 0 0 0
outer loop
vertex -5.074443e-01 -9.237899e-02 -3.303592e-01
vertex -5.293088e-01 -8.170699e-02 -3.765468e-01
vertex -4.768510e-01 -1.066387e-01 -3.639020e-01
endloop
endfacet
facet normal 0 0 0
outer loop
vertex -1.084001e-01 -5.963551e-02 -6.407586e-01
vertex -6.697216e-02 -9.530444e-02 -5.900584e-01
vertex -1.259244e-01 -9.912767e-02 -5.939424e-01
endloop
endfacet
facet normal 0 0 0
outer loop
vertex 7.098980e-02 -1.168978e-01 -4.484718e-01
vertex 9.866725e-02 -1.058199e-01 -4.760209e-01
vertex 1.125523e-01 -1.117617e-01 -4.311207e-01
endloop
endfacet
facet normal 0 0 0
outer loop
vertex -1.678296e-01 -1.242627e-01 -7.733777e-02
vertex -1.265491e-01 -1.359536e-01 -7.807314e-02
vertex -1.512752e-01 -1.423154e-01 -4.180801e-02
endloop
endfacet
facet normal 0 0 0
outer loop
vertex -4.661137e-01 -1.005014e-01 -4.469071e-01
vertex -4.578747e-01 -9.134533e-02 -4.800195e-01
vertex -4.374140e-01 -1.109513e-01 -4.482470e-01
endloop
endfacet
facet normal 0 0 0
outer loop
vertex -1.841975e-01 -7.765085e-02 -6.239697e-01
vertex -1.497888e-01 -7.364690e-02 -6.298903e-01
vertex -1.784148e-01 -9.513873e-02 -6.018408e-01
endloop
endfacet
facet normal 0 0 0
outer loop
vertex -5.453665e-03 1.339382e-01 -3.854062e-01
vertex -3.185788e-02 1.344972e-01 -4.164189e-01
vertex -5.042861e-02 1.405206e-01 -3.840767e-01
endloop
endfacet
facet normal 0 0 0
outer loop
vertex 3.307000e-01 1.039337e-02 -1.810840e-01
vertex 3.192103e-01 9.312104e-03 -2.173067e-01
vertex 2.695265e-01 1.688707e-02 -2.005685e-01
endloop
endfacet
facet normal 0 0 0
outer loop
vertex 2.758227e-01 8.824783e-03 -2.431646e-01
vertex 2.695265e-01 1.688707e-02 -2.005685e-01
vertex 3.192103e-01 9.312104e-03 -2.173067e-01
endloop
endfacet
facet normal 0 0 0
outer loop
vertex 4.215802e-02 -2.031897e-01 -3.285300e-01
vertex 8.539394e-03 -2.013985e-01 -3.464968e-01
vertex 3.015119e-02 -2.040014e-01 -3.674283e-01
endloop
endfacet
facet normal 0 0 0
outer loop
vertex 3.015119e-02 -2.040014e-01 -3.674283e-01
vertex -7.438073e-03 -2.006002e-01 -3.922248e-01
vertex 3.150500e-02 -2.010577e-01 -4.126080e-01
endloop
endfacet
facet normal 0 0 0
outer loop
vertex -5.351756e-01 -8.113405e-03 -4.779904e-01
vertex -5.478541e-01 2.230993e-02 -4.514614e-01
vertex -5.178363e-01 1.640397e-02 -4.989454e-01
endloop
endfacet
facet normal 0 0 0
outer loop
vertex 2.509378e-02 -1.728768e-01 -2.905413e-01
vertex 3.431053e-02 -1.762517e-01 -2.438556e-01
vertex 4.639427e-02 -1.803395e-01 -2.713678e-01
endloop
endfacet
facet normal 0 0 0
outer loop
vertex -1.515092e-01 1.354580e-01 -3.958414e-02
vertex -1.620238e-01 1.293019e-01 -5.521677e-02
vertex -1.528134e-01 1.267910e-01 -4.362524e-02
endloop
endfacet
facet normal 0 0 0
outer loop
vertex 1.522300e-02 -1.834628e-01 -2.120920e-01
vertex -3.011215e-02 -1.792884e-01 -1.976959e-01
vertex -1.288424e-02 -1.905110e-01 -2.530329e-01
endloop
endfacet
facet normal 0 0 0
outer loop
vertex 3.296753e-01 9.173500e-03 -1.302923e-01
vertex 3.063470e-01 9.430560e-03 -1.093340e-01
vertex 3.281081e-01 -2.504127e-03 -1.177499e-01
endloop
endfacet
facet normal 0 0 0
outer loop
vertex 1.887443e-01 -1.251066e-02 -8.829346e-02
vertex 2.184250e-01 -3.453852e-03 -6.592014e-02
vertex 1.745977e-01 -1.469713e-03 -6.857406e-02
endloop
endfacet
facet normal 0 0 0
outer loop
vertex -4.685581e-02 1.921000e-01 -3.725609e-01
vertex -9.827255e-03 1.984580e-01 -3.952837e-01
vertex -3.138721e-02 1.914185e-01 -4.232945e-01
endloop
endfacet
facet normal 0 0 0
outer loop
vertex -9.827255e-03 1.984580e-01 -3.952837e-01
vertex -4.685581e-02 1.921000e-01 -3.725609e-01
vertex 2.051240e-03 1.986802e-01 -3.550496e-01
endloop
endfacet
facet normal 0 0 0
outer loop
vertex 3.505356e-02 1.758814e-01 -3.340900e-01
vertex 6.642000e-02 1.872360e-01 -3.573850e-01
vertex 6.754500e-02 1.875077e-01 -3.261280e-01
endloop
endfacet
facet normal 0 0 0
outer loop
vertex -1.912994e-04 2.808431e-02 -6.884720e-01
vertex 4.712354e-02 2.442321e-02 -6.933420e-01
vertex 2.796909e-02 2.681998e-02 -7.275684e-01
endloop
endfacet
facet normal 0 0 0
outer loop
vertex -3.138045e-01 -1.453719e-01 -3.486900e-01
vertex -2.736488e-01 -1.485239e-01 -4.048665e-01
vertex -2.520616e-01 -1.510982e-01 -3.386683e-01
endloop
endfacet
facet normal 0 0 0
outer loop
vertex 2.994408e-02 -2.745514e-02 -7.414701e-01
vertex 1.232242e-02 -1.600667e-02 -7.812851e-01
vertex 5.130333e-02 -1.780185e-02 -7.617233e-01
endloop
endfacet
facet normal 0 0 0
outer loop
vertex 9.304082e-02 2.225460e-02 -6.876640e-01
vertex 1.113928e-01 1.258986e-02 -6.899703e-01
vertex 1.041710e-01 5.421595e-03 -7.156541e-01
endloop
endfacet
facet normal 0 0 0
outer loop
vertex -2.267520e-01 9.527473e-02 -8.194911e-02
vertex -2.288040e-01 7.441863e-02 -1.079280e-01
vertex -2.210086e-01 8.543000e-02 -6.911625e-02
endloop
endfacet
facet normal 0 0 0
outer loop
vertex -4.279195e-02 -3.074611e-02 -1.342015e-01
vertex -4.549951e-02 -5.096351e-02 -1.428315e-01
vertex -8.076874e-03 -4.882079e-02 -1.488847e-01
endloop
endfacet
facet normal 0 0 0
outer loop
vertex -3.914210e-01 -1.175039e-01 -4.694720e-01
vertex -4.273598e-01 -9.436668e-02 -5.020974e-01
vertex -3.797929e-01 -9.940804e-02 -5.276261e-01
endloop
endfacet
facet normal 0 0 0
outer loop
vertex -3.516836e-01 -8.065856e-02 -1.871857e-01
vertex -3.032472e-01 -8.435141e-02 -1.784376e-01
vertex -3.012205e-01 -4.401430e-02 -1.514850e-01
endloop
endfacet
facet normal 0 0 0
outer loop
vertex -3.128200e-02 1.656758e-01 -1.873720e-01
vertex 3.343000e-03 1.679436e-01 -2.002230e-01
vertex -1.821512e-02 1.760837e-01 -1.944086e-01
endloop
endfacet
facet normal 0 0 0
outer loop
vertex -2.158234e-01 9.904838e-02 -3.886914e-02
vertex -2.213505e-01 1.026421e-01 -6.121565e-02
vertex -2.210086e-01 8.543000e-02 -6.911625e-02
endloop
endfacet
facet normal 0 0 0
outer loop
vertex -1.307642e-01 -1.076853e-01 -6.115083e-02
vertex -1.524680e-01 -9.212106e-02 -8.904102e-02
vertex -1.853009e-01 -9.105502e-02 -6.370813e-02
endloop
endfacet
facet normal 0 0 0
outer loop
vertex 3.987078e-02 -6.545755e-02 -5.945244e-01
vertex 2.161392e-02 -8.508602e-02 -5.749177e-01
vertex -1.532506e-02 -8.252315e-02 -5.955650e-01
endloop
endfacet
facet normal 0 0 0
outer loop
vertex 2.161392e-02 -8.508602e-02 -5.749177e-01
vertex -7.479286e-03 -1.103829e-01 -5.328168e-01
vertex -1.532506e-02 -8.252315e-02 -5.955650e-01
endloop
endfacet
facet normal 0 0 0
outer loop
vertex -1.703844e-01 1.201916e-01 -7.667733e-02
vertex -1.766673e-01 1.013933e-01 -1.223931e-01
vertex -1.824606e-01 9.497346e-02 -9.616902e-02
endloop
endfacet
facet normal 0 0 0
outer loop
vertex -9.893560e-02 -1.788476e-02 -7.730960e-01
vertex -6.703400e-02 -1.210861e-02 -7.910250e-01
vertex -7.855131e-02 -2.731341e-02 -7.459082e-01
endloop
endfacet
facet normal 0 0 0
outer loop
vertex -1.079110e-01 -1.620480e-01 -7.954000e-03
vertex -7.856723e-02 -1.673903e-01 -1.612650e-03
vertex -8.726849e-02 -1.511606e-01 -5.620174e-03
endloop
endfacet
facet normal 0 0 0
outer loop
vertex -7.669514e-02 -3.009176e-02 -6.961285e-01
vertex -4.146351e-02 -2.841633e-02 -7.449908e-01
vertex -2.833115e-02 -3.039799e-02 -6.918367e-01
endloop
endfacet
facet normal 0 0 0
outer loop
vertex -4.146351e-02 -2.841633e-02 -7.449908e-01
vertex -7.669514e-02 -3.009176e-02 -6.961285e-01
vertex -7.855131e-02 -2.731341e-02 -7.459082e-01
endloop
endfacet
facet normal 0 0 0
outer loop
vertex -5.495418e-01 5.831305e-02 -4.038034e-01
vertex -5.689629e-01 2.524236e-02 -4.099460e-01
vertex -5.730635e-01 4.402658e-02 -3.675867e-01
endloop
endfacet
facet normal 0 0 0
outer loop
vertex -1.466911e-01 1.343842e-01 -6.657502e-02
vertex -1.620238e-01 1.293019e-01 -5.521677e-02
vertex -1.515092e-01 1.354580e-01 -3.958414e-02
endloop
endfacet
facet normal 0 0 0
outer loop
vertex -3.853943e-03 -1.026033e-01 -2.072372e-01
vertex -1.339664e-02 -7.845961e-02 -1.731843e-01
vertex -6.029367e-02 -8.648801e-02 -1.703210e-01
endloop
endfacet
facet normal 0 0 0
outer loop
vertex 2.944838e-02 -8.204184e-02 -1.912996e-01
vertex -1.339664e-02 -7.845961e-02 -1.731843e-01
vertex -3.853943e-03 -1.026033e-01 -2.072372e-01
endloop
endfacet
facet normal 0 0 0
outer loop
vertex -1.959218e-01 1.128241e-01 -4.379358e-02
vertex -1.704932e-01 1.230061e-01 -2.637151e-02
vertex -1.597997e-01 1.123603e-01 -6.359314e-02
endloop
endfacet
facet normal 0 0 0
outer loop
vertex 5.436115e-01 2.677496e-02 -3.482267e-01
vertex 4.938426e-01 2.726902e-02 -4.004337e-01
vertex 4.925613e-01 2.764323e-02 -3.373814e-01
endloop
endfacet
facet normal 0 0 0
outer loop
vertex 2.687945e-01 -4.943955e-03 -8.288059e-02
vertex 2.411910e-01 -9.980480e-03 -7.581699e-02
vertex 2.340151e-01 -1.328492e-02 -9.952530e-02
endloop
endfacet
facet normal 0 0 0
outer loop
vertex -5.017418e-01 9.055384e-02 -3.209063e-01
vertex -4.729933e-01 9.667471e-02 -2.912140e-01
vertex -4.557499e-01 1.068440e-01 -3.243546e-01
endloop
endfacet
facet normal 0 0 0
outer loop
vertex 5.906798e-01 1.071959e-02 -3.760185e-01
vertex 5.953649e-01 -2.866664e-05 -4.140588e-01
vertex 5.795536e-01 1.677753e-02 -4.286537e-01
endloop
endfacet
facet normal 0 0 0
outer loop
vertex -3.938095e-01 9.528027e-02 -2.228916e-01
vertex -3.610299e-01 1.176868e-01 -2.485876e-01
vertex -3.909072e-01 1.162722e-01 -2.633851e-01
endloop
endfacet
facet normal 0 0 0
outer loop
vertex 2.436946e-01 -7.071798e-02 -2.736107e-01
vertex 2.499982e-01 -4.184493e-02 -2.422335e-01
vertex 2.107550e-01 -6.029533e-02 -2.347068e-01
endloop
endfacet
facet normal 0 0 0
outer loop
vertex 5.902766e-01 -1.270932e-02 -3.699898e-01
vertex 5.625127e-01 -2.527590e-02 -3.436776e-01
vertex 5.643425e-01 -2.594357e-02 -3.885724e-01
endloop
endfacet
facet normal 0 0 0
outer loop
vertex -3.947677e-02 -1.954906e-01 -3.570631e-01
vertex 8.539394e-03 -2.013985e-01 -3.464968e-01
vertex -1.144101e-02 -1.961464e-01 -3.097918e-01
endloop
endfacet
facet normal 0 0 0
outer loop
vertex 6.491976e-02 -2.779110e-02 -7.132090e-01
vertex 8.701900e-02 -1.085511e-02 -7.412280e-01
vertex 8.560894e-02 -2.739900e-02 -6.836815e-01
endloop
endfacet
facet normal 0 0 0
outer loop
vertex -3.231621e-02 2.614631e-02 -7.429761e-01
vertex -4.842968e-02 2.178180e-02 -7.690666e-01
vertex -8.215065e-02 2.416304e-02 -7.501432e-01
endloop
endfacet
facet normal 0 0 0
outer loop
vertex -2.223902e-01 -8.975536e-02 -1.630946e-01
vertex -2.494011e-01 -1.135882e-01 -2.045742e-01
vertex -1.733488e-01 -1.227884e-01 -2.037840e-01
endloop
endfacet
facet normal 0 0 0
outer loop
vertex -5.790238e-02 1.353714e-01 -2.755884e-01
vertex -9.075478e-02 1.235896e-01 -2.239120e-01
vertex -3.030959e-02 1.155054e-01 -2.263040e-01
endloop
endfacet
facet normal 0 0 0
outer loop
vertex -9.075478e-02 1.235896e-01 -2.239120e-01
vertex -5.790238e-02 1.353714e-01 -2.755884e-01
vertex -1.113460e-01 1.418459e-01 -2.711390e-01
endloop
endfacet
facet normal 0 0 0
outer loop
vertex 7.704058e-03 1.755169e-01 -4.049698e-01
vertex -2.533060e-02 1.665517e-01 -3.756524e-01
vertex -2.654400e-02 1.759602e-01 -4.248490e-01
endloop
endfacet
facet normal 0 0 0
outer loop
vertex -3.023681e-03 1.809285e-01 -4.295580e-01
vertex 7.704058e-03 1.755169e-01 -4.049698e-01
vertex -2.654400e-02 1.759602e-01 -4.248490e-01
endloop
endfacet
facet normal 0 0 0
outer loop
vertex -4.907510e-02 -1.108574e-01 -2.076009e-01
vertex -3.853943e-03 -1.026033e-01 -2.072372e-01
vertex -6.029367e-02 -8.648801e-02 -1.703210e-01
endloop
endfacet
facet normal 0 0 0
outer loop
vertex 2.056244e-01 -8.355649e-02 -2.682035e-01
vertex 2.108923e-01 -9.653857e-02 -3.213507e-01
vertex 2.436946e-01 -7.071798e-02 -2.736107e-01
endloop
endfacet
facet normal 0 0 0
outer loop
vertex 1.664219e-01 -1.065598e-01 -3.117251e-01
vertex 2.108923e-01 -9.653857e-02 -3.213507e-01
vertex 2.056244e-01 -8.355649e-02 -2.682035e-01
endloop
endfacet
facet normal 0 0 0
outer loop
vertex 1.374582e-01 -5.418348e-02 -1.931676e-01
vertex 8.211650e-02 -7.515169e-02 -1.961677e-01
vertex 1.094718e-01 -8.924168e-02 -2.235702e-01
endloop
endfacet
facet normal 0 0 0
outer loop
vertex 8.211650e-02 -7.515169e-02 -1.961677e-01
vertex 5.940598e-02 -5.919558e-02 -1.722490e-01
vertex 5.662268e-02 -9.558220e-02 -2.148411e-01
endloop
endfacet
facet normal 0 0 0
outer loop
vertex -4.568363e-01 1.351464e-02 -2.073940e-01
vertex -4.797810e-01 2.079918e-03 -2.217025e-01
vertex -4.505509e-01 -3.124953e-02 -2.062591e-01
endloop
endfacet
facet normal 0 0 0
outer loop
vertex 5.812261e-02 -2.026003e-01 -3.791626e-01
vertex 3.150500e-02 -2.010577e-01 -4.126080e-01
vertex 3.547697e-02 -1.862843e-01 -4.108239e-01
endloop
endfacet
facet normal 0 0 0
outer loop
vertex 1.411098e-01 -2.278679e-02 -6.061012e-01
vertex 9.763395e-02 -2.602704e-02 -5.945931e-01
vertex 1.191023e-01 -1.649285e-02 -6.440800e-01
endloop
endfacet
facet normal 0 0 0
outer loop
vertex 9.763395e-02 -2.602704e-02 -5.945931e-01
vertex 9.070776e-02 -2.682344e-02 -6.390086e-01
vertex 1.191023e-01 -1.649285e-02 -6.440800e-01
endloop
endfacet
facet normal 0 0 0
outer loop
vertex 5.489309e-01 -2.531025e-02 -3.052180e-01
vertex 5.829880e-01 -1.234588e-02 -3.112220e-01
vertex 5.723382e-01 -1.381933e-02 -2.769972e-01
endloop
endfacet
facet normal 0 0 0
outer loop
vertex 2.944838e-02 -8.204184e-02 -1.912996e-01
vertex 5.940598e-02 -5.919558e-02 -1.722490e-01
vertex -8.076874e-03 -4.882079e-02 -1.488847e-01
endloop
endfacet
facet normal 0 0 0
outer loop
vertex -1.355330e-01 9.160840e-02 -1.559210e-01
vertex -1.727532e-01 9.684478e-02 -1.588179e-01
vertex -1.422253e-01 1.199535e-01 -1.059774e-01
endloop
endfacet
facet normal 0 0 0
outer loop
vertex 8.004710e-02 1.928263e-02 -7.268475e-01
vertex 2.796909e-02 2.681998e-02 -7.275684e-01
vertex 4.712354e-02 2.442321e-02 -6.933420e-01
endloop
endfacet
facet normal 0 0 0
outer loop
vertex 9.955400e-02 -1.041410e-03 -1.039500e-01
vertex 1.303470e-01 -1.041410e-03 -8.382699e-02
vertex 1.059225e-01 9.342596e-03 -1.126011e-01
endloop
endfacet
facet normal 0 0 0
outer loop
vertex -1.216289e-02 1.281899e-01 -4.502556e-01
vertex -6.548923e-02 1.240438e-01 -5.052064e-01
vertex -6.218021e-02 1.368365e-01 -4.397543e-01
endloop
endfacet
facet normal 0 0 0
outer loop
vertex 4.207904e-03 -1.703551e-01 -3.247524e-01
vertex -1.942690e-02 -1.675388e-01 -3.502748e-01
vertex -5.088162e-02 -1.607339e-01 -3.286490e-01
endloop
endfacet
facet normal 0 0 0
outer loop
vertex -1.942690e-02 -1.675388e-01 -3.502748e-01
vertex -2.907446e-02 -1.687420e-01 -3.847138e-01
vertex -5.088162e-02 -1.607339e-01 -3.286490e-01
endloop
endfacet
facet normal 0 0 0
outer loop
vertex -2.484400e-02 1.147283e-01 -9.474102e-02
vertex -4.651508e-02 9.777962e-02 -1.233821e-01
vertex -2.715900e-02 1.237075e-01 -1.027980e-01
endloop
endfacet
facet normal 0 0 0
outer loop
vertex -4.842968e-02 2.178180e-02 -7.690666e-01
vertex -1.685800e-02 1.025151e-02 -7.934230e-01
vertex -5.010736e-02 1.295587e-02 -7.898754e-01
endloop
endfacet
facet normal 0 0 0
outer loop
vertex -1.588043e-01 -4.068649e-02 -1.276247e-01
vertex -8.754555e-02 -5.179073e-02 -1.353943e-01
vertex -9.107310e-02 -4.987416e-03 -1.268354e-01
endloop
endfacet
facet normal 0 0 0
outer loop
vertex 4.264367e-02 1.912448e-01 -2.585756e-01
vertex 7.585142e-03 1.946223e-01 -2.919247e-01
vertex -6.071528e-03 1.890392e-01 -2.585465e-01
endloop
endfacet
facet normal 0 0 0
outer loop
vertex -6.071528e-03 1.890392e-01 -2.585465e-01
vertex 7.585142e-03 1.946223e-01 -2.919247e-01
vertex -2.210513e-02 1.928352e-01 -3.161378e-01
endloop
endfacet
facet normal 0 0 0
outer loop
vertex -6.744300e-02 1.849663e-01 -4.132120e-01
vertex -4.685581e-02 1.921000e-01 -3.725609e-01
vertex -3.138721e-02 1.914185e-01 -4.232945e-01
endloop
endfacet
facet normal 0 0 0
outer loop
vertex -7.976548e-02 -1.241965e-01 -1.089675e-01
vertex -1.265491e-01 -1.359536e-01 -7.807314e-02
vertex -1.283844e-01 -1.159114e-01 -1.219890e-01
endloop
endfacet
facet normal 0 0 0
outer loop
vertex 5.687815e-01 1.580838e-02 -4.723746e-01
vertex 5.795536e-01 1.677753e-02 -4.286537e-01
vertex 5.876719e-01 -2.036263e-03 -4.625486e-01
endloop
endfacet
facet normal 0 0 0
outer loop
vertex 1.367616e-02 3.890401e-02 -1.486793e-01
vertex -3.896808e-02 7.824437e-02 -1.690848e-01
vertex -4.465600e-02 3.769927e-02 -1.379226e-01
endloop
endfacet
facet normal 0 0 0
outer loop
vertex 4.671807e-02 -1.263608e-01 -4.139890e-01
vertex 2.872004e-02 -1.233963e-01 -4.544968e-01
vertex 7.098980e-02 -1.168978e-01 -4.484718e-01
endloop
endfacet
facet normal 0 0 0
outer loop
vertex 8.211650e-02 -7.515169e-02 -1.961677e-01
vertex 1.374582e-01 -5.418348e-02 -1.931676e-01
vertex 1.115806e-01 -1.895963e-02 -1.582637e-01
endloop
endfacet
facet normal 0 0 0
outer loop
vertex 6.467600e-02 -1.881993e-01 -3.604830e-01
vertex 3.525291e-02 -1.793855e-01 -3.353903e-01
vertex 6.704500e-02 -1.877675e-01 -3.312226e-01
endloop
endfacet
facet normal 0 0 0
outer loop
vertex -4.632283e-01 -1.085632e-01 -3.213402e-01
vertex -4.768510e-01 -1.066387e-01 -3.639020e-01
vertex -4.344780e-01 -1.192147e-01 -3.411154e-01
endloop
endfacet
facet normal 0 0 0
outer loop
vertex -4.299236e-01 -9.972194e-02 -2.472271e-01
vertex -4.737754e-01 -9.678894e-02 -2.854089e-01
vertex -4.344359e-01 -1.132110e-01 -2.904463e-01
endloop
endfacet
facet normal 0 0 0
outer loop
vertex -4.632283e-01 -1.085632e-01 -3.213402e-01
vertex -4.344780e-01 -1.192147e-01 -3.411154e-01
vertex -4.344359e-01 -1.132110e-01 -2.904463e-01
endloop
endfacet
facet normal 0 0 0
outer loop
vertex -2.881211e-01 6.866021e-02 -1.591449e-01
vertex -2.161814e-01 1.031998e-01 -1.827154e-01
vertex -2.644827e-01 1.035269e-01 -1.960736e-01
endloop
endfacet
facet normal 0 0 0
outer loop
vertex -2.288040e-01 7.441863e-02 -1.079280e-01
vertex -2.267520e-01 9.527473e-02 -8.194911e-02
vertex -2.252482e-01 8.252832e-02 -1.289417e-01
endloop
endfacet
facet normal 0 0 0
outer loop
vertex -2.881211e-01 6.866021e-02 -1.591449e-01
vertex -2.214299e-01 7.780819e-02 -1.527371e-01
vertex -2.161814e-01 1.031998e-01 -1.827154e-01
endloop
endfacet
facet normal 0 0 0
outer loop
vertex -5.730635e-01 4.402658e-02 -3.675867e-01
vertex -5.329396e-01 7.797696e-02 -3.673297e-01
vertex -5.495418e-01 5.831305e-02 -4.038034e-01
endloop
endfacet
facet normal 0 0 0
outer loop
vertex -5.067602e-02 -3.168222e-02 -6.492367e-01
vertex -1.400073e-02 -3.165522e-02 -6.382401e-01
vertex -4.708852e-02 -6.158181e-02 -6.280882e-01
endloop
endfacet
facet normal 0 0 0
outer loop
vertex 2.223417e-01 1.637339e-02 -1.560542e-01
vertex 2.656519e-01 1.393334e-02 -1.204499e-01
vertex 2.715411e-01 1.554926e-02 -1.583099e-01
endloop
endfacet
facet normal 0 0 0
outer loop
vertex 5.647136e-01 1.676417e-02 -3.096786e-01
vertex 5.394535e-01 2.347322e-02 -2.808069e-01
vertex 5.772014e-01 7.465295e-03 -2.841175e-01
endloop
endfacet
facet normal 0 0 0
outer loop
vertex 2.561274e-01 8.850326e-03 -8.303908e-02
vertex 2.466790e-01 -1.070120e-03 -7.078502e-02
vertex 2.687945e-01 -4.943955e-03 -8.288059e-02
endloop
endfacet
facet normal 0 0 0
outer loop
vertex 2.687945e-01 -4.943955e-03 -8.288059e-02
vertex 2.466790e-01 -1.070120e-03 -7.078502e-02
vertex 2.411910e-01 -9.980480e-03 -7.581699e-02
endloop
endfacet
facet normal 0 0 0
outer loop
vertex 5.065029e-01 -2.456943e-02 -2.207481e-01
vertex 5.466045e-01 -1.514794e-02 -2.182139e-01
vertex 5.061344e-01 -1.698953e-02 -1.738383e-01
endloop
endfacet
facet normal 0 0 0
outer loop
vertex 5.466045e-01 -1.514794e-02 -2.182139e-01
vertex 5.359889e-01 2.768615e-04 -1.805804e-01
vertex 5.061344e-01 -1.698953e-02 -1.738383e-01
endloop
endfacet
facet normal 0 0 0
outer loop
vertex -3.610299e-01 1.176868e-01 -2.485876e-01
vertex -3.219658e-01 1.159242e-01 -2.301420e-01
vertex -3.475832e-01 1.323733e-01 -2.933976e-01
endloop
endfacet
facet normal 0 0 0
outer loop
vertex 3.281081e-01 -2.504127e-03 -1.177499e-01
vertex 3.063470e-01 9.430560e-03 -1.093340e-01
vertex 2.977340e-01 -1.179200e-03 -9.557101e-02
endloop
endfacet
facet normal 0 0 0
outer loop
vertex 3.281081e-01 -2.504127e-03 -1.177499e-01
vertex 2.977340e-01 -1.179200e-03 -9.557101e-02
vertex 2.955413e-01 -1.204774e-02 -1.109747e-01
endloop
endfacet
facet normal 0 0 0
outer loop
vertex -1.824606e-01 9.497346e-02 -9.616902e-02
vertex -1.766673e-01 1.013933e-01 -1.223931e-01
vertex -1.933785e-01 8.130235e-02 -1.353386e-01
endloop
endfacet
facet normal 0 0 0
outer loop
vertex -1.933785e-01 8.130235e-02 -1.353386e-01
vertex -2.252482e-01 8.252832e-02 -1.289417e-01
vertex -1.824606e-01 9.497346e-02 -9.616902e-02
endloop
endfacet
facet normal 0 0 0
outer loop
vertex -6.071528e-03 1.890392e-01 -2.585465e-01
vertex 2.384000e-02 1.849835e-01 -2.236070e-01
vertex 4.264367e-02 1.912448e-01 -2.585756e-01
endloop
endfacet
facet normal 0 0 0
outer loop
vertex 1.672198e-01 -9.406760e-02 -2.625626e-01
vertex 1.664219e-01 -1.065598e-01 -3.117251e-01
vertex 2.056244e-01 -8.355649e-02 -2.682035e-01
endloop
endfacet
facet normal 0 0 0
outer loop
vertex 4.321310e-03 1.826186e-02 -7.627623e-01
vertex 3.001630e-02 1.757391e-02 -7.676700e-01
vertex -1.685800e-02 1.025151e-02 -7.934230e-01
endloop
endfacet
facet normal 0 0 0
outer loop
vertex 4.321310e-03 1.826186e-02 -7.627623e-01
vertex -1.685800e-02 1.025151e-02 -7.934230e-01
vertex -3.231621e-02 2.614631e-02 -7.429761e-01
endloop
endfacet
facet normal 0 0 0
outer loop
vertex -2.402463e-01 9.928832e-02 -5.836131e-01
vertex -3.028401e-01 8.962105e-02 -5.811883e-01
vertex -2.999790e-01 1.145948e-01 -5.313206e-01
endloop
endfacet
facet normal 0 0 0
outer loop
vertex -3.937588e-01 -1.222529e-01 -2.796989e-01
vertex -4.004381e-01 -1.280682e-01 -3.329966e-01
vertex -3.712197e-01 -1.323233e-01 -3.071709e-01
endloop
endfacet
facet normal 0 0 0
outer loop
vertex -9.689278e-02 1.092305e-01 -7.990175e-02
vertex -1.272400e-01 1.184562e-01 -5.720800e-02
vertex -1.253121e-01 1.060558e-01 -6.971275e-02
endloop
endfacet
facet normal 0 0 0
outer loop
vertex -5.478541e-01 2.230993e-02 -4.514614e-01
vertex -5.462902e-01 4.863121e-02 -4.294907e-01
vertex -5.288217e-01 5.353285e-02 -4.543998e-01
endloop
endfacet
facet normal 0 0 0
outer loop
vertex -4.279195e-02 -3.074611e-02 -1.342015e-01
vertex -8.754555e-02 -5.179073e-02 -1.353943e-01
vertex -4.549951e-02 -5.096351e-02 -1.428315e-01
endloop
endfacet
facet normal 0 0 0
outer loop
vertex -6.029367e-02 -8.648801e-02 -1.703210e-01
vertex -4.549951e-02 -5.096351e-02 -1.428315e-01
vertex -8.754555e-02 -5.179073e-02 -1.353943e-01
endloop
endfacet
facet normal 0 0 0
outer loop
vertex -5.234821e-01 6.119428e-02 -2.756374e-01
vertex -4.994147e-01 7.884261e-02 -2.791189e-01
vertex -5.263907e-01 7.189000e-02 -3.015242e-01
endloop
endfacet
facet normal 0 0 0
outer loop
vertex -5.263907e-01 7.189000e-02 -3.015242e-01
vertex -5.438648e-01 6.980115e-02 -3.253581e-01
vertex -5.554615e-01 4.514360e-02 -2.936654e-01
endloop
endfacet
facet normal 0 0 0
outer loop
vertex -3.215846e-01 1.368934e-01 -4.274482e-01
vertex -3.235410e-01 1.408221e-01 -3.825984e-01
vertex -2.829253e-01 1.434704e-01 -4.128501e-01
endloop
endfacet
facet normal 0 0 0
outer loop
vertex -2.582156e-01 6.390612e-02 -6.240044e-01
vertex -2.891589e-01 2.357653e-02 -6.325408e-01
vertex -3.322935e-01 5.736773e-02 -6.041017e-01
endloop
endfacet
facet normal 0 0 0
outer loop
vertex 2.546244e-01 5.457063e-02 -4.513249e-01
vertex 2.061705e-01 6.432840e-02 -4.845770e-01
vertex 1.954027e-01 8.914530e-02 -4.314011e-01
endloop
endfacet
facet normal 0 0 0
outer loop
vertex -1.733488e-01 -1.227884e-01 -2.037840e-01
vertex -1.422005e-01 -1.383385e-01 -2.417292e-01
vertex -1.439386e-01 -1.185718e-01 -2.014351e-01
endloop
endfacet
facet normal 0 0 0
outer loop
vertex 4.252949e-02 -1.171672e-01 -2.561117e-01
vertex 6.033900e-02 -1.247268e-01 -3.097931e-01
vertex 8.483811e-02 -1.164901e-01 -2.809297e-01
endloop
endfacet
facet normal 0 0 0
outer loop
vertex 2.704794e-01 -1.528814e-02 -2.020808e-01
vertex 3.105242e-01 -1.644759e-02 -1.902065e-01
vertex 2.689168e-01 -1.876092e-02 -1.618560e-01
endloop
endfacet
facet normal 0 0 0
outer loop
vertex 1.162609e-01 2.018094e-02 -6.163977e-01
vertex 1.533691e-01 3.908160e-03 -6.269823e-01
vertex 1.256462e-01 1.248325e-02 -6.394429e-01
endloop
endfacet
facet normal 0 0 0
outer loop
vertex 2.313075e-01 -1.946994e-02 -2.158045e-01
vertex 2.704794e-01 -1.528814e-02 -2.020808e-01
vertex 2.689168e-01 -1.876092e-02 -1.618560e-01
endloop
endfacet
facet normal 0 0 0
outer loop
vertex 2.286249e-01 4.497905e-02 -2.345828e-01
vertex 2.584565e-01 6.466372e-02 -2.814554e-01
vertex 2.036303e-01 7.629562e-02 -2.573564e-01
endloop
endfacet
facet normal 0 0 0
outer loop
vertex -4.632283e-01 -1.085632e-01 -3.213402e-01
vertex -4.737754e-01 -9.678894e-02 -2.854089e-01
vertex -5.074443e-01 -9.237899e-02 -3.303592e-01
endloop
endfacet
facet normal 0 0 0
outer loop
vertex -2.891589e-01 2.357653e-02 -6.325408e-01
vertex -2.268491e-01 -2.505427e-04 -6.484461e-01
vertex -2.768369e-01 -1.543113e-02 -6.376313e-01
endloop
endfacet
facet normal 0 0 0
outer loop
vertex 2.509378e-02 -1.728768e-01 -2.905413e-01
vertex 5.847800e-02 -1.844273e-01 -2.988800e-01
vertex 3.525291e-02 -1.793855e-01 -3.353903e-01
endloop
endfacet
facet normal 0 0 0
outer loop
vertex 1.399267e-02 -1.857417e-01 -4.266312e-01
vertex -2.907446e-02 -1.687420e-01 -3.847138e-01
vertex 1.203424e-02 -1.743827e-01 -3.726521e-01
endloop
endfacet
facet normal 0 0 0
outer loop
vertex -1.817350e-01 -9.318027e-02 -1.496120e-01
vertex -2.101845e-01 -8.091070e-02 -1.436732e-01
vertex -2.223902e-01 -8.975536e-02 -1.630946e-01
endloop
endfacet
facet normal 0 0 0
outer loop
vertex 5.574919e-02 2.833223e-02 -6.521779e-01
vertex 3.269000e-02 2.755885e-02 -6.194499e-01
vertex 6.296647e-02 2.395373e-02 -6.074466e-01
endloop
endfacet
facet normal 0 0 0
outer loop
vertex 3.269000e-02 2.755885e-02 -6.194499e-01
vertex 3.085084e-02 4.914663e-02 -6.085519e-01
vertex 6.296647e-02 2.395373e-02 -6.074466e-01
endloop
endfacet
facet normal 0 0 0
outer loop
vertex 3.349574e-01 -1.814935e-03 -1.996513e-01
vertex 3.311571e-01 -1.263316e-02 -1.579631e-01
vertex 3.105242e-01 -1.644759e-02 -1.902065e-01
endloop
endfacet
facet normal 0 0 0
outer loop
vertex -1.196567e-01 1.471394e-01 -2.200443e-01
vertex -6.919200e-02 1.526394e-01 -1.946300e-01
vertex -8.180220e-02 1.649297e-01 -1.993835e-01
endloop
endfacet
facet normal 0 0 0
outer loop
vertex -1.264016e-01 -1.563850e-01 -2.201389e-02
vertex -1.265491e-01 -1.359536e-01 -7.807314e-02
vertex -8.036091e-02 -1.574791e-01 -3.838767e-02
endloop
endfacet
facet normal 0 0 0
outer loop
vertex -5.853000e-02 -1.874032e-01 -4.169320e-01
vertex -7.438073e-03 -2.006002e-01 -3.922248e-01
vertex -3.947677e-02 -1.954906e-01 -3.570631e-01
endloop
endfacet
facet normal 0 0 0
outer loop
vertex -2.281808e-01 2.397006e-02 -1.334521e-01
vertex -1.540435e-01 2.840028e-02 -1.265039e-01
vertex -1.937420e-01 6.038385e-02 -1.347740e-01
endloop
endfacet
facet normal 0 0 0
outer loop
vertex -9.827255e-03 1.984580e-01 -3.952837e-01
vertex 1.210900e-02 1.963148e-01 -4.262580e-01
vertex -3.138721e-02 1.914185e-01 -4.232945e-01
endloop
endfacet
facet normal 0 0 0
outer loop
vertex -2.778487e-03 1.673460e-01 -3.282594e-01
vertex 3.505356e-02 1.758814e-01 -3.340900e-01
vertex 1.651444e-02 1.695580e-01 -2.846324e-01
endloop
endfacet
facet normal 0 0 0
outer loop
vertex 2.499982e-01 -4.184493e-02 -2.422335e-01
vertex 2.313075e-01 -1.946994e-02 -2.158045e-01
vertex 2.107550e-01 -6.029533e-02 -2.347068e-01
endloop
endfacet
facet normal 0 0 0
outer loop
vertex -5.132651e-01 -3.774399e-02 -2.455257e-01
vertex -5.396153e-01 2.273223e-03 -2.571191e-01
vertex -5.541554e-01 -2.634181e-02 -2.735410e-01
endloop
endfacet
facet normal 0 0 0
outer loop
vertex 5.296687e-01 -2.672946e-02 -2.691136e-01
vertex 5.723382e-01 -1.381933e-02 -2.769972e-01
vertex 5.554584e-01 -1.867409e-02 -2.553374e-01
endloop
endfacet
facet normal 0 0 0
outer loop
vertex 3.257409e-02 -1.308987e-01 -3.796197e-01
vertex 5.413545e-02 -1.277934e-01 -3.472421e-01
vertex 7.890275e-03 -1.347988e-01 -3.543745e-01
endloop
endfacet
facet normal 0 0 0
outer loop
vertex 4.207904e-03 -1.703551e-01 -3.247524e-01
vertex 1.203424e-02 -1.743827e-01 -3.726521e-01
vertex -1.942690e-02 -1.675388e-01 -3.502748e-01
endloop
endfacet
facet normal 0 0 0
outer loop
vertex 4.207904e-03 -1.703551e-01 -3.247524e-01
vertex 3.525291e-02 -1.793855e-01 -3.353903e-01
vertex 1.203424e-02 -1.743827e-01 -3.726521e-01
endloop
endfacet
facet normal 0 0 0
outer loop
vertex -5.017418e-01 9.055384e-02 -3.209063e-01
vertex -4.557499e-01 1.068440e-01 -3.243546e-01
vertex -4.757598e-01 1.021254e-01 -3.457375e-01
endloop
endfacet
facet normal 0 0 0
outer loop
vertex -5.024725e-01 9.419785e-02 -3.535594e-01
vertex -4.757598e-01 1.021254e-01 -3.457375e-01
vertex -4.863220e-01 1.012065e-01 -3.829989e-01
endloop
endfacet
facet normal 0 0 0
outer loop
vertex -4.004381e-01 -1.280682e-01 -3.329966e-01
vertex -3.628035e-01 -1.368597e-01 -3.436183e-01
vertex -3.712197e-01 -1.323233e-01 -3.071709e-01
endloop
endfacet
facet normal 0 0 0
outer loop
vertex 1.110768e-01 -5.939478e-02 -5.641258e-01
vertex 5.697501e-02 -9.055627e-02 -5.487049e-01
vertex 3.987078e-02 -6.545755e-02 -5.945244e-01
endloop
endfacet
facet normal 0 0 0
outer loop
vertex -1.191812e-01 -2.733070e-02 -6.956986e-01
vertex -7.669514e-02 -3.009176e-02 -6.961285e-01
vertex -9.468384e-02 -2.913242e-02 -6.550594e-01
endloop
endfacet
facet normal 0 0 0
outer loop
vertex -1.400073e-02 -3.165522e-02 -6.382401e-01
vertex -3.966440e-03 -5.619859e-02 -6.184049e-01
vertex -4.708852e-02 -6.158181e-02 -6.280882e-01
endloop
endfacet
facet normal 0 0 0
outer loop
vertex -3.966440e-03 -5.619859e-02 -6.184049e-01
vertex -1.532506e-02 -8.252315e-02 -5.955650e-01
vertex -4.708852e-02 -6.158181e-02 -6.280882e-01
endloop
endfacet
facet normal 0 0 0
outer loop
vertex -1.155913e-01 -2.436803e-02 -7.419583e-01
vertex -1.191812e-01 -2.733070e-02 -6.956986e-01
vertex -1.586394e-01 -1.465225e-02 -7.268062e-01
endloop
endfacet
facet normal 0 0 0
outer loop
vertex 1.110768e-01 -5.939478e-02 -5.641258e-01
vertex 3.987078e-02 -6.545755e-02 -5.945244e-01
vertex 4.641080e-02 -3.400400e-02 -6.135557e-01
endloop
endfacet
facet normal 0 0 0
outer loop
vertex -2.533060e-02 1.665517e-01 -3.756524e-01
vertex -6.002405e-02 1.714666e-01 -4.153495e-01
vertex -2.654400e-02 1.759602e-01 -4.248490e-01
endloop
endfacet
facet normal 0 0 0
outer loop
vertex -5.042861e-02 1.405206e-01 -3.840767e-01
vertex -3.185788e-02 1.344972e-01 -4.164189e-01
vertex -6.218021e-02 1.368365e-01 -4.397543e-01
endloop
endfacet
facet normal 0 0 0
outer loop
vertex -1.840377e-01 2.162375e-03 -6.916398e-01
vertex -1.643668e-01 1.256264e-02 -7.177814e-01
vertex -1.655876e-01 -4.160274e-03 -7.262710e-01
endloop
endfacet
facet normal 0 0 0
outer loop
vertex -1.067681e-01 1.633179e-01 -2.202716e-01
vertex -1.412374e-01 1.549716e-01 -2.415625e-01
vertex -1.196567e-01 1.471394e-01 -2.200443e-01
endloop
endfacet
facet normal 0 0 0
outer loop
vertex -1.412374e-01 1.549716e-01 -2.415625e-01
vertex -1.067681e-01 1.633179e-01 -2.202716e-01
vertex -8.384880e-02 1.745421e-01 -2.503051e-01
endloop
endfacet
facet normal 0 0 0
outer loop
vertex 3.209939e-01 -8.613884e-03 -2.494436e-01
vertex 3.397580e-01 -4.519900e-04 -2.375150e-01
vertex 3.133814e-01 1.264946e-02 -2.532664e-01
endloop
endfacet
facet normal 0 0 0
outer loop
vertex 3.209939e-01 -8.613884e-03 -2.494436e-01
vertex 3.133814e-01 1.264946e-02 -2.532664e-01
vertex 2.881013e-01 4.539927e-04 -2.491917e-01
endloop
endfacet
facet normal 0 0 0
outer loop
vertex 2.853375e-01 -2.750171e-02 -2.562050e-01
vertex 3.209939e-01 -8.613884e-03 -2.494436e-01
vertex 2.881013e-01 4.539927e-04 -2.491917e-01
endloop
endfacet
facet normal 0 0 0
outer loop
vertex 2.107550e-01 -6.029533e-02 -2.347068e-01
vertex 1.621202e-01 -7.897010e-02 -2.315405e-01
vertex 1.672198e-01 -9.406760e-02 -2.625626e-01
endloop
endfacet
facet normal 0 0 0
outer loop
vertex 8.560894e-02 -2.739900e-02 -6.836815e-01
vertex 5.851264e-02 -2.858849e-02 -6.678129e-01
vertex 6.491976e-02 -2.779110e-02 -7.132090e-01
endloop
endfacet
facet normal 0 0 0
outer loop
vertex 6.101849e-02 1.234493e-01 -3.190909e-01
vertex 9.557261e-02 1.082685e-01 -2.654842e-01
vertex 1.094378e-01 1.155177e-01 -3.294223e-01
endloop
endfacet
facet normal 0 0 0
outer loop
vertex 5.065029e-01 -2.456943e-02 -2.207481e-01
vertex 5.061344e-01 -1.698953e-02 -1.738383e-01
vertex 4.740689e-01 -2.373826e-02 -2.016764e-01
endloop
endfacet
facet normal 0 0 0
outer loop
vertex 3.001630e-02 1.757391e-02 -7.676700e-01
vertex 1.319000e-02 -9.285500e-04 -7.923060e-01
vertex -1.685800e-02 1.025151e-02 -7.934230e-01
endloop
endfacet
facet normal 0 0 0
outer loop
vertex 5.150511e-02 1.812209e-01 -2.856631e-01
vertex 6.070321e-02 1.966361e-01 -3.021946e-01
vertex 5.241687e-02 1.940480e-01 -2.791393e-01
endloop
endfacet
facet normal 0 0 0
outer loop
vertex -9.407000e-02 1.507793e-01 -3.183990e-03
vertex -7.283062e-02 1.348019e-01 -3.656330e-02
vertex -5.099848e-02 1.524400e-01 -7.995527e-03
endloop
endfacet
facet normal 0 0 0
outer loop
vertex -5.453665e-03 1.339382e-01 -3.854062e-01
vertex -4.314450e-02 1.400924e-01 -3.359432e-01
vertex 2.533917e-02 1.300463e-01 -3.538449e-01
endloop
endfacet
facet normal 0 0 0
outer loop
vertex -3.185788e-02 1.344972e-01 -4.164189e-01
vertex -5.453665e-03 1.339382e-01 -3.854062e-01
vertex 2.917676e-02 1.269360e-01 -4.081144e-01
endloop
endfacet
facet normal 0 0 0
outer loop
vertex -3.814300e-01 1.304975e-01 -3.729470e-01
vertex -4.107012e-01 1.233229e-01 -3.374259e-01
vertex -3.800647e-01 1.309953e-01 -3.424888e-01
endloop
endfacet
facet normal 0 0 0
outer loop
vertex 8.539394e-03 -2.013985e-01 -3.464968e-01
vertex -3.947677e-02 -1.954906e-01 -3.570631e-01
vertex -7.438073e-03 -2.006002e-01 -3.922248e-01
endloop
endfacet
facet normal 0 0 0
outer loop
vertex 4.681800e-02 1.851978e-01 -3.959560e-01
vertex 6.642000e-02 1.872360e-01 -3.573850e-01
vertex 2.329171e-02 1.750923e-01 -3.717241e-01
endloop
endfacet
facet normal 0 0 0
outer loop
vertex 5.906798e-01 1.071959e-02 -3.760185e-01
vertex 5.928280e-01 3.613400e-04 -3.415510e-01
vertex 5.902766e-01 -1.270932e-02 -3.699898e-01
endloop
endfacet
facet normal 0 0 0
outer loop
vertex 3.063470e-01 9.430560e-03 -1.093340e-01
vertex 2.656519e-01 1.393334e-02 -1.204499e-01
vertex 2.832776e-01 9.699473e-03 -9.849779e-02
endloop
endfacet
facet normal 0 0 0
outer loop
vertex 3.173417e-01 -3.102372e-02 -2.690989e-01
vertex 2.853375e-01 -2.750171e-02 -2.562050e-01
vertex 2.857237e-01 -5.570307e-02 -2.848935e-01
endloop
endfacet
facet normal 0 0 0
outer loop
vertex -1.233027e-01 2.476239e-02 -6.991307e-01
vertex -8.215065e-02 2.416304e-02 -7.501432e-01
vertex -1.427973e-01 1.516259e-02 -7.403433e-01
endloop
endfacet
facet normal 0 0 0
outer loop
vertex 4.639782e-01 1.994223e-02 -1.857965e-01
vertex 5.051739e-01 1.359310e-02 -1.672660e-01
vertex 5.051183e-01 2.117480e-02 -2.057377e-01
endloop
endfacet
facet normal 0 0 0
outer loop
vertex -5.462902e-01 4.863121e-02 -4.294907e-01
vertex -5.689629e-01 2.524236e-02 -4.099460e-01
vertex -5.495418e-01 5.831305e-02 -4.038034e-01
endloop
endfacet
facet normal 0 0 0
outer loop
vertex -5.478541e-01 2.230993e-02 -4.514614e-01
vertex -5.689629e-01 2.524236e-02 -4.099460e-01
vertex -5.462902e-01 4.863121e-02 -4.294907e-01
endloop
endfacet
facet normal 0 0 0
outer loop
vertex 1.374582e-01 -5.418348e-02 -1.931676e-01
vertex 1.499006e-01 -2.035058e-02 -1.756506e-01
vertex 1.115806e-01 -1.895963e-02 -1.582637e-01
endloop
endfacet
facet normal 0 0 0
outer loop
vertex -1.427973e-01 1.516259e-02 -7.403433e-01
vertex -8.215065e-02 2.416304e-02 -7.501432e-01
vertex -1.092626e-01 1.585007e-02 -7.686468e-01
endloop
endfacet
facet normal 0 0 0
outer loop
vertex -5.042661e-01 8.621170e-02 -4.286543e-01
vertex -4.708552e-01 9.236688e-02 -4.592030e-01
vertex -5.015964e-01 5.510868e-02 -4.855452e-01
endloop
endfacet
facet normal 0 0 0
outer loop
vertex -5.015964e-01 5.510868e-02 -4.855452e-01
vertex -5.178363e-01 1.640397e-02 -4.989454e-01
vertex -5.288217e-01 5.353285e-02 -4.543998e-01
endloop
endfacet
facet normal 0 0 0
outer loop
vertex -4.004381e-01 -1.280682e-01 -3.329966e-01
vertex -3.866152e-01 -1.314613e-01 -3.674479e-01
vertex -3.628035e-01 -1.368597e-01 -3.436183e-01
endloop
endfacet
facet normal 0 0 0
outer loop
vertex 2.173322e-01 1.650968e-02 -2.024527e-01
vertex 2.465774e-01 1.266723e-02 -2.228087e-01
vertex 2.286249e-01 4.497905e-02 -2.345828e-01
endloop
endfacet
facet normal 0 0 0
outer loop
vertex 2.465774e-01 1.266723e-02 -2.228087e-01
vertex 2.173322e-01 1.650968e-02 -2.024527e-01
vertex 2.695265e-01 1.688707e-02 -2.005685e-01
endloop
endfacet
facet normal 0 0 0
outer loop
vertex -3.492014e-02 -1.467333e-01 -6.851039e-02
vertex -2.493100e-02 -1.275223e-01 -9.787199e-02
vertex -1.720968e-02 -1.415008e-01 -6.188897e-02
endloop
endfacet
facet normal 0 0 0
outer loop
vertex -3.490375e-01 1.372650e-01 -3.525328e-01
vertex -3.830581e-01 1.271393e-01 -3.067807e-01
vertex -3.475832e-01 1.323733e-01 -2.933976e-01
endloop
endfacet
facet normal 0 0 0
outer loop
vertex -3.475832e-01 1.323733e-01 -2.933976e-01
vertex -3.830581e-01 1.271393e-01 -3.067807e-01
vertex -3.909072e-01 1.162722e-01 -2.633851e-01
endloop
endfacet
facet normal 0 0 0
outer loop
vertex -5.221254e-01 3.859061e-02 -2.530293e-01
vertex -4.932953e-01 6.064885e-02 -2.470250e-01
vertex -5.234821e-01 6.119428e-02 -2.756374e-01
endloop
endfacet
facet normal 0 0 0
outer loop
vertex -5.234821e-01 6.119428e-02 -2.756374e-01
vertex -4.932953e-01 6.064885e-02 -2.470250e-01
vertex -4.994147e-01 7.884261e-02 -2.791189e-01
endloop
endfacet
facet normal 0 0 0
outer loop
vertex 2.955413e-01 -1.204774e-02 -1.109747e-01
vertex 2.340151e-01 -1.328492e-02 -9.952530e-02
vertex 2.689168e-01 -1.876092e-02 -1.618560e-01
endloop
endfacet
facet normal 0 0 0
outer loop
vertex 2.032489e-01 -1.721644e-02 -1.477018e-01
vertex 2.689168e-01 -1.876092e-02 -1.618560e-01
vertex 2.340151e-01 -1.328492e-02 -9.952530e-02
endloop
endfacet
facet normal 0 0 0
outer loop
vertex 1.651444e-02 1.695580e-01 -2.846324e-01
vertex 3.387400e-02 1.745850e-01 -2.412689e-01
vertex -9.981303e-03 1.614841e-01 -2.357769e-01
endloop
endfacet
facet normal 0 0 0
outer loop
vertex 5.851264e-02 -2.858849e-02 -6.678129e-01
vertex 4.641080e-02 -3.400400e-02 -6.135557e-01
vertex 2.330710e-02 -3.160547e-02 -6.256551e-01
endloop
endfacet
facet normal 0 0 0
outer loop
vertex 2.758227e-01 8.824783e-03 -2.431646e-01
vertex 2.862801e-01 3.190652e-02 -2.623798e-01
vertex 2.620854e-01 3.478057e-02 -2.477757e-01
endloop
endfacet
facet normal 0 0 0
outer loop
vertex -7.976548e-02 -1.241965e-01 -1.089675e-01
vertex -1.283844e-01 -1.159114e-01 -1.219890e-01
vertex -9.288500e-02 -1.009003e-01 -1.444970e-01
endloop
endfacet
facet normal 0 0 0
outer loop
vertex -7.283062e-02 1.348019e-01 -3.656330e-02
vertex -1.376917e-01 1.375887e-01 -2.583336e-02
vertex -1.272400e-01 1.184562e-01 -5.720800e-02
endloop
endfacet
facet normal 0 0 0
outer loop
vertex 5.772014e-01 7.465295e-03 -2.841175e-01
vertex 5.394535e-01 2.347322e-02 -2.808069e-01
vertex 5.635046e-01 1.337689e-02 -2.586868e-01
endloop
endfacet
facet normal 0 0 0
outer loop
vertex -1.283844e-01 -1.159114e-01 -1.219890e-01
vertex -1.573350e-01 -1.144015e-01 -1.127588e-01
vertex -1.481748e-01 -9.909885e-02 -1.546065e-01
endloop
endfacet
facet normal 0 0 0
outer loop
vertex -3.143849e-02 -1.125654e-01 -9.465678e-02
vertex -5.992249e-02 -9.417832e-02 -1.292214e-01
vertex -8.104294e-02 -1.062647e-01 -9.137251e-02
endloop
endfacet
facet normal 0 0 0
outer loop
vertex -1.191812e-01 -2.733070e-02 -6.956986e-01
vertex -1.547306e-01 -2.341485e-02 -6.896451e-01
vertex -1.586394e-01 -1.465225e-02 -7.268062e-01
endloop
endfacet
facet normal 0 0 0
outer loop
vertex 3.854640e-01 -1.185404e-02 -1.990880e-01
vertex 3.962775e-01 -1.964689e-02 -2.319573e-01
vertex 4.311918e-01 -2.104087e-02 -1.968537e-01
endloop
endfacet
facet normal 0 0 0
outer loop
vertex 3.684469e-01 -2.186936e-02 -2.458367e-01
vertex 3.962775e-01 -1.964689e-02 -2.319573e-01
vertex 3.854640e-01 -1.185404e-02 -1.990880e-01
endloop
endfacet
facet normal 0 0 0
outer loop
vertex -2.778487e-03 1.673460e-01 -3.282594e-01
vertex -5.231374e-02 1.576094e-01 -3.199300e-01
vertex -2.533060e-02 1.665517e-01 -3.756524e-01
endloop
endfacet
facet normal 0 0 0
outer loop
vertex -1.191812e-01 -2.733070e-02 -6.956986e-01
vertex -1.386105e-01 -3.244620e-02 -6.540845e-01
vertex -1.547306e-01 -2.341485e-02 -6.896451e-01
endloop
endfacet
facet normal 0 0 0
outer loop
vertex -1.497888e-01 -7.364690e-02 -6.298903e-01
vertex -1.386105e-01 -3.244620e-02 -6.540845e-01
vertex -1.084001e-01 -5.963551e-02 -6.407586e-01
endloop
endfacet
facet normal 0 0 0
outer loop
vertex -1.702432e-01 -4.126516e-02 -6.502387e-01
vertex -1.386105e-01 -3.244620e-02 -6.540845e-01
vertex -1.497888e-01 -7.364690e-02 -6.298903e-01
endloop
endfacet
facet normal 0 0 0
outer loop
vertex -3.568040e-01 1.130471e-01 -5.050700e-01
vertex -3.868145e-01 1.158272e-01 -4.734602e-01
vertex -3.507689e-01 1.309328e-01 -4.417714e-01
endloop
endfacet
facet normal 0 0 0
outer loop
vertex -1.427973e-01 1.516259e-02 -7.403433e-01
vertex -1.643668e-01 1.256264e-02 -7.177814e-01
vertex -1.557643e-01 1.937091e-02 -6.975996e-01
endloop
endfacet
facet normal 0 0 0
outer loop
vertex 6.704500e-02 -2.024363e-01 -3.373116e-01
vertex 5.812261e-02 -2.026003e-01 -3.791626e-01
vertex 6.467600e-02 -1.881993e-01 -3.604830e-01
endloop
endfacet
facet normal 0 0 0
outer loop
vertex 5.051739e-01 1.359310e-02 -1.672660e-01
vertex 4.906124e-01 -1.393965e-03 -1.428134e-01
vertex 5.168986e-01 -3.277338e-03 -1.619566e-01
endloop
endfacet
facet normal 0 0 0
outer loop
vertex -5.450571e-01 3.379569e-02 -2.695252e-01
vertex -5.234821e-01 6.119428e-02 -2.756374e-01
vertex -5.554615e-01 4.514360e-02 -2.936654e-01
endloop
endfacet
facet normal 0 0 0
outer loop
vertex -3.558810e-01 1.345048e-01 -3.972080e-01
vertex -3.490375e-01 1.372650e-01 -3.525328e-01
vertex -3.235410e-01 1.408221e-01 -3.825984e-01
endloop
endfacet
facet normal 0 0 0
outer loop
vertex -3.490375e-01 1.372650e-01 -3.525328e-01
vertex -3.026422e-01 1.437431e-01 -3.585677e-01
vertex -3.235410e-01 1.408221e-01 -3.825984e-01
endloop
endfacet
facet normal 0 0 0
outer loop
vertex 1.303470e-01 -1.041410e-03 -8.382699e-02
vertex 1.745977e-01 -1.469713e-03 -6.857406e-02
vertex 1.658556e-01 9.587741e-03 -8.694788e-02
endloop
endfacet
facet normal 0 0 0
outer loop
vertex 1.887443e-01 -1.251066e-02 -8.829346e-02
vertex 1.665541e-01 -1.586224e-02 -1.337782e-01
vertex 2.032489e-01 -1.721644e-02 -1.477018e-01
endloop
endfacet
facet normal 0 0 0
outer loop
vertex -1.838758e-02 -1.796971e-01 -4.277097e-01
vertex 1.399267e-02 -1.857417e-01 -4.266312e-01
vertex -5.579260e-03 -1.967762e-01 -4.268011e-01
endloop
endfacet
facet normal 0 0 0
outer loop
vertex 2.853375e-01 -2.750171e-02 -2.562050e-01
vertex 2.719920e-01 -1.175644e-02 -2.396470e-01
vertex 2.499982e-01 -4.184493e-02 -2.422335e-01
endloop
endfacet
facet normal 0 0 0
outer loop
vertex -2.286353e-01 -9.400649e-02 -8.984720e-02
vertex -1.883093e-01 -9.864218e-02 -8.734422e-02
vertex -2.208290e-01 -1.040675e-01 -6.313202e-02
endloop
endfacet
facet normal 0 0 0
outer loop
vertex 5.518830e-01 -9.484602e-04 -2.116811e-01
vertex 5.359889e-01 2.768615e-04 -1.805804e-01
vertex 5.466045e-01 -1.514794e-02 -2.182139e-01
endloop
endfacet
facet normal 0 0 0
outer loop
vertex 5.359889e-01 2.768615e-04 -1.805804e-01
vertex 5.518830e-01 -9.484602e-04 -2.116811e-01
vertex 5.492001e-01 1.347532e-02 -2.238009e-01
endloop
endfacet
facet normal 0 0 0
outer loop
vertex 5.662268e-02 -9.558220e-02 -2.148411e-01
vertex 7.958786e-02 -1.069958e-01 -2.476394e-01
vertex 1.094718e-01 -8.924168e-02 -2.235702e-01
endloop
endfacet
facet normal 0 0 0
outer loop
vertex 7.958786e-02 -1.069958e-01 -2.476394e-01
vertex 1.126607e-01 -1.053368e-01 -2.584976e-01
vertex 1.094718e-01 -8.924168e-02 -2.235702e-01
endloop
endfacet
facet normal 0 0 0
outer loop
vertex 5.635046e-01 1.337689e-02 -2.586868e-01
vertex 5.492001e-01 1.347532e-02 -2.238009e-01
vertex 5.687710e-01 -1.001230e-03 -2.437250e-01
endloop
endfacet
facet normal 0 0 0
outer loop
vertex 5.635046e-01 1.337689e-02 -2.586868e-01
vertex 5.394535e-01 2.347322e-02 -2.808069e-01
vertex 5.492001e-01 1.347532e-02 -2.238009e-01
endloop
endfacet
facet normal 0 0 0
outer loop
vertex -3.097382e-01 1.326335e-01 -4.674719e-01
vertex -3.215846e-01 1.368934e-01 -4.274482e-01
vertex -2.829253e-01 1.434704e-01 -4.128501e-01
endloop
endfacet
facet normal 0 0 0
outer loop
vertex 1.059225e-01 9.342596e-03 -1.126011e-01
vertex 1.410608e-01 1.044795e-02 -9.846193e-02
vertex 1.388361e-01 1.396605e-02 -1.340583e-01
endloop
endfacet
facet normal 0 0 0
outer loop
vertex -1.289732e-01 -1.278780e-02 -7.666470e-01
vertex -9.893560e-02 -1.788476e-02 -7.730960e-01
vertex -1.155913e-01 -2.436803e-02 -7.419583e-01
endloop
endfacet
facet normal 0 0 0
outer loop
vertex 9.070776e-02 -2.682344e-02 -6.390086e-01
vertex 5.851264e-02 -2.858849e-02 -6.678129e-01
vertex 8.560894e-02 -2.739900e-02 -6.836815e-01
endloop
endfacet
facet normal 0 0 0
outer loop
vertex 1.410608e-01 1.044795e-02 -9.846193e-02
vertex 1.683266e-01 1.301615e-02 -1.161191e-01
vertex 1.388361e-01 1.396605e-02 -1.340583e-01
endloop
endfacet
facet normal 0 0 0
outer loop
vertex 6.070321e-02 1.966361e-01 -3.021946e-01
vertex 3.675225e-02 1.972662e-01 -2.911557e-01
vertex 5.241687e-02 1.940480e-01 -2.791393e-01
endloop
endfacet
facet normal 0 0 0
outer loop
vertex 4.264367e-02 1.912448e-01 -2.585756e-01
vertex 3.675225e-02 1.972662e-01 -2.911557e-01
vertex 7.585142e-03 1.946223e-01 -2.919247e-01
endloop
endfacet
facet normal 0 0 0
outer loop
vertex -1.814286e-01 9.615132e-02 -4.700081e-02
vertex -2.158234e-01 9.904838e-02 -3.886914e-02
vertex -2.210086e-01 8.543000e-02 -6.911625e-02
endloop
endfacet
facet normal 0 0 0
outer loop
vertex 1.210900e-02 1.963148e-01 -4.262580e-01
vertex -3.023681e-03 1.809285e-01 -4.295580e-01
vertex -3.138721e-02 1.914185e-01 -4.232945e-01
endloop
endfacet
facet normal 0 0 0
outer loop
vertex 3.387400e-02 1.745850e-01 -2.412689e-01
vertex 3.343000e-03 1.679436e-01 -2.002230e-01
vertex -9.981303e-03 1.614841e-01 -2.357769e-01
endloop
endfacet
facet normal 0 0 0
outer loop
vertex -1.155913e-01 -2.436803e-02 -7.419583e-01
vertex -9.893560e-02 -1.788476e-02 -7.730960e-01
vertex -7.855131e-02 -2.731341e-02 -7.459082e-01
endloop
endfacet
facet normal 0 0 0
outer loop
vertex -5.024725e-01 9.419785e-02 -3.535594e-01
vertex -5.329396e-01 7.797696e-02 -3.673297e-01
vertex -5.017418e-01 9.055384e-02 -3.209063e-01
endloop
endfacet
facet normal 0 0 0
outer loop
vertex -2.022713e-02 1.620230e-01 -2.969289e-01
vertex -4.025667e-02 1.561905e-01 -2.654229e-01
vertex -5.231374e-02 1.576094e-01 -3.199300e-01
endloop
endfacet
facet normal 0 0 0
outer loop
vertex -6.035205e-02 1.046045e-01 -1.974889e-01
vertex -9.075478e-02 1.235896e-01 -2.239120e-01
vertex -8.691709e-02 9.333092e-02 -1.740494e-01
endloop
endfacet
facet normal 0 0 0
outer loop
vertex -8.036091e-02 -1.574791e-01 -3.838767e-02
vertex -2.319327e-02 -1.580310e-01 -3.943801e-02
vertex -4.723841e-02 -1.683188e-01 -1.051885e-02
endloop
endfacet
facet normal 0 0 0
outer loop
vertex 2.003500e-01 8.914508e-03 -7.772366e-02
vertex 2.184250e-01 -3.453852e-03 -6.592014e-02
vertex 2.332722e-01 7.190290e-03 -7.260901e-02
endloop
endfacet
facet normal 0 0 0
outer loop
vertex -4.360179e-01 -1.184144e-01 -3.766435e-01
vertex -4.471000e-01 -1.133424e-01 -4.070638e-01
vertex -4.334569e-01 -1.386331e-01 -4.088488e-01
endloop
endfacet
facet normal 0 0 0
outer loop
vertex 2.221375e-02 2.020208e-01 -3.895364e-01
vertex -9.827255e-03 1.984580e-01 -3.952837e-01
vertex 2.051240e-03 1.986802e-01 -3.550496e-01
endloop
endfacet
facet normal 0 0 0
outer loop
vertex 8.701900e-02 -1.085511e-02 -7.412280e-01
vertex 6.272247e-02 -5.163597e-04 -7.700047e-01
vertex 9.391801e-02 -5.591900e-04 -7.393070e-01
endloop
endfacet
facet normal 0 0 0
outer loop
vertex -5.691063e-03 -2.593364e-02 -7.610494e-01
vertex 2.994408e-02 -2.745514e-02 -7.414701e-01
vertex -2.045958e-03 -2.964773e-02 -7.267708e-01
endloop
endfacet
facet normal 0 0 0
outer loop
vertex 1.232242e-02 -1.600667e-02 -7.812851e-01
vertex 2.994408e-02 -2.745514e-02 -7.414701e-01
vertex -5.691063e-03 -2.593364e-02 -7.610494e-01
endloop
endfacet
facet normal 0 0 0
outer loop
vertex -1.011444e-01 -1.336713e-01 -3.384117e-02
vertex -1.349920e-01 -1.233886e-01 -5.070299e-02
vertex -1.358187e-01 -1.380792e-01 -2.662407e-02
endloop
endfacet
facet normal 0 0 0
outer loop
vertex -1.349920e-01 -1.233886e-01 -5.070299e-02
vertex -1.011444e-01 -1.336713e-01 -3.384117e-02
vertex -1.197133e-01 -1.204509e-01 -5.742937e-02
endloop
endfacet
facet normal 0 0 0
outer loop
vertex -1.197133e-01 -1.204509e-01 -5.742937e-02
vertex -1.011444e-01 -1.336713e-01 -3.384117e-02
vertex -9.150293e-02 -1.241368e-01 -5.434793e-02
endloop
endfacet
facet normal 0 0 0
outer loop
vertex 3.505356e-02 1.758814e-01 -3.340900e-01
vertex 5.150511e-02 1.812209e-01 -2.856631e-01
vertex 1.651444e-02 1.695580e-01 -2.846324e-01
endloop
endfacet
facet normal 0 0 0
outer loop
vertex -4.737754e-01 -9.678894e-02 -2.854089e-01
vertex -4.632283e-01 -1.085632e-01 -3.213402e-01
vertex -4.344359e-01 -1.132110e-01 -2.904463e-01
endloop
endfacet
facet normal 0 0 0
outer loop
vertex -1.973492e-01 -8.400043e-03 -6.560386e-01
vertex -2.017595e-01 -5.038828e-02 -6.424504e-01
vertex -2.268491e-01 -2.505427e-04 -6.484461e-01
endloop
endfacet
facet normal 0 0 0
outer loop
vertex -2.017595e-01 -5.038828e-02 -6.424504e-01
vertex -2.384817e-01 -4.101358e-02 -6.410275e-01
vertex -2.268491e-01 -2.505427e-04 -6.484461e-01
endloop
endfacet
facet normal 0 0 0
outer loop
vertex -1.547306e-01 -2.341485e-02 -6.896451e-01
vertex -1.763855e-01 -2.091691e-02 -6.534550e-01
vertex -1.844534e-01 -1.286734e-02 -6.811430e-01
endloop
endfacet
facet normal 0 0 0
outer loop
vertex -1.763855e-01 -2.091691e-02 -6.534550e-01
vertex -1.973492e-01 -8.400043e-03 -6.560386e-01
vertex -1.844534e-01 -1.286734e-02 -6.811430e-01
endloop
endfacet
facet normal 0 0 0
outer loop
vertex -5.730635e-01 4.402658e-02 -3.675867e-01
vertex -5.689629e-01 2.524236e-02 -4.099460e-01
vertex -5.882509e-01 1.356062e-02 -3.721665e-01
endloop
endfacet
facet normal 0 0 0
outer loop
vertex -4.924915e-01 -9.783880e-02 -4.123112e-01
vertex -4.943543e-01 -8.204633e-02 -4.588708e-01
vertex -4.661137e-01 -1.005014e-01 -4.469071e-01
endloop
endfacet
facet normal 0 0 0
outer loop
vertex -4.943543e-01 -8.204633e-02 -4.588708e-01
vertex -4.578747e-01 -9.134533e-02 -4.800195e-01
vertex -4.661137e-01 -1.005014e-01 -4.469071e-01
endloop
endfacet
facet normal 0 0 0
outer loop
vertex 1.110768e-01 -5.939478e-02 -5.641258e-01
vertex 4.641080e-02 -3.400400e-02 -6.135557e-01
vertex 9.763395e-02 -2.602704e-02 -5.945931e-01
endloop
endfacet
facet normal 0 0 0
outer loop
vertex -3.701669e-01 1.471340e-01 -3.857589e-01
vertex -3.558810e-01 1.345048e-01 -3.972080e-01
vertex -3.578848e-01 1.507680e-01 -4.132023e-01
endloop
endfacet
facet normal 0 0 0
outer loop
vertex 4.681800e-02 1.851978e-01 -3.959560e-01
vertex 7.704058e-03 1.755169e-01 -4.049698e-01
vertex 2.674625e-02 1.853754e-01 -4.195196e-01
endloop
endfacet
facet normal 0 0 0
outer loop
vertex 4.769390e-01 1.042953e-02 -1.453540e-01
vertex 5.051739e-01 1.359310e-02 -1.672660e-01
vertex 4.639782e-01 1.994223e-02 -1.857965e-01
endloop
endfacet
facet normal 0 0 0
outer loop
vertex -3.492014e-02 -1.467333e-01 -6.851039e-02
vertex -7.976548e-02 -1.241965e-01 -1.089675e-01
vertex -2.493100e-02 -1.275223e-01 -9.787199e-02
endloop
endfacet
facet normal 0 0 0
outer loop
vertex -1.954288e-01 1.602084e-02 -6.514161e-01
vertex -2.243186e-01 3.878608e-02 -6.428228e-01
vertex -1.835859e-01 4.011979e-02 -6.472011e-01
endloop
endfacet
facet normal 0 0 0
outer loop
vertex -1.968554e-01 7.321162e-02 -6.251435e-01
vertex -1.835859e-01 4.011979e-02 -6.472011e-01
vertex -2.243186e-01 3.878608e-02 -6.428228e-01
endloop
endfacet
facet normal 0 0 0
outer loop
vertex -1.054795e-02 -1.657181e-01 -2.838483e-01
vertex 7.085718e-03 -1.678389e-01 -2.126871e-01
vertex 3.431053e-02 -1.762517e-01 -2.438556e-01
endloop
endfacet
facet normal 0 0 0
outer loop
vertex -2.017338e-02 1.589876e-01 -1.965272e-01
vertex -3.128200e-02 1.656758e-01 -1.873720e-01
vertex -6.919200e-02 1.526394e-01 -1.946300e-01
endloop
endfacet
facet normal 0 0 0
outer loop
vertex 6.778062e-02 2.009532e-01 -3.445657e-01
vertex 3.706551e-02 2.025638e-01 -3.624171e-01
vertex 3.286200e-02 2.005692e-01 -3.244757e-01
endloop
endfacet
facet normal 0 0 0
outer loop
vertex 3.706551e-02 2.025638e-01 -3.624171e-01
vertex 2.051240e-03 1.986802e-01 -3.550496e-01
vertex 3.286200e-02 2.005692e-01 -3.244757e-01
endloop
endfacet
facet normal 0 0 0
outer loop
vertex -1.481748e-01 -9.909885e-02 -1.546065e-01
vertex -1.817350e-01 -9.318027e-02 -1.496120e-01
vertex -1.733488e-01 -1.227884e-01 -2.037840e-01
endloop
endfacet
facet normal 0 0 0
outer loop
vertex -1.481748e-01 -9.909885e-02 -1.546065e-01
vertex -1.763041e-01 -1.019207e-01 -1.266884e-01
vertex -1.817350e-01 -9.318027e-02 -1.496120e-01
endloop
endfacet
facet normal 0 0 0
outer loop
vertex -1.763041e-01 -1.019207e-01 -1.266884e-01
vertex -1.481748e-01 -9.909885e-02 -1.546065e-01
vertex -1.573350e-01 -1.144015e-01 -1.127588e-01
endloop
endfacet
facet normal 0 0 0
outer loop
vertex 1.887443e-01 -1.251066e-02 -8.829346e-02
vertex 1.745977e-01 -1.469713e-03 -6.857406e-02
vertex 1.453484e-01 -1.059292e-02 -9.279194e-02
endloop
endfacet
facet normal 0 0 0
outer loop
vertex -8.104294e-02 -1.062647e-01 -9.137251e-02
vertex -9.150293e-02 -1.241368e-01 -5.434793e-02
vertex -6.172904e-02 -1.300019e-01 -4.734558e-02
endloop
endfacet
facet normal 0 0 0
outer loop
vertex 6.642000e-02 1.872360e-01 -3.573850e-01
vertex 4.681800e-02 1.851978e-01 -3.959560e-01
vertex 5.702100e-02 2.008637e-01 -3.813230e-01
endloop
endfacet
facet normal 0 0 0
outer loop
vertex -9.981303e-03 1.614841e-01 -2.357769e-01
vertex 3.343000e-03 1.679436e-01 -2.002230e-01
vertex -2.017338e-02 1.589876e-01 -1.965272e-01
endloop
endfacet
facet normal 0 0 0
outer loop
vertex -3.937588e-01 -1.222529e-01 -2.796989e-01
vertex -3.259383e-01 -1.368594e-01 -2.857026e-01
vertex -3.689120e-01 -1.100039e-01 -2.303590e-01
endloop
endfacet
facet normal 0 0 0
outer loop
vertex -1.358187e-01 -1.380792e-01 -2.662407e-02
vertex -1.264016e-01 -1.563850e-01 -2.201389e-02
vertex -1.079110e-01 -1.620480e-01 -7.954000e-03
endloop
endfacet
facet normal 0 0 0
outer loop
vertex 1.672198e-01 -9.406760e-02 -2.625626e-01
vertex 2.056244e-01 -8.355649e-02 -2.682035e-01
vertex 2.107550e-01 -6.029533e-02 -2.347068e-01
endloop
endfacet
facet normal 0 0 0
outer loop
vertex 8.539394e-03 -2.013985e-01 -3.464968e-01
vertex 1.619686e-02 -2.010155e-01 -3.220443e-01
vertex -1.144101e-02 -1.961464e-01 -3.097918e-01
endloop
endfacet
facet normal 0 0 0
outer loop
vertex -1.144101e-02 -1.961464e-01 -3.097918e-01
vertex 1.619686e-02 -2.010155e-01 -3.220443e-01
vertex 2.382986e-02 -1.986586e-01 -2.905791e-01
endloop
endfacet
facet normal 0 0 0
outer loop
vertex -2.105165e-02 -1.414587e-01 -4.379035e-02
vertex -2.319327e-02 -1.580310e-01 -3.943801e-02
vertex -1.720968e-02 -1.415008e-01 -6.188897e-02
endloop
endfacet
facet normal 0 0 0
outer loop
vertex -3.909072e-01 1.162722e-01 -2.633851e-01
vertex -3.610299e-01 1.176868e-01 -2.485876e-01
vertex -3.475832e-01 1.323733e-01 -2.933976e-01
endloop
endfacet
facet normal 0 0 0
outer loop
vertex -2.244000e-02 1.554431e-01 -3.825399e-02
vertex -4.243249e-02 1.651073e-01 -1.632356e-02
vertex -2.622000e-02 1.469442e-01 -2.962101e-02
endloop
endfacet
facet normal 0 0 0
outer loop
vertex -6.071528e-03 1.890392e-01 -2.585465e-01
vertex -5.483210e-02 1.831118e-01 -2.846336e-01
vertex -8.384880e-02 1.745421e-01 -2.503051e-01
endloop
endfacet
facet normal 0 0 0
outer loop
vertex -6.331746e-02 -1.720902e-01 -1.961177e-01
vertex -3.503775e-02 -1.736569e-01 -1.887726e-01
vertex -3.602100e-02 -1.613993e-01 -1.889670e-01
endloop
endfacet
facet normal 0 0 0
outer loop
vertex -4.025667e-02 1.561905e-01 -2.654229e-01
vertex -8.326021e-02 1.469754e-01 -2.390672e-01
vertex -1.113460e-01 1.418459e-01 -2.711390e-01
endloop
endfacet
facet normal 0 0 0
outer loop
vertex -8.326021e-02 1.469754e-01 -2.390672e-01
vertex -4.025667e-02 1.561905e-01 -2.654229e-01
vertex -4.481623e-02 1.535528e-01 -2.248799e-01
endloop
endfacet
facet normal 0 0 0
outer loop
vertex -2.048660e-01 1.169482e-01 -2.220500e-02
vertex -1.844314e-01 1.216922e-01 -2.401980e-02
vertex -1.959218e-01 1.128241e-01 -4.379358e-02
endloop
endfacet
facet normal 0 0 0
outer loop
vertex -1.844314e-01 1.216922e-01 -2.401980e-02
vertex -1.704932e-01 1.230061e-01 -2.637151e-02
vertex -1.959218e-01 1.128241e-01 -4.379358e-02
endloop
endfacet
facet normal 0 0 0
outer loop
vertex 5.953649e-01 -2.866664e-05 -4.140588e-01
vertex 5.902766e-01 -1.270932e-02 -3.699898e-01
vertex 5.830391e-01 -1.859976e-02 -4.046411e-01
endloop
endfacet
facet normal 0 0 0
outer loop
vertex 5.830391e-01 -1.859976e-02 -4.046411e-01
vertex 5.765951e-01 -2.346338e-02 -4.363726e-01
vertex 5.953649e-01 -2.866664e-05 -4.140588e-01
endloop
endfacet
facet normal 0 0 0
outer loop
vertex 5.902766e-01 -1.270932e-02 -3.699898e-01
vertex 5.643425e-01 -2.594357e-02 -3.885724e-01
vertex 5.830391e-01 -1.859976e-02 -4.046411e-01
endloop
endfacet
facet normal 0 0 0
outer loop
vertex 5.301246e-02 1.158505e-01 -2.641844e-01
vertex 2.825094e-02 1.062971e-01 -2.279021e-01
vertex 8.390955e-02 7.712834e-02 -2.020773e-01
endloop
endfacet
facet normal 0 0 0
outer loop
vertex -3.628035e-01 -1.368597e-01 -3.436183e-01
vertex -3.138045e-01 -1.453719e-01 -3.486900e-01
vertex -3.259383e-01 -1.368594e-01 -2.857026e-01
endloop
endfacet
facet normal 0 0 0
outer loop
vertex 5.061344e-01 -1.698953e-02 -1.738383e-01
vertex 5.168986e-01 -3.277338e-03 -1.619566e-01
vertex 4.906124e-01 -1.393965e-03 -1.428134e-01
endloop
endfacet
facet normal 0 0 0
outer loop
vertex -3.712197e-01 -1.323233e-01 -3.071709e-01
vertex -3.628035e-01 -1.368597e-01 -3.436183e-01
vertex -3.259383e-01 -1.368594e-01 -2.857026e-01
endloop
endfacet
facet normal 0 0 0
outer loop
vertex -5.031666e-01 2.636189e-02 -2.360124e-01
vertex -5.396153e-01 2.273223e-03 -2.571191e-01
vertex -5.132651e-01 -3.774399e-02 -2.455257e-01
endloop
endfacet
facet normal 0 0 0
outer loop
vertex -4.797810e-01 2.079918e-03 -2.217025e-01
vertex -5.031666e-01 2.636189e-02 -2.360124e-01
vertex -5.132651e-01 -3.774399e-02 -2.455257e-01
endloop
endfacet
facet normal 0 0 0
outer loop
vertex 4.013402e-01 1.529243e-02 -2.013805e-01
vertex 3.785388e-01 1.789765e-02 -2.310145e-01
vertex 3.742715e-01 4.805779e-03 -2.058986e-01
endloop
endfacet
facet normal 0 0 0
outer loop
vertex 1.176004e-01 -1.154363e-01 -3.071515e-01
vertex 1.664219e-01 -1.065598e-01 -3.117251e-01
vertex 1.405696e-01 -1.060874e-01 -2.797982e-01
endloop
endfacet
facet normal 0 0 0
outer loop
vertex 1.405696e-01 -1.060874e-01 -2.797982e-01
vertex 1.126607e-01 -1.053368e-01 -2.584976e-01
vertex 1.176004e-01 -1.154363e-01 -3.071515e-01
endloop
endfacet
facet normal 0 0 0
outer loop
vertex -7.511500e-02 9.642940e-03 -7.896140e-01
vertex -8.215065e-02 2.416304e-02 -7.501432e-01
vertex -4.842968e-02 2.178180e-02 -7.690666e-01
endloop
endfacet
facet normal 0 0 0
outer loop
vertex -1.835859e-01 4.011979e-02 -6.472011e-01
vertex -1.968554e-01 7.321162e-02 -6.251435e-01
vertex -1.527539e-01 6.370974e-02 -6.364423e-01
endloop
endfacet
facet normal 0 0 0
outer loop
vertex 7.958786e-02 -1.069958e-01 -2.476394e-01
vertex 5.662268e-02 -9.558220e-02 -2.148411e-01
vertex 4.252949e-02 -1.171672e-01 -2.561117e-01
endloop
endfacet
facet normal 0 0 0
outer loop
vertex 8.483811e-02 -1.164901e-01 -2.809297e-01
vertex 1.126607e-01 -1.053368e-01 -2.584976e-01
vertex 7.958786e-02 -1.069958e-01 -2.476394e-01
endloop
endfacet
facet normal 0 0 0
outer loop
vertex -5.554615e-01 4.514360e-02 -2.936654e-01
vertex -5.234821e-01 6.119428e-02 -2.756374e-01
vertex -5.263907e-01 7.189000e-02 -3.015242e-01
endloop
endfacet
facet normal 0 0 0
outer loop
vertex 6.704500e-02 -2.024363e-01 -3.373116e-01
vertex 5.847800e-02 -1.844273e-01 -2.988800e-01
vertex 5.942600e-02 -1.983498e-01 -2.980530e-01
endloop
endfacet
facet normal 0 0 0
outer loop
vertex 1.117149e-01 -1.668489e-02 -6.749721e-01
vertex 9.070776e-02 -2.682344e-02 -6.390086e-01
vertex 8.560894e-02 -2.739900e-02 -6.836815e-01
endloop
endfacet
facet normal 0 0 0
outer loop
vertex 1.966439e-01 2.795900e-02 -5.822619e-01
vertex 2.118495e-01 2.754124e-02 -5.232955e-01
vertex 2.507072e-01 2.738625e-02 -5.821171e-01
endloop
endfacet
facet normal 0 0 0
outer loop
vertex 3.015119e-02 -2.040014e-01 -3.674283e-01
vertex 8.539394e-03 -2.013985e-01 -3.464968e-01
vertex -7.438073e-03 -2.006002e-01 -3.922248e-01
endloop
endfacet
facet normal 0 0 0
outer loop
vertex -3.830581e-01 1.271393e-01 -3.067807e-01
vertex -4.314623e-01 1.126605e-01 -2.941845e-01
vertex -3.909072e-01 1.162722e-01 -2.633851e-01
endloop
endfacet
facet normal 0 0 0
outer loop
vertex 2.907604e-01 1.905682e-02 -4.569308e-01
vertex 3.116097e-01 8.322993e-03 -4.600946e-01
vertex 3.114426e-01 2.222509e-02 -4.772175e-01
endloop
endfacet
facet normal 0 0 0
outer loop
vertex -1.862201e-01 -2.213451e-03 -1.271912e-01
vertex -2.143070e-01 -3.289014e-02 -1.322671e-01
vertex -1.588043e-01 -4.068649e-02 -1.276247e-01
endloop
endfacet
facet normal 0 0 0
outer loop
vertex -1.867231e-01 -6.557076e-02 -1.340480e-01
vertex -1.588043e-01 -4.068649e-02 -1.276247e-01
vertex -2.143070e-01 -3.289014e-02 -1.322671e-01
endloop
endfacet
facet normal 0 0 0
outer loop
vertex -4.481623e-02 1.535528e-01 -2.248799e-01
vertex -2.017338e-02 1.589876e-01 -1.965272e-01
vertex -6.919200e-02 1.526394e-01 -1.946300e-01
endloop
endfacet
facet normal 0 0 0
outer loop
vertex -6.035205e-02 1.046045e-01 -1.974889e-01
vertex -3.030959e-02 1.155054e-01 -2.263040e-01
vertex -9.075478e-02 1.235896e-01 -2.239120e-01
endloop
endfacet
facet normal 0 0 0
outer loop
vertex -8.326021e-02 1.469754e-01 -2.390672e-01
vertex -4.481623e-02 1.535528e-01 -2.248799e-01
vertex -6.919200e-02 1.526394e-01 -1.946300e-01
endloop
endfacet
facet normal 0 0 0
outer loop
vertex -4.737058e-01 8.339938e-02 -2.597753e-01
vertex -4.932953e-01 6.064885e-02 -2.470250e-01
vertex -4.456351e-01 7.586902e-02 -2.289064e-01
endloop
endfacet
facet normal 0 0 0
outer loop
vertex 9.391801e-02 -5.591900e-04 -7.393070e-01
vertex 6.272247e-02 -5.163597e-04 -7.700047e-01
vertex 6.478025e-02 1.721840e-02 -7.491038e-01
endloop
endfacet
facet normal 0 0 0
outer loop
vertex -1.853009e-01 -9.105502e-02 -6.370813e-02
vertex -1.894467e-01 -1.107895e-01 -1.691164e-02
vertex -1.454683e-01 -1.098117e-01 -4.240586e-02
endloop
endfacet
facet normal 0 0 0
outer loop
vertex -1.454683e-01 -1.098117e-01 -4.240586e-02
vertex -1.894467e-01 -1.107895e-01 -1.691164e-02
vertex -1.582849e-01 -1.192440e-01 -2.642999e-02
endloop
endfacet
facet normal 0 0 0
outer loop
vertex -5.042661e-01 8.621170e-02 -4.286543e-01
vertex -5.314450e-01 6.821457e-02 -4.231856e-01
vertex -5.329396e-01 7.797696e-02 -3.673297e-01
endloop
endfacet
facet normal 0 0 0
outer loop
vertex -3.602100e-02 -1.613993e-01 -1.889670e-01
vertex -3.503775e-02 -1.736569e-01 -1.887726e-01
vertex -6.845356e-03 -1.735358e-01 -1.927156e-01
endloop
endfacet
facet normal 0 0 0
outer loop
vertex 5.829880e-01 -1.234588e-02 -3.112220e-01
vertex 5.489309e-01 -2.531025e-02 -3.052180e-01
vertex 5.625127e-01 -2.527590e-02 -3.436776e-01
endloop
endfacet
facet normal 0 0 0
outer loop
vertex 4.671807e-02 -1.263608e-01 -4.139890e-01
vertex 1.975489e-03 -1.331296e-01 -4.066026e-01
vertex 2.872004e-02 -1.233963e-01 -4.544968e-01
endloop
endfacet
facet normal 0 0 0
outer loop
vertex 6.033900e-02 -1.247268e-01 -3.097931e-01
vertex 4.252949e-02 -1.171672e-01 -2.561117e-01
vertex 2.004817e-03 -1.340489e-01 -3.114373e-01
endloop
endfacet
facet normal 0 0 0
outer loop
vertex 1.229235e-01 3.555340e-03 -6.613496e-01
vertex 1.145360e-01 -2.015139e-03 -6.976966e-01
vertex 1.113928e-01 1.258986e-02 -6.899703e-01
endloop
endfacet
facet normal 0 0 0
outer loop
vertex -7.511500e-02 9.642940e-03 -7.896140e-01
vertex -5.010736e-02 1.295587e-02 -7.898754e-01
vertex -5.026412e-02 -3.044841e-04 -7.985246e-01
endloop
endfacet
facet normal 0 0 0
outer loop
vertex -5.450571e-01 3.379569e-02 -2.695252e-01
vertex -5.221254e-01 3.859061e-02 -2.530293e-01
vertex -5.234821e-01 6.119428e-02 -2.756374e-01
endloop
endfacet
facet normal 0 0 0
outer loop
vertex 2.584565e-01 6.466372e-02 -2.814554e-01
vertex 2.862801e-01 3.190652e-02 -2.623798e-01
vertex 3.196981e-01 5.051423e-02 -3.072197e-01
endloop
endfacet
facet normal 0 0 0
outer loop
vertex -1.191812e-01 -2.733070e-02 -6.956986e-01
vertex -9.468384e-02 -2.913242e-02 -6.550594e-01
vertex -1.386105e-01 -3.244620e-02 -6.540845e-01
endloop
endfacet
facet normal 0 0 0
outer loop
vertex -9.468384e-02 -2.913242e-02 -6.550594e-01
vertex -1.084001e-01 -5.963551e-02 -6.407586e-01
vertex -1.386105e-01 -3.244620e-02 -6.540845e-01
endloop
endfacet
facet normal 0 0 0
outer loop
vertex -4.924915e-01 -9.783880e-02 -4.123112e-01
vertex -4.661137e-01 -1.005014e-01 -4.469071e-01
vertex -4.471000e-01 -1.133424e-01 -4.070638e-01
endloop
endfacet
facet normal 0 0 0
outer loop
vertex -1.845745e-01 -1.402885e-01 -4.790080e-01
vertex -2.383229e-01 -1.472250e-01 -4.345407e-01
vertex -2.748635e-01 -1.357211e-01 -4.829291e-01
endloop
endfacet
facet normal 0 0 0
outer loop
vertex -4.344359e-01 -1.132110e-01 -2.904463e-01
vertex -4.004381e-01 -1.280682e-01 -3.329966e-01
vertex -3.937588e-01 -1.222529e-01 -2.796989e-01
endloop
endfacet
facet normal 0 0 0
outer loop
vertex -9.349500e-02 -9.572600e-04 -7.899290e-01
vertex -5.026412e-02 -3.044841e-04 -7.985246e-01
vertex -6.703400e-02 -1.210861e-02 -7.910250e-01
endloop
endfacet
facet normal 0 0 0
outer loop
vertex -2.819487e-01 -5.713479e-02 -6.243545e-01
vertex -3.298123e-01 -2.028929e-02 -6.198755e-01
vertex -2.768369e-01 -1.543113e-02 -6.376313e-01
endloop
endfacet
facet normal 0 0 0
outer loop
vertex 5.359889e-01 2.768615e-04 -1.805804e-01
vertex 5.051739e-01 1.359310e-02 -1.672660e-01
vertex 5.168986e-01 -3.277338e-03 -1.619566e-01
endloop
endfacet
facet normal 0 0 0
outer loop
vertex 6.704500e-02 -2.024363e-01 -3.373116e-01
vertex 6.467600e-02 -1.881993e-01 -3.604830e-01
vertex 6.704500e-02 -1.877675e-01 -3.312226e-01
endloop
endfacet
facet normal 0 0 0
outer loop
vertex -1.840377e-01 2.162375e-03 -6.916398e-01
vertex -1.954288e-01 1.602084e-02 -6.514161e-01
vertex -1.557643e-01 1.937091e-02 -6.975996e-01
endloop
endfacet
facet normal 0 0 0
outer loop
vertex -1.643668e-01 1.256264e-02 -7.177814e-01
vertex -1.840377e-01 2.162375e-03 -6.916398e-01
vertex -1.557643e-01 1.937091e-02 -6.975996e-01
endloop
endfacet
facet normal 0 0 0
outer loop
vertex -1.592767e-01 2.120068e-02 -6.555231e-01
vertex -1.954288e-01 1.602084e-02 -6.514161e-01
vertex -1.835859e-01 4.011979e-02 -6.472011e-01
endloop
endfacet
facet normal 0 0 0
outer loop
vertex 5.687710e-01 -1.001230e-03 -2.437250e-01
vertex 5.466045e-01 -1.514794e-02 -2.182139e-01
vertex 5.554584e-01 -1.867409e-02 -2.553374e-01
endloop
endfacet
facet normal 0 0 0
outer loop
vertex 5.296687e-01 -2.672946e-02 -2.691136e-01
vertex 5.554584e-01 -1.867409e-02 -2.553374e-01
vertex 5.466045e-01 -1.514794e-02 -2.182139e-01
endloop
endfacet
facet normal 0 0 0
outer loop
vertex -4.113174e-01 -3.235632e-02 -5.784969e-01
vertex -4.089985e-01 7.618684e-03 -5.831019e-01
vertex -3.633352e-01 1.392409e-02 -6.061810e-01
endloop
endfacet
facet normal 0 0 0
outer loop
vertex -3.953165e-01 4.328121e-02 -5.807031e-01
vertex -3.633352e-01 1.392409e-02 -6.061810e-01
vertex -4.089985e-01 7.618684e-03 -5.831019e-01
endloop
endfacet
facet normal 0 0 0
outer loop
vertex 5.795536e-01 1.677753e-02 -4.286537e-01
vertex 5.457958e-01 2.487334e-02 -4.428243e-01
vertex 5.573682e-01 2.496679e-02 -3.993858e-01
endloop
endfacet
facet normal 0 0 0
outer loop
vertex -4.648624e-02 1.192117e-01 -7.057089e-02
vertex -9.689278e-02 1.092305e-01 -7.990175e-02
vertex -7.008828e-02 9.893665e-02 -1.055904e-01
endloop
endfacet
facet normal 0 0 0
outer loop
vertex -2.484400e-02 1.147283e-01 -9.474102e-02
vertex -4.648624e-02 1.192117e-01 -7.057089e-02
vertex -7.008828e-02 9.893665e-02 -1.055904e-01
endloop
endfacet
facet normal 0 0 0
outer loop
vertex -5.042661e-01 8.621170e-02 -4.286543e-01
vertex -5.015964e-01 5.510868e-02 -4.855452e-01
vertex -5.288217e-01 5.353285e-02 -4.543998e-01
endloop
endfacet
facet normal 0 0 0
outer loop
vertex -5.840364e-01 -1.680666e-02 -3.827638e-01
vertex -5.957820e-01 -1.237842e-02 -3.470050e-01
vertex -5.882509e-01 1.356062e-02 -3.721665e-01
endloop
endfacet
facet normal 0 0 0
outer loop
vertex 5.061344e-01 -1.698953e-02 -1.738383e-01
vertex 4.688471e-01 -1.929553e-02 -1.684951e-01
vertex 4.740689e-01 -2.373826e-02 -2.016764e-01
endloop
endfacet
facet normal 0 0 0
outer loop
vertex -1.056099e-01 1.488286e-01 -4.837767e-02
vertex -4.510327e-02 1.526844e-01 -5.214415e-02
vertex -7.287011e-02 1.368411e-01 -8.208800e-02
endloop
endfacet
facet normal 0 0 0
outer loop
vertex 2.071400e-01 -1.714735e-02 -6.322219e-01
vertex 2.548542e-01 -3.002024e-02 -5.790634e-01
vertex 1.901700e-01 -2.808746e-02 -5.937757e-01
endloop
endfacet
facet normal 0 0 0
outer loop
vertex -7.287011e-02 1.368411e-01 -8.208800e-02
vertex -4.510327e-02 1.526844e-01 -5.214415e-02
vertex -3.485331e-02 1.393868e-01 -7.964547e-02
endloop
endfacet
facet normal 0 0 0
outer loop
vertex -7.856723e-02 -1.673903e-01 -1.612650e-03
vertex -1.079110e-01 -1.620480e-01 -7.954000e-03
vertex -8.036091e-02 -1.574791e-01 -3.838767e-02
endloop
endfacet
facet normal 0 0 0
outer loop
vertex 1.522300e-02 -1.834628e-01 -2.120920e-01
vertex 7.085718e-03 -1.678389e-01 -2.126871e-01
vertex -6.845356e-03 -1.735358e-01 -1.927156e-01
endloop
endfacet
facet normal 0 0 0
outer loop
vertex 3.532430e-01 -9.183848e-04 -5.603070e-01
vertex 3.231043e-01 1.468954e-02 -5.831525e-01
vertex 3.412700e-01 1.725502e-02 -5.524150e-01
endloop
endfacet
facet normal 0 0 0
outer loop
vertex -1.702432e-01 -4.126516e-02 -6.502387e-01
vertex -2.017595e-01 -5.038828e-02 -6.424504e-01
vertex -1.763855e-01 -2.091691e-02 -6.534550e-01
endloop
endfacet
facet normal 0 0 0
outer loop
vertex -2.017595e-01 -5.038828e-02 -6.424504e-01
vertex -1.973492e-01 -8.400043e-03 -6.560386e-01
vertex -1.763855e-01 -2.091691e-02 -6.534550e-01
endloop
endfacet
facet normal 0 0 0
outer loop
vertex -1.222479e-01 1.552116e-01 -1.789122e-02
vertex -1.376917e-01 1.375887e-01 -2.583336e-02
vertex -9.407000e-02 1.507793e-01 -3.183990e-03
endloop
endfacet
facet normal 0 0 0
outer loop
vertex 8.004710e-02 1.928263e-02 -7.268475e-01
vertex 9.391801e-02 -5.591900e-04 -7.393070e-01
vertex 6.478025e-02 1.721840e-02 -7.491038e-01
endloop
endfacet
facet normal 0 0 0
outer loop
vertex -2.109896e-01 -1.032181e-01 -2.970819e-02
vertex -1.853009e-01 -9.105502e-02 -6.370813e-02
vertex -2.204235e-01 -9.061320e-02 -6.072617e-02
endloop
endfacet
facet normal 0 0 0
outer loop
vertex -1.894467e-01 -1.107895e-01 -1.691164e-02
vertex -1.853009e-01 -9.105502e-02 -6.370813e-02
vertex -2.109896e-01 -1.032181e-01 -2.970819e-02
endloop
endfacet
facet normal 0 0 0
outer loop
vertex -2.484400e-02 1.147283e-01 -9.474102e-02
vertex -2.715900e-02 1.237075e-01 -1.027980e-01
vertex -1.975998e-02 1.298938e-01 -8.136007e-02
endloop
endfacet
facet normal 0 0 0
outer loop
vertex 4.207904e-03 -1.703551e-01 -3.247524e-01
vertex 2.509378e-02 -1.728768e-01 -2.905413e-01
vertex 3.525291e-02 -1.793855e-01 -3.353903e-01
endloop
endfacet
facet normal 0 0 0
outer loop
vertex -1.821512e-02 1.760837e-01 -1.944086e-01
vertex -4.905869e-02 1.702170e-01 -1.910760e-01
vertex -3.128200e-02 1.656758e-01 -1.873720e-01
endloop
endfacet
facet normal 0 0 0
outer loop
vertex 6.704500e-02 -1.877675e-01 -3.312226e-01
vertex 3.525291e-02 -1.793855e-01 -3.353903e-01
vertex 5.847800e-02 -1.844273e-01 -2.988800e-01
endloop
endfacet
facet normal 0 0 0
outer loop
vertex -1.355330e-01 9.160840e-02 -1.559210e-01
vertex -9.615956e-02 1.206092e-01 -1.114543e-01
vertex -9.412933e-02 9.939299e-02 -1.447666e-01
endloop
endfacet
facet normal 0 0 0
outer loop
vertex -4.424787e-01 1.141665e-01 -3.966346e-01
vertex -4.344663e-01 1.353142e-01 -4.099687e-01
vertex -4.523581e-01 1.094093e-01 -4.138654e-01
endloop
endfacet
facet normal 0 0 0
outer loop
vertex -5.042661e-01 8.621170e-02 -4.286543e-01
vertex -4.863220e-01 1.012065e-01 -3.829989e-01
vertex -4.523581e-01 1.094093e-01 -4.138654e-01
endloop
endfacet
facet normal 0 0 0
outer loop
vertex -1.573350e-01 -1.144015e-01 -1.127588e-01
vertex -1.678296e-01 -1.242627e-01 -7.733777e-02
vertex -1.796937e-01 -1.018457e-01 -1.057868e-01
endloop
endfacet
facet normal 0 0 0
outer loop
vertex -3.507689e-01 1.309328e-01 -4.417714e-01
vertex -3.558810e-01 1.345048e-01 -3.972080e-01
vertex -3.215846e-01 1.368934e-01 -4.274482e-01
endloop
endfacet
facet normal 0 0 0
outer loop
vertex -3.558810e-01 1.345048e-01 -3.972080e-01
vertex -3.507689e-01 1.309328e-01 -4.417714e-01
vertex -3.578848e-01 1.507680e-01 -4.132023e-01
endloop
endfacet
facet normal 0 0 0
outer loop
vertex -3.558810e-01 1.345048e-01 -3.972080e-01
vertex -3.235410e-01 1.408221e-01 -3.825984e-01
vertex -3.215846e-01 1.368934e-01 -4.274482e-01
endloop
endfacet
facet normal 0 0 0
outer loop
vertex -1.358187e-01 -1.380792e-01 -2.662407e-02
vertex -1.079110e-01 -1.620480e-01 -7.954000e-03
vertex -8.726849e-02 -1.511606e-01 -5.620174e-03
endloop
endfacet
facet normal 0 0 0
outer loop
vertex -1.011444e-01 -1.336713e-01 -3.384117e-02
vertex -1.358187e-01 -1.380792e-01 -2.662407e-02
vertex -8.726849e-02 -1.511606e-01 -5.620174e-03
endloop
endfacet
facet normal 0 0 0
outer loop
vertex 3.413586e-01 -1.076521e-03 -1.534560e-01
vertex 3.349574e-01 -1.814935e-03 -1.996513e-01
vertex 3.307000e-01 1.039337e-02 -1.810840e-01
endloop
endfacet
facet normal 0 0 0
outer loop
vertex 2.620854e-01 3.478057e-02 -2.477757e-01
vertex 2.862801e-01 3.190652e-02 -2.623798e-01
vertex 2.584565e-01 6.466372e-02 -2.814554e-01
endloop
endfacet
facet normal 0 0 0
outer loop
vertex -1.838758e-02 -1.796971e-01 -4.277097e-01
vertex -2.907446e-02 -1.687420e-01 -3.847138e-01
vertex 1.399267e-02 -1.857417e-01 -4.266312e-01
endloop
endfacet
facet normal 0 0 0
outer loop
vertex 1.115806e-01 -1.895963e-02 -1.582637e-01
vertex 1.665541e-01 -1.586224e-02 -1.337782e-01
vertex 1.037403e-01 -1.210846e-02 -1.183863e-01
endloop
endfacet
facet normal 0 0 0
outer loop
vertex 1.303470e-01 -1.041410e-03 -8.382699e-02
vertex 9.955400e-02 -1.041410e-03 -1.039500e-01
vertex 1.037403e-01 -1.210846e-02 -1.183863e-01
endloop
endfacet
facet normal 0 0 0
outer loop
vertex -5.017418e-01 9.055384e-02 -3.209063e-01
vertex -4.757598e-01 1.021254e-01 -3.457375e-01
vertex -5.024725e-01 9.419785e-02 -3.535594e-01
endloop
endfacet
facet normal 0 0 0
outer loop
vertex -2.017338e-02 1.589876e-01 -1.965272e-01
vertex 3.343000e-03 1.679436e-01 -2.002230e-01
vertex -3.128200e-02 1.656758e-01 -1.873720e-01
endloop
endfacet
facet normal 0 0 0
outer loop
vertex 4.740689e-01 -2.373826e-02 -2.016764e-01
vertex 4.688471e-01 -1.929553e-02 -1.684951e-01
vertex 4.311918e-01 -2.104087e-02 -1.968537e-01
endloop
endfacet
facet normal 0 0 0
outer loop
vertex 4.688471e-01 -1.929553e-02 -1.684951e-01
vertex 4.340194e-01 -1.218691e-02 -1.604405e-01
vertex 4.311918e-01 -2.104087e-02 -1.968537e-01
endloop
endfacet
facet normal 0 0 0
outer loop
vertex 3.829900e-01 -1.870444e-02 -4.395432e-01
vertex 4.258235e-01 -2.964383e-02 -3.797900e-01
vertex 3.718612e-01 -2.802488e-02 -3.853892e-01
endloop
endfacet
facet normal 0 0 0
outer loop
vertex -9.407000e-02 1.507793e-01 -3.183990e-03
vertex -5.099848e-02 1.524400e-01 -7.995527e-03
vertex -7.680497e-02 1.588763e-01 -1.536905e-05
endloop
endfacet
facet normal 0 0 0
outer loop
vertex 1.115806e-01 -1.895963e-02 -1.582637e-01
vertex 1.037403e-01 -1.210846e-02 -1.183863e-01
vertex 7.038158e-02 -1.012765e-02 -1.384780e-01
endloop
endfacet
facet normal 0 0 0
outer loop
vertex -4.107012e-01 1.233229e-01 -3.374259e-01
vertex -4.136908e-01 1.233165e-01 -3.708707e-01
vertex -4.469661e-01 1.145319e-01 -3.632944e-01
endloop
endfacet
facet normal 0 0 0
outer loop
vertex 4.808197e-01 -1.389589e-02 -1.511574e-01
vertex 4.688471e-01 -1.929553e-02 -1.684951e-01
vertex 5.061344e-01 -1.698953e-02 -1.738383e-01
endloop
endfacet
facet normal 0 0 0
outer loop
vertex -1.011444e-01 -1.336713e-01 -3.384117e-02
vertex -6.172904e-02 -1.300019e-01 -4.734558e-02
vertex -9.150293e-02 -1.241368e-01 -5.434793e-02
endloop
endfacet
facet normal 0 0 0
outer loop
vertex -2.105165e-02 -1.414587e-01 -4.379035e-02
vertex -6.172904e-02 -1.300019e-01 -4.734558e-02
vertex -4.676946e-02 -1.585544e-01 -7.764457e-03
endloop
endfacet
facet normal 0 0 0
outer loop
vertex -6.919200e-02 1.526394e-01 -1.946300e-01
vertex -3.128200e-02 1.656758e-01 -1.873720e-01
vertex -4.905869e-02 1.702170e-01 -1.910760e-01
endloop
endfacet
facet normal 0 0 0
outer loop
vertex -5.957820e-01 -1.237842e-02 -3.470050e-01
vertex -5.840364e-01 -1.680666e-02 -3.827638e-01
vertex -5.795643e-01 -4.123995e-02 -3.440883e-01
endloop
endfacet
facet normal 0 0 0
outer loop
vertex -1.928630e-01 -8.469792e-02 -1.305726e-01
vertex -2.101845e-01 -8.091070e-02 -1.436732e-01
vertex -1.817350e-01 -9.318027e-02 -1.496120e-01
endloop
endfacet
facet normal 0 0 0
outer loop
vertex 1.145360e-01 -2.015139e-03 -6.976966e-01
vertex 8.701900e-02 -1.085511e-02 -7.412280e-01
vertex 1.041710e-01 5.421595e-03 -7.156541e-01
endloop
endfacet
facet normal 0 0 0
outer loop
vertex 1.399267e-02 -1.857417e-01 -4.266312e-01
vertex 3.150500e-02 -2.010577e-01 -4.126080e-01
vertex -5.579260e-03 -1.967762e-01 -4.268011e-01
endloop
endfacet
facet normal 0 0 0
outer loop
vertex -1.222479e-01 1.552116e-01 -1.789122e-02
vertex -9.407000e-02 1.507793e-01 -3.183990e-03
vertex -7.881861e-02 1.664333e-01 -3.197713e-03
endloop
endfacet
facet normal 0 0 0
outer loop
vertex 2.465774e-01 1.266723e-02 -2.228087e-01
vertex 2.758227e-01 8.824783e-03 -2.431646e-01
vertex 2.620854e-01 3.478057e-02 -2.477757e-01
endloop
endfacet
facet normal 0 0 0
outer loop
vertex 2.758227e-01 8.824783e-03 -2.431646e-01
vertex 2.465774e-01 1.266723e-02 -2.228087e-01
vertex 2.695265e-01 1.688707e-02 -2.005685e-01
endloop
endfacet
facet normal 0 0 0
outer loop
vertex -4.374140e-01 -1.109513e-01 -4.482470e-01
vertex -4.399975e-01 -1.287465e-01 -4.274630e-01
vertex -4.471000e-01 -1.133424e-01 -4.070638e-01
endloop
endfacet
facet normal 0 0 0
outer loop
vertex -3.322935e-01 5.736773e-02 -6.041017e-01
vertex -3.953165e-01 4.328121e-02 -5.807031e-01
vertex -3.658017e-01 8.257261e-02 -5.608701e-01
endloop
endfacet
facet normal 0 0 0
outer loop
vertex 4.340194e-01 -1.218691e-02 -1.604405e-01
vertex 3.854640e-01 -1.185404e-02 -1.990880e-01
vertex 4.311918e-01 -2.104087e-02 -1.968537e-01
endloop
endfacet
facet normal 0 0 0
outer loop
vertex -3.298123e-01 -2.028929e-02 -6.198755e-01
vertex -3.633352e-01 1.392409e-02 -6.061810e-01
vertex -2.891589e-01 2.357653e-02 -6.325408e-01
endloop
endfacet
facet normal 0 0 0
outer loop
vertex 2.674625e-02 1.853754e-01 -4.195196e-01
vertex 7.704058e-03 1.755169e-01 -4.049698e-01
vertex -3.023681e-03 1.809285e-01 -4.295580e-01
endloop
endfacet
facet normal 0 0 0
outer loop
vertex 5.765951e-01 -2.346338e-02 -4.363726e-01
vertex 5.876719e-01 -2.036263e-03 -4.625486e-01
vertex 5.953649e-01 -2.866664e-05 -4.140588e-01
endloop
endfacet
facet normal 0 0 0
outer loop
vertex -5.314450e-01 6.821457e-02 -4.231856e-01
vertex -5.288217e-01 5.353285e-02 -4.543998e-01
vertex -5.462902e-01 4.863121e-02 -4.294907e-01
endloop
endfacet
facet normal 0 0 0
outer loop
vertex -5.314450e-01 6.821457e-02 -4.231856e-01
vertex -5.495418e-01 5.831305e-02 -4.038034e-01
vertex -5.329396e-01 7.797696e-02 -3.673297e-01
endloop
endfacet
facet normal 0 0 0
outer loop
vertex -5.314450e-01 6.821457e-02 -4.231856e-01
vertex -5.462902e-01 4.863121e-02 -4.294907e-01
vertex -5.495418e-01 5.831305e-02 -4.038034e-01
endloop
endfacet
facet normal 0 0 0
outer loop
vertex -1.512752e-01 -1.423154e-01 -4.180801e-02
vertex -1.626362e-01 -1.139310e-01 -6.126131e-02
vertex -1.678296e-01 -1.242627e-01 -7.733777e-02
endloop
endfacet
facet normal 0 0 0
outer loop
vertex 5.394535e-01 2.347322e-02 -2.808069e-01
vertex 5.421841e-01 2.505116e-02 -3.152542e-01
vertex 5.116524e-01 2.745859e-02 -3.045771e-01
endloop
endfacet
facet normal 0 0 0
outer loop
vertex 5.647136e-01 1.676417e-02 -3.096786e-01
vertex 5.421841e-01 2.505116e-02 -3.152542e-01
vertex 5.394535e-01 2.347322e-02 -2.808069e-01
endloop
endfacet
facet normal 0 0 0
outer loop
vertex 4.671807e-02 -1.263608e-01 -4.139890e-01
vertex 3.257409e-02 -1.308987e-01 -3.796197e-01
vertex 1.975489e-03 -1.331296e-01 -4.066026e-01
endloop
endfacet
facet normal 0 0 0
outer loop
vertex -5.088042e-02 1.776376e-01 -2.197055e-01
vertex -8.180220e-02 1.649297e-01 -1.993835e-01
vertex -4.905869e-02 1.702170e-01 -1.910760e-01
endloop
endfacet
facet normal 0 0 0
outer loop
vertex 1.319000e-02 -9.285500e-04 -7.923060e-01
vertex -2.849718e-02 -9.314365e-03 -7.954813e-01
vertex -1.685800e-02 1.025151e-02 -7.934230e-01
endloop
endfacet
facet normal 0 0 0
outer loop
vertex -4.038372e-01 -7.672137e-02 -2.045080e-01
vertex -4.505509e-01 -3.124953e-02 -2.062591e-01
vertex -4.700336e-01 -7.262036e-02 -2.392897e-01
endloop
endfacet
facet normal 0 0 0
outer loop
vertex 5.942600e-02 -1.983498e-01 -2.980530e-01
vertex 5.847800e-02 -1.844273e-01 -2.988800e-01
vertex 4.396363e-02 -1.941442e-01 -2.613767e-01
endloop
endfacet
facet normal 0 0 0
outer loop
vertex 5.953649e-01 -2.866664e-05 -4.140588e-01
vertex 5.876719e-01 -2.036263e-03 -4.625486e-01
vertex 5.795536e-01 1.677753e-02 -4.286537e-01
endloop
endfacet
facet normal 0 0 0
outer loop
vertex 4.641080e-02 -3.400400e-02 -6.135557e-01
vertex 5.851264e-02 -2.858849e-02 -6.678129e-01
vertex 9.070776e-02 -2.682344e-02 -6.390086e-01
endloop
endfacet
facet normal 0 0 0
outer loop
vertex -3.953165e-01 4.328121e-02 -5.807031e-01
vertex -3.322935e-01 5.736773e-02 -6.041017e-01
vertex -3.633352e-01 1.392409e-02 -6.061810e-01
endloop
endfacet
facet normal 0 0 0
outer loop
vertex 1.887443e-01 -1.251066e-02 -8.829346e-02
vertex 1.453484e-01 -1.059292e-02 -9.279194e-02
vertex 1.665541e-01 -1.586224e-02 -1.337782e-01
endloop
endfacet
facet normal 0 0 0
outer loop
vertex 6.727981e-02 -1.251247e-01 -3.777172e-01
vertex 3.257409e-02 -1.308987e-01 -3.796197e-01
vertex 4.671807e-02 -1.263608e-01 -4.139890e-01
endloop
endfacet
facet normal 0 0 0
outer loop
vertex 6.272247e-02 -5.163597e-04 -7.700047e-01
vertex 1.319000e-02 -9.285500e-04 -7.923060e-01
vertex 3.001630e-02 1.757391e-02 -7.676700e-01
endloop
endfacet
facet normal 0 0 0
outer loop
vertex 1.232242e-02 -1.600667e-02 -7.812851e-01
vertex -2.849718e-02 -9.314365e-03 -7.954813e-01
vertex 1.319000e-02 -9.285500e-04 -7.923060e-01
endloop
endfacet
facet normal 0 0 0
outer loop
vertex -9.349500e-02 -9.572600e-04 -7.899290e-01
vertex -9.893560e-02 -1.788476e-02 -7.730960e-01
vertex -1.244995e-01 1.252134e-03 -7.755838e-01
endloop
endfacet
facet normal 0 0 0
outer loop
vertex -4.059774e-01 -1.577488e-01 -4.233656e-01
vertex -4.149891e-01 -1.510159e-01 -3.980129e-01
vertex -4.334569e-01 -1.386331e-01 -4.088488e-01
endloop
endfacet
facet normal 0 0 0
outer loop
vertex -4.842968e-02 2.178180e-02 -7.690666e-01
vertex -5.010736e-02 1.295587e-02 -7.898754e-01
vertex -7.511500e-02 9.642940e-03 -7.896140e-01
endloop
endfacet
facet normal 0 0 0
outer loop
vertex -4.568363e-01 1.351464e-02 -2.073940e-01
vertex -4.778177e-01 3.338310e-02 -2.232188e-01
vertex -4.797810e-01 2.079918e-03 -2.217025e-01
endloop
endfacet
facet normal 0 0 0
outer loop
vertex -4.778177e-01 3.338310e-02 -2.232188e-01
vertex -4.568363e-01 1.351464e-02 -2.073940e-01
vertex -4.561790e-01 4.822922e-02 -2.155200e-01
endloop
endfacet
facet normal 0 0 0
outer loop
vertex 6.778062e-02 2.009532e-01 -3.445657e-01
vertex 5.702100e-02 2.008637e-01 -3.813230e-01
vertex 3.706551e-02 2.025638e-01 -3.624171e-01
endloop
endfacet
facet normal 0 0 0
outer loop
vertex 5.812261e-02 -2.026003e-01 -3.791626e-01
vertex 6.704500e-02 -2.024363e-01 -3.373116e-01
vertex 3.015119e-02 -2.040014e-01 -3.674283e-01
endloop
endfacet
facet normal 0 0 0
outer loop
vertex 3.015119e-02 -2.040014e-01 -3.674283e-01
vertex 6.704500e-02 -2.024363e-01 -3.373116e-01
vertex 4.215802e-02 -2.031897e-01 -3.285300e-01
endloop
endfacet
facet normal 0 0 0
outer loop
vertex 2.994408e-02 -2.745514e-02 -7.414701e-01
vertex 5.130333e-02 -1.780185e-02 -7.617233e-01
vertex 6.491976e-02 -2.779110e-02 -7.132090e-01
endloop
endfacet
facet normal 0 0 0
outer loop
vertex -1.285949e-01 9.138826e-02 -1.126545e-01
vertex -1.023044e-01 8.148293e-02 -1.462527e-01
vertex -7.008828e-02 9.893665e-02 -1.055904e-01
endloop
endfacet
facet normal 0 0 0
outer loop
vertex -1.799072e-01 -1.239883e-01 -2.285299e-02
vertex -1.570316e-01 -1.239649e-01 -3.977568e-02
vertex -1.582849e-01 -1.192440e-01 -2.642999e-02
endloop
endfacet
facet normal 0 0 0
outer loop
vertex -1.512752e-01 -1.423154e-01 -4.180801e-02
vertex -1.264016e-01 -1.563850e-01 -2.201389e-02
vertex -1.358187e-01 -1.380792e-01 -2.662407e-02
endloop
endfacet
facet normal 0 0 0
outer loop
vertex -8.104294e-02 -1.062647e-01 -9.137251e-02
vertex -1.197133e-01 -1.204509e-01 -5.742937e-02
vertex -9.150293e-02 -1.241368e-01 -5.434793e-02
endloop
endfacet
facet normal 0 0 0
outer loop
vertex -4.243249e-02 1.651073e-01 -1.632356e-02
vertex -6.400318e-02 1.609493e-01 -2.948363e-02
vertex -7.881861e-02 1.664333e-01 -3.197713e-03
endloop
endfacet
facet normal 0 0 0
outer loop
vertex 4.252949e-02 -1.171672e-01 -2.561117e-01
vertex 8.483811e-02 -1.164901e-01 -2.809297e-01
vertex 7.958786e-02 -1.069958e-01 -2.476394e-01
endloop
endfacet
facet normal 0 0 0
outer loop
vertex -1.023044e-01 8.148293e-02 -1.462527e-01
vertex -9.989069e-02 4.033983e-02 -1.307309e-01
vertex -7.372230e-02 6.224901e-02 -1.464099e-01
endloop
endfacet
facet normal 0 0 0
outer loop
vertex 5.150511e-02 1.812209e-01 -2.856631e-01
vertex 5.241687e-02 1.940480e-01 -2.791393e-01
vertex 4.264367e-02 1.912448e-01 -2.585756e-01
endloop
endfacet
facet normal 0 0 0
outer loop
vertex 5.241687e-02 1.940480e-01 -2.791393e-01
vertex 3.675225e-02 1.972662e-01 -2.911557e-01
vertex 4.264367e-02 1.912448e-01 -2.585756e-01
endloop
endfacet
facet normal 0 0 0
outer loop
vertex -4.561790e-01 4.822922e-02 -2.155200e-01
vertex -4.932953e-01 6.064885e-02 -2.470250e-01
vertex -4.778177e-01 3.338310e-02 -2.232188e-01
endloop
endfacet
facet normal 0 0 0
outer loop
vertex 2.184250e-01 -3.453852e-03 -6.592014e-02
vertex 1.887443e-01 -1.251066e-02 -8.829346e-02
vertex 2.340151e-01 -1.328492e-02 -9.952530e-02
endloop
endfacet
facet normal 0 0 0
outer loop
vertex -2.502014e-02 -1.287803e-01 -6.437552e-02
vertex -3.143849e-02 -1.125654e-01 -9.465678e-02
vertex -6.172904e-02 -1.300019e-01 -4.734558e-02
endloop
endfacet
facet normal 0 0 0
outer loop
vertex -4.932953e-01 6.064885e-02 -2.470250e-01
vertex -4.561790e-01 4.822922e-02 -2.155200e-01
vertex -4.456351e-01 7.586902e-02 -2.289064e-01
endloop
endfacet
facet normal 0 0 0
outer loop
vertex 3.387400e-02 1.745850e-01 -2.412689e-01
vertex 2.384000e-02 1.849835e-01 -2.236070e-01
vertex 3.343000e-03 1.679436e-01 -2.002230e-01
endloop
endfacet
facet normal 0 0 0
outer loop
vertex 6.467600e-02 -1.881993e-01 -3.604830e-01
vertex 5.007648e-02 -1.872418e-01 -3.856534e-01
vertex 3.525291e-02 -1.793855e-01 -3.353903e-01
endloop
endfacet
facet normal 0 0 0
outer loop
vertex -1.025188e-01 -8.392906e-02 -1.553748e-01
vertex -1.481748e-01 -9.909885e-02 -1.546065e-01
vertex -9.382351e-02 -1.005913e-01 -1.783088e-01
endloop
endfacet
facet normal 0 0 0
outer loop
vertex -9.288500e-02 -1.009003e-01 -1.444970e-01
vertex -1.481748e-01 -9.909885e-02 -1.546065e-01
vertex -1.025188e-01 -8.392906e-02 -1.553748e-01
endloop
endfacet
facet normal 0 0 0
outer loop
vertex -1.307642e-01 -1.076853e-01 -6.115083e-02
vertex -1.263398e-01 -1.001577e-01 -9.649542e-02
vertex -1.524680e-01 -9.212106e-02 -8.904102e-02
endloop
endfacet
facet normal 0 0 0
outer loop
vertex 1.745977e-01 -1.469713e-03 -6.857406e-02
vertex 1.303470e-01 -1.041410e-03 -8.382699e-02
vertex 1.453484e-01 -1.059292e-02 -9.279194e-02
endloop
endfacet
facet normal 0 0 0
outer loop
vertex 3.561730e-01 -1.238465e-02 -2.282912e-01
vertex 3.742715e-01 4.805779e-03 -2.058986e-01
vertex 3.544586e-01 6.865064e-03 -2.276962e-01
endloop
endfacet
facet normal 0 0 0
outer loop
vertex -4.004381e-01 -1.280682e-01 -3.329966e-01
vertex -4.110726e-01 -1.301745e-01 -3.709479e-01
vertex -3.866152e-01 -1.314613e-01 -3.674479e-01
endloop
endfacet
facet normal 0 0 0
outer loop
vertex -5.992249e-02 -9.417832e-02 -1.292214e-01
vertex -3.143849e-02 -1.125654e-01 -9.465678e-02
vertex -4.010096e-02 -1.076541e-01 -1.217182e-01
endloop
endfacet
facet normal 0 0 0
outer loop
vertex -1.524680e-01 -9.212106e-02 -8.904102e-02
vertex -1.928895e-01 -7.545013e-02 -1.059087e-01
vertex -1.853009e-01 -9.105502e-02 -6.370813e-02
endloop
endfacet
facet normal 0 0 0
outer loop
vertex 5.876740e-01 1.029747e-02 -3.352310e-01
vertex 5.772014e-01 7.465295e-03 -2.841175e-01
vertex 5.829880e-01 -1.234588e-02 -3.112220e-01
endloop
endfacet
facet normal 0 0 0
outer loop
vertex 5.340597e-01 -1.282762e-03 -5.259346e-01
vertex 5.350748e-01 -1.202686e-02 -5.198951e-01
vertex 5.101100e-01 -1.244349e-02 -5.201150e-01
endloop
endfacet
facet normal 0 0 0
outer loop
vertex -6.206251e-02 1.658516e-01 -2.643934e-03
vertex -4.243249e-02 1.651073e-01 -1.632356e-02
vertex -7.881861e-02 1.664333e-01 -3.197713e-03
endloop
endfacet
facet normal 0 0 0
outer loop
vertex -6.552098e-02 -1.077832e-01 -1.335460e-01
vertex -2.493100e-02 -1.275223e-01 -9.787199e-02
vertex -7.976548e-02 -1.241965e-01 -1.089675e-01
endloop
endfacet
facet normal 0 0 0
outer loop
vertex -2.493100e-02 -1.275223e-01 -9.787199e-02
vertex -6.552098e-02 -1.077832e-01 -1.335460e-01
vertex -4.010096e-02 -1.076541e-01 -1.217182e-01
endloop
endfacet
facet normal 0 0 0
outer loop
vertex 4.808197e-01 -1.389589e-02 -1.511574e-01
vertex 5.061344e-01 -1.698953e-02 -1.738383e-01
vertex 4.906124e-01 -1.393965e-03 -1.428134e-01
endloop
endfacet
facet normal 0 0 0
outer loop
vertex -1.655876e-01 -4.160274e-03 -7.262710e-01
vertex -1.586394e-01 -1.465225e-02 -7.268062e-01
vertex -1.840377e-01 2.162375e-03 -6.916398e-01
endloop
endfacet
facet normal 0 0 0
outer loop
vertex -5.450571e-01 3.379569e-02 -2.695252e-01
vertex -5.396153e-01 2.273223e-03 -2.571191e-01
vertex -5.221254e-01 3.859061e-02 -2.530293e-01
endloop
endfacet
facet normal 0 0 0
outer loop
vertex -8.180220e-02 1.649297e-01 -1.993835e-01
vertex -6.919200e-02 1.526394e-01 -1.946300e-01
vertex -4.905869e-02 1.702170e-01 -1.910760e-01
endloop
endfacet
facet normal 0 0 0
outer loop
vertex 8.496822e-02 -1.206207e-01 -4.046337e-01
vertex 1.262611e-01 -1.139749e-01 -3.929244e-01
vertex 1.016351e-01 -1.199898e-01 -3.509760e-01
endloop
endfacet
facet normal 0 0 0
outer loop
vertex 6.727981e-02 -1.251247e-01 -3.777172e-01
vertex 8.496822e-02 -1.206207e-01 -4.046337e-01
vertex 1.016351e-01 -1.199898e-01 -3.509760e-01
endloop
endfacet
facet normal 0 0 0
outer loop
vertex -1.702432e-01 -4.126516e-02 -6.502387e-01
vertex -1.497888e-01 -7.364690e-02 -6.298903e-01
vertex -1.841975e-01 -7.765085e-02 -6.239697e-01
endloop
endfacet
facet normal 0 0 0
outer loop
vertex 1.399267e-02 -1.857417e-01 -4.266312e-01
vertex 3.547697e-02 -1.862843e-01 -4.108239e-01
vertex 3.150500e-02 -2.010577e-01 -4.126080e-01
endloop
endfacet
facet normal 0 0 0
outer loop
vertex -1.552767e-01 1.146170e-01 -2.836813e-02
vertex -1.402064e-01 1.158475e-01 -4.144980e-02
vertex -1.528134e-01 1.267910e-01 -4.362524e-02
endloop
endfacet
facet normal 0 0 0
outer loop
vertex -1.528134e-01 1.267910e-01 -4.362524e-02
vertex -1.402064e-01 1.158475e-01 -4.144980e-02
vertex -1.515092e-01 1.354580e-01 -3.958414e-02
endloop
endfacet
facet normal 0 0 0
outer loop
vertex 4.808197e-01 -1.389589e-02 -1.511574e-01
vertex 4.906124e-01 -1.393965e-03 -1.428134e-01
vertex 4.602101e-01 -3.255945e-03 -1.405559e-01
endloop
endfacet
facet normal 0 0 0
outer loop
vertex -4.768510e-01 -1.066387e-01 -3.639020e-01
vertex -4.360179e-01 -1.184144e-01 -3.766435e-01
vertex -4.344780e-01 -1.192147e-01 -3.411154e-01
endloop
endfacet
facet normal 0 0 0
outer loop
vertex -1.799072e-01 -1.239883e-01 -2.285299e-02
vertex -1.626362e-01 -1.139310e-01 -6.126131e-02
vertex -1.570316e-01 -1.239649e-01 -3.977568e-02
endloop
endfacet
facet normal 0 0 0
outer loop
vertex -1.427973e-01 1.516259e-02 -7.403433e-01
vertex -1.557643e-01 1.937091e-02 -6.975996e-01
vertex -1.233027e-01 2.476239e-02 -6.991307e-01
endloop
endfacet
facet normal 0 0 0
outer loop
vertex -3.701669e-01 1.471340e-01 -3.857589e-01
vertex -3.946885e-01 1.429931e-01 -3.770261e-01
vertex -3.814300e-01 1.304975e-01 -3.729470e-01
endloop
endfacet
facet normal 0 0 0
outer loop
vertex -1.933785e-01 8.130235e-02 -1.353386e-01
vertex -1.766673e-01 1.013933e-01 -1.223931e-01
vertex -1.727532e-01 9.684478e-02 -1.588179e-01
endloop
endfacet
facet normal 0 0 0
outer loop
vertex 3.451641e-01 1.091117e-03 -4.389027e-01
vertex 3.513650e-01 1.732854e-02 -4.231590e-01
vertex 3.815720e-01 -9.572300e-04 -4.582190e-01
endloop
endfacet
facet normal 0 0 0
outer loop
vertex 1.117149e-01 -1.668489e-02 -6.749721e-01
vertex 1.191023e-01 -1.649285e-02 -6.440800e-01
vertex 9.070776e-02 -2.682344e-02 -6.390086e-01
endloop
endfacet
facet normal 0 0 0
outer loop
vertex -4.469661e-01 1.145319e-01 -3.632944e-01
vertex -4.136908e-01 1.233165e-01 -3.708707e-01
vertex -4.288081e-01 1.259833e-01 -3.804649e-01
endloop
endfacet
facet normal 0 0 0
outer loop
vertex 3.535302e-01 -2.225653e-03 -4.919044e-01
vertex 3.388981e-01 1.636400e-02 -4.873980e-01
vertex 3.323715e-01 1.452236e-03 -4.672533e-01
endloop
endfacet
facet normal 0 0 0
outer loop
vertex 2.980962e-01 -2.121089e-02 -5.931856e-01
vertex 3.310978e-01 -1.833336e-02 -5.703876e-01
vertex 3.117070e-01 -2.951406e-02 -5.401235e-01
endloop
endfacet
facet normal 0 0 0
outer loop
vertex 3.310978e-01 -1.833336e-02 -5.703876e-01
vertex 3.443611e-01 -2.036335e-02 -5.373455e-01
vertex 3.117070e-01 -2.951406e-02 -5.401235e-01
endloop
endfacet
facet normal 0 0 0
outer loop
vertex 1.059225e-01 9.342596e-03 -1.126011e-01
vertex 8.251742e-02 9.177390e-03 -1.281792e-01
vertex 7.945700e-02 -9.208500e-04 -1.217460e-01
endloop
endfacet
facet normal 0 0 0
outer loop
vertex 3.475434e-01 1.744240e-02 -5.183703e-01
vertex 3.535302e-01 -2.225653e-03 -4.919044e-01
vertex 3.602550e-01 -9.687200e-04 -5.399960e-01
endloop
endfacet
facet normal 0 0 0
outer loop
vertex 4.230611e-01 -1.123656e-03 -4.843644e-01
vertex 3.815720e-01 -9.572300e-04 -4.582190e-01
vertex 3.996485e-01 1.594043e-02 -4.522276e-01
endloop
endfacet
facet normal 0 0 0
outer loop
vertex -4.063345e-01 1.305802e-01 -4.653446e-01
vertex -3.868145e-01 1.158272e-01 -4.734602e-01
vertex -4.273102e-01 1.069715e-01 -4.624941e-01
endloop
endfacet
facet normal 0 0 0
outer loop
vertex -3.868145e-01 1.158272e-01 -4.734602e-01
vertex -4.200094e-01 9.756700e-02 -4.962932e-01
vertex -4.273102e-01 1.069715e-01 -4.624941e-01
endloop
endfacet
facet normal 0 0 0
outer loop
vertex -6.029367e-02 -8.648801e-02 -1.703210e-01
vertex -8.076874e-03 -4.882079e-02 -1.488847e-01
vertex -4.549951e-02 -5.096351e-02 -1.428315e-01
endloop
endfacet
facet normal 0 0 0
outer loop
vertex -5.870425e-02 2.873350e-02 -6.527094e-01
vertex -1.912994e-04 2.808431e-02 -6.884720e-01
vertex -7.233912e-02 2.787623e-02 -6.925865e-01
endloop
endfacet
facet normal 0 0 0
outer loop
vertex 1.657025e-01 1.799213e-02 -6.078447e-01
vertex 1.533691e-01 3.908160e-03 -6.269823e-01
vertex 1.162609e-01 2.018094e-02 -6.163977e-01
endloop
endfacet
facet normal 0 0 0
outer loop
vertex 1.533691e-01 3.908160e-03 -6.269823e-01
vertex 1.657025e-01 1.799213e-02 -6.078447e-01
vertex 1.818641e-01 1.424400e-02 -6.263096e-01
endloop
endfacet
facet normal 0 0 0
outer loop
vertex -5.237239e-01 -6.630275e-02 -2.811343e-01
vertex -5.541554e-01 -2.634181e-02 -2.735410e-01
vertex -5.610473e-01 -4.605475e-02 -3.008553e-01
endloop
endfacet
facet normal 0 0 0
outer loop
vertex -4.399975e-01 -1.287465e-01 -4.274630e-01
vertex -4.374140e-01 -1.109513e-01 -4.482470e-01
vertex -4.189718e-01 -1.447641e-01 -4.431947e-01
endloop
endfacet
facet normal 0 0 0
outer loop
vertex -2.654400e-02 1.759602e-01 -4.248490e-01
vertex -6.002405e-02 1.714666e-01 -4.153495e-01
vertex -6.744300e-02 1.849663e-01 -4.132120e-01
endloop
endfacet
facet normal 0 0 0
outer loop
vertex -6.218021e-02 1.368365e-01 -4.397543e-01
vertex -3.185788e-02 1.344972e-01 -4.164189e-01
vertex -1.216289e-02 1.281899e-01 -4.502556e-01
endloop
endfacet
facet normal 0 0 0
outer loop
vertex -1.211148e-01 -1.659247e-01 -3.859694e-01
vertex -6.893765e-02 -1.634591e-01 -3.824777e-01
vertex -8.639380e-02 -1.710200e-01 -4.050157e-01
endloop
endfacet
facet normal 0 0 0
outer loop
vertex 1.229235e-01 3.555340e-03 -6.613496e-01
vertex 9.304082e-02 2.225460e-02 -6.876640e-01
vertex 1.041476e-01 2.039251e-02 -6.502789e-01
endloop
endfacet
facet normal 0 0 0
outer loop
vertex 2.825094e-02 1.062971e-01 -2.279021e-01
vertex -3.030959e-02 1.155054e-01 -2.263040e-01
vertex 1.037943e-02 8.733884e-02 -1.935147e-01
endloop
endfacet
facet normal 0 0 0
outer loop
vertex -4.275000e-01 1.282125e-01 -4.510480e-01
vertex -4.468220e-01 1.061232e-01 -4.423757e-01
vertex -4.200439e-01 1.481875e-01 -4.274134e-01
endloop
endfacet
facet normal 0 0 0
outer loop
vertex 4.746948e-01 -2.585759e-02 -4.485719e-01
vertex 4.525499e-01 -1.863956e-02 -4.804782e-01
vertex 5.101100e-01 -1.244349e-02 -5.201150e-01
endloop
endfacet
facet normal 0 0 0
outer loop
vertex 4.258235e-01 -2.964383e-02 -3.797900e-01
vertex 3.829900e-01 -1.870444e-02 -4.395432e-01
vertex 4.746948e-01 -2.585759e-02 -4.485719e-01
endloop
endfacet
facet normal 0 0 0
outer loop
vertex -5.610473e-01 -4.605475e-02 -3.008553e-01
vertex -5.442156e-01 -7.147050e-02 -3.273578e-01
vertex -5.237239e-01 -6.630275e-02 -2.811343e-01
endloop
endfacet
facet normal 0 0 0
outer loop
vertex 3.718612e-01 -2.802488e-02 -3.853892e-01
vertex 3.455287e-01 -4.690839e-02 -3.725212e-01
vertex 3.513650e-01 -1.985539e-02 -4.220860e-01
endloop
endfacet
facet normal 0 0 0
outer loop
vertex -1.540435e-01 2.840028e-02 -1.265039e-01
vertex -1.569814e-01 7.350399e-02 -1.301164e-01
vertex -1.937420e-01 6.038385e-02 -1.347740e-01
endloop
endfacet
facet normal 0 0 0
outer loop
vertex -1.937420e-01 6.038385e-02 -1.347740e-01
vertex -1.569814e-01 7.350399e-02 -1.301164e-01
vertex -1.781299e-01 7.718278e-02 -1.022748e-01
endloop
endfacet
facet normal 0 0 0
outer loop
vertex 1.037943e-02 8.733884e-02 -1.935147e-01
vertex 8.390955e-02 7.712834e-02 -2.020773e-01
vertex 2.825094e-02 1.062971e-01 -2.279021e-01
endloop
endfacet
facet normal 0 0 0
outer loop
vertex -5.689629e-01 2.524236e-02 -4.099460e-01
vertex -5.478541e-01 2.230993e-02 -4.514614e-01
vertex -5.597259e-01 -9.021719e-03 -4.348709e-01
endloop
endfacet
facet normal 0 0 0
outer loop
vertex -4.360179e-01 -1.184144e-01 -3.766435e-01
vertex -4.149891e-01 -1.510159e-01 -3.980129e-01
vertex -4.110726e-01 -1.301745e-01 -3.709479e-01
endloop
endfacet
facet normal 0 0 0
outer loop
vertex -4.360179e-01 -1.184144e-01 -3.766435e-01
vertex -4.334569e-01 -1.386331e-01 -4.088488e-01
vertex -4.149891e-01 -1.510159e-01 -3.980129e-01
endloop
endfacet
facet normal 0 0 0
outer loop
vertex -2.286353e-01 -9.400649e-02 -8.984720e-02
vertex -2.277236e-01 -8.301330e-02 -1.296470e-01
vertex -2.018452e-01 -8.923097e-02 -1.124788e-01
endloop
endfacet
facet normal 0 0 0
outer loop
vertex -1.626362e-01 -1.139310e-01 -6.126131e-02
vertex -1.796937e-01 -1.018457e-01 -1.057868e-01
vertex -1.678296e-01 -1.242627e-01 -7.733777e-02
endloop
endfacet
facet normal 0 0 0
outer loop
vertex -1.796937e-01 -1.018457e-01 -1.057868e-01
vertex -1.626362e-01 -1.139310e-01 -6.126131e-02
vertex -1.883093e-01 -9.864218e-02 -8.734422e-02
endloop
endfacet
facet normal 0 0 0
outer loop
vertex 5.258051e-01 1.410972e-02 -1.881303e-01
vertex 5.051739e-01 1.359310e-02 -1.672660e-01
vertex 5.359889e-01 2.768615e-04 -1.805804e-01
endloop
endfacet
facet normal 0 0 0
outer loop
vertex 3.267246e-01 -1.631507e-02 -4.721282e-01
vertex 3.442046e-01 -1.954354e-02 -5.041199e-01
vertex 3.535302e-01 -2.225653e-03 -4.919044e-01
endloop
endfacet
facet normal 0 0 0
outer loop
vertex -7.025218e-02 -1.558666e-01 -1.946300e-01
vertex -1.002839e-01 -1.490926e-01 -2.134382e-01
vertex -1.090666e-01 -1.621327e-01 -2.131350e-01
endloop
endfacet
facet normal 0 0 0
outer loop
vertex -1.528134e-01 1.267910e-01 -4.362524e-02
vertex -1.704932e-01 1.230061e-01 -2.637151e-02
vertex -1.552767e-01 1.146170e-01 -2.836813e-02
endloop
endfacet
facet normal 0 0 0
outer loop
vertex -3.159849e-01 -1.100017e-01 -5.429795e-01
vertex -2.929898e-01 -8.682514e-02 -5.932159e-01
vertex -2.499376e-01 -1.054409e-01 -5.749098e-01
endloop
endfacet
facet normal 0 0 0
outer loop
vertex 2.124502e-01 1.817420e-02 -6.289182e-01
vertex 2.507072e-01 2.738625e-02 -5.821171e-01
vertex 2.365232e-01 1.596075e-02 -6.303849e-01
endloop
endfacet
facet normal 0 0 0
outer loop
vertex -5.089508e-02 -1.747897e-01 -4.185320e-01
vertex -8.639380e-02 -1.710200e-01 -4.050157e-01
vertex -6.893765e-02 -1.634591e-01 -3.824777e-01
endloop
endfacet
facet normal 0 0 0
outer loop
vertex 2.561274e-01 8.850326e-03 -8.303908e-02
vertex 2.096825e-01 1.256109e-02 -1.094558e-01
vertex 2.332722e-01 7.190290e-03 -7.260901e-02
endloop
endfacet
facet normal 0 0 0
outer loop
vertex -1.933785e-01 8.130235e-02 -1.353386e-01
vertex -2.161814e-01 1.031998e-01 -1.827154e-01
vertex -2.214299e-01 7.780819e-02 -1.527371e-01
endloop
endfacet
facet normal 0 0 0
outer loop
vertex 3.602550e-01 -9.687200e-04 -5.399960e-01
vertex 3.442046e-01 -1.954354e-02 -5.041199e-01
vertex 3.443611e-01 -2.036335e-02 -5.373455e-01
endloop
endfacet
facet normal 0 0 0
outer loop
vertex 4.230611e-01 -1.123656e-03 -4.843644e-01
vertex 4.525499e-01 -1.863956e-02 -4.804782e-01
vertex 3.829900e-01 -1.870444e-02 -4.395432e-01
endloop
endfacet
facet normal 0 0 0
outer loop
vertex -4.124501e-01 -1.136608e-01 -4.662978e-01
vertex -3.914210e-01 -1.175039e-01 -4.694720e-01
vertex -3.993122e-01 -1.385402e-01 -4.616561e-01
endloop
endfacet
facet normal 0 0 0
outer loop
vertex 3.602550e-01 -9.687200e-04 -5.399960e-01
vertex 3.535302e-01 -2.225653e-03 -4.919044e-01
vertex 3.442046e-01 -1.954354e-02 -5.041199e-01
endloop
endfacet
facet normal 0 0 0
outer loop
vertex -2.768369e-01 -1.543113e-02 -6.376313e-01
vertex -2.268491e-01 -2.505427e-04 -6.484461e-01
vertex -2.384817e-01 -4.101358e-02 -6.410275e-01
endloop
endfacet
facet normal 0 0 0
outer loop
vertex 5.061344e-01 -1.698953e-02 -1.738383e-01
vertex 5.359889e-01 2.768615e-04 -1.805804e-01
vertex 5.168986e-01 -3.277338e-03 -1.619566e-01
endloop
endfacet
facet normal 0 0 0
outer loop
vertex 4.230611e-01 -1.123656e-03 -4.843644e-01
vertex 3.829900e-01 -1.870444e-02 -4.395432e-01
vertex 3.815720e-01 -9.572300e-04 -4.582190e-01
endloop
endfacet
facet normal 0 0 0
outer loop
vertex 2.333870e-01 -3.049803e-02 -5.105094e-01
vertex 2.548542e-01 -3.002024e-02 -5.790634e-01
vertex 2.745648e-01 -3.153055e-02 -5.186337e-01
endloop
endfacet
facet normal 0 0 0
outer loop
vertex -4.863220e-01 1.012065e-01 -3.829989e-01
vertex -4.424787e-01 1.141665e-01 -3.966346e-01
vertex -4.523581e-01 1.094093e-01 -4.138654e-01
endloop
endfacet
facet normal 0 0 0
outer loop
vertex 2.184250e-01 -3.453852e-03 -6.592014e-02
vertex 2.466790e-01 -1.070120e-03 -7.078502e-02
vertex 2.332722e-01 7.190290e-03 -7.260901e-02
endloop
endfacet
facet normal 0 0 0
outer loop
vertex -2.214299e-01 7.780819e-02 -1.527371e-01
vertex -2.255931e-01 6.521949e-02 -1.401210e-01
vertex -2.252482e-01 8.252832e-02 -1.289417e-01
endloop
endfacet
facet normal 0 0 0
outer loop
vertex -2.255931e-01 6.521949e-02 -1.401210e-01
vertex -2.214299e-01 7.780819e-02 -1.527371e-01
vertex -2.405735e-01 5.454665e-02 -1.436119e-01
endloop
endfacet
facet normal 0 0 0
outer loop
vertex 7.046647e-02 2.695009e-03 -1.343413e-01
vertex 7.038158e-02 -1.012765e-02 -1.384780e-01
vertex 8.251742e-02 9.177390e-03 -1.281792e-01
endloop
endfacet
facet normal 0 0 0
outer loop
vertex -3.896808e-02 7.824437e-02 -1.690848e-01
vertex -8.691709e-02 9.333092e-02 -1.740494e-01
vertex -7.372230e-02 6.224901e-02 -1.464099e-01
endloop
endfacet
facet normal 0 0 0
outer loop
vertex -1.620238e-01 1.293019e-01 -5.521677e-02
vertex -1.466911e-01 1.343842e-01 -6.657502e-02
vertex -1.703844e-01 1.201916e-01 -7.667733e-02
endloop
endfacet
facet normal 0 0 0
outer loop
vertex 3.561730e-01 -1.238465e-02 -2.282912e-01
vertex 3.397580e-01 -4.519900e-04 -2.375150e-01
vertex 3.400367e-01 -1.479193e-02 -2.465972e-01
endloop
endfacet
facet normal 0 0 0
outer loop
vertex -4.086530e-01 1.455415e-01 -4.489143e-01
vertex -4.275000e-01 1.282125e-01 -4.510480e-01
vertex -4.200439e-01 1.481875e-01 -4.274134e-01
endloop
endfacet
facet normal 0 0 0
outer loop
vertex 1.659572e-01 -1.096096e-02 -6.228259e-01
vertex 1.533691e-01 3.908160e-03 -6.269823e-01
vertex 1.818641e-01 1.424400e-02 -6.263096e-01
endloop
endfacet
facet normal 0 0 0
outer loop
vertex -1.512417e-01 9.050220e-02 -8.262659e-02
vertex -1.452160e-01 1.037845e-01 -5.116480e-02
vertex -1.814286e-01 9.615132e-02 -4.700081e-02
endloop
endfacet
facet normal 0 0 0
outer loop
vertex -3.683348e-01 -3.379881e-02 -1.677314e-01
vertex -4.120023e-01 -2.823413e-02 -1.866216e-01
vertex -4.038372e-01 -7.672137e-02 -2.045080e-01
endloop
endfacet
facet normal 0 0 0
outer loop
vertex -1.763041e-01 -1.019207e-01 -1.266884e-01
vertex -1.928630e-01 -8.469792e-02 -1.305726e-01
vertex -1.817350e-01 -9.318027e-02 -1.496120e-01
endloop
endfacet
facet normal 0 0 0
outer loop
vertex -9.811488e-02 -1.494657e-01 -3.489870e-01
vertex -6.893765e-02 -1.634591e-01 -3.824777e-01
vertex -1.211148e-01 -1.659247e-01 -3.859694e-01
endloop
endfacet
facet normal 0 0 0
outer loop
vertex -1.937420e-01 6.038385e-02 -1.347740e-01
vertex -1.781299e-01 7.718278e-02 -1.022748e-01
vertex -2.288040e-01 7.441863e-02 -1.079280e-01
endloop
endfacet
facet normal 0 0 0
outer loop
vertex -2.210086e-01 8.543000e-02 -6.911625e-02
vertex -2.288040e-01 7.441863e-02 -1.079280e-01
vertex -1.781299e-01 7.718278e-02 -1.022748e-01
endloop
endfacet
facet normal 0 0 0
outer loop
vertex 6.778062e-02 2.009532e-01 -3.445657e-01
vertex 3.286200e-02 2.005692e-01 -3.244757e-01
vertex 6.070321e-02 1.966361e-01 -3.021946e-01
endloop
endfacet
facet normal 0 0 0
outer loop
vertex -3.853943e-03 -1.026033e-01 -2.072372e-01
vertex -4.907510e-02 -1.108574e-01 -2.076009e-01
vertex -1.883893e-02 -1.273589e-01 -2.574810e-01
endloop
endfacet
facet normal 0 0 0
outer loop
vertex -1.710161e-01 1.210639e-01 -2.049695e-01
vertex -2.161814e-01 1.031998e-01 -1.827154e-01
vertex -1.727532e-01 9.684478e-02 -1.588179e-01
endloop
endfacet
facet normal 0 0 0
outer loop
vertex -1.259244e-01 -9.912767e-02 -5.939424e-01
vertex -7.697789e-02 -1.185460e-01 -5.375406e-01
vertex -1.404181e-01 -1.236273e-01 -5.365452e-01
endloop
endfacet
facet normal 0 0 0
outer loop
vertex 4.769390e-01 1.042953e-02 -1.453540e-01
vertex 4.602101e-01 -3.255945e-03 -1.405559e-01
vertex 4.906124e-01 -1.393965e-03 -1.428134e-01
endloop
endfacet
facet normal 0 0 0
outer loop
vertex 1.041476e-01 2.039251e-02 -6.502789e-01
vertex 1.162609e-01 2.018094e-02 -6.163977e-01
vertex 1.256462e-01 1.248325e-02 -6.394429e-01
endloop
endfacet
facet normal 0 0 0
outer loop
vertex 3.126851e-01 -1.009092e-02 -2.250181e-01
vertex 3.349574e-01 -1.814935e-03 -1.996513e-01
vertex 3.105242e-01 -1.644759e-02 -1.902065e-01
endloop
endfacet
facet normal 0 0 0
outer loop
vertex -4.536840e-01 1.946413e-02 -5.546406e-01
vertex -4.649024e-01 -3.070648e-02 -5.439268e-01
vertex -5.000369e-01 -1.688434e-02 -5.186238e-01
endloop
endfacet
facet normal 0 0 0
outer loop
vertex 3.602550e-01 -9.687200e-04 -5.399960e-01
vertex 3.412700e-01 1.725502e-02 -5.524150e-01
vertex 3.475434e-01 1.744240e-02 -5.183703e-01
endloop
endfacet
facet normal 0 0 0
outer loop
vertex -1.853009e-01 -9.105502e-02 -6.370813e-02
vertex -2.270552e-01 -8.109228e-02 -9.008759e-02
vertex -2.204235e-01 -9.061320e-02 -6.072617e-02
endloop
endfacet
facet normal 0 0 0
outer loop
vertex 3.199608e-01 1.614797e-02 -4.349941e-01
vertex 3.142207e-01 -2.943716e-03 -4.430373e-01
vertex 2.907604e-01 1.905682e-02 -4.569308e-01
endloop
endfacet
facet normal 0 0 0
outer loop
vertex -1.844314e-01 1.216922e-01 -2.401980e-02
vertex -1.726058e-01 1.129046e-01 -1.898736e-02
vertex -1.704932e-01 1.230061e-01 -2.637151e-02
endloop
endfacet
facet normal 0 0 0
outer loop
vertex -2.252482e-01 8.252832e-02 -1.289417e-01
vertex -2.255931e-01 6.521949e-02 -1.401210e-01
vertex -2.288040e-01 7.441863e-02 -1.079280e-01
endloop
endfacet
facet normal 0 0 0
outer loop
vertex 3.535302e-01 -2.225653e-03 -4.919044e-01
vertex 3.475434e-01 1.744240e-02 -5.183703e-01
vertex 3.388981e-01 1.636400e-02 -4.873980e-01
endloop
endfacet
facet normal 0 0 0
outer loop
vertex -1.810840e-01 -9.158229e-02 -1.131610e-01
vertex -1.928630e-01 -8.469792e-02 -1.305726e-01
vertex -1.763041e-01 -1.019207e-01 -1.266884e-01
endloop
endfacet
facet normal 0 0 0
outer loop
vertex -2.018452e-01 -8.923097e-02 -1.124788e-01
vertex -1.928630e-01 -8.469792e-02 -1.305726e-01
vertex -1.810840e-01 -9.158229e-02 -1.131610e-01
endloop
endfacet
facet normal 0 0 0
outer loop
vertex 3.085084e-02 4.914663e-02 -6.085519e-01
vertex -5.694237e-03 2.916606e-02 -6.357863e-01
vertex 3.851185e-03 7.809059e-02 -5.899568e-01
endloop
endfacet
facet normal 0 0 0
outer loop
vertex 3.544586e-01 6.865064e-03 -2.276962e-01
vertex 3.397580e-01 -4.519900e-04 -2.375150e-01
vertex 3.561730e-01 -1.238465e-02 -2.282912e-01
endloop
endfacet
facet normal 0 0 0
outer loop
vertex -1.463400e-01 -1.245551e-01 -4.155084e-02
vertex -1.349920e-01 -1.233886e-01 -5.070299e-02
vertex -1.454683e-01 -1.098117e-01 -4.240586e-02
endloop
endfacet
facet normal 0 0 0
outer loop
vertex -1.349920e-01 -1.233886e-01 -5.070299e-02
vertex -1.463400e-01 -1.245551e-01 -4.155084e-02
vertex -1.358187e-01 -1.380792e-01 -2.662407e-02
endloop
endfacet
facet normal 0 0 0
outer loop
vertex -2.399278e-01 -1.240003e-01 -5.306634e-01
vertex -2.499376e-01 -1.054409e-01 -5.749098e-01
vertex -1.953939e-01 -1.168326e-01 -5.562493e-01
endloop
endfacet
facet normal 0 0 0
outer loop
vertex -1.912994e-04 2.808431e-02 -6.884720e-01
vertex -5.870425e-02 2.873350e-02 -6.527094e-01
vertex -5.694237e-03 2.916606e-02 -6.357863e-01
endloop
endfacet
facet normal 0 0 0
outer loop
vertex -2.048660e-01 1.169482e-01 -2.220500e-02
vertex -2.213505e-01 1.026421e-01 -6.121565e-02
vertex -2.158234e-01 9.904838e-02 -3.886914e-02
endloop
endfacet
facet normal 0 0 0
outer loop
vertex 3.227060e-01 -1.433760e-03 -5.971510e-01
vertex 2.980962e-01 -2.121089e-02 -5.931856e-01
vertex 2.934981e-01 -6.144290e-04 -6.195079e-01
endloop
endfacet
facet normal 0 0 0
outer loop
vertex 6.296647e-02 2.395373e-02 -6.074466e-01
vertex 1.138760e-01 2.404384e-02 -5.826380e-01
vertex 1.162609e-01 2.018094e-02 -6.163977e-01
endloop
endfacet
facet normal 0 0 0
outer loop
vertex 7.466914e-02 5.592743e-02 -5.848485e-01
vertex 1.138760e-01 2.404384e-02 -5.826380e-01
vertex 6.296647e-02 2.395373e-02 -6.074466e-01
endloop
endfacet
facet normal 0 0 0
outer loop
vertex 3.133814e-01 1.264946e-02 -2.532664e-01
vertex 3.397580e-01 -4.519900e-04 -2.375150e-01
vertex 3.476714e-01 1.537872e-02 -2.483852e-01
endloop
endfacet
facet normal 0 0 0
outer loop
vertex -2.109896e-01 -1.032181e-01 -2.970819e-02
vertex -2.204235e-01 -9.061320e-02 -6.072617e-02
vertex -2.208290e-01 -1.040675e-01 -6.313202e-02
endloop
endfacet
facet normal 0 0 0
outer loop
vertex -9.811488e-02 -1.494657e-01 -3.489870e-01
vertex -5.088162e-02 -1.607339e-01 -3.286490e-01
vertex -6.893765e-02 -1.634591e-01 -3.824777e-01
endloop
endfacet
facet normal 0 0 0
outer loop
vertex 4.602101e-01 -3.255945e-03 -1.405559e-01
vertex 4.688471e-01 -1.929553e-02 -1.684951e-01
vertex 4.808197e-01 -1.389589e-02 -1.511574e-01
endloop
endfacet
facet normal 0 0 0
outer loop
vertex 3.535302e-01 -2.225653e-03 -4.919044e-01
vertex 3.323715e-01 1.452236e-03 -4.672533e-01
vertex 3.267246e-01 -1.631507e-02 -4.721282e-01
endloop
endfacet
facet normal 0 0 0
outer loop
vertex 5.269979e-02 8.936985e-02 -5.473050e-01
vertex 8.767867e-03 1.117261e-01 -5.105113e-01
vertex 8.466823e-02 9.944509e-02 -5.001106e-01
endloop
endfacet
facet normal 0 0 0
outer loop
vertex -1.247190e-01 -8.621236e-02 -1.275128e-01
vertex -8.385859e-02 -8.753370e-02 -1.403881e-01
vertex -1.025188e-01 -8.392906e-02 -1.553748e-01
endloop
endfacet
facet normal 0 0 0
outer loop
vertex -1.092225e-01 5.212346e-02 -6.438456e-01
vertex -4.488873e-02 5.702722e-02 -6.282398e-01
vertex -5.870425e-02 2.873350e-02 -6.527094e-01
endloop
endfacet
facet normal 0 0 0
outer loop
vertex -6.331746e-02 -1.720902e-01 -1.961177e-01
vertex -3.602100e-02 -1.613993e-01 -1.889670e-01
vertex -7.025218e-02 -1.558666e-01 -1.946300e-01
endloop
endfacet
facet normal 0 0 0
outer loop
vertex 4.525499e-01 -1.863956e-02 -4.804782e-01
vertex 4.746948e-01 -2.585759e-02 -4.485719e-01
vertex 3.829900e-01 -1.870444e-02 -4.395432e-01
endloop
endfacet
facet normal 0 0 0
outer loop
vertex 3.303334e-01 -1.630350e-02 -4.330260e-01
vertex 3.829900e-01 -1.870444e-02 -4.395432e-01
vertex 3.513650e-01 -1.985539e-02 -4.220860e-01
endloop
endfacet
facet normal 0 0 0
outer loop
vertex -1.883093e-01 -9.864218e-02 -8.734422e-02
vertex -1.810840e-01 -9.158229e-02 -1.131610e-01
vertex -1.796937e-01 -1.018457e-01 -1.057868e-01
endloop
endfacet
facet normal 0 0 0
outer loop
vertex -2.018452e-01 -8.923097e-02 -1.124788e-01
vertex -1.810840e-01 -9.158229e-02 -1.131610e-01
vertex -1.883093e-01 -9.864218e-02 -8.734422e-02
endloop
endfacet
facet normal 0 0 0
outer loop
vertex -5.483210e-02 1.831118e-01 -2.846336e-01
vertex -8.244202e-02 1.835613e-01 -3.454475e-01
vertex -1.095288e-01 1.739060e-01 -3.017520e-01
endloop
endfacet
facet normal 0 0 0
outer loop
vertex -4.685581e-02 1.921000e-01 -3.725609e-01
vertex -9.459400e-02 1.803810e-01 -4.000790e-01
vertex -8.244202e-02 1.835613e-01 -3.454475e-01
endloop
endfacet
facet normal 0 0 0
outer loop
vertex -5.790238e-02 1.353714e-01 -2.755884e-01
vertex -3.030959e-02 1.155054e-01 -2.263040e-01
vertex 2.766754e-03 1.283526e-01 -2.851042e-01
endloop
endfacet
facet normal 0 0 0
outer loop
vertex -1.054795e-02 -1.657181e-01 -2.838483e-01
vertex 2.509378e-02 -1.728768e-01 -2.905413e-01
vertex 4.207904e-03 -1.703551e-01 -3.247524e-01
endloop
endfacet
facet normal 0 0 0
outer loop
vertex -9.811488e-02 -1.494657e-01 -3.489870e-01
vertex -7.003095e-02 -1.431805e-01 -4.056767e-01
vertex -3.975449e-02 -1.413181e-01 -3.531775e-01
endloop
endfacet
facet normal 0 0 0
outer loop
vertex -7.003095e-02 -1.431805e-01 -4.056767e-01
vertex 1.975489e-03 -1.331296e-01 -4.066026e-01
vertex -3.975449e-02 -1.413181e-01 -3.531775e-01
endloop
endfacet
facet normal 0 0 0
outer loop
vertex -1.368425e-01 -1.492613e-01 -4.189485e-01
vertex -1.101993e-01 -1.493345e-01 -3.930501e-01
vertex -1.285053e-01 -1.525113e-01 -3.659312e-01
endloop
endfacet
facet normal 0 0 0
outer loop
vertex -1.547306e-01 -2.341485e-02 -6.896451e-01
vertex -1.386105e-01 -3.244620e-02 -6.540845e-01
vertex -1.763855e-01 -2.091691e-02 -6.534550e-01
endloop
endfacet
facet normal 0 0 0
outer loop
vertex -1.763855e-01 -2.091691e-02 -6.534550e-01
vertex -1.386105e-01 -3.244620e-02 -6.540845e-01
vertex -1.702432e-01 -4.126516e-02 -6.502387e-01
endloop
endfacet
facet normal 0 0 0
outer loop
vertex 2.465774e-01 1.266723e-02 -2.228087e-01
vertex 2.620854e-01 3.478057e-02 -2.477757e-01
vertex 2.286249e-01 4.497905e-02 -2.345828e-01
endloop
endfacet
facet normal 0 0 0
outer loop
vertex -9.811488e-02 -1.494657e-01 -3.489870e-01
vertex -3.975449e-02 -1.413181e-01 -3.531775e-01
vertex -6.532016e-02 -1.416729e-01 -2.956766e-01
endloop
endfacet
facet normal 0 0 0
outer loop
vertex -3.975449e-02 -1.413181e-01 -3.531775e-01
vertex 2.004817e-03 -1.340489e-01 -3.114373e-01
vertex -6.532016e-02 -1.416729e-01 -2.956766e-01
endloop
endfacet
facet normal 0 0 0
outer loop
vertex -2.267520e-01 9.527473e-02 -8.194911e-02
vertex -2.213505e-01 1.026421e-01 -6.121565e-02
vertex -1.824606e-01 9.497346e-02 -9.616902e-02
endloop
endfacet
facet normal 0 0 0
outer loop
vertex -1.835859e-01 4.011979e-02 -6.472011e-01
vertex -1.527539e-01 6.370974e-02 -6.364423e-01
vertex -1.592767e-01 2.120068e-02 -6.555231e-01
endloop
endfacet
facet normal 0 0 0
outer loop
vertex -3.711970e-01 -1.262837e-01 -4.588013e-01
vertex -3.914210e-01 -1.175039e-01 -4.694720e-01
vertex -3.504840e-01 -1.240289e-01 -4.853816e-01
endloop
endfacet
facet normal 0 0 0
outer loop
vertex -3.914210e-01 -1.175039e-01 -4.694720e-01
vertex -3.711970e-01 -1.262837e-01 -4.588013e-01
vertex -3.786500e-01 -1.438082e-01 -4.582480e-01
endloop
endfacet
facet normal 0 0 0
outer loop
vertex -1.703844e-01 1.201916e-01 -7.667733e-02
vertex -1.824606e-01 9.497346e-02 -9.616902e-02
vertex -1.597997e-01 1.123603e-01 -6.359314e-02
endloop
endfacet
facet normal 0 0 0
outer loop
vertex -1.597997e-01 1.123603e-01 -6.359314e-02
vertex -1.824606e-01 9.497346e-02 -9.616902e-02
vertex -1.959218e-01 1.128241e-01 -4.379358e-02
endloop
endfacet
facet normal 0 0 0
outer loop
vertex 4.230611e-01 -1.123656e-03 -4.843644e-01
vertex 4.715680e-01 -9.132200e-04 -5.139160e-01
vertex 4.525499e-01 -1.863956e-02 -4.804782e-01
endloop
endfacet
facet normal 0 0 0
outer loop
vertex 3.684469e-01 -2.186936e-02 -2.458367e-01
vertex 3.618260e-01 -2.681802e-02 -2.895464e-01
vertex 4.116378e-01 -2.796207e-02 -2.694747e-01
endloop
endfacet
facet normal 0 0 0
outer loop
vertex 3.618260e-01 -2.681802e-02 -2.895464e-01
vertex 3.684469e-01 -2.186936e-02 -2.458367e-01
vertex 3.417993e-01 -1.995331e-02 -2.621836e-01
endloop
endfacet
facet normal 0 0 0
outer loop
vertex -1.355330e-01 9.160840e-02 -1.559210e-01
vertex -1.023044e-01 8.148293e-02 -1.462527e-01
vertex -8.691709e-02 9.333092e-02 -1.740494e-01
endloop
endfacet
facet normal 0 0 0
outer loop
vertex -9.412933e-02 9.939299e-02 -1.447666e-01
vertex -1.023044e-01 8.148293e-02 -1.462527e-01
vertex -1.355330e-01 9.160840e-02 -1.559210e-01
endloop
endfacet
facet normal 0 0 0
outer loop
vertex -7.680497e-02 1.588763e-01 -1.536905e-05
vertex -6.206251e-02 1.658516e-01 -2.643934e-03
vertex -7.881861e-02 1.664333e-01 -3.197713e-03
endloop
endfacet
facet normal 0 0 0
outer loop
vertex -4.086530e-01 1.455415e-01 -4.489143e-01
vertex -4.063345e-01 1.305802e-01 -4.653446e-01
vertex -4.275000e-01 1.282125e-01 -4.510480e-01
endloop
endfacet
facet normal 0 0 0
outer loop
vertex 3.281081e-01 -2.504127e-03 -1.177499e-01
vertex 3.413586e-01 -1.076521e-03 -1.534560e-01
vertex 3.296753e-01 9.173500e-03 -1.302923e-01
endloop
endfacet
facet normal 0 0 0
outer loop
vertex 3.742715e-01 4.805779e-03 -2.058986e-01
vertex 3.785388e-01 1.789765e-02 -2.310145e-01
vertex 3.544586e-01 6.865064e-03 -2.276962e-01
endloop
endfacet
facet normal 0 0 0
outer loop
vertex -1.466911e-01 1.343842e-01 -6.657502e-02
vertex -1.422245e-01 1.452286e-01 -4.017035e-02
vertex -1.056099e-01 1.488286e-01 -4.837767e-02
endloop
endfacet
facet normal 0 0 0
outer loop
vertex -1.620238e-01 1.293019e-01 -5.521677e-02
vertex -1.597997e-01 1.123603e-01 -6.359314e-02
vertex -1.528134e-01 1.267910e-01 -4.362524e-02
endloop
endfacet
facet normal 0 0 0
outer loop
vertex -1.597997e-01 1.123603e-01 -6.359314e-02
vertex -1.704932e-01 1.230061e-01 -2.637151e-02
vertex -1.528134e-01 1.267910e-01 -4.362524e-02
endloop
endfacet
facet normal 0 0 0
outer loop
vertex 2.687945e-01 -4.943955e-03 -8.288059e-02
vertex 2.832776e-01 9.699473e-03 -9.849779e-02
vertex 2.561274e-01 8.850326e-03 -8.303908e-02
endloop
endfacet
facet normal 0 0 0
outer loop
vertex 3.513650e-01 1.732854e-02 -4.231590e-01
vertex 3.996485e-01 1.594043e-02 -4.522276e-01
vertex 3.815720e-01 -9.572300e-04 -4.582190e-01
endloop
endfacet
facet normal 0 0 0
outer loop
vertex 3.075500e-01 -2.669906e-02 -4.821298e-01
vertex 3.033518e-01 -8.079635e-03 -4.573805e-01
vertex 2.760570e-01 -2.361781e-02 -4.712130e-01
endloop
endfacet
facet normal 0 0 0
outer loop
vertex 3.033518e-01 -8.079635e-03 -4.573805e-01
vertex 3.038492e-01 -2.353425e-02 -4.430548e-01
vertex 2.760570e-01 -2.361781e-02 -4.712130e-01
endloop
endfacet
facet normal 0 0 0
outer loop
vertex 5.051183e-01 2.117480e-02 -2.057377e-01
vertex 5.258051e-01 1.410972e-02 -1.881303e-01
vertex 5.492001e-01 1.347532e-02 -2.238009e-01
endloop
endfacet
facet normal 0 0 0
outer loop
vertex 3.476714e-01 1.537872e-02 -2.483852e-01
vertex 3.544586e-01 6.865064e-03 -2.276962e-01
vertex 3.785388e-01 1.789765e-02 -2.310145e-01
endloop
endfacet
facet normal 0 0 0
outer loop
vertex 3.476714e-01 1.537872e-02 -2.483852e-01
vertex 3.397580e-01 -4.519900e-04 -2.375150e-01
vertex 3.544586e-01 6.865064e-03 -2.276962e-01
endloop
endfacet
facet normal 0 0 0
outer loop
vertex 2.108923e-01 -9.653857e-02 -3.213507e-01
vertex 2.679709e-01 -7.782450e-02 -3.225895e-01
vertex 2.436946e-01 -7.071798e-02 -2.736107e-01
endloop
endfacet
facet normal 0 0 0
outer loop
vertex 5.906798e-01 1.071959e-02 -3.760185e-01
vertex 5.876740e-01 1.029747e-02 -3.352310e-01
vertex 5.928280e-01 3.613400e-04 -3.415510e-01
endloop
endfacet
facet normal 0 0 0
outer loop
vertex -1.293219e-01 1.499873e-01 -3.758496e-01
vertex -1.300917e-01 1.714036e-01 -3.777878e-01
vertex -1.106243e-01 1.658610e-01 -3.927152e-01
endloop
endfacet
facet normal 0 0 0
outer loop
vertex 2.421182e-01 -1.740803e-02 -6.292733e-01
vertex 2.071400e-01 -1.714735e-02 -6.322219e-01
vertex 2.097430e-01 -9.840400e-04 -6.454080e-01
endloop
endfacet
facet normal 0 0 0
outer loop
vertex 2.548542e-01 -3.002024e-02 -5.790634e-01
vertex 2.071400e-01 -1.714735e-02 -6.322219e-01
vertex 2.421182e-01 -1.740803e-02 -6.292733e-01
endloop
endfacet
facet normal 0 0 0
outer loop
vertex -1.452160e-01 1.037845e-01 -5.116480e-02
vertex -1.512417e-01 9.050220e-02 -8.262659e-02
vertex -1.253121e-01 1.060558e-01 -6.971275e-02
endloop
endfacet
facet normal 0 0 0
outer loop
vertex -1.106243e-01 1.658610e-01 -3.927152e-01
vertex -9.459400e-02 1.803810e-01 -4.000790e-01
vertex -9.147585e-02 1.670156e-01 -4.024820e-01
endloop
endfacet
facet normal 0 0 0
outer loop
vertex 1.659572e-01 -1.096096e-02 -6.228259e-01
vertex 1.359682e-01 -1.067998e-02 -6.334411e-01
vertex 1.533691e-01 3.908160e-03 -6.269823e-01
endloop
endfacet
facet normal 0 0 0
outer loop
vertex 2.546244e-01 5.457063e-02 -4.513249e-01
vertex 1.954027e-01 8.914530e-02 -4.314011e-01
vertex 2.779786e-01 6.838335e-02 -3.901500e-01
endloop
endfacet
facet normal 0 0 0
outer loop
vertex 2.977340e-01 -1.179200e-03 -9.557101e-02
vertex 2.832776e-01 9.699473e-03 -9.849779e-02
vertex 2.687945e-01 -4.943955e-03 -8.288059e-02
endloop
endfacet
facet normal 0 0 0
outer loop
vertex -1.928895e-01 -7.545013e-02 -1.059087e-01
vertex -1.706972e-01 -7.317726e-02 -1.278120e-01
vertex -1.867231e-01 -6.557076e-02 -1.340480e-01
endloop
endfacet
facet normal 0 0 0
outer loop
vertex 3.513650e-01 1.732854e-02 -4.231590e-01
vertex 3.680208e-01 2.663222e-02 -3.683788e-01
vertex 4.050642e-01 2.686269e-02 -3.850644e-01
endloop
endfacet
facet normal 0 0 0
outer loop
vertex -5.882509e-01 1.356062e-02 -3.721665e-01
vertex -5.921569e-01 1.914479e-02 -3.295834e-01
vertex -5.730635e-01 4.402658e-02 -3.675867e-01
endloop
endfacet
facet normal 0 0 0
outer loop
vertex -1.025188e-01 -8.392906e-02 -1.553748e-01
vertex -8.385859e-02 -8.753370e-02 -1.403881e-01
vertex -9.288500e-02 -1.009003e-01 -1.444970e-01
endloop
endfacet
facet normal 0 0 0
outer loop
vertex -1.691780e-01 1.598484e-01 -3.414045e-01
vertex -1.300917e-01 1.714036e-01 -3.777878e-01
vertex -1.293219e-01 1.499873e-01 -3.758496e-01
endloop
endfacet
facet normal 0 0 0
outer loop
vertex -1.293219e-01 1.499873e-01 -3.758496e-01
vertex -1.938764e-01 1.504791e-01 -3.876121e-01
vertex -1.691780e-01 1.598484e-01 -3.414045e-01
endloop
endfacet
facet normal 0 0 0
outer loop
vertex -1.436298e-01 1.470852e-01 -4.151009e-01
vertex -1.938764e-01 1.504791e-01 -3.876121e-01
vertex -1.293219e-01 1.499873e-01 -3.758496e-01
endloop
endfacet
facet normal 0 0 0
outer loop
vertex -3.485331e-02 1.393868e-01 -7.964547e-02
vertex -1.751947e-02 1.401602e-01 -6.309977e-02
vertex -1.975998e-02 1.298938e-01 -8.136007e-02
endloop
endfacet
facet normal 0 0 0
outer loop
vertex 2.980962e-01 -2.121089e-02 -5.931856e-01
vertex 2.548542e-01 -3.002024e-02 -5.790634e-01
vertex 2.421182e-01 -1.740803e-02 -6.292733e-01
endloop
endfacet
facet normal 0 0 0
outer loop
vertex 5.494835e-01 -1.047450e-02 -5.147186e-01
vertex 5.577546e-01 2.038266e-03 -5.129996e-01
vertex 5.779060e-01 -1.159188e-02 -4.753960e-01
endloop
endfacet
facet normal 0 0 0
outer loop
vertex 2.286249e-01 4.497905e-02 -2.345828e-01
vertex 2.620854e-01 3.478057e-02 -2.477757e-01
vertex 2.584565e-01 6.466372e-02 -2.814554e-01
endloop
endfacet
facet normal 0 0 0
outer loop
vertex -5.132651e-01 -3.774399e-02 -2.455257e-01
vertex -5.541554e-01 -2.634181e-02 -2.735410e-01
vertex -5.237239e-01 -6.630275e-02 -2.811343e-01
endloop
endfacet
facet normal 0 0 0
outer loop
vertex -5.089508e-02 -1.747897e-01 -4.185320e-01
vertex -5.853000e-02 -1.874032e-01 -4.169320e-01
vertex -8.639380e-02 -1.710200e-01 -4.050157e-01
endloop
endfacet
facet normal 0 0 0
outer loop
vertex -9.811488e-02 -1.494657e-01 -3.489870e-01
vertex -1.211148e-01 -1.659247e-01 -3.859694e-01
vertex -1.285053e-01 -1.525113e-01 -3.659312e-01
endloop
endfacet
facet normal 0 0 0
outer loop
vertex -1.285053e-01 -1.525113e-01 -3.659312e-01
vertex -1.101993e-01 -1.493345e-01 -3.930501e-01
vertex -9.811488e-02 -1.494657e-01 -3.489870e-01
endloop
endfacet
facet normal 0 0 0
outer loop
vertex -4.399975e-01 -1.287465e-01 -4.274630e-01
vertex -4.334569e-01 -1.386331e-01 -4.088488e-01
vertex -4.471000e-01 -1.133424e-01 -4.070638e-01
endloop
endfacet
facet normal 0 0 0
outer loop
vertex -2.281808e-01 2.397006e-02 -1.334521e-01
vertex -2.185387e-01 5.729005e-02 -1.392999e-01
vertex -2.405735e-01 5.454665e-02 -1.436119e-01
endloop
endfacet
facet normal 0 0 0
outer loop
vertex -1.196567e-01 1.471394e-01 -2.200443e-01
vertex -1.412374e-01 1.549716e-01 -2.415625e-01
vertex -1.355590e-01 1.313377e-01 -2.346131e-01
endloop
endfacet
facet normal 0 0 0
outer loop
vertex -1.257303e-01 1.163394e-01 -1.995154e-01
vertex -9.075478e-02 1.235896e-01 -2.239120e-01
vertex -1.355590e-01 1.313377e-01 -2.346131e-01
endloop
endfacet
facet normal 0 0 0
outer loop
vertex -9.259480e-02 1.442283e-01 -4.044842e-01
vertex -1.436298e-01 1.470852e-01 -4.151009e-01
vertex -1.293219e-01 1.499873e-01 -3.758496e-01
endloop
endfacet
facet normal 0 0 0
outer loop
vertex 1.359682e-01 -1.067998e-02 -6.334411e-01
vertex 1.659572e-01 -1.096096e-02 -6.228259e-01
vertex 1.411098e-01 -2.278679e-02 -6.061012e-01
endloop
endfacet
facet normal 0 0 0
outer loop
vertex 1.411098e-01 -2.278679e-02 -6.061012e-01
vertex 1.659572e-01 -1.096096e-02 -6.228259e-01
vertex 1.901700e-01 -2.808746e-02 -5.937757e-01
endloop
endfacet
facet normal 0 0 0
outer loop
vertex -1.690450e-01 -1.618341e-01 -3.321065e-01
vertex -1.515365e-01 -1.555583e-01 -3.639020e-01
vertex -1.391789e-01 -1.725428e-01 -3.638904e-01
endloop
endfacet
facet normal 0 0 0
outer loop
vertex 4.116378e-01 -2.796207e-02 -2.694747e-01
vertex 4.749460e-01 -2.761792e-02 -2.523677e-01
vertex 4.311918e-01 -2.104087e-02 -1.968537e-01
endloop
endfacet
facet normal 0 0 0
outer loop
vertex 3.684469e-01 -2.186936e-02 -2.458367e-01
vertex 4.116378e-01 -2.796207e-02 -2.694747e-01
vertex 3.962775e-01 -1.964689e-02 -2.319573e-01
endloop
endfacet
facet normal 0 0 0
outer loop
vertex -6.532016e-02 -1.416729e-01 -2.956766e-01
vertex -8.703421e-02 -1.533638e-01 -3.084065e-01
vertex -9.811488e-02 -1.494657e-01 -3.489870e-01
endloop
endfacet
facet normal 0 0 0
outer loop
vertex -8.703421e-02 -1.533638e-01 -3.084065e-01
vertex -5.088162e-02 -1.607339e-01 -3.286490e-01
vertex -9.811488e-02 -1.494657e-01 -3.489870e-01
endloop
endfacet
facet normal 0 0 0
outer loop
vertex 2.934981e-01 -6.144290e-04 -6.195079e-01
vertex 2.421182e-01 -1.740803e-02 -6.292733e-01
vertex 2.548790e-01 -1.001260e-03 -6.383090e-01
endloop
endfacet
facet normal 0 0 0
outer loop
vertex 2.980962e-01 -2.121089e-02 -5.931856e-01
vertex 2.421182e-01 -1.740803e-02 -6.292733e-01
vertex 2.934981e-01 -6.144290e-04 -6.195079e-01
endloop
endfacet
facet normal 0 0 0
outer loop
vertex 2.825094e-02 1.062971e-01 -2.279021e-01
vertex 2.766754e-03 1.283526e-01 -2.851042e-01
vertex -3.030959e-02 1.155054e-01 -2.263040e-01
endloop
endfacet
facet normal 0 0 0
outer loop
vertex 4.492607e-01 1.332763e-02 -4.875329e-01
vertex 4.844604e-01 1.607245e-02 -5.003365e-01
vertex 4.715680e-01 -9.132200e-04 -5.139160e-01
endloop
endfacet
facet normal 0 0 0
outer loop
vertex 4.715680e-01 -9.132200e-04 -5.139160e-01
vertex 4.844604e-01 1.607245e-02 -5.003365e-01
vertex 5.077860e-01 7.990387e-03 -5.218086e-01
endloop
endfacet
facet normal 0 0 0
outer loop
vertex -1.552767e-01 1.146170e-01 -2.836813e-02
vertex -1.704932e-01 1.230061e-01 -2.637151e-02
vertex -1.726058e-01 1.129046e-01 -1.898736e-02
endloop
endfacet
facet normal 0 0 0
outer loop
vertex -4.136908e-01 1.233165e-01 -3.708707e-01
vertex -4.162042e-01 1.466619e-01 -3.936371e-01
vertex -4.288081e-01 1.259833e-01 -3.804649e-01
endloop
endfacet
facet normal 0 0 0
outer loop
vertex 3.413586e-01 -1.076521e-03 -1.534560e-01
vertex 3.281081e-01 -2.504127e-03 -1.177499e-01
vertex 3.311571e-01 -1.263316e-02 -1.579631e-01
endloop
endfacet
facet normal 0 0 0
outer loop
vertex 2.548790e-01 -1.001260e-03 -6.383090e-01
vertex 2.365232e-01 1.596075e-02 -6.303849e-01
vertex 2.730178e-01 1.844442e-02 -6.111158e-01
endloop
endfacet
facet normal 0 0 0
outer loop
vertex 2.944838e-02 -8.204184e-02 -1.912996e-01
vertex 5.662268e-02 -9.558220e-02 -2.148411e-01
vertex 5.940598e-02 -5.919558e-02 -1.722490e-01
endloop
endfacet
facet normal 0 0 0
outer loop
vertex -7.003095e-02 -1.431805e-01 -4.056767e-01
vertex -9.811488e-02 -1.494657e-01 -3.489870e-01
vertex -1.101993e-01 -1.493345e-01 -3.930501e-01
endloop
endfacet
facet normal 0 0 0
outer loop
vertex 3.173417e-01 -3.102372e-02 -2.690989e-01
vertex 3.209939e-01 -8.613884e-03 -2.494436e-01
vertex 2.853375e-01 -2.750171e-02 -2.562050e-01
endloop
endfacet
facet normal 0 0 0
outer loop
vertex 3.075500e-01 -2.669906e-02 -4.821298e-01
vertex 3.442046e-01 -1.954354e-02 -5.041199e-01
vertex 3.267246e-01 -1.631507e-02 -4.721282e-01
endloop
endfacet
facet normal 0 0 0
outer loop
vertex -6.029367e-02 -8.648801e-02 -1.703210e-01
vertex -8.754555e-02 -5.179073e-02 -1.353943e-01
vertex -1.025188e-01 -8.392906e-02 -1.553748e-01
endloop
endfacet
facet normal 0 0 0
outer loop
vertex 4.715680e-01 -9.132200e-04 -5.139160e-01
vertex 5.077860e-01 7.990387e-03 -5.218086e-01
vertex 5.101100e-01 -1.244349e-02 -5.201150e-01
endloop
endfacet
facet normal 0 0 0
outer loop
vertex -3.543269e-01 -1.344886e-01 -4.322334e-01
vertex -3.585799e-01 -1.369137e-01 -3.868529e-01
vertex -3.580990e-01 -1.508711e-01 -4.084387e-01
endloop
endfacet
facet normal 0 0 0
outer loop
vertex -3.230052e-01 -1.428669e-01 -4.078397e-01
vertex -3.585799e-01 -1.369137e-01 -3.868529e-01
vertex -3.543269e-01 -1.344886e-01 -4.322334e-01
endloop
endfacet
facet normal 0 0 0
outer loop
vertex -4.360179e-01 -1.184144e-01 -3.766435e-01
vertex -4.110726e-01 -1.301745e-01 -3.709479e-01
vertex -4.344780e-01 -1.192147e-01 -3.411154e-01
endloop
endfacet
facet normal 0 0 0
outer loop
vertex -3.946885e-01 1.429931e-01 -3.770261e-01
vertex -4.136908e-01 1.233165e-01 -3.708707e-01
vertex -3.814300e-01 1.304975e-01 -3.729470e-01
endloop
endfacet
facet normal 0 0 0
outer loop
vertex -4.136908e-01 1.233165e-01 -3.708707e-01
vertex -4.107012e-01 1.233229e-01 -3.374259e-01
vertex -3.814300e-01 1.304975e-01 -3.729470e-01
endloop
endfacet
facet normal 0 0 0
outer loop
vertex 3.303334e-01 -1.630350e-02 -4.330260e-01
vertex 2.934805e-01 -5.096239e-02 -4.194331e-01
vertex 3.038492e-01 -2.353425e-02 -4.430548e-01
endloop
endfacet
facet normal 0 0 0
outer loop
vertex -3.298123e-01 -2.028929e-02 -6.198755e-01
vertex -3.329395e-01 -6.142158e-02 -6.031455e-01
vertex -4.113174e-01 -3.235632e-02 -5.784969e-01
endloop
endfacet
facet normal 0 0 0
outer loop
vertex -4.113174e-01 -3.235632e-02 -5.784969e-01
vertex -3.633352e-01 1.392409e-02 -6.061810e-01
vertex -3.298123e-01 -2.028929e-02 -6.198755e-01
endloop
endfacet
facet normal 0 0 0
outer loop
vertex 3.413586e-01 -1.076521e-03 -1.534560e-01
vertex 3.307000e-01 1.039337e-02 -1.810840e-01
vertex 3.225341e-01 1.205471e-02 -1.406538e-01
endloop
endfacet
facet normal 0 0 0
outer loop
vertex 2.521540e-01 2.592505e-02 -4.887760e-01
vertex 2.907604e-01 1.905682e-02 -4.569308e-01
vertex 2.790245e-01 2.879222e-02 -5.177224e-01
endloop
endfacet
facet normal 0 0 0
outer loop
vertex 5.101100e-01 -1.244349e-02 -5.201150e-01
vertex 4.525499e-01 -1.863956e-02 -4.804782e-01
vertex 4.715680e-01 -9.132200e-04 -5.139160e-01
endloop
endfacet
facet normal 0 0 0
outer loop
vertex 3.142207e-01 -2.943716e-03 -4.430373e-01
vertex 3.451641e-01 1.091117e-03 -4.389027e-01
vertex 3.303334e-01 -1.630350e-02 -4.330260e-01
endloop
endfacet
facet normal 0 0 0
outer loop
vertex 3.303334e-01 -1.630350e-02 -4.330260e-01
vertex 3.038492e-01 -2.353425e-02 -4.430548e-01
vertex 3.142207e-01 -2.943716e-03 -4.430373e-01
endloop
endfacet
facet normal 0 0 0
outer loop
vertex 1.508686e-01 2.492573e-02 -5.674231e-01
vertex 1.138760e-01 2.404384e-02 -5.826380e-01
vertex 1.198828e-01 6.016230e-02 -5.550027e-01
endloop
endfacet
facet normal 0 0 0
outer loop
vertex -9.209659e-02 1.463901e-01 -3.373851e-01
vertex -4.314450e-02 1.400924e-01 -3.359432e-01
vertex -5.042861e-02 1.405206e-01 -3.840767e-01
endloop
endfacet
facet normal 0 0 0
outer loop
vertex -4.708552e-01 9.236688e-02 -4.592030e-01
vertex -4.468220e-01 1.061232e-01 -4.423757e-01
vertex -4.273102e-01 1.069715e-01 -4.624941e-01
endloop
endfacet
facet normal 0 0 0
outer loop
vertex -1.928630e-01 -8.469792e-02 -1.305726e-01
vertex -2.018452e-01 -8.923097e-02 -1.124788e-01
vertex -2.101845e-01 -8.091070e-02 -1.436732e-01
endloop
endfacet
facet normal 0 0 0
outer loop
vertex -2.018452e-01 -8.923097e-02 -1.124788e-01
vertex -2.277236e-01 -8.301330e-02 -1.296470e-01
vertex -2.101845e-01 -8.091070e-02 -1.436732e-01
endloop
endfacet
facet normal 0 0 0
outer loop
vertex -2.246812e-01 -7.873535e-02 -1.467398e-01
vertex -2.223902e-01 -8.975536e-02 -1.630946e-01
vertex -2.101845e-01 -8.091070e-02 -1.436732e-01
endloop
endfacet
facet normal 0 0 0
outer loop
vertex -2.101845e-01 -8.091070e-02 -1.436732e-01
vertex -2.277236e-01 -8.301330e-02 -1.296470e-01
vertex -2.246812e-01 -7.873535e-02 -1.467398e-01
endloop
endfacet
facet normal 0 0 0
outer loop
vertex -1.216289e-02 1.281899e-01 -4.502556e-01
vertex -3.185788e-02 1.344972e-01 -4.164189e-01
vertex 2.917676e-02 1.269360e-01 -4.081144e-01
endloop
endfacet
facet normal 0 0 0
outer loop
vertex -2.622000e-02 1.469442e-01 -2.962101e-02
vertex -4.243249e-02 1.651073e-01 -1.632356e-02
vertex -5.099848e-02 1.524400e-01 -7.995527e-03
endloop
endfacet
facet normal 0 0 0
outer loop
vertex -8.385859e-02 -8.753370e-02 -1.403881e-01
vertex -5.992249e-02 -9.417832e-02 -1.292214e-01
vertex -6.552098e-02 -1.077832e-01 -1.335460e-01
endloop
endfacet
facet normal 0 0 0
outer loop
vertex -1.515365e-01 -1.555583e-01 -3.639020e-01
vertex -2.039762e-01 -1.527530e-01 -3.941823e-01
vertex -1.368425e-01 -1.492613e-01 -4.189485e-01
endloop
endfacet
facet normal 0 0 0
outer loop
vertex 2.934981e-01 -6.144290e-04 -6.195079e-01
vertex 2.548790e-01 -1.001260e-03 -6.383090e-01
vertex 2.730178e-01 1.844442e-02 -6.111158e-01
endloop
endfacet
facet normal 0 0 0
outer loop
vertex 1.191023e-01 -1.649285e-02 -6.440800e-01
vertex 1.117149e-01 -1.668489e-02 -6.749721e-01
vertex 1.359682e-01 -1.067998e-02 -6.334411e-01
endloop
endfacet
facet normal 0 0 0
outer loop
vertex -2.185387e-01 5.729005e-02 -1.392999e-01
vertex -1.937420e-01 6.038385e-02 -1.347740e-01
vertex -2.167845e-01 6.584974e-02 -1.287922e-01
endloop
endfacet
facet normal 0 0 0
outer loop
vertex -1.937420e-01 6.038385e-02 -1.347740e-01
vertex -2.185387e-01 5.729005e-02 -1.392999e-01
vertex -2.281808e-01 2.397006e-02 -1.334521e-01
endloop
endfacet
facet normal 0 0 0
outer loop
vertex 6.778062e-02 2.009532e-01 -3.445657e-01
vertex 6.754500e-02 1.875077e-01 -3.261280e-01
vertex 6.642000e-02 1.872360e-01 -3.573850e-01
endloop
endfacet
facet normal 0 0 0
outer loop
vertex -9.412933e-02 9.939299e-02 -1.447666e-01
vertex -9.615956e-02 1.206092e-01 -1.114543e-01
vertex -5.379100e-02 1.081029e-01 -1.291190e-01
endloop
endfacet
facet normal 0 0 0
outer loop
vertex 3.417993e-01 -1.995331e-02 -2.621836e-01
vertex 3.684469e-01 -2.186936e-02 -2.458367e-01
vertex 3.400367e-01 -1.479193e-02 -2.465972e-01
endloop
endfacet
facet normal 0 0 0
outer loop
vertex 3.209939e-01 -8.613884e-03 -2.494436e-01
vertex 3.173417e-01 -3.102372e-02 -2.690989e-01
vertex 3.400367e-01 -1.479193e-02 -2.465972e-01
endloop
endfacet
facet normal 0 0 0
outer loop
vertex 1.187266e-01 7.947411e-02 -5.253966e-01
vertex 1.684208e-01 5.588416e-02 -5.280097e-01
vertex 1.198828e-01 6.016230e-02 -5.550027e-01
endloop
endfacet
facet normal 0 0 0
outer loop
vertex 3.209939e-01 -8.613884e-03 -2.494436e-01
vertex 3.400367e-01 -1.479193e-02 -2.465972e-01
vertex 3.397580e-01 -4.519900e-04 -2.375150e-01
endloop
endfacet
facet normal 0 0 0
outer loop
vertex 3.349574e-01 -1.814935e-03 -1.996513e-01
vertex 3.126851e-01 -1.009092e-02 -2.250181e-01
vertex 3.192103e-01 9.312104e-03 -2.173067e-01
endloop
endfacet
facet normal 0 0 0
outer loop
vertex -6.552098e-02 -1.077832e-01 -1.335460e-01
vertex -7.976548e-02 -1.241965e-01 -1.089675e-01
vertex -9.288500e-02 -1.009003e-01 -1.444970e-01
endloop
endfacet
facet normal 0 0 0
outer loop
vertex -1.422005e-01 -1.383385e-01 -2.417292e-01
vertex -1.090666e-01 -1.621327e-01 -2.131350e-01
vertex -1.002839e-01 -1.490926e-01 -2.134382e-01
endloop
endfacet
facet normal 0 0 0
outer loop
vertex 1.041710e-01 5.421595e-03 -7.156541e-01
vertex 9.391801e-02 -5.591900e-04 -7.393070e-01
vertex 8.004710e-02 1.928263e-02 -7.268475e-01
endloop
endfacet
facet normal 0 0 0
outer loop
vertex 9.391801e-02 -5.591900e-04 -7.393070e-01
vertex 1.041710e-01 5.421595e-03 -7.156541e-01
vertex 8.701900e-02 -1.085511e-02 -7.412280e-01
endloop
endfacet
facet normal 0 0 0
outer loop
vertex -1.463400e-01 -1.245551e-01 -4.155084e-02
vertex -1.570316e-01 -1.239649e-01 -3.977568e-02
vertex -1.626362e-01 -1.139310e-01 -6.126131e-02
endloop
endfacet
facet normal 0 0 0
outer loop
vertex -1.626362e-01 -1.139310e-01 -6.126131e-02
vertex -1.512752e-01 -1.423154e-01 -4.180801e-02
vertex -1.463400e-01 -1.245551e-01 -4.155084e-02
endloop
endfacet
facet normal 0 0 0
outer loop
vertex -9.075478e-02 1.235896e-01 -2.239120e-01
vertex -1.113460e-01 1.418459e-01 -2.711390e-01
vertex -1.355590e-01 1.313377e-01 -2.346131e-01
endloop
endfacet
facet normal 0 0 0
outer loop
vertex -1.113460e-01 1.418459e-01 -2.711390e-01
vertex -8.326021e-02 1.469754e-01 -2.390672e-01
vertex -1.355590e-01 1.313377e-01 -2.346131e-01
endloop
endfacet
facet normal 0 0 0
outer loop
vertex -9.209659e-02 1.463901e-01 -3.373851e-01
vertex -1.293219e-01 1.499873e-01 -3.758496e-01
vertex -9.867473e-02 1.581076e-01 -3.833771e-01
endloop
endfacet
facet normal 0 0 0
outer loop
vertex -9.259480e-02 1.442283e-01 -4.044842e-01
vertex -1.293219e-01 1.499873e-01 -3.758496e-01
vertex -9.209659e-02 1.463901e-01 -3.373851e-01
endloop
endfacet
facet normal 0 0 0
outer loop
vertex -7.251617e-02 1.620921e-01 -3.905795e-01
vertex -6.002405e-02 1.714666e-01 -4.153495e-01
vertex -2.533060e-02 1.665517e-01 -3.756524e-01
endloop
endfacet
facet normal 0 0 0
outer loop
vertex -7.251617e-02 1.620921e-01 -3.905795e-01
vertex -2.533060e-02 1.665517e-01 -3.756524e-01
vertex -6.443626e-02 1.590350e-01 -3.625044e-01
endloop
endfacet
facet normal 0 0 0
outer loop
vertex -5.042861e-02 1.405206e-01 -3.840767e-01
vertex -9.259480e-02 1.442283e-01 -4.044842e-01
vertex -9.209659e-02 1.463901e-01 -3.373851e-01
endloop
endfacet
facet normal 0 0 0
outer loop
vertex -7.251617e-02 1.620921e-01 -3.905795e-01
vertex -6.443626e-02 1.590350e-01 -3.625044e-01
vertex -9.867473e-02 1.581076e-01 -3.833771e-01
endloop
endfacet
facet normal 0 0 0
outer loop
vertex -9.147585e-02 1.670156e-01 -4.024820e-01
vertex -6.002405e-02 1.714666e-01 -4.153495e-01
vertex -7.251617e-02 1.620921e-01 -3.905795e-01
endloop
endfacet
facet normal 0 0 0
outer loop
vertex -6.443626e-02 1.590350e-01 -3.625044e-01
vertex -9.209659e-02 1.463901e-01 -3.373851e-01
vertex -9.867473e-02 1.581076e-01 -3.833771e-01
endloop
endfacet
facet normal 0 0 0
outer loop
vertex -4.536840e-01 1.946413e-02 -5.546406e-01
vertex -5.178363e-01 1.640397e-02 -4.989454e-01
vertex -4.791628e-01 5.468250e-02 -5.126755e-01
endloop
endfacet
facet normal 0 0 0
outer loop
vertex -5.000369e-01 -1.688434e-02 -5.186238e-01
vertex -5.178363e-01 1.640397e-02 -4.989454e-01
vertex -4.536840e-01 1.946413e-02 -5.546406e-01
endloop
endfacet
facet normal 0 0 0
outer loop
vertex -5.351756e-01 -8.113405e-03 -4.779904e-01
vertex -5.178363e-01 1.640397e-02 -4.989454e-01
vertex -5.000369e-01 -1.688434e-02 -5.186238e-01
endloop
endfacet
facet normal 0 0 0
outer loop
vertex -7.251617e-02 1.620921e-01 -3.905795e-01
vertex -9.867473e-02 1.581076e-01 -3.833771e-01
vertex -9.147585e-02 1.670156e-01 -4.024820e-01
endloop
endfacet
facet normal 0 0 0
outer loop
vertex -8.754555e-02 -5.179073e-02 -1.353943e-01
vertex -1.365126e-01 -7.313415e-02 -1.347520e-01
vertex -1.025188e-01 -8.392906e-02 -1.553748e-01
endloop
endfacet
facet normal 0 0 0
outer loop
vertex -1.025188e-01 -8.392906e-02 -1.553748e-01
vertex -1.365126e-01 -7.313415e-02 -1.347520e-01
vertex -1.247190e-01 -8.621236e-02 -1.275128e-01
endloop
endfacet
facet normal 0 0 0
outer loop
vertex -1.137867e-01 -1.447968e-01 -2.645155e-01
vertex -8.703421e-02 -1.533638e-01 -3.084065e-01
vertex -6.532016e-02 -1.416729e-01 -2.956766e-01
endloop
endfacet
facet normal 0 0 0
outer loop
vertex -5.325101e-02 -1.573512e-01 -2.742493e-01
vertex -8.703421e-02 -1.533638e-01 -3.084065e-01
vertex -1.137867e-01 -1.447968e-01 -2.645155e-01
endloop
endfacet
facet normal 0 0 0
outer loop
vertex -8.703421e-02 -1.533638e-01 -3.084065e-01
vertex -5.325101e-02 -1.573512e-01 -2.742493e-01
vertex -5.088162e-02 -1.607339e-01 -3.286490e-01
endloop
endfacet
facet normal 0 0 0
outer loop
vertex 3.680208e-01 2.663222e-02 -3.683788e-01
vertex 3.647392e-01 2.765068e-02 -3.214951e-01
vertex 4.050642e-01 2.686269e-02 -3.850644e-01
endloop
endfacet
facet normal 0 0 0
outer loop
vertex -1.106243e-01 1.658610e-01 -3.927152e-01
vertex -9.867473e-02 1.581076e-01 -3.833771e-01
vertex -1.293219e-01 1.499873e-01 -3.758496e-01
endloop
endfacet
facet normal 0 0 0
outer loop
vertex 8.390955e-02 7.712834e-02 -2.020773e-01
vertex 4.828410e-02 5.463507e-02 -1.690188e-01
vertex 9.565385e-02 1.660607e-02 -1.524368e-01
endloop
endfacet
facet normal 0 0 0
outer loop
vertex -9.412933e-02 9.939299e-02 -1.447666e-01
vertex -5.379100e-02 1.081029e-01 -1.291190e-01
vertex -7.435493e-02 8.952308e-02 -1.392331e-01
endloop
endfacet
facet normal 0 0 0
outer loop
vertex -9.867473e-02 1.581076e-01 -3.833771e-01
vertex -1.106243e-01 1.658610e-01 -3.927152e-01
vertex -9.147585e-02 1.670156e-01 -4.024820e-01
endloop
endfacet
facet normal 0 0 0
outer loop
vertex 3.431053e-02 -1.762517e-01 -2.438556e-01
vertex 4.396363e-02 -1.941442e-01 -2.613767e-01
vertex 4.639427e-02 -1.803395e-01 -2.713678e-01
endloop
endfacet
facet normal 0 0 0
outer loop
vertex 2.825094e-02 1.062971e-01 -2.279021e-01
vertex 5.301246e-02 1.158505e-01 -2.641844e-01
vertex 2.766754e-03 1.283526e-01 -2.851042e-01
endloop
endfacet
facet normal 0 0 0
outer loop
vertex -5.237239e-01 -6.630275e-02 -2.811343e-01
vertex -4.737754e-01 -9.678894e-02 -2.854089e-01
vertex -4.700336e-01 -7.262036e-02 -2.392897e-01
endloop
endfacet
facet normal 0 0 0
outer loop
vertex 2.433331e-01 1.785498e-03 -7.489252e-02
vertex 2.411910e-01 -9.980480e-03 -7.581699e-02
vertex 2.466790e-01 -1.070120e-03 -7.078502e-02
endloop
endfacet
facet normal 0 0 0
outer loop
vertex -2.143070e-01 -3.289014e-02 -1.322671e-01
vertex -2.276241e-01 -6.834458e-02 -1.463421e-01
vertex -1.867231e-01 -6.557076e-02 -1.340480e-01
endloop
endfacet
facet normal 0 0 0
outer loop
vertex -2.276241e-01 -6.834458e-02 -1.463421e-01
vertex -2.279257e-01 -7.155752e-02 -1.230372e-01
vertex -1.867231e-01 -6.557076e-02 -1.340480e-01
endloop
endfacet
facet normal 0 0 0
outer loop
vertex -2.768369e-01 -1.543113e-02 -6.376313e-01
vertex -3.298123e-01 -2.028929e-02 -6.198755e-01
vertex -2.891589e-01 2.357653e-02 -6.325408e-01
endloop
endfacet
facet normal 0 0 0
outer loop
vertex -3.914210e-01 -1.175039e-01 -4.694720e-01
vertex -4.124501e-01 -1.136608e-01 -4.662978e-01
vertex -4.273598e-01 -9.436668e-02 -5.020974e-01
endloop
endfacet
facet normal 0 0 0
outer loop
vertex 5.518830e-01 -9.484602e-04 -2.116811e-01
vertex 5.687710e-01 -1.001230e-03 -2.437250e-01
vertex 5.492001e-01 1.347532e-02 -2.238009e-01
endloop
endfacet
facet normal 0 0 0
outer loop
vertex -2.223902e-01 -8.975536e-02 -1.630946e-01
vertex -2.246812e-01 -7.873535e-02 -1.467398e-01
vertex -2.434914e-01 -6.338943e-02 -1.474192e-01
endloop
endfacet
facet normal 0 0 0
outer loop
vertex -1.463400e-01 -1.245551e-01 -4.155084e-02
vertex -1.582849e-01 -1.192440e-01 -2.642999e-02
vertex -1.570316e-01 -1.239649e-01 -3.977568e-02
endloop
endfacet
facet normal 0 0 0
outer loop
vertex -1.512752e-01 -1.423154e-01 -4.180801e-02
vertex -1.358187e-01 -1.380792e-01 -2.662407e-02
vertex -1.463400e-01 -1.245551e-01 -4.155084e-02
endloop
endfacet
facet normal 0 0 0
outer loop
vertex -1.838758e-02 -1.796971e-01 -4.277097e-01
vertex -5.089508e-02 -1.747897e-01 -4.185320e-01
vertex -2.907446e-02 -1.687420e-01 -3.847138e-01
endloop
endfacet
facet normal 0 0 0
outer loop
vertex 1.421046e-01 9.111728e-02 -4.801424e-01
vertex 1.684208e-01 5.588416e-02 -5.280097e-01
vertex 1.187266e-01 7.947411e-02 -5.253966e-01
endloop
endfacet
facet normal 0 0 0
outer loop
vertex -3.490375e-01 1.372650e-01 -3.525328e-01
vertex -3.558810e-01 1.345048e-01 -3.972080e-01
vertex -3.814300e-01 1.304975e-01 -3.729470e-01
endloop
endfacet
facet normal 0 0 0
outer loop
vertex -3.814300e-01 1.304975e-01 -3.729470e-01
vertex -3.558810e-01 1.345048e-01 -3.972080e-01
vertex -3.701669e-01 1.471340e-01 -3.857589e-01
endloop
endfacet
facet normal 0 0 0
outer loop
vertex -1.781299e-01 7.718278e-02 -1.022748e-01
vertex -1.814286e-01 9.615132e-02 -4.700081e-02
vertex -2.210086e-01 8.543000e-02 -6.911625e-02
endloop
endfacet
facet normal 0 0 0
outer loop
vertex -1.814286e-01 9.615132e-02 -4.700081e-02
vertex -1.976944e-01 1.074619e-01 -1.847084e-02
vertex -2.158234e-01 9.904838e-02 -3.886914e-02
endloop
endfacet
facet normal 0 0 0
outer loop
vertex -1.976944e-01 1.074619e-01 -1.847084e-02
vertex -1.814286e-01 9.615132e-02 -4.700081e-02
vertex -1.726058e-01 1.129046e-01 -1.898736e-02
endloop
endfacet
facet normal 0 0 0
outer loop
vertex -1.512417e-01 9.050220e-02 -8.262659e-02
vertex -1.814286e-01 9.615132e-02 -4.700081e-02
vertex -1.781299e-01 7.718278e-02 -1.022748e-01
endloop
endfacet
facet normal 0 0 0
outer loop
vertex -1.814286e-01 9.615132e-02 -4.700081e-02
vertex -1.552767e-01 1.146170e-01 -2.836813e-02
vertex -1.726058e-01 1.129046e-01 -1.898736e-02
endloop
endfacet
facet normal 0 0 0
outer loop
vertex -1.814286e-01 9.615132e-02 -4.700081e-02
vertex -1.452160e-01 1.037845e-01 -5.116480e-02
vertex -1.552767e-01 1.146170e-01 -2.836813e-02
endloop
endfacet
facet normal 0 0 0
outer loop
vertex -2.255931e-01 6.521949e-02 -1.401210e-01
vertex -2.167845e-01 6.584974e-02 -1.287922e-01
vertex -2.288040e-01 7.441863e-02 -1.079280e-01
endloop
endfacet
facet normal 0 0 0
outer loop
vertex -2.405735e-01 5.454665e-02 -1.436119e-01
vertex -2.881211e-01 6.866021e-02 -1.591449e-01
vertex -2.281808e-01 2.397006e-02 -1.334521e-01
endloop
endfacet
facet normal 0 0 0
outer loop
vertex -1.015620e-01 -1.822591e-01 -3.939370e-01
vertex -1.211148e-01 -1.659247e-01 -3.859694e-01
vertex -8.639380e-02 -1.710200e-01 -4.050157e-01
endloop
endfacet
facet normal 0 0 0
outer loop
vertex -1.002839e-01 -1.490926e-01 -2.134382e-01
vertex -7.025218e-02 -1.558666e-01 -1.946300e-01
vertex -5.163012e-02 -1.550463e-01 -2.261431e-01
endloop
endfacet
facet normal 0 0 0
outer loop
vertex -8.421228e-02 -1.261943e-01 -2.273182e-01
vertex -1.422005e-01 -1.383385e-01 -2.417292e-01
vertex -1.137867e-01 -1.447968e-01 -2.645155e-01
endloop
endfacet
facet normal 0 0 0
outer loop
vertex -1.422005e-01 -1.383385e-01 -2.417292e-01
vertex -1.002839e-01 -1.490926e-01 -2.134382e-01
vertex -1.137867e-01 -1.447968e-01 -2.645155e-01
endloop
endfacet
facet normal 0 0 0
outer loop
vertex -1.002839e-01 -1.490926e-01 -2.134382e-01
vertex -5.163012e-02 -1.550463e-01 -2.261431e-01
vertex -1.137867e-01 -1.447968e-01 -2.645155e-01
endloop
endfacet
facet normal 0 0 0
outer loop
vertex 3.388981e-01 1.636400e-02 -4.873980e-01
vertex 3.475434e-01 1.744240e-02 -5.183703e-01
vertex 3.169307e-01 2.701948e-02 -5.114181e-01
endloop
endfacet
facet normal 0 0 0
outer loop
vertex -3.786500e-01 -1.438082e-01 -4.582480e-01
vertex -3.993122e-01 -1.385402e-01 -4.616561e-01
vertex -3.711970e-01 -1.262837e-01 -4.588013e-01
endloop
endfacet
facet normal 0 0 0
outer loop
vertex -3.993122e-01 -1.385402e-01 -4.616561e-01
vertex -3.914210e-01 -1.175039e-01 -4.694720e-01
vertex -3.711970e-01 -1.262837e-01 -4.588013e-01
endloop
endfacet
facet normal 0 0 0
outer loop
vertex 2.184250e-01 -3.453852e-03 -6.592014e-02
vertex 2.340151e-01 -1.328492e-02 -9.952530e-02
vertex 2.411910e-01 -9.980480e-03 -7.581699e-02
endloop
endfacet
facet normal 0 0 0
outer loop
vertex 3.227060e-01 -1.433760e-03 -5.971510e-01
vertex 3.532430e-01 -9.183848e-04 -5.603070e-01
vertex 3.310978e-01 -1.833336e-02 -5.703876e-01
endloop
endfacet
facet normal 0 0 0
outer loop
vertex 2.719920e-01 -1.175644e-02 -2.396470e-01
vertex 2.313075e-01 -1.946994e-02 -2.158045e-01
vertex 2.499982e-01 -4.184493e-02 -2.422335e-01
endloop
endfacet
facet normal 0 0 0
outer loop
vertex 2.313075e-01 -1.946994e-02 -2.158045e-01
vertex 2.719920e-01 -1.175644e-02 -2.396470e-01
vertex 2.704794e-01 -1.528814e-02 -2.020808e-01
endloop
endfacet
facet normal 0 0 0
outer loop
vertex 2.760570e-01 -2.361781e-02 -4.712130e-01
vertex 2.333870e-01 -3.049803e-02 -5.105094e-01
vertex 2.745648e-01 -3.153055e-02 -5.186337e-01
endloop
endfacet
facet normal 0 0 0
outer loop
vertex 2.407209e-01 -5.557082e-02 -4.693725e-01
vertex 2.333870e-01 -3.049803e-02 -5.105094e-01
vertex 2.760570e-01 -2.361781e-02 -4.712130e-01
endloop
endfacet
facet normal 0 0 0
outer loop
vertex -1.391789e-01 -1.725428e-01 -3.638904e-01
vertex -1.212330e-01 -1.739581e-01 -3.025011e-01
vertex -1.690450e-01 -1.618341e-01 -3.321065e-01
endloop
endfacet
facet normal 0 0 0
outer loop
vertex -1.212330e-01 -1.739581e-01 -3.025011e-01
vertex -6.054557e-02 -1.856568e-01 -2.930213e-01
vertex -8.045611e-02 -1.768307e-01 -2.409220e-01
endloop
endfacet
facet normal 0 0 0
outer loop
vertex -1.528134e-01 1.267910e-01 -4.362524e-02
vertex -1.402064e-01 1.158475e-01 -4.144980e-02
vertex -1.272400e-01 1.184562e-01 -5.720800e-02
endloop
endfacet
facet normal 0 0 0
outer loop
vertex -3.543269e-01 -1.344886e-01 -4.322334e-01
vertex -3.580990e-01 -1.508711e-01 -4.084387e-01
vertex -3.601785e-01 -1.513071e-01 -4.331403e-01
endloop
endfacet
facet normal 0 0 0
outer loop
vertex -2.276241e-01 -6.834458e-02 -1.463421e-01
vertex -2.223902e-01 -8.975536e-02 -1.630946e-01
vertex -2.246812e-01 -7.873535e-02 -1.467398e-01
endloop
endfacet
facet normal 0 0 0
outer loop
vertex -8.385859e-02 -8.753370e-02 -1.403881e-01
vertex -6.552098e-02 -1.077832e-01 -1.335460e-01
vertex -9.288500e-02 -1.009003e-01 -1.444970e-01
endloop
endfacet
facet normal 0 0 0
outer loop
vertex 2.955413e-01 -1.204774e-02 -1.109747e-01
vertex 3.311571e-01 -1.263316e-02 -1.579631e-01
vertex 3.281081e-01 -2.504127e-03 -1.177499e-01
endloop
endfacet
facet normal 0 0 0
outer loop
vertex 2.096825e-01 1.256109e-02 -1.094558e-01
vertex 2.003500e-01 8.914508e-03 -7.772366e-02
vertex 2.332722e-01 7.190290e-03 -7.260901e-02
endloop
endfacet
facet normal 0 0 0
outer loop
vertex 9.763395e-02 -2.602704e-02 -5.945931e-01
vertex 1.522642e-01 -2.835385e-02 -5.672030e-01
vertex 1.110768e-01 -5.939478e-02 -5.641258e-01
endloop
endfacet
facet normal 0 0 0
outer loop
vertex 1.411098e-01 -2.278679e-02 -6.061012e-01
vertex 1.522642e-01 -2.835385e-02 -5.672030e-01
vertex 9.763395e-02 -2.602704e-02 -5.945931e-01
endloop
endfacet
facet normal 0 0 0
outer loop
vertex -4.334569e-01 -1.386331e-01 -4.088488e-01
vertex -4.399975e-01 -1.287465e-01 -4.274630e-01
vertex -4.189718e-01 -1.447641e-01 -4.431947e-01
endloop
endfacet
facet normal 0 0 0
outer loop
vertex -6.029367e-02 -8.648801e-02 -1.703210e-01
vertex -1.025188e-01 -8.392906e-02 -1.553748e-01
vertex -9.382351e-02 -1.005913e-01 -1.783088e-01
endloop
endfacet
facet normal 0 0 0
outer loop
vertex 1.359682e-01 -1.067998e-02 -6.334411e-01
vertex 1.117149e-01 -1.668489e-02 -6.749721e-01
vertex 1.229235e-01 3.555340e-03 -6.613496e-01
endloop
endfacet
facet normal 0 0 0
outer loop
vertex 1.659572e-01 -1.096096e-02 -6.228259e-01
vertex 1.818641e-01 1.424400e-02 -6.263096e-01
vertex 2.097430e-01 -9.840400e-04 -6.454080e-01
endloop
endfacet
facet normal 0 0 0
outer loop
vertex -5.318614e-01 -4.417628e-02 -4.624005e-01
vertex -5.351756e-01 -8.113405e-03 -4.779904e-01
vertex -5.000369e-01 -1.688434e-02 -5.186238e-01
endloop
endfacet
facet normal 0 0 0
outer loop
vertex -4.837524e-01 -6.167826e-02 -5.032369e-01
vertex -5.000369e-01 -1.688434e-02 -5.186238e-01
vertex -4.649024e-01 -3.070648e-02 -5.439268e-01
endloop
endfacet
facet normal 0 0 0
outer loop
vertex -5.318614e-01 -4.417628e-02 -4.624005e-01
vertex -5.000369e-01 -1.688434e-02 -5.186238e-01
vertex -4.837524e-01 -6.167826e-02 -5.032369e-01
endloop
endfacet
facet normal 0 0 0
outer loop
vertex -9.989069e-02 4.033983e-02 -1.307309e-01
vertex -9.107310e-02 -4.987416e-03 -1.268354e-01
vertex -4.465600e-02 3.769927e-02 -1.379226e-01
endloop
endfacet
facet normal 0 0 0
outer loop
vertex -9.107310e-02 -4.987416e-03 -1.268354e-01
vertex -4.121789e-02 -7.970749e-05 -1.301649e-01
vertex -4.465600e-02 3.769927e-02 -1.379226e-01
endloop
endfacet
facet normal 0 0 0
outer loop
vertex -9.209659e-02 1.463901e-01 -3.373851e-01
vertex -6.443626e-02 1.590350e-01 -3.625044e-01
vertex -5.231374e-02 1.576094e-01 -3.199300e-01
endloop
endfacet
facet normal 0 0 0
outer loop
vertex -5.231374e-02 1.576094e-01 -3.199300e-01
vertex -6.443626e-02 1.590350e-01 -3.625044e-01
vertex -2.533060e-02 1.665517e-01 -3.756524e-01
endloop
endfacet
facet normal 0 0 0
outer loop
vertex -8.421228e-02 -1.261943e-01 -2.273182e-01
vertex -1.137867e-01 -1.447968e-01 -2.645155e-01
vertex -6.532016e-02 -1.416729e-01 -2.956766e-01
endloop
endfacet
facet normal 0 0 0
outer loop
vertex -1.137867e-01 -1.447968e-01 -2.645155e-01
vertex -5.163012e-02 -1.550463e-01 -2.261431e-01
vertex -5.325101e-02 -1.573512e-01 -2.742493e-01
endloop
endfacet
facet normal 0 0 0
outer loop
vertex -1.196567e-01 1.471394e-01 -2.200443e-01
vertex -8.326021e-02 1.469754e-01 -2.390672e-01
vertex -6.919200e-02 1.526394e-01 -1.946300e-01
endloop
endfacet
facet normal 0 0 0
outer loop
vertex -1.355590e-01 1.313377e-01 -2.346131e-01
vertex -8.326021e-02 1.469754e-01 -2.390672e-01
vertex -1.196567e-01 1.471394e-01 -2.200443e-01
endloop
endfacet
facet normal 0 0 0
outer loop
vertex 5.382615e-01 1.986565e-02 -4.923911e-01
vertex 4.956798e-01 2.421929e-02 -4.525539e-01
vertex 5.457958e-01 2.487334e-02 -4.428243e-01
endloop
endfacet
facet normal 0 0 0
outer loop
vertex 2.466790e-01 -1.070120e-03 -7.078502e-02
vertex 2.561274e-01 8.850326e-03 -8.303908e-02
vertex 2.433331e-01 1.785498e-03 -7.489252e-02
endloop
endfacet
facet normal 0 0 0
outer loop
vertex 2.561274e-01 8.850326e-03 -8.303908e-02
vertex 2.332722e-01 7.190290e-03 -7.260901e-02
vertex 2.433331e-01 1.785498e-03 -7.489252e-02
endloop
endfacet
facet normal 0 0 0
outer loop
vertex 2.561274e-01 8.850326e-03 -8.303908e-02
vertex 2.332722e-01 7.190290e-03 -7.260901e-02
vertex 2.466790e-01 -1.070120e-03 -7.078502e-02
endloop
endfacet
facet normal 0 0 0
outer loop
vertex -5.026412e-02 -3.044841e-04 -7.985246e-01
vertex -6.703400e-02 -1.210861e-02 -7.910250e-01
vertex -7.511500e-02 9.642940e-03 -7.896140e-01
endloop
endfacet
facet normal 0 0 0
outer loop
vertex 5.574919e-02 2.833223e-02 -6.521779e-01
vertex 1.162609e-01 2.018094e-02 -6.163977e-01
vertex 1.041476e-01 2.039251e-02 -6.502789e-01
endloop
endfacet
facet normal 0 0 0
outer loop
vertex 1.683266e-01 1.301615e-02 -1.161191e-01
vertex 2.096825e-01 1.256109e-02 -1.094558e-01
vertex 2.223417e-01 1.637339e-02 -1.560542e-01
endloop
endfacet
facet normal 0 0 0
outer loop
vertex 2.656519e-01 1.393334e-02 -1.204499e-01
vertex 2.096825e-01 1.256109e-02 -1.094558e-01
vertex 2.561274e-01 8.850326e-03 -8.303908e-02
endloop
endfacet
facet normal 0 0 0
outer loop
vertex -3.683348e-01 -3.379881e-02 -1.677314e-01
vertex -4.038372e-01 -7.672137e-02 -2.045080e-01
vertex -3.516836e-01 -8.065856e-02 -1.871857e-01
endloop
endfacet
facet normal 0 0 0
outer loop
vertex -2.204235e-01 -9.061320e-02 -6.072617e-02
vertex -2.286353e-01 -9.400649e-02 -8.984720e-02
vertex -2.208290e-01 -1.040675e-01 -6.313202e-02
endloop
endfacet
facet normal 0 0 0
outer loop
vertex 5.577546e-01 2.038266e-03 -5.129996e-01
vertex 5.369681e-01 7.007323e-03 -5.207427e-01
vertex 5.571088e-01 1.168244e-02 -5.054002e-01
endloop
endfacet
facet normal 0 0 0
outer loop
vertex 3.412700e-01 1.725502e-02 -5.524150e-01
vertex 3.231043e-01 1.468954e-02 -5.831525e-01
vertex 3.043376e-01 2.729332e-02 -5.503648e-01
endloop
endfacet
facet normal 0 0 0
outer loop
vertex 3.412700e-01 1.725502e-02 -5.524150e-01
vertex 3.043376e-01 2.729332e-02 -5.503648e-01
vertex 3.475434e-01 1.744240e-02 -5.183703e-01
endloop
endfacet
facet normal 0 0 0
outer loop
vertex 3.043376e-01 2.729332e-02 -5.503648e-01
vertex 3.169307e-01 2.701948e-02 -5.114181e-01
vertex 3.475434e-01 1.744240e-02 -5.183703e-01
endloop
endfacet
facet normal 0 0 0
outer loop
vertex -5.597259e-01 -9.021719e-03 -4.348709e-01
vertex -5.478541e-01 2.230993e-02 -4.514614e-01
vertex -5.351756e-01 -8.113405e-03 -4.779904e-01
endloop
endfacet
facet normal 0 0 0
outer loop
vertex -1.376917e-01 1.375887e-01 -2.583336e-02
vertex -1.515092e-01 1.354580e-01 -3.958414e-02
vertex -1.402064e-01 1.158475e-01 -4.144980e-02
endloop
endfacet
facet normal 0 0 0
outer loop
vertex -7.435493e-02 8.952308e-02 -1.392331e-01
vertex -5.379100e-02 1.081029e-01 -1.291190e-01
vertex -4.651508e-02 9.777962e-02 -1.233821e-01
endloop
endfacet
facet normal 0 0 0
outer loop
vertex -7.008828e-02 9.893665e-02 -1.055904e-01
vertex -7.435493e-02 8.952308e-02 -1.392331e-01
vertex -4.651508e-02 9.777962e-02 -1.233821e-01
endloop
endfacet
facet normal 0 0 0
outer loop
vertex -3.503775e-02 -1.736569e-01 -1.887726e-01
vertex -3.011215e-02 -1.792884e-01 -1.976959e-01
vertex -6.845356e-03 -1.735358e-01 -1.927156e-01
endloop
endfacet
facet normal 0 0 0
outer loop
vertex -1.796937e-01 -1.018457e-01 -1.057868e-01
vertex -1.883093e-01 -9.864218e-02 -8.734422e-02
vertex -2.018452e-01 -8.923097e-02 -1.124788e-01
endloop
endfacet
facet normal 0 0 0
outer loop
vertex -2.286353e-01 -9.400649e-02 -8.984720e-02
vertex -2.018452e-01 -8.923097e-02 -1.124788e-01
vertex -1.883093e-01 -9.864218e-02 -8.734422e-02
endloop
endfacet
facet normal 0 0 0
outer loop
vertex -2.715900e-02 1.237075e-01 -1.027980e-01
vertex -3.485331e-02 1.393868e-01 -7.964547e-02
vertex -1.975998e-02 1.298938e-01 -8.136007e-02
endloop
endfacet
facet normal 0 0 0
outer loop
vertex 1.658556e-01 9.587741e-03 -8.694788e-02
vertex 2.003500e-01 8.914508e-03 -7.772366e-02
vertex 2.096825e-01 1.256109e-02 -1.094558e-01
endloop
endfacet
facet normal 0 0 0
outer loop
vertex 1.522642e-01 -2.835385e-02 -5.672030e-01
vertex 1.927975e-01 -3.035530e-02 -5.338395e-01
vertex 1.594046e-01 -5.273985e-02 -5.403574e-01
endloop
endfacet
facet normal 0 0 0
outer loop
vertex 5.574919e-02 2.833223e-02 -6.521779e-01
vertex -5.694237e-03 2.916606e-02 -6.357863e-01
vertex 3.269000e-02 2.755885e-02 -6.194499e-01
endloop
endfacet
facet normal 0 0 0
outer loop
vertex -5.694237e-03 2.916606e-02 -6.357863e-01
vertex 3.085084e-02 4.914663e-02 -6.085519e-01
vertex 3.269000e-02 2.755885e-02 -6.194499e-01
endloop
endfacet
facet normal 0 0 0
outer loop
vertex -2.819487e-01 -5.713479e-02 -6.243545e-01
vertex -2.929898e-01 -8.682514e-02 -5.932159e-01
vertex -3.329395e-01 -6.142158e-02 -6.031455e-01
endloop
endfacet
facet normal 0 0 0
outer loop
vertex -2.214299e-01 7.780819e-02 -1.527371e-01
vertex -2.881211e-01 6.866021e-02 -1.591449e-01
vertex -2.405735e-01 5.454665e-02 -1.436119e-01
endloop
endfacet
facet normal 0 0 0
outer loop
vertex -2.277236e-01 -8.301330e-02 -1.296470e-01
vertex -2.286353e-01 -9.400649e-02 -8.984720e-02
vertex -2.279257e-01 -7.155752e-02 -1.230372e-01
endloop
endfacet
facet normal 0 0 0
outer loop
vertex 9.304082e-02 2.225460e-02 -6.876640e-01
vertex 1.229235e-01 3.555340e-03 -6.613496e-01
vertex 1.113928e-01 1.258986e-02 -6.899703e-01
endloop
endfacet
facet normal 0 0 0
outer loop
vertex -4.468220e-01 1.061232e-01 -4.423757e-01
vertex -4.708552e-01 9.236688e-02 -4.592030e-01
vertex -4.523581e-01 1.094093e-01 -4.138654e-01
endloop
endfacet
facet normal 0 0 0
outer loop
vertex 1.901700e-01 -2.808746e-02 -5.937757e-01
vertex 1.522642e-01 -2.835385e-02 -5.672030e-01
vertex 1.411098e-01 -2.278679e-02 -6.061012e-01
endloop
endfacet
facet normal 0 0 0
outer loop
vertex -8.520435e-02 -1.852005e-01 -3.411043e-01
vertex -6.054557e-02 -1.856568e-01 -2.930213e-01
vertex -1.212330e-01 -1.739581e-01 -3.025011e-01
endloop
endfacet
facet normal 0 0 0
outer loop
vertex -4.110726e-01 -1.301745e-01 -3.709479e-01
vertex -3.961648e-01 -1.539026e-01 -3.885252e-01
vertex -3.866152e-01 -1.314613e-01 -3.674479e-01
endloop
endfacet
facet normal 0 0 0
outer loop
vertex -2.279257e-01 -7.155752e-02 -1.230372e-01
vertex -2.276241e-01 -6.834458e-02 -1.463421e-01
vertex -2.246812e-01 -7.873535e-02 -1.467398e-01
endloop
endfacet
facet normal 0 0 0
outer loop
vertex -2.246812e-01 -7.873535e-02 -1.467398e-01
vertex -2.276241e-01 -6.834458e-02 -1.463421e-01
vertex -2.434914e-01 -6.338943e-02 -1.474192e-01
endloop
endfacet
facet normal 0 0 0
outer loop
vertex -9.412933e-02 9.939299e-02 -1.447666e-01
vertex -7.435493e-02 8.952308e-02 -1.392331e-01
vertex -1.023044e-01 8.148293e-02 -1.462527e-01
endloop
endfacet
facet normal 0 0 0
outer loop
vertex -4.708852e-02 -6.158181e-02 -6.280882e-01
vertex -6.697216e-02 -9.530444e-02 -5.900584e-01
vertex -1.084001e-01 -5.963551e-02 -6.407586e-01
endloop
endfacet
facet normal 0 0 0
outer loop
vertex -1.155913e-01 -2.436803e-02 -7.419583e-01
vertex -7.669514e-02 -3.009176e-02 -6.961285e-01
vertex -1.191812e-01 -2.733070e-02 -6.956986e-01
endloop
endfacet
facet normal 0 0 0
outer loop
vertex 1.359682e-01 -1.067998e-02 -6.334411e-01
vertex 1.256462e-01 1.248325e-02 -6.394429e-01
vertex 1.533691e-01 3.908160e-03 -6.269823e-01
endloop
endfacet
facet normal 0 0 0
outer loop
vertex 1.229235e-01 3.555340e-03 -6.613496e-01
vertex 1.256462e-01 1.248325e-02 -6.394429e-01
vertex 1.359682e-01 -1.067998e-02 -6.334411e-01
endloop
endfacet
facet normal 0 0 0
outer loop
vertex 1.191023e-01 -1.649285e-02 -6.440800e-01
vertex 1.359682e-01 -1.067998e-02 -6.334411e-01
vertex 1.411098e-01 -2.278679e-02 -6.061012e-01
endloop
endfacet
facet normal 0 0 0
outer loop
vertex -1.155913e-01 -2.436803e-02 -7.419583e-01
vertex -1.475766e-01 -6.606699e-03 -7.556737e-01
vertex -1.289732e-01 -1.278780e-02 -7.666470e-01
endloop
endfacet
facet normal 0 0 0
outer loop
vertex -1.586394e-01 -1.465225e-02 -7.268062e-01
vertex -1.475766e-01 -6.606699e-03 -7.556737e-01
vertex -1.155913e-01 -2.436803e-02 -7.419583e-01
endloop
endfacet
facet normal 0 0 0
outer loop
vertex 2.980962e-01 -2.121089e-02 -5.931856e-01
vertex 3.227060e-01 -1.433760e-03 -5.971510e-01
vertex 3.310978e-01 -1.833336e-02 -5.703876e-01
endloop
endfacet
facet normal 0 0 0
outer loop
vertex 3.227060e-01 -1.433760e-03 -5.971510e-01
vertex 2.934981e-01 -6.144290e-04 -6.195079e-01
vertex 3.231043e-01 1.468954e-02 -5.831525e-01
endloop
endfacet
facet normal 0 0 0
outer loop
vertex -2.279257e-01 -7.155752e-02 -1.230372e-01
vertex -1.928895e-01 -7.545013e-02 -1.059087e-01
vertex -1.867231e-01 -6.557076e-02 -1.340480e-01
endloop
endfacet
facet normal 0 0 0
outer loop
vertex -2.143070e-01 -3.289014e-02 -1.322671e-01
vertex -2.434914e-01 -6.338943e-02 -1.474192e-01
vertex -2.276241e-01 -6.834458e-02 -1.463421e-01
endloop
endfacet
facet normal 0 0 0
outer loop
vertex 3.742715e-01 4.805779e-03 -2.058986e-01
vertex 3.854640e-01 -1.185404e-02 -1.990880e-01
vertex 3.964960e-01 5.371838e-04 -1.824931e-01
endloop
endfacet
facet normal 0 0 0
outer loop
vertex 3.854640e-01 -1.185404e-02 -1.990880e-01
vertex 3.742715e-01 4.805779e-03 -2.058986e-01
vertex 3.561730e-01 -1.238465e-02 -2.282912e-01
endloop
endfacet
facet normal 0 0 0
outer loop
vertex -1.412374e-01 1.549716e-01 -2.415625e-01
vertex -1.651382e-01 1.399430e-01 -2.505671e-01
vertex -1.355590e-01 1.313377e-01 -2.346131e-01
endloop
endfacet
facet normal 0 0 0
outer loop
vertex -1.355590e-01 1.313377e-01 -2.346131e-01
vertex -1.651382e-01 1.399430e-01 -2.505671e-01
vertex -1.710161e-01 1.210639e-01 -2.049695e-01
endloop
endfacet
facet normal 0 0 0
outer loop
vertex 2.521540e-01 2.592505e-02 -4.887760e-01
vertex 2.118495e-01 2.754124e-02 -5.232955e-01
vertex 2.061705e-01 6.432840e-02 -4.845770e-01
endloop
endfacet
facet normal 0 0 0
outer loop
vertex 2.521540e-01 2.592505e-02 -4.887760e-01
vertex 2.790245e-01 2.879222e-02 -5.177224e-01
vertex 2.118495e-01 2.754124e-02 -5.232955e-01
endloop
endfacet
facet normal 0 0 0
outer loop
vertex 2.790245e-01 2.879222e-02 -5.177224e-01
vertex 2.507072e-01 2.738625e-02 -5.821171e-01
vertex 2.118495e-01 2.754124e-02 -5.232955e-01
endloop
endfacet
facet normal 0 0 0
outer loop
vertex 1.684208e-01 5.588416e-02 -5.280097e-01
vertex 2.118495e-01 2.754124e-02 -5.232955e-01
vertex 1.508686e-01 2.492573e-02 -5.674231e-01
endloop
endfacet
facet normal 0 0 0
outer loop
vertex 1.508686e-01 2.492573e-02 -5.674231e-01
vertex 2.118495e-01 2.754124e-02 -5.232955e-01
vertex 1.966439e-01 2.795900e-02 -5.822619e-01
endloop
endfacet
facet normal 0 0 0
outer loop
vertex 2.061705e-01 6.432840e-02 -4.845770e-01
vertex 2.118495e-01 2.754124e-02 -5.232955e-01
vertex 1.684208e-01 5.588416e-02 -5.280097e-01
endloop
endfacet
endsolid /Users/dianne/Desktop/MIT/Graphics_final_project/fast_cody/outputs/converted/20251121_121348/model.msh__tracked_surface.stl
