solid /Users/dianne/Desktop/MIT/Graphics_final_project/fast_cody/outputs/converted/20251121_122631/model.msh__tracked_surface.stl
facet normal 0 0 0
outer loop
vertex -3.385565e-01 5.569924e-01 4.670522e-02
vertex -3.568914e-01 6.034753e-01 4.877489e-02
vertex -3.698487e-01 5.891455e-01 3.691330e-02
endloop
endfacet
facet normal 0 0 0
outer loop
vertex -4.132328e-02 7.237704e-02 5.229767e-02
vertex -2.541281e-02 5.451012e-02 5.372924e-02
vertex -3.258500e-02 5.668000e-02 4.364800e-02
endloop
endfacet
facet normal 0 0 0
outer loop
vertex 1.107955e-01 6.749370e-01 -2.748472e-02
vertex 7.959781e-02 7.201647e-01 -2.678465e-02
vertex 1.346584e-01 7.115545e-01 -1.541874e-02
endloop
endfacet
facet normal 0 0 0
outer loop
vertex 1.271000e-02 4.652925e-01 4.514739e-02
vertex 6.873492e-02 4.637569e-01 3.824635e-02
vertex 2.580855e-02 5.052339e-01 4.564413e-02
endloop
endfacet
facet normal 0 0 0
outer loop
vertex 2.424490e-02 1.041418e+00 -4.160751e-03
vertex -6.573000e-03 1.046283e+00 -5.386000e-03
vertex 2.017207e-02 1.067535e+00 -5.240846e-03
endloop
endfacet
facet normal 0 0 0
outer loop
vertex -2.068538e-01 4.352689e-01 -4.927066e-02
vertex -1.715192e-01 4.667480e-01 -6.458563e-02
vertex -1.649090e-01 4.324350e-01 -5.662500e-02
endloop
endfacet
facet normal 0 0 0
outer loop
vertex -1.036799e-01 3.071028e-01 2.480205e-02
vertex -1.483956e-01 3.307418e-01 3.308758e-02
vertex -1.490578e-01 2.814462e-01 2.280508e-02
endloop
endfacet
facet normal 0 0 0
outer loop
vertex -2.877104e-01 5.034922e-01 -5.367556e-02
vertex -2.554452e-01 5.570932e-01 -5.848056e-02
vertex -2.447064e-01 5.101700e-01 -6.020242e-02
endloop
endfacet
facet normal 0 0 0
outer loop
vertex -2.362442e-01 2.218568e-01 -4.567604e-02
vertex -2.337475e-01 1.942911e-01 -3.900803e-02
vertex -2.495156e-01 2.381167e-01 -2.893442e-02
endloop
endfacet
facet normal 0 0 0
outer loop
vertex -1.038581e-01 4.858984e-02 -5.217756e-02
vertex -1.237815e-01 5.061224e-02 -5.983460e-02
vertex -1.212507e-01 6.214701e-02 -5.825947e-02
endloop
endfacet
facet normal 0 0 0
outer loop
vertex 1.981340e-01 6.696680e-01 4.117000e-03
vertex 1.605586e-01 6.847329e-01 -1.258023e-02
vertex 1.905429e-01 6.993853e-01 4.049625e-03
endloop
endfacet
facet normal 0 0 0
outer loop
vertex -1.852171e-01 2.792787e-01 8.072461e-04
vertex -1.796120e-01 2.847810e-01 -1.819700e-02
vertex -1.509279e-01 2.794666e-01 -1.627415e-02
endloop
endfacet
facet normal 0 0 0
outer loop
vertex -1.836410e-01 1.046192e-01 -5.007557e-02
vertex -1.682426e-01 1.018586e-01 -4.620846e-02
vertex -1.677655e-01 1.261693e-01 -4.789795e-02
endloop
endfacet
facet normal 0 0 0
outer loop
vertex -2.001157e-01 2.152963e-01 -3.547981e-02
vertex -1.891761e-01 1.798472e-01 -4.179434e-02
vertex -2.065570e-01 2.058890e-01 -4.861241e-02
endloop
endfacet
facet normal 0 0 0
outer loop
vertex 1.898665e-01 5.055301e-01 2.099997e-02
vertex 1.543151e-01 5.553479e-01 3.035267e-02
vertex 1.503007e-01 5.068393e-01 3.000758e-02
endloop
endfacet
facet normal 0 0 0
outer loop
vertex 1.569203e-02 9.868096e-01 5.075802e-03
vertex 4.002530e-02 1.013893e+00 -4.080301e-03
vertex 1.555693e-02 1.027214e+00 5.184484e-03
endloop
endfacet
facet normal 0 0 0
outer loop
vertex 2.617724e-01 6.098021e-01 9.910794e-03
vertex 2.183063e-01 6.078415e-01 1.431994e-02
vertex 2.122708e-01 5.483353e-01 2.026003e-02
endloop
endfacet
facet normal 0 0 0
outer loop
vertex 1.484961e-01 6.717926e-01 2.018217e-02
vertex 1.263529e-01 7.111590e-01 1.890208e-02
vertex 1.140442e-01 6.635723e-01 2.946505e-02
endloop
endfacet
facet normal 0 0 0
outer loop
vertex -7.443100e-02 4.570450e-01 6.170200e-02
vertex -1.086949e-01 4.675802e-01 5.509948e-02
vertex -1.048369e-01 4.317095e-01 6.627436e-02
endloop
endfacet
facet normal 0 0 0
outer loop
vertex 2.068453e-02 6.948578e-01 3.975803e-02
vertex 3.474290e-02 7.369772e-01 3.238243e-02
vertex -2.663605e-02 7.118564e-01 4.273285e-02
endloop
endfacet
facet normal 0 0 0
outer loop
vertex 2.232363e-01 4.912986e-01 1.403961e-02
vertex 2.739090e-01 4.858850e-01 6.789000e-03
vertex 2.599594e-01 5.503033e-01 1.094930e-02
endloop
endfacet
facet normal 0 0 0
outer loop
vertex 1.094340e-02 2.320505e-02 -4.143785e-02
vertex 1.703847e-02 2.328561e-02 -5.017390e-02
vertex 7.743397e-04 3.851261e-02 -4.243179e-02
endloop
endfacet
facet normal 0 0 0
outer loop
vertex 1.890681e-01 4.806850e-01 -1.103092e-02
vertex 1.770230e-01 4.879170e-01 -1.951000e-02
vertex 2.188176e-01 4.950274e-01 -1.415023e-02
endloop
endfacet
facet normal 0 0 0
outer loop
vertex 5.544954e-02 2.162228e-01 5.308458e-03
vertex 3.608592e-02 1.979634e-01 6.123607e-03
vertex 5.250102e-02 1.745248e-01 5.478234e-03
endloop
endfacet
facet normal 0 0 0
outer loop
vertex -2.110288e-01 2.833864e-01 -2.132508e-02
vertex -2.016236e-01 2.581840e-01 -2.779467e-02
vertex -1.796120e-01 2.847810e-01 -1.819700e-02
endloop
endfacet
facet normal 0 0 0
outer loop
vertex -1.796120e-01 2.847810e-01 -1.819700e-02
vertex -1.852171e-01 2.792787e-01 8.072461e-04
vertex -2.085760e-01 2.862394e-01 -2.899811e-03
endloop
endfacet
facet normal 0 0 0
outer loop
vertex -3.853350e-01 4.630605e-01 -3.184372e-02
vertex -3.600020e-01 4.265090e-01 -2.375900e-02
vertex -4.084615e-01 4.371289e-01 -1.281935e-02
endloop
endfacet
facet normal 0 0 0
outer loop
vertex -3.600020e-01 4.265090e-01 -2.375900e-02
vertex -3.883790e-01 4.156581e-01 -1.324276e-02
vertex -4.084615e-01 4.371289e-01 -1.281935e-02
endloop
endfacet
facet normal 0 0 0
outer loop
vertex -2.826338e-01 3.282864e-01 1.469338e-02
vertex -2.699929e-01 3.189854e-01 2.466038e-02
vertex -2.417053e-01 3.365574e-01 3.129578e-02
endloop
endfacet
facet normal 0 0 0
outer loop
vertex -7.008138e-02 2.560393e-01 7.485109e-03
vertex -2.975384e-02 2.976418e-01 2.022128e-02
vertex -1.036799e-01 3.071028e-01 2.480205e-02
endloop
endfacet
facet normal 0 0 0
outer loop
vertex -3.624696e-01 4.991798e-01 4.361839e-02
vertex -3.385565e-01 5.569924e-01 4.670522e-02
vertex -3.882565e-01 5.541568e-01 3.939199e-02
endloop
endfacet
facet normal 0 0 0
outer loop
vertex -1.941314e-01 4.931827e-01 6.698139e-02
vertex -1.643192e-01 4.850838e-01 6.820308e-02
vertex -1.796964e-01 5.193115e-01 7.138479e-02
endloop
endfacet
facet normal 0 0 0
outer loop
vertex 3.322178e-01 5.507413e-01 5.174152e-03
vertex 2.988067e-01 5.503960e-01 6.107874e-03
vertex 3.029362e-01 5.234300e-01 6.483821e-03
endloop
endfacet
facet normal 0 0 0
outer loop
vertex -5.137202e-01 5.588330e-01 1.087330e-02
vertex -5.037904e-01 5.812916e-01 1.005712e-02
vertex -5.089441e-01 5.767733e-01 -1.011824e-02
endloop
endfacet
facet normal 0 0 0
outer loop
vertex -8.634700e-02 6.159610e-01 -7.048800e-02
vertex -1.078970e-01 6.035520e-01 -7.390700e-02
vertex -6.910036e-02 5.912860e-01 -7.352885e-02
endloop
endfacet
facet normal 0 0 0
outer loop
vertex 5.733128e-02 6.230769e-01 4.083349e-02
vertex 9.360754e-03 6.387737e-01 4.556129e-02
vertex 1.865237e-02 5.746976e-01 4.668520e-02
endloop
endfacet
facet normal 0 0 0
outer loop
vertex -3.489000e-01 7.530448e-01 -1.171178e-02
vertex -3.591838e-01 7.356255e-01 1.438086e-02
vertex -3.349263e-01 7.669995e-01 1.500502e-02
endloop
endfacet
facet normal 0 0 0
outer loop
vertex 2.580855e-02 5.052339e-01 4.564413e-02
vertex -2.634240e-02 4.804511e-01 5.015019e-02
vertex 1.271000e-02 4.652925e-01 4.514739e-02
endloop
endfacet
facet normal 0 0 0
outer loop
vertex -8.058875e-02 5.441231e-01 5.545960e-02
vertex -8.948746e-02 5.003069e-01 7.163089e-02
vertex -7.021578e-02 5.092165e-01 5.465233e-02
endloop
endfacet
facet normal 0 0 0
outer loop
vertex -1.817701e-01 1.076668e-01 -5.809109e-02
vertex -2.032184e-01 1.379329e-01 -5.453781e-02
vertex -1.760392e-01 1.348093e-01 -5.583596e-02
endloop
endfacet
facet normal 0 0 0
outer loop
vertex -1.202786e-01 7.693594e-01 -3.828032e-02
vertex -1.171220e-01 8.518896e-01 -2.181775e-02
vertex -5.891287e-02 8.075264e-01 -2.952662e-02
endloop
endfacet
facet normal 0 0 0
outer loop
vertex 3.273691e-01 7.039021e-01 -4.653699e-03
vertex 3.012483e-01 7.001773e-01 -1.453070e-03
vertex 3.270964e-01 7.239056e-01 2.568241e-03
endloop
endfacet
facet normal 0 0 0
outer loop
vertex 1.799688e-01 6.582654e-01 1.140727e-02
vertex 1.993039e-01 6.378952e-01 8.084436e-03
vertex 1.887878e-01 6.499713e-01 -2.884837e-06
endloop
endfacet
facet normal 0 0 0
outer loop
vertex 1.887878e-01 6.499713e-01 -2.884837e-06
vertex 1.981340e-01 6.696680e-01 4.117000e-03
vertex 1.799688e-01 6.582654e-01 1.140727e-02
endloop
endfacet
facet normal 0 0 0
outer loop
vertex -2.662393e-01 3.357388e-01 -2.582665e-02
vertex -2.663225e-01 2.859538e-01 -2.665466e-02
vertex -2.786271e-01 3.195240e-01 -1.631835e-02
endloop
endfacet
facet normal 0 0 0
outer loop
vertex -2.663225e-01 2.859538e-01 -2.665466e-02
vertex -2.662393e-01 3.357388e-01 -2.582665e-02
vertex -2.497320e-01 2.947500e-01 -3.262700e-02
endloop
endfacet
facet normal 0 0 0
outer loop
vertex 1.709900e-01 8.133032e-01 -2.968003e-03
vertex 1.541028e-01 8.223989e-01 4.048134e-03
vertex 1.781880e-01 7.910221e-01 -9.180000e-04
endloop
endfacet
facet normal 0 0 0
outer loop
vertex -4.084615e-01 4.371289e-01 -1.281935e-02
vertex -4.351420e-01 4.715970e-01 -1.791600e-02
vertex -3.853350e-01 4.630605e-01 -3.184372e-02
endloop
endfacet
facet normal 0 0 0
outer loop
vertex -1.395380e-01 9.473850e-01 2.044000e-03
vertex -1.811318e-01 9.154497e-01 2.485187e-04
vertex -1.445520e-01 9.162210e-01 5.073000e-03
endloop
endfacet
facet normal 0 0 0
outer loop
vertex 1.770230e-01 4.879170e-01 -1.951000e-02
vertex 1.331442e-01 5.378434e-01 -3.219178e-02
vertex 1.672850e-01 5.606824e-01 -2.673095e-02
endloop
endfacet
facet normal 0 0 0
outer loop
vertex 1.355711e-01 4.566081e-01 -2.578258e-02
vertex 1.335077e-01 4.982453e-01 -2.837843e-02
vertex 1.770230e-01 4.879170e-01 -1.951000e-02
endloop
endfacet
facet normal 0 0 0
outer loop
vertex 1.193554e-01 6.072241e-01 3.340456e-02
vertex 5.733128e-02 6.230769e-01 4.083349e-02
vertex 7.405541e-02 5.832079e-01 4.019231e-02
endloop
endfacet
facet normal 0 0 0
outer loop
vertex 3.197595e-01 3.715846e-01 -1.444295e-03
vertex 3.437953e-01 3.501389e-01 2.130000e-04
vertex 3.151900e-01 3.829660e-01 5.733000e-03
endloop
endfacet
facet normal 0 0 0
outer loop
vertex 2.701449e-01 6.435748e-01 -6.840866e-03
vertex 3.082050e-01 6.602001e-01 -4.204535e-03
vertex 2.928044e-01 6.250103e-01 -4.803809e-03
endloop
endfacet
facet normal 0 0 0
outer loop
vertex 3.082050e-01 6.602001e-01 -4.204535e-03
vertex 3.280701e-01 6.197943e-01 -3.838280e-03
vertex 2.928044e-01 6.250103e-01 -4.803809e-03
endloop
endfacet
facet normal 0 0 0
outer loop
vertex 2.094862e-01 6.339132e-01 -6.062238e-03
vertex 1.725443e-01 6.451827e-01 -1.614292e-02
vertex 1.887878e-01 6.499713e-01 -2.884837e-06
endloop
endfacet
facet normal 0 0 0
outer loop
vertex 1.725443e-01 6.451827e-01 -1.614292e-02
vertex 1.981340e-01 6.696680e-01 4.117000e-03
vertex 1.887878e-01 6.499713e-01 -2.884837e-06
endloop
endfacet
facet normal 0 0 0
outer loop
vertex 3.270964e-01 7.239056e-01 2.568241e-03
vertex 3.012483e-01 7.001773e-01 -1.453070e-03
vertex 3.157103e-01 7.042483e-01 5.783613e-03
endloop
endfacet
facet normal 0 0 0
outer loop
vertex -2.743264e-02 6.344353e-01 -4.823164e-02
vertex -7.540617e-02 6.537282e-01 -5.025167e-02
vertex -4.031011e-02 7.160010e-01 -4.222627e-02
endloop
endfacet
facet normal 0 0 0
outer loop
vertex 6.706315e-02 8.665707e-01 -3.709094e-03
vertex 9.124017e-02 8.369281e-01 -3.572514e-03
vertex 5.397316e-02 8.180932e-01 -1.203895e-02
endloop
endfacet
facet normal 0 0 0
outer loop
vertex -1.253250e-01 9.320550e-01 5.078000e-03
vertex -1.395380e-01 9.473850e-01 2.044000e-03
vertex -1.445520e-01 9.162210e-01 5.073000e-03
endloop
endfacet
facet normal 0 0 0
outer loop
vertex -9.446316e-02 7.329469e-01 4.400990e-02
vertex -1.339554e-01 7.686073e-01 3.851314e-02
vertex -1.687000e-01 7.134126e-01 4.705961e-02
endloop
endfacet
facet normal 0 0 0
outer loop
vertex -3.087479e-01 3.417338e-01 -3.683064e-03
vertex -2.662393e-01 3.357388e-01 -2.582665e-02
vertex -2.786271e-01 3.195240e-01 -1.631835e-02
endloop
endfacet
facet normal 0 0 0
outer loop
vertex 1.725443e-01 6.451827e-01 -1.614292e-02
vertex 1.605586e-01 6.847329e-01 -1.258023e-02
vertex 1.981340e-01 6.696680e-01 4.117000e-03
endloop
endfacet
facet normal 0 0 0
outer loop
vertex -3.039123e-01 3.517787e-01 -1.975233e-02
vertex -2.662393e-01 3.357388e-01 -2.582665e-02
vertex -3.087479e-01 3.417338e-01 -3.683064e-03
endloop
endfacet
facet normal 0 0 0
outer loop
vertex -2.665166e-02 2.206332e-01 6.547437e-03
vertex -6.573000e-03 2.065340e-01 7.334000e-03
vertex 1.525445e-02 2.251061e-01 5.641173e-03
endloop
endfacet
facet normal 0 0 0
outer loop
vertex -6.573000e-03 2.065340e-01 7.334000e-03
vertex -2.665166e-02 2.206332e-01 6.547437e-03
vertex -1.056900e-02 1.849890e-01 2.010000e-03
endloop
endfacet
facet normal 0 0 0
outer loop
vertex 1.895559e-01 6.175025e-01 -1.662449e-02
vertex 2.094862e-01 6.339132e-01 -6.062238e-03
vertex 2.137893e-01 5.915074e-01 -1.620104e-02
endloop
endfacet
facet normal 0 0 0
outer loop
vertex 1.765954e-01 1.070809e+00 -2.825045e-03
vertex 1.639206e-01 1.104679e+00 -3.688197e-03
vertex 1.916670e-01 1.096963e+00 -2.049000e-03
endloop
endfacet
facet normal 0 0 0
outer loop
vertex 1.643212e-01 7.575537e-01 -3.056758e-03
vertex 1.296147e-01 7.503544e-01 -8.598749e-03
vertex 1.494743e-01 7.849615e-01 4.127579e-03
endloop
endfacet
facet normal 0 0 0
outer loop
vertex 1.296147e-01 7.503544e-01 -8.598749e-03
vertex 1.470774e-01 7.888833e-01 -3.119298e-03
vertex 1.494743e-01 7.849615e-01 4.127579e-03
endloop
endfacet
facet normal 0 0 0
outer loop
vertex -2.117619e-01 8.939432e-01 9.598706e-04
vertex -1.811318e-01 9.154497e-01 2.485187e-04
vertex -2.011000e-01 8.792700e-01 -5.854000e-03
endloop
endfacet
facet normal 0 0 0
outer loop
vertex 3.498982e-01 7.372156e-01 5.133454e-03
vertex 3.527652e-01 7.062269e-01 4.675890e-03
vertex 3.738587e-01 7.240136e-01 4.496295e-03
endloop
endfacet
facet normal 0 0 0
outer loop
vertex 2.808393e-02 1.083400e+00 4.739745e-03
vertex 4.607000e-03 1.071443e+00 1.344000e-03
vertex -2.733852e-03 1.048991e+00 6.531578e-03
endloop
endfacet
facet normal 0 0 0
outer loop
vertex 1.856930e-01 7.597374e-01 4.077000e-03
vertex 1.551225e-01 7.246854e-01 5.126045e-03
vertex 1.949107e-01 7.321835e-01 -1.255129e-03
endloop
endfacet
facet normal 0 0 0
outer loop
vertex 3.608592e-02 1.979634e-01 6.123607e-03
vertex 5.544954e-02 2.162228e-01 5.308458e-03
vertex 1.525445e-02 2.251061e-01 5.641173e-03
endloop
endfacet
facet normal 0 0 0
outer loop
vertex 1.770230e-01 4.879170e-01 -1.951000e-02
vertex 2.200446e-01 5.401353e-01 -1.786109e-02
vertex 2.188176e-01 4.950274e-01 -1.415023e-02
endloop
endfacet
facet normal 0 0 0
outer loop
vertex 1.367865e-01 1.115273e+00 4.968162e-03
vertex 9.558950e-02 1.119540e+00 1.350460e-03
vertex 1.113055e-01 1.098265e+00 5.082823e-03
endloop
endfacet
facet normal 0 0 0
outer loop
vertex 1.737610e-01 4.369320e-01 -8.709427e-03
vertex 1.797036e-01 4.585408e-01 -9.251443e-03
vertex 1.761763e-01 4.364121e-01 8.016140e-03
endloop
endfacet
facet normal 0 0 0
outer loop
vertex 3.400500e-01 5.079949e-01 -3.621109e-03
vertex 3.722047e-01 4.905164e-01 4.483405e-03
vertex 3.459907e-01 4.741540e-01 4.923936e-03
endloop
endfacet
facet normal 0 0 0
outer loop
vertex -6.329446e-02 9.455535e-01 5.094839e-03
vertex -8.211429e-02 9.199588e-01 5.115740e-03
vertex -3.634500e-02 9.264674e-01 5.082763e-03
endloop
endfacet
facet normal 0 0 0
outer loop
vertex 4.263361e-01 3.102729e-01 -4.780211e-03
vertex 3.974398e-01 3.137475e-01 3.183951e-03
vertex 3.860316e-01 3.347235e-01 -4.997655e-03
endloop
endfacet
facet normal 0 0 0
outer loop
vertex 7.045046e-02 2.388650e-01 -4.102696e-03
vertex 5.345639e-02 2.483967e-01 5.257050e-03
vertex 5.544954e-02 2.162228e-01 5.308458e-03
endloop
endfacet
facet normal 0 0 0
outer loop
vertex 3.902082e-01 7.303961e-01 -3.292700e-03
vertex 3.646236e-01 7.356421e-01 -4.707172e-03
vertex 3.777751e-01 7.425102e-01 -3.660377e-03
endloop
endfacet
facet normal 0 0 0
outer loop
vertex 3.777751e-01 7.425102e-01 -3.660377e-03
vertex 3.646236e-01 7.356421e-01 -4.707172e-03
vertex 3.681424e-01 7.561241e-01 1.562350e-04
endloop
endfacet
facet normal 0 0 0
outer loop
vertex 2.946994e-01 3.950333e-01 1.344000e-03
vertex 3.269624e-01 4.060006e-01 5.362031e-03
vertex 2.998138e-01 4.333929e-01 5.839683e-03
endloop
endfacet
facet normal 0 0 0
outer loop
vertex -4.255615e-01 5.610335e-01 -2.963896e-02
vertex -3.870004e-01 5.071127e-01 -3.848210e-02
vertex -4.338790e-01 5.181482e-01 -2.927381e-02
endloop
endfacet
facet normal 0 0 0
outer loop
vertex 2.617724e-01 6.098021e-01 9.910794e-03
vertex 2.345393e-01 6.339476e-01 7.693314e-03
vertex 2.183063e-01 6.078415e-01 1.431994e-02
endloop
endfacet
facet normal 0 0 0
outer loop
vertex 1.905429e-01 6.993853e-01 4.049625e-03
vertex 1.659134e-01 7.184126e-01 -3.097942e-03
vertex 1.949107e-01 7.321835e-01 -1.255129e-03
endloop
endfacet
facet normal 0 0 0
outer loop
vertex -9.479823e-02 4.862697e-01 -6.181577e-02
vertex -7.443100e-02 4.547830e-01 -6.843700e-02
vertex -5.683000e-02 4.801060e-01 -6.940300e-02
endloop
endfacet
facet normal 0 0 0
outer loop
vertex 2.285126e-01 4.100335e-02 4.343822e-03
vertex 1.905054e-01 4.338488e-02 6.056481e-03
vertex 2.261381e-01 3.019753e-02 -3.707408e-03
endloop
endfacet
facet normal 0 0 0
outer loop
vertex 1.858712e-01 4.330192e-02 -4.572203e-03
vertex 2.128184e-01 6.166431e-02 -2.865099e-03
vertex 2.261381e-01 3.019753e-02 -3.707408e-03
endloop
endfacet
facet normal 0 0 0
outer loop
vertex 1.539422e-01 7.553365e-01 4.183945e-03
vertex 1.551225e-01 7.246854e-01 5.126045e-03
vertex 1.856930e-01 7.597374e-01 4.077000e-03
endloop
endfacet
facet normal 0 0 0
outer loop
vertex 1.539422e-01 7.553365e-01 4.183945e-03
vertex 1.314060e-01 7.658010e-01 4.267000e-03
vertex 1.551225e-01 7.246854e-01 5.126045e-03
endloop
endfacet
facet normal 0 0 0
outer loop
vertex 1.314060e-01 7.658010e-01 4.267000e-03
vertex 1.263529e-01 7.111590e-01 1.890208e-02
vertex 1.551225e-01 7.246854e-01 5.126045e-03
endloop
endfacet
facet normal 0 0 0
outer loop
vertex 9.082090e-02 1.916466e-01 5.082540e-03
vertex 5.544954e-02 2.162228e-01 5.308458e-03
vertex 5.250102e-02 1.745248e-01 5.478234e-03
endloop
endfacet
facet normal 0 0 0
outer loop
vertex 1.094340e-02 2.320505e-02 -4.143785e-02
vertex -1.388601e-02 3.186283e-02 -4.879080e-02
vertex -1.766565e-03 3.723209e-02 -5.184320e-02
endloop
endfacet
facet normal 0 0 0
outer loop
vertex 3.320635e-01 6.489301e-01 9.553477e-04
vertex 3.528229e-01 6.347654e-01 -3.410037e-03
vertex 3.280701e-01 6.197943e-01 -3.838280e-03
endloop
endfacet
facet normal 0 0 0
outer loop
vertex 1.296147e-01 7.503544e-01 -8.598749e-03
vertex 1.068419e-01 7.797526e-01 -8.358160e-03
vertex 1.470774e-01 7.888833e-01 -3.119298e-03
endloop
endfacet
facet normal 0 0 0
outer loop
vertex 1.856930e-01 7.597374e-01 4.077000e-03
vertex 1.949107e-01 7.321835e-01 -1.255129e-03
vertex 1.643212e-01 7.575537e-01 -3.056758e-03
endloop
endfacet
facet normal 0 0 0
outer loop
vertex 1.802736e-02 1.757136e-01 6.937451e-03
vertex 1.525445e-02 2.251061e-01 5.641173e-03
vertex -6.573000e-03 2.065340e-01 7.334000e-03
endloop
endfacet
facet normal 0 0 0
outer loop
vertex 3.105377e-01 4.153689e-01 -4.294744e-03
vertex 3.293270e-01 3.807040e-01 -5.450000e-03
vertex 2.946994e-01 3.950333e-01 1.344000e-03
endloop
endfacet
facet normal 0 0 0
outer loop
vertex -3.737651e-01 5.754221e-01 -3.822213e-02
vertex -3.870004e-01 5.071127e-01 -3.848210e-02
vertex -4.255615e-01 5.610335e-01 -2.963896e-02
endloop
endfacet
facet normal 0 0 0
outer loop
vertex -2.495156e-01 2.381167e-01 -2.893442e-02
vertex -2.467533e-01 2.531861e-01 -3.979946e-02
vertex -2.362442e-01 2.218568e-01 -4.567604e-02
endloop
endfacet
facet normal 0 0 0
outer loop
vertex -1.822934e-01 6.017795e-01 5.649432e-02
vertex -1.691351e-01 6.513601e-01 5.331436e-02
vertex -2.226686e-01 6.291158e-01 5.499377e-02
endloop
endfacet
facet normal 0 0 0
outer loop
vertex 1.315737e-01 6.154952e-02 -1.746874e-03
vertex 9.443481e-02 8.426600e-02 2.457132e-03
vertex 1.239091e-01 8.227190e-02 -5.355286e-03
endloop
endfacet
facet normal 0 0 0
outer loop
vertex 1.670020e-01 6.022455e-01 -2.386408e-02
vertex 2.137893e-01 5.915074e-01 -1.620104e-02
vertex 1.672850e-01 5.606824e-01 -2.673095e-02
endloop
endfacet
facet normal 0 0 0
outer loop
vertex -1.754930e-01 8.508753e-01 -1.983111e-02
vertex -2.093533e-01 8.507940e-01 -1.653229e-02
vertex -2.011000e-01 8.792700e-01 -5.854000e-03
endloop
endfacet
facet normal 0 0 0
outer loop
vertex 2.128184e-01 6.166431e-02 -2.865099e-03
vertex 1.905054e-01 4.338488e-02 6.056481e-03
vertex 2.285126e-01 4.100335e-02 4.343822e-03
endloop
endfacet
facet normal 0 0 0
outer loop
vertex 2.128184e-01 6.166431e-02 -2.865099e-03
vertex 1.858712e-01 4.330192e-02 -4.572203e-03
vertex 1.854366e-01 7.600438e-02 4.701098e-03
endloop
endfacet
facet normal 0 0 0
outer loop
vertex 8.390500e-02 1.094915e+00 5.123000e-03
vertex 1.113055e-01 1.098265e+00 5.082823e-03
vertex 9.558950e-02 1.119540e+00 1.350460e-03
endloop
endfacet
facet normal 0 0 0
outer loop
vertex 2.400869e-01 6.186264e-01 -1.082835e-02
vertex 2.420997e-01 6.454496e-01 -1.371313e-03
vertex 2.701449e-01 6.435748e-01 -6.840866e-03
endloop
endfacet
facet normal 0 0 0
outer loop
vertex 1.498604e-01 6.539354e-02 6.616380e-03
vertex 1.315737e-01 6.154952e-02 -1.746874e-03
vertex 1.636710e-01 4.594900e-02 1.827000e-03
endloop
endfacet
facet normal 0 0 0
outer loop
vertex -2.449470e-01 8.570200e-01 -6.198000e-03
vertex -2.412421e-01 8.716205e-01 3.111728e-03
vertex -2.011000e-01 8.792700e-01 -5.854000e-03
endloop
endfacet
facet normal 0 0 0
outer loop
vertex 1.659134e-01 7.184126e-01 -3.097942e-03
vertex 1.905429e-01 6.993853e-01 4.049625e-03
vertex 1.605586e-01 6.847329e-01 -1.258023e-02
endloop
endfacet
facet normal 0 0 0
outer loop
vertex 1.525445e-02 2.251061e-01 5.641173e-03
vertex 3.414200e-02 2.760890e-01 5.348000e-03
vertex -9.966000e-03 2.444220e-01 5.740000e-03
endloop
endfacet
facet normal 0 0 0
outer loop
vertex -4.369396e-01 6.030559e-01 2.271678e-02
vertex -4.552080e-01 6.091937e-01 1.259111e-02
vertex -4.646785e-01 5.757254e-01 2.149448e-02
endloop
endfacet
facet normal 0 0 0
outer loop
vertex 1.620961e-01 8.605612e-01 3.468655e-03
vertex 1.289972e-01 8.570159e-01 -3.249391e-03
vertex 1.541028e-01 8.223989e-01 4.048134e-03
endloop
endfacet
facet normal 0 0 0
outer loop
vertex 1.289972e-01 8.570159e-01 -3.249391e-03
vertex 1.620961e-01 8.605612e-01 3.468655e-03
vertex 1.551570e-01 8.961276e-01 -3.054115e-03
endloop
endfacet
facet normal 0 0 0
outer loop
vertex 1.822842e-01 4.567147e-01 8.322403e-03
vertex 1.797036e-01 4.585408e-01 -9.251443e-03
vertex 1.883921e-01 4.770173e-01 8.628665e-03
endloop
endfacet
facet normal 0 0 0
outer loop
vertex 2.232363e-01 4.912986e-01 1.403961e-02
vertex 2.165828e-01 4.703836e-01 5.545659e-03
vertex 2.388036e-01 4.581760e-01 7.116473e-03
endloop
endfacet
facet normal 0 0 0
outer loop
vertex 3.916135e-01 3.526356e-01 4.662047e-03
vertex 4.309793e-01 3.365071e-01 4.189076e-03
vertex 3.860316e-01 3.347235e-01 -4.997655e-03
endloop
endfacet
facet normal 0 0 0
outer loop
vertex 4.309793e-01 3.365071e-01 4.189076e-03
vertex 3.860316e-01 3.347235e-01 -4.997655e-03
vertex 4.219385e-01 3.666955e-01 -2.860069e-03
endloop
endfacet
facet normal 0 0 0
outer loop
vertex 2.269167e-01 4.642286e-01 -4.913915e-03
vertex 2.027424e-01 4.736913e-01 -1.727894e-03
vertex 2.188176e-01 4.950274e-01 -1.415023e-02
endloop
endfacet
facet normal 0 0 0
outer loop
vertex 3.012483e-01 7.001773e-01 -1.453070e-03
vertex 3.273691e-01 7.039021e-01 -4.653699e-03
vertex 3.082050e-01 6.602001e-01 -4.204535e-03
endloop
endfacet
facet normal 0 0 0
outer loop
vertex 3.527300e-02 8.641960e-01 -3.776000e-03
vertex 4.445746e-03 8.775958e-01 -7.364945e-03
vertex 4.211182e-02 8.944248e-01 6.120904e-03
endloop
endfacet
facet normal 0 0 0
outer loop
vertex 2.165828e-01 4.703836e-01 5.545659e-03
vertex 2.232363e-01 4.912986e-01 1.403961e-02
vertex 1.883921e-01 4.770173e-01 8.628665e-03
endloop
endfacet
facet normal 0 0 0
outer loop
vertex 2.053960e-01 3.358380e-01 1.344000e-03
vertex 1.769994e-01 3.714511e-01 -3.227791e-03
vertex 2.122840e-01 3.707760e-01 4.174000e-03
endloop
endfacet
facet normal 0 0 0
outer loop
vertex 3.289752e-01 4.446699e-01 -3.931185e-03
vertex 3.459907e-01 4.741540e-01 4.923936e-03
vertex 3.660200e-01 4.414675e-01 4.821969e-03
endloop
endfacet
facet normal 0 0 0
outer loop
vertex 3.707262e-01 3.319562e-01 4.122835e-03
vertex 3.974398e-01 3.137475e-01 3.183951e-03
vertex 3.916135e-01 3.526356e-01 4.662047e-03
endloop
endfacet
facet normal 0 0 0
outer loop
vertex 7.749268e-02 2.708401e-01 5.046765e-03
vertex 5.147686e-02 2.677171e-01 -4.235743e-03
vertex 5.495825e-02 3.043136e-01 -9.478309e-03
endloop
endfacet
facet normal 0 0 0
outer loop
vertex 1.131147e-01 1.452588e-01 -3.997289e-03
vertex 1.424400e-01 1.042657e-01 5.187419e-03
vertex 1.135157e-01 1.098042e-01 -4.120982e-03
endloop
endfacet
facet normal 0 0 0
outer loop
vertex 3.965831e-01 7.559322e-01 -4.537167e-03
vertex 3.905043e-01 7.687970e-01 2.147453e-03
vertex 4.054489e-01 7.639090e-01 -4.579306e-03
endloop
endfacet
facet normal 0 0 0
outer loop
vertex 3.660200e-01 4.414675e-01 4.821969e-03
vertex 3.459907e-01 4.741540e-01 4.923936e-03
vertex 3.287605e-01 4.433513e-01 5.296126e-03
endloop
endfacet
facet normal 0 0 0
outer loop
vertex 3.815632e-01 7.359889e-01 4.459694e-03
vertex 3.898033e-01 7.474077e-01 4.437748e-03
vertex 3.717949e-01 7.422774e-01 5.817315e-03
endloop
endfacet
facet normal 0 0 0
outer loop
vertex 1.470774e-01 7.888833e-01 -3.119298e-03
vertex 1.541028e-01 8.223989e-01 4.048134e-03
vertex 1.709900e-01 8.133032e-01 -2.968003e-03
endloop
endfacet
facet normal 0 0 0
outer loop
vertex -3.706753e-02 5.381009e-02 -5.470346e-02
vertex -3.426100e-02 6.631000e-02 -4.905000e-02
vertex -1.766565e-03 3.723209e-02 -5.184320e-02
endloop
endfacet
facet normal 0 0 0
outer loop
vertex 1.797036e-01 4.585408e-01 -9.251443e-03
vertex 1.737610e-01 4.369320e-01 -8.709427e-03
vertex 1.594968e-01 4.562468e-01 -1.690458e-02
endloop
endfacet
facet normal 0 0 0
outer loop
vertex 4.799674e-01 7.614974e-01 4.130207e-03
vertex 4.472289e-01 7.459201e-01 -2.885784e-03
vertex 4.548650e-01 7.737180e-01 -2.969000e-03
endloop
endfacet
facet normal 0 0 0
outer loop
vertex 4.548650e-01 7.737180e-01 -2.969000e-03
vertex 4.395379e-01 7.722849e-01 5.128887e-03
vertex 4.372891e-01 7.831665e-01 -3.613973e-03
endloop
endfacet
facet normal 0 0 0
outer loop
vertex -2.083640e-01 4.622270e-01 6.070700e-02
vertex -2.008706e-01 4.397896e-01 5.119228e-02
vertex -1.848736e-01 4.634524e-01 6.398526e-02
endloop
endfacet
facet normal 0 0 0
outer loop
vertex 4.395379e-01 7.722849e-01 5.128887e-03
vertex 4.316858e-01 7.726726e-01 -4.659059e-03
vertex 4.372891e-01 7.831665e-01 -3.613973e-03
endloop
endfacet
facet normal 0 0 0
outer loop
vertex -3.299367e-01 4.705922e-01 -4.239897e-02
vertex -3.853350e-01 4.630605e-01 -3.184372e-02
vertex -3.870004e-01 5.071127e-01 -3.848210e-02
endloop
endfacet
facet normal 0 0 0
outer loop
vertex -1.036799e-01 3.071028e-01 2.480205e-02
vertex -2.975384e-02 2.976418e-01 2.022128e-02
vertex -6.495871e-02 3.378079e-01 3.111266e-02
endloop
endfacet
facet normal 0 0 0
outer loop
vertex -7.153274e-02 1.020897e-01 4.610872e-02
vertex -8.854665e-02 9.478650e-02 4.473248e-02
vertex -9.027611e-02 1.286134e-01 4.845996e-02
endloop
endfacet
facet normal 0 0 0
outer loop
vertex 6.057800e-02 1.102333e+00 4.218000e-03
vertex 8.390500e-02 1.094915e+00 5.123000e-03
vertex 9.558950e-02 1.119540e+00 1.350460e-03
endloop
endfacet
facet normal 0 0 0
outer loop
vertex -3.619100e-01 6.044891e-01 -4.243972e-02
vertex -3.301642e-01 5.887109e-01 -5.514574e-02
vertex -3.737651e-01 5.754221e-01 -3.822213e-02
endloop
endfacet
facet normal 0 0 0
outer loop
vertex -3.737651e-01 5.754221e-01 -3.822213e-02
vertex -3.882949e-01 6.213672e-01 -3.171626e-02
vertex -3.619100e-01 6.044891e-01 -4.243972e-02
endloop
endfacet
facet normal 0 0 0
outer loop
vertex 1.865237e-02 5.746976e-01 4.668520e-02
vertex 2.580855e-02 5.052339e-01 4.564413e-02
vertex 6.487462e-02 5.463803e-01 4.171378e-02
endloop
endfacet
facet normal 0 0 0
outer loop
vertex 4.194976e-01 7.754031e-01 -4.185918e-03
vertex 4.231980e-01 7.635390e-01 -3.083000e-03
vertex 4.143234e-01 7.637240e-01 -3.831153e-03
endloop
endfacet
facet normal 0 0 0
outer loop
vertex 3.717949e-01 7.422774e-01 5.817315e-03
vertex 3.898033e-01 7.474077e-01 4.437748e-03
vertex 3.681424e-01 7.561241e-01 1.562350e-04
endloop
endfacet
facet normal 0 0 0
outer loop
vertex 3.681424e-01 7.561241e-01 1.562350e-04
vertex 3.498982e-01 7.372156e-01 5.133454e-03
vertex 3.717949e-01 7.422774e-01 5.817315e-03
endloop
endfacet
facet normal 0 0 0
outer loop
vertex -2.707057e-01 7.145061e-01 -4.070489e-02
vertex -3.148233e-01 7.041747e-01 -3.569591e-02
vertex -2.996935e-01 7.611744e-01 -2.710140e-02
endloop
endfacet
facet normal 0 0 0
outer loop
vertex -8.900610e-02 3.195563e-02 5.105512e-02
vertex -1.061313e-01 4.617889e-02 6.064828e-02
vertex -1.046788e-01 3.479460e-02 5.476208e-02
endloop
endfacet
facet normal 0 0 0
outer loop
vertex 1.315737e-01 6.154952e-02 -1.746874e-03
vertex 1.498604e-01 6.539354e-02 6.616380e-03
vertex 1.184536e-01 8.415040e-02 6.897368e-03
endloop
endfacet
facet normal 0 0 0
outer loop
vertex 1.883921e-01 4.770173e-01 8.628665e-03
vertex 2.232363e-01 4.912986e-01 1.403961e-02
vertex 1.898665e-01 5.055301e-01 2.099997e-02
endloop
endfacet
facet normal 0 0 0
outer loop
vertex -3.600020e-01 4.265090e-01 -2.375900e-02
vertex -3.062810e-01 4.299020e-01 -3.142200e-02
vertex -3.261479e-01 4.063557e-01 -2.633164e-02
endloop
endfacet
facet normal 0 0 0
outer loop
vertex -1.479450e-01 8.992560e-01 -4.161000e-03
vertex -1.811318e-01 9.154497e-01 2.485187e-04
vertex -1.383863e-01 9.298695e-01 -5.458312e-03
endloop
endfacet
facet normal 0 0 0
outer loop
vertex -1.754930e-01 8.508753e-01 -1.983111e-02
vertex -1.811318e-01 9.154497e-01 2.485187e-04
vertex -1.479450e-01 8.992560e-01 -4.161000e-03
endloop
endfacet
facet normal 0 0 0
outer loop
vertex 4.372891e-01 7.831665e-01 -3.613973e-03
vertex 4.194976e-01 7.754031e-01 -4.185918e-03
vertex 4.251645e-01 7.764811e-01 5.282147e-03
endloop
endfacet
facet normal 0 0 0
outer loop
vertex 3.269624e-01 4.060006e-01 5.362031e-03
vertex 2.946994e-01 3.950333e-01 1.344000e-03
vertex 3.151900e-01 3.829660e-01 5.733000e-03
endloop
endfacet
facet normal 0 0 0
outer loop
vertex 1.582635e-01 4.738002e-01 2.386669e-02
vertex 1.883921e-01 4.770173e-01 8.628665e-03
vertex 1.898665e-01 5.055301e-01 2.099997e-02
endloop
endfacet
facet normal 0 0 0
outer loop
vertex -1.632808e-01 8.726254e-01 1.501258e-02
vertex -1.445520e-01 9.162210e-01 5.073000e-03
vertex -1.811318e-01 9.154497e-01 2.485187e-04
endloop
endfacet
facet normal 0 0 0
outer loop
vertex 1.605586e-01 6.847329e-01 -1.258023e-02
vertex 1.439449e-01 6.573107e-01 -2.248980e-02
vertex 1.107955e-01 6.749370e-01 -2.748472e-02
endloop
endfacet
facet normal 0 0 0
outer loop
vertex 1.854366e-01 7.600438e-02 4.701098e-03
vertex 1.600746e-01 6.181417e-02 -4.934520e-03
vertex 1.424400e-01 1.042657e-01 5.187419e-03
endloop
endfacet
facet normal 0 0 0
outer loop
vertex 2.739090e-01 4.858850e-01 6.789000e-03
vertex 2.388036e-01 4.581760e-01 7.116473e-03
vertex 2.611636e-01 4.323887e-01 4.326846e-03
endloop
endfacet
facet normal 0 0 0
outer loop
vertex 1.525445e-02 2.251061e-01 5.641173e-03
vertex -9.966000e-03 2.444220e-01 5.740000e-03
vertex -2.665166e-02 2.206332e-01 6.547437e-03
endloop
endfacet
facet normal 0 0 0
outer loop
vertex 4.372891e-01 7.831665e-01 -3.613973e-03
vertex 4.316858e-01 7.726726e-01 -4.659059e-03
vertex 4.194976e-01 7.754031e-01 -4.185918e-03
endloop
endfacet
facet normal 0 0 0
outer loop
vertex 1.494743e-01 7.849615e-01 4.127579e-03
vertex 1.781880e-01 7.910221e-01 -9.180000e-04
vertex 1.541028e-01 8.223989e-01 4.048134e-03
endloop
endfacet
facet normal 0 0 0
outer loop
vertex 4.194976e-01 7.754031e-01 -4.185918e-03
vertex 4.054489e-01 7.639090e-01 -4.579306e-03
vertex 4.110487e-01 7.747412e-01 4.451425e-03
endloop
endfacet
facet normal 0 0 0
outer loop
vertex -2.059275e-01 6.868978e-01 -4.882957e-02
vertex -2.623492e-01 6.672697e-01 -4.873366e-02
vertex -2.707057e-01 7.145061e-01 -4.070489e-02
endloop
endfacet
facet normal 0 0 0
outer loop
vertex -2.623492e-01 6.672697e-01 -4.873366e-02
vertex -2.787668e-01 6.413788e-01 -5.280930e-02
vertex -2.901776e-01 6.585003e-01 -4.633747e-02
endloop
endfacet
facet normal 0 0 0
outer loop
vertex -1.893864e-01 1.791150e-01 4.256314e-02
vertex -1.834068e-01 1.608365e-01 5.144734e-02
vertex -1.796120e-01 1.403720e-01 4.427300e-02
endloop
endfacet
facet normal 0 0 0
outer loop
vertex -3.624696e-01 4.991798e-01 4.361839e-02
vertex -3.985910e-01 4.625355e-01 2.973478e-02
vertex -3.452061e-01 4.265916e-01 3.007493e-02
endloop
endfacet
facet normal 0 0 0
outer loop
vertex 1.494743e-01 7.849615e-01 4.127579e-03
vertex 1.539422e-01 7.553365e-01 4.183945e-03
vertex 1.856930e-01 7.597374e-01 4.077000e-03
endloop
endfacet
facet normal 0 0 0
outer loop
vertex 1.365118e-01 3.735176e-01 -9.172663e-03
vertex 1.242045e-01 4.040949e-01 -1.789477e-02
vertex 1.546765e-01 3.977928e-01 -9.442271e-03
endloop
endfacet
facet normal 0 0 0
outer loop
vertex 1.918393e-01 1.130348e+00 -3.785611e-03
vertex 1.639206e-01 1.104679e+00 -3.688197e-03
vertex 1.475316e-01 1.135049e+00 6.737436e-04
endloop
endfacet
facet normal 0 0 0
outer loop
vertex 1.622556e-01 1.852849e-01 -3.177832e-03
vertex 1.814348e-01 2.040973e-01 6.074329e-04
vertex 1.808427e-01 1.809742e-01 -2.781400e-03
endloop
endfacet
facet normal 0 0 0
outer loop
vertex 1.314060e-01 7.658010e-01 4.267000e-03
vertex 1.494743e-01 7.849615e-01 4.127579e-03
vertex 1.159469e-01 7.846541e-01 4.339024e-03
endloop
endfacet
facet normal 0 0 0
outer loop
vertex -7.879233e-02 8.066960e-02 -5.565923e-02
vertex -1.070490e-01 1.058927e-01 -4.648372e-02
vertex -1.037814e-01 1.135014e-01 -5.618766e-02
endloop
endfacet
facet normal 0 0 0
outer loop
vertex -1.212507e-01 6.214701e-02 -5.825947e-02
vertex -1.399879e-01 6.933863e-02 -6.097060e-02
vertex -1.403841e-01 8.456136e-02 -5.542031e-02
endloop
endfacet
facet normal 0 0 0
outer loop
vertex 1.314060e-01 7.658010e-01 4.267000e-03
vertex 1.159469e-01 7.846541e-01 4.339024e-03
vertex 9.269647e-02 7.490358e-01 1.936195e-02
endloop
endfacet
facet normal 0 0 0
outer loop
vertex 3.012483e-01 7.001773e-01 -1.453070e-03
vertex 3.082050e-01 6.602001e-01 -4.204535e-03
vertex 2.731414e-01 6.711450e-01 -2.680703e-03
endloop
endfacet
facet normal 0 0 0
outer loop
vertex 3.905043e-01 7.687970e-01 2.147453e-03
vertex 3.965831e-01 7.559322e-01 -4.537167e-03
vertex 3.898033e-01 7.474077e-01 4.437748e-03
endloop
endfacet
facet normal 0 0 0
outer loop
vertex -2.930358e-01 5.972756e-01 -5.331358e-02
vertex -2.708016e-01 6.001273e-01 -5.705788e-02
vertex -2.887720e-01 5.729890e-01 -5.009600e-02
endloop
endfacet
facet normal 0 0 0
outer loop
vertex -2.887720e-01 5.729890e-01 -5.009600e-02
vertex -3.301642e-01 5.887109e-01 -5.514574e-02
vertex -2.930358e-01 5.972756e-01 -5.331358e-02
endloop
endfacet
facet normal 0 0 0
outer loop
vertex 3.738587e-01 7.240136e-01 4.496295e-03
vertex 3.815632e-01 7.359889e-01 4.459694e-03
vertex 3.717949e-01 7.422774e-01 5.817315e-03
endloop
endfacet
facet normal 0 0 0
outer loop
vertex -1.999406e-01 2.340655e-01 4.121880e-02
vertex -2.055560e-01 1.911797e-01 5.276883e-02
vertex -1.893864e-01 1.791150e-01 4.256314e-02
endloop
endfacet
facet normal 0 0 0
outer loop
vertex 3.738587e-01 7.240136e-01 4.496295e-03
vertex 3.902082e-01 7.303961e-01 -3.292700e-03
vertex 3.815632e-01 7.359889e-01 4.459694e-03
endloop
endfacet
facet normal 0 0 0
outer loop
vertex -1.161508e-01 8.889621e-01 1.235160e-02
vertex -1.253250e-01 9.320550e-01 5.078000e-03
vertex -1.445520e-01 9.162210e-01 5.073000e-03
endloop
endfacet
facet normal 0 0 0
outer loop
vertex -1.375911e-01 6.768463e-02 6.166246e-02
vertex -1.604304e-01 9.968802e-02 6.059825e-02
vertex -1.527222e-01 6.884141e-02 5.450000e-02
endloop
endfacet
facet normal 0 0 0
outer loop
vertex -1.234313e-01 1.324713e-01 4.422640e-02
vertex -1.451824e-01 1.534455e-01 5.286189e-02
vertex -1.470000e-01 1.688066e-01 4.170691e-02
endloop
endfacet
facet normal 0 0 0
outer loop
vertex 4.040746e-01 7.134026e-01 4.091662e-03
vertex 3.738587e-01 7.240136e-01 4.496295e-03
vertex 3.902082e-01 7.303961e-01 -3.292700e-03
endloop
endfacet
facet normal 0 0 0
outer loop
vertex 4.110487e-01 7.747412e-01 4.451425e-03
vertex 4.201610e-01 7.560846e-01 4.277946e-03
vertex 4.251645e-01 7.764811e-01 5.282147e-03
endloop
endfacet
facet normal 0 0 0
outer loop
vertex -2.737100e-02 5.376260e-01 -6.832900e-02
vertex -5.525916e-02 5.356303e-01 -7.172790e-02
vertex -4.018100e-02 5.147250e-01 -6.390800e-02
endloop
endfacet
facet normal 0 0 0
outer loop
vertex 1.781880e-01 7.910221e-01 -9.180000e-04
vertex 1.494743e-01 7.849615e-01 4.127579e-03
vertex 1.856930e-01 7.597374e-01 4.077000e-03
endloop
endfacet
facet normal 0 0 0
outer loop
vertex 4.548650e-01 7.737180e-01 -2.969000e-03
vertex 4.372891e-01 7.831665e-01 -3.613973e-03
vertex 4.783098e-01 7.909687e-01 -2.933950e-03
endloop
endfacet
facet normal 0 0 0
outer loop
vertex -1.171220e-01 8.518896e-01 -2.181775e-02
vertex -1.998129e-01 8.075689e-01 -2.932421e-02
vertex -1.754930e-01 8.508753e-01 -1.983111e-02
endloop
endfacet
facet normal 0 0 0
outer loop
vertex -3.853350e-01 4.630605e-01 -3.184372e-02
vertex -4.351420e-01 4.715970e-01 -1.791600e-02
vertex -3.870004e-01 5.071127e-01 -3.848210e-02
endloop
endfacet
facet normal 0 0 0
outer loop
vertex 4.060230e-01 7.355654e-01 -3.118271e-03
vertex 3.983235e-01 7.447035e-01 -3.250637e-03
vertex 4.062670e-01 7.562045e-01 -3.188365e-03
endloop
endfacet
facet normal 0 0 0
outer loop
vertex -9.966000e-03 2.444220e-01 5.740000e-03
vertex -2.975384e-02 2.976418e-01 2.022128e-02
vertex -7.008138e-02 2.560393e-01 7.485109e-03
endloop
endfacet
facet normal 0 0 0
outer loop
vertex 4.060230e-01 7.355654e-01 -3.118271e-03
vertex 4.267415e-01 7.252578e-01 5.834391e-04
vertex 4.040746e-01 7.134026e-01 4.091662e-03
endloop
endfacet
facet normal 0 0 0
outer loop
vertex -2.960944e-01 6.809293e-01 -4.265651e-02
vertex -3.148233e-01 7.041747e-01 -3.569591e-02
vertex -2.707057e-01 7.145061e-01 -4.070489e-02
endloop
endfacet
facet normal 0 0 0
outer loop
vertex 4.231980e-01 7.635390e-01 -3.083000e-03
vertex 4.395379e-01 7.722849e-01 5.128887e-03
vertex 4.472289e-01 7.459201e-01 -2.885784e-03
endloop
endfacet
facet normal 0 0 0
outer loop
vertex -1.191725e-01 9.076099e-01 -4.113964e-03
vertex -8.356053e-02 8.939955e-01 -9.630567e-03
vertex -1.171220e-01 8.518896e-01 -2.181775e-02
endloop
endfacet
facet normal 0 0 0
outer loop
vertex -1.479450e-01 8.992560e-01 -4.161000e-03
vertex -1.383863e-01 9.298695e-01 -5.458312e-03
vertex -1.191725e-01 9.076099e-01 -4.113964e-03
endloop
endfacet
facet normal 0 0 0
outer loop
vertex 1.643212e-01 7.575537e-01 -3.056758e-03
vertex 1.781880e-01 7.910221e-01 -9.180000e-04
vertex 1.856930e-01 7.597374e-01 4.077000e-03
endloop
endfacet
facet normal 0 0 0
outer loop
vertex 4.292689e-01 6.870489e-01 -2.824229e-03
vertex 4.040746e-01 7.134026e-01 4.091662e-03
vertex 4.267415e-01 7.252578e-01 5.834391e-04
endloop
endfacet
facet normal 0 0 0
outer loop
vertex 2.651032e-01 4.782809e-01 -8.502716e-03
vertex 2.473252e-01 4.491599e-01 -5.048370e-03
vertex 2.269167e-01 4.642286e-01 -4.913915e-03
endloop
endfacet
facet normal 0 0 0
outer loop
vertex -7.879233e-02 8.066960e-02 -5.565923e-02
vertex -7.853685e-02 7.869261e-02 -4.555128e-02
vertex -1.070490e-01 1.058927e-01 -4.648372e-02
endloop
endfacet
facet normal 0 0 0
outer loop
vertex -2.032184e-01 1.379329e-01 -5.453781e-02
vertex -1.967740e-01 1.286939e-01 -4.538592e-02
vertex -2.127194e-01 1.589633e-01 -4.077682e-02
endloop
endfacet
facet normal 0 0 0
outer loop
vertex 1.858712e-01 4.330192e-02 -4.572203e-03
vertex 1.636710e-01 4.594900e-02 1.827000e-03
vertex 1.600746e-01 6.181417e-02 -4.934520e-03
endloop
endfacet
facet normal 0 0 0
outer loop
vertex 1.636710e-01 4.594900e-02 1.827000e-03
vertex 1.315737e-01 6.154952e-02 -1.746874e-03
vertex 1.600746e-01 6.181417e-02 -4.934520e-03
endloop
endfacet
facet normal 0 0 0
outer loop
vertex 1.981340e-01 6.696680e-01 4.117000e-03
vertex 1.766450e-01 6.843710e-01 4.057000e-03
vertex 1.799688e-01 6.582654e-01 1.140727e-02
endloop
endfacet
facet normal 0 0 0
outer loop
vertex 1.766450e-01 6.843710e-01 4.057000e-03
vertex 1.981340e-01 6.696680e-01 4.117000e-03
vertex 1.905429e-01 6.993853e-01 4.049625e-03
endloop
endfacet
facet normal 0 0 0
outer loop
vertex 1.623983e-01 2.630396e-01 -3.340048e-03
vertex 1.611555e-01 2.364269e-01 4.126343e-03
vertex 1.197455e-01 2.318375e-01 4.596387e-03
endloop
endfacet
facet normal 0 0 0
outer loop
vertex 4.251645e-01 7.764811e-01 5.282147e-03
vertex 4.194976e-01 7.754031e-01 -4.185918e-03
vertex 4.110487e-01 7.747412e-01 4.451425e-03
endloop
endfacet
facet normal 0 0 0
outer loop
vertex -1.817701e-01 1.076668e-01 -5.809109e-02
vertex -1.967740e-01 1.286939e-01 -4.538592e-02
vertex -2.032184e-01 1.379329e-01 -5.453781e-02
endloop
endfacet
facet normal 0 0 0
outer loop
vertex 1.918393e-01 1.130348e+00 -3.785611e-03
vertex 1.916670e-01 1.096963e+00 -2.049000e-03
vertex 1.639206e-01 1.104679e+00 -3.688197e-03
endloop
endfacet
facet normal 0 0 0
outer loop
vertex -3.621690e-02 9.563679e-01 5.037214e-04
vertex -3.363666e-02 9.822184e-01 5.154926e-03
vertex -5.996856e-02 9.711081e-01 -4.074025e-03
endloop
endfacet
facet normal 0 0 0
outer loop
vertex -3.634500e-02 9.264674e-01 5.082763e-03
vertex -3.621690e-02 9.563679e-01 5.037214e-04
vertex -6.329446e-02 9.455535e-01 5.094839e-03
endloop
endfacet
facet normal 0 0 0
outer loop
vertex 8.596703e-04 9.226894e-01 5.019729e-03
vertex -1.172040e-02 9.634347e-01 -4.100050e-03
vertex -3.634500e-02 9.264674e-01 5.082763e-03
endloop
endfacet
facet normal 0 0 0
outer loop
vertex 1.854366e-01 7.600438e-02 4.701098e-03
vertex 1.858712e-01 4.330192e-02 -4.572203e-03
vertex 1.600746e-01 6.181417e-02 -4.934520e-03
endloop
endfacet
facet normal 0 0 0
outer loop
vertex 4.395379e-01 7.722849e-01 5.128887e-03
vertex 4.201610e-01 7.560846e-01 4.277946e-03
vertex 4.472289e-01 7.459201e-01 -2.885784e-03
endloop
endfacet
facet normal 0 0 0
outer loop
vertex 4.251645e-01 7.764811e-01 5.282147e-03
vertex 4.201610e-01 7.560846e-01 4.277946e-03
vertex 4.395379e-01 7.722849e-01 5.128887e-03
endloop
endfacet
facet normal 0 0 0
outer loop
vertex -3.966662e-01 6.922073e-01 -6.812784e-03
vertex -3.622412e-01 7.179704e-01 -2.030423e-02
vertex -3.846776e-01 6.750544e-01 -2.347050e-02
endloop
endfacet
facet normal 0 0 0
outer loop
vertex 1.263529e-01 7.111590e-01 1.890208e-02
vertex 1.314060e-01 7.658010e-01 4.267000e-03
vertex 9.269647e-02 7.490358e-01 1.936195e-02
endloop
endfacet
facet normal 0 0 0
outer loop
vertex -8.935584e-02 5.459362e-01 -5.480743e-02
vertex -6.588361e-02 5.563955e-01 -6.533916e-02
vertex -7.424220e-02 5.675209e-01 -7.303118e-02
endloop
endfacet
facet normal 0 0 0
outer loop
vertex -3.437782e-01 3.692554e-01 -4.305028e-03
vertex -3.548451e-01 3.987701e-01 -2.014797e-02
vertex -3.249907e-01 3.750296e-01 -2.136488e-02
endloop
endfacet
facet normal 0 0 0
outer loop
vertex -2.260186e-01 3.168928e-01 -2.949455e-02
vertex -2.060540e-01 2.788971e-01 -3.649310e-02
vertex -2.497320e-01 2.947500e-01 -3.262700e-02
endloop
endfacet
facet normal 0 0 0
outer loop
vertex 4.783098e-01 7.909687e-01 -2.933950e-03
vertex 4.718300e-01 7.771110e-01 -2.899000e-03
vertex 4.548650e-01 7.737180e-01 -2.969000e-03
endloop
endfacet
facet normal 0 0 0
outer loop
vertex 2.269167e-01 4.642286e-01 -4.913915e-03
vertex 2.473252e-01 4.491599e-01 -5.048370e-03
vertex 2.388036e-01 4.581760e-01 7.116473e-03
endloop
endfacet
facet normal 0 0 0
outer loop
vertex 2.232363e-01 4.912986e-01 1.403961e-02
vertex 2.599594e-01 5.503033e-01 1.094930e-02
vertex 2.122708e-01 5.483353e-01 2.026003e-02
endloop
endfacet
facet normal 0 0 0
outer loop
vertex -4.198920e-01 6.577210e-01 -1.042800e-02
vertex -3.846776e-01 6.750544e-01 -2.347050e-02
vertex -3.690978e-01 6.407541e-01 -3.771134e-02
endloop
endfacet
facet normal 0 0 0
outer loop
vertex 5.121890e-01 7.846560e-01 -2.049000e-03
vertex 4.799674e-01 7.614974e-01 4.130207e-03
vertex 4.783098e-01 7.909687e-01 -2.933950e-03
endloop
endfacet
facet normal 0 0 0
outer loop
vertex -2.282440e-01 4.774030e-01 -5.067300e-02
vertex -2.050980e-01 4.725139e-01 -6.161614e-02
vertex -2.068538e-01 4.352689e-01 -4.927066e-02
endloop
endfacet
facet normal 0 0 0
outer loop
vertex 1.322554e-01 4.291359e-01 -2.122872e-02
vertex 1.355711e-01 4.566081e-01 -2.578258e-02
vertex 1.537631e-01 4.349568e-01 -1.619421e-02
endloop
endfacet
facet normal 0 0 0
outer loop
vertex 9.950890e-04 5.893180e-01 -4.725588e-02
vertex 1.884004e-02 6.212854e-01 -4.436104e-02
vertex 3.589903e-02 5.949889e-01 -4.335054e-02
endloop
endfacet
facet normal 0 0 0
outer loop
vertex -9.925200e-02 8.270421e-01 2.859859e-02
vertex -1.660840e-01 8.081894e-01 3.192887e-02
vertex -1.339554e-01 7.686073e-01 3.851314e-02
endloop
endfacet
facet normal 0 0 0
outer loop
vertex -1.096315e-01 6.751903e-01 5.080024e-02
vertex -9.556901e-02 6.291052e-01 5.378423e-02
vertex -5.094080e-02 6.392892e-01 5.088040e-02
endloop
endfacet
facet normal 0 0 0
outer loop
vertex -1.817701e-01 1.076668e-01 -5.809109e-02
vertex -1.836410e-01 1.046192e-01 -5.007557e-02
vertex -1.967740e-01 1.286939e-01 -4.538592e-02
endloop
endfacet
facet normal 0 0 0
outer loop
vertex 4.395379e-01 7.722849e-01 5.128887e-03
vertex 4.231980e-01 7.635390e-01 -3.083000e-03
vertex 4.316858e-01 7.726726e-01 -4.659059e-03
endloop
endfacet
facet normal 0 0 0
outer loop
vertex 4.316858e-01 7.726726e-01 -4.659059e-03
vertex 4.231980e-01 7.635390e-01 -3.083000e-03
vertex 4.194976e-01 7.754031e-01 -4.185918e-03
endloop
endfacet
facet normal 0 0 0
outer loop
vertex -3.867407e-01 4.148310e-01 1.484041e-02
vertex -3.985910e-01 4.625355e-01 2.973478e-02
vertex -4.328366e-01 4.587370e-01 8.130000e-03
endloop
endfacet
facet normal 0 0 0
outer loop
vertex -5.891287e-02 8.075264e-01 -2.952662e-02
vertex -4.031011e-02 7.160010e-01 -4.222627e-02
vertex -1.202786e-01 7.693594e-01 -3.828032e-02
endloop
endfacet
facet normal 0 0 0
outer loop
vertex -2.663605e-02 7.118564e-01 4.273285e-02
vertex -9.446316e-02 7.329469e-01 4.400990e-02
vertex -1.096315e-01 6.751903e-01 5.080024e-02
endloop
endfacet
facet normal 0 0 0
outer loop
vertex -2.663605e-02 7.118564e-01 4.273285e-02
vertex -1.096315e-01 6.751903e-01 5.080024e-02
vertex -5.094080e-02 6.392892e-01 5.088040e-02
endloop
endfacet
facet normal 0 0 0
outer loop
vertex 3.681424e-01 7.561241e-01 1.562350e-04
vertex 3.898033e-01 7.474077e-01 4.437748e-03
vertex 3.777751e-01 7.425102e-01 -3.660377e-03
endloop
endfacet
facet normal 0 0 0
outer loop
vertex -1.339554e-01 7.686073e-01 3.851314e-02
vertex -9.446316e-02 7.329469e-01 4.400990e-02
vertex -5.707134e-02 7.816899e-01 3.516787e-02
endloop
endfacet
facet normal 0 0 0
outer loop
vertex -2.518774e-01 3.014507e-01 -8.510967e-03
vertex -2.521725e-01 3.030272e-01 8.583524e-03
vertex -2.826338e-01 3.282864e-01 1.469338e-02
endloop
endfacet
facet normal 0 0 0
outer loop
vertex -2.521725e-01 3.030272e-01 8.583524e-03
vertex -2.663034e-01 2.848949e-01 2.149651e-02
vertex -2.826338e-01 3.282864e-01 1.469338e-02
endloop
endfacet
facet normal 0 0 0
outer loop
vertex -3.690978e-01 6.407541e-01 -3.771134e-02
vertex -3.629199e-01 6.641016e-01 -3.178396e-02
vertex -3.440230e-01 6.591446e-01 -3.811717e-02
endloop
endfacet
facet normal 0 0 0
outer loop
vertex -3.629199e-01 6.641016e-01 -3.178396e-02
vertex -3.493278e-01 6.871670e-01 -3.117710e-02
vertex -3.440230e-01 6.591446e-01 -3.811717e-02
endloop
endfacet
facet normal 0 0 0
outer loop
vertex 1.455590e-01 1.620121e-01 4.518553e-03
vertex 1.622556e-01 1.852849e-01 -3.177832e-03
vertex 1.838340e-01 1.541665e-01 -4.594743e-04
endloop
endfacet
facet normal 0 0 0
outer loop
vertex 4.060230e-01 7.355654e-01 -3.118271e-03
vertex 4.066733e-01 7.533553e-01 4.333656e-03
vertex 4.155410e-01 7.511437e-01 -3.097607e-03
endloop
endfacet
facet normal 0 0 0
outer loop
vertex -1.185859e-01 1.523047e-01 -5.336206e-02
vertex -1.468715e-01 1.565533e-01 -5.229092e-02
vertex -1.445520e-01 1.935280e-01 -4.998200e-02
endloop
endfacet
facet normal 0 0 0
outer loop
vertex -1.185859e-01 1.523047e-01 -5.336206e-02
vertex -1.445520e-01 1.935280e-01 -4.998200e-02
vertex -1.183360e-01 1.711841e-01 -4.174651e-02
endloop
endfacet
facet normal 0 0 0
outer loop
vertex -5.549240e-02 6.408133e-02 5.654668e-02
vertex -6.847290e-02 7.951447e-02 5.696678e-02
vertex -7.760709e-02 7.460526e-02 5.155742e-02
endloop
endfacet
facet normal 0 0 0
outer loop
vertex -7.760709e-02 7.460526e-02 5.155742e-02
vertex -5.947350e-02 5.943988e-02 4.996246e-02
vertex -5.549240e-02 6.408133e-02 5.654668e-02
endloop
endfacet
facet normal 0 0 0
outer loop
vertex -1.893864e-01 1.791150e-01 4.256314e-02
vertex -2.061239e-01 2.068926e-01 3.214394e-02
vertex -1.999406e-01 2.340655e-01 4.121880e-02
endloop
endfacet
facet normal 0 0 0
outer loop
vertex 4.143234e-01 7.637240e-01 -3.831153e-03
vertex 4.231980e-01 7.635390e-01 -3.083000e-03
vertex 4.155410e-01 7.511437e-01 -3.097607e-03
endloop
endfacet
facet normal 0 0 0
outer loop
vertex 4.060230e-01 7.355654e-01 -3.118271e-03
vertex 4.155410e-01 7.511437e-01 -3.097607e-03
vertex 4.270089e-01 7.435728e-01 -3.017546e-03
endloop
endfacet
facet normal 0 0 0
outer loop
vertex -8.854665e-02 9.478650e-02 4.473248e-02
vertex -1.035956e-01 1.112015e-01 4.442899e-02
vertex -9.027611e-02 1.286134e-01 4.845996e-02
endloop
endfacet
facet normal 0 0 0
outer loop
vertex 3.822326e-01 6.847939e-01 4.247415e-03
vertex 4.292689e-01 6.870489e-01 -2.824229e-03
vertex 4.151124e-01 6.613341e-01 -2.834659e-03
endloop
endfacet
facet normal 0 0 0
outer loop
vertex 4.292689e-01 6.870489e-01 -2.824229e-03
vertex 3.822326e-01 6.847939e-01 4.247415e-03
vertex 4.040746e-01 7.134026e-01 4.091662e-03
endloop
endfacet
facet normal 0 0 0
outer loop
vertex -3.690978e-01 6.407541e-01 -3.771134e-02
vertex -3.846776e-01 6.750544e-01 -2.347050e-02
vertex -3.629199e-01 6.641016e-01 -3.178396e-02
endloop
endfacet
facet normal 0 0 0
outer loop
vertex 4.155410e-01 7.511437e-01 -3.097607e-03
vertex 4.060230e-01 7.355654e-01 -3.118271e-03
vertex 4.062670e-01 7.562045e-01 -3.188365e-03
endloop
endfacet
facet normal 0 0 0
outer loop
vertex -1.185859e-01 1.523047e-01 -5.336206e-02
vertex -1.183360e-01 1.711841e-01 -4.174651e-02
vertex -1.010994e-01 1.438531e-01 -4.939642e-02
endloop
endfacet
facet normal 0 0 0
outer loop
vertex -2.663225e-01 2.859538e-01 -2.665466e-02
vertex -2.495156e-01 2.381167e-01 -2.893442e-02
vertex -2.467623e-01 2.694733e-01 -1.606282e-02
endloop
endfacet
facet normal 0 0 0
outer loop
vertex 3.983235e-01 7.447035e-01 -3.250637e-03
vertex 3.898033e-01 7.474077e-01 4.437748e-03
vertex 3.965831e-01 7.559322e-01 -4.537167e-03
endloop
endfacet
facet normal 0 0 0
outer loop
vertex 4.472289e-01 7.459201e-01 -2.885784e-03
vertex 4.270089e-01 7.435728e-01 -3.017546e-03
vertex 4.231980e-01 7.635390e-01 -3.083000e-03
endloop
endfacet
facet normal 0 0 0
outer loop
vertex 4.201610e-01 7.560846e-01 4.277946e-03
vertex 4.270089e-01 7.435728e-01 -3.017546e-03
vertex 4.472289e-01 7.459201e-01 -2.885784e-03
endloop
endfacet
facet normal 0 0 0
outer loop
vertex 4.270089e-01 7.435728e-01 -3.017546e-03
vertex 4.155410e-01 7.511437e-01 -3.097607e-03
vertex 4.231980e-01 7.635390e-01 -3.083000e-03
endloop
endfacet
facet normal 0 0 0
outer loop
vertex 4.201610e-01 7.560846e-01 4.277946e-03
vertex 4.155410e-01 7.511437e-01 -3.097607e-03
vertex 4.270089e-01 7.435728e-01 -3.017546e-03
endloop
endfacet
facet normal 0 0 0
outer loop
vertex -1.035956e-01 1.112015e-01 4.442899e-02
vertex -1.234313e-01 1.324713e-01 4.422640e-02
vertex -9.027611e-02 1.286134e-01 4.845996e-02
endloop
endfacet
facet normal 0 0 0
outer loop
vertex -2.016236e-01 2.581840e-01 -2.779467e-02
vertex -2.110288e-01 2.833864e-01 -2.132508e-02
vertex -2.211119e-01 2.662962e-01 -1.849621e-02
endloop
endfacet
facet normal 0 0 0
outer loop
vertex 1.546765e-01 3.977928e-01 -9.442271e-03
vertex 1.498507e-01 4.216096e-01 -1.452474e-02
vertex 1.684173e-01 4.196924e-01 -8.628992e-03
endloop
endfacet
facet normal 0 0 0
outer loop
vertex 5.407284e-03 2.873255e-02 5.057090e-02
vertex 1.889399e-02 2.973411e-02 4.935548e-02
vertex -5.874916e-04 3.810583e-02 4.684420e-02
endloop
endfacet
facet normal 0 0 0
outer loop
vertex -2.211119e-01 2.662962e-01 -1.849621e-02
vertex -2.110288e-01 2.833864e-01 -2.132508e-02
vertex -2.215291e-01 2.879453e-01 -1.779785e-02
endloop
endfacet
facet normal 0 0 0
outer loop
vertex 1.622556e-01 1.852849e-01 -3.177832e-03
vertex 1.808427e-01 1.809742e-01 -2.781400e-03
vertex 1.838340e-01 1.541665e-01 -4.594743e-04
endloop
endfacet
facet normal 0 0 0
outer loop
vertex -1.407903e-01 8.557758e-02 5.442628e-02
vertex -1.604304e-01 9.968802e-02 6.059825e-02
vertex -1.375911e-01 6.768463e-02 6.166246e-02
endloop
endfacet
facet normal 0 0 0
outer loop
vertex 3.681424e-01 7.561241e-01 1.562350e-04
vertex 3.905043e-01 7.687970e-01 2.147453e-03
vertex 3.898033e-01 7.474077e-01 4.437748e-03
endloop
endfacet
facet normal 0 0 0
outer loop
vertex -2.428446e-02 5.078294e-01 -4.928682e-02
vertex -4.845935e-02 5.413531e-01 -5.223988e-02
vertex -1.640578e-02 5.335764e-01 -4.940524e-02
endloop
endfacet
facet normal 0 0 0
outer loop
vertex -3.624696e-01 4.991798e-01 4.361839e-02
vertex -3.882565e-01 5.541568e-01 3.939199e-02
vertex -4.269048e-01 5.174963e-01 3.169549e-02
endloop
endfacet
facet normal 0 0 0
outer loop
vertex 1.594968e-01 4.562468e-01 -1.690458e-02
vertex 1.770230e-01 4.879170e-01 -1.951000e-02
vertex 1.797036e-01 4.585408e-01 -9.251443e-03
endloop
endfacet
facet normal 0 0 0
outer loop
vertex -8.634700e-02 6.159610e-01 -7.048800e-02
vertex -6.910036e-02 5.912860e-01 -7.352885e-02
vertex -5.181200e-02 6.210360e-01 -7.371200e-02
endloop
endfacet
facet normal 0 0 0
outer loop
vertex -1.853105e-01 2.111177e-01 -4.155494e-02
vertex -1.847540e-01 2.319897e-01 -3.270467e-02
vertex -2.020153e-01 2.388605e-01 -4.208021e-02
endloop
endfacet
facet normal 0 0 0
outer loop
vertex -1.238257e-01 1.281129e-01 -5.476629e-02
vertex -1.070490e-01 1.058927e-01 -4.648372e-02
vertex -1.209653e-01 1.251267e-01 -4.477198e-02
endloop
endfacet
facet normal 0 0 0
outer loop
vertex 1.913480e-01 2.830967e-01 4.061000e-03
vertex 1.623983e-01 2.630396e-01 -3.340048e-03
vertex 1.520767e-01 3.182268e-01 4.483554e-03
endloop
endfacet
facet normal 0 0 0
outer loop
vertex -1.999406e-01 2.340655e-01 4.121880e-02
vertex -2.061239e-01 2.068926e-01 3.214394e-02
vertex -2.206251e-01 2.508469e-01 2.220180e-02
endloop
endfacet
facet normal 0 0 0
outer loop
vertex -3.600020e-01 4.265090e-01 -2.375900e-02
vertex -3.853350e-01 4.630605e-01 -3.184372e-02
vertex -3.299367e-01 4.705922e-01 -4.239897e-02
endloop
endfacet
facet normal 0 0 0
outer loop
vertex 4.060230e-01 7.355654e-01 -3.118271e-03
vertex 4.040746e-01 7.134026e-01 4.091662e-03
vertex 3.902082e-01 7.303961e-01 -3.292700e-03
endloop
endfacet
facet normal 0 0 0
outer loop
vertex 4.060230e-01 7.355654e-01 -3.118271e-03
vertex 3.902082e-01 7.303961e-01 -3.292700e-03
vertex 3.983235e-01 7.447035e-01 -3.250637e-03
endloop
endfacet
facet normal 0 0 0
outer loop
vertex 3.902082e-01 7.303961e-01 -3.292700e-03
vertex 3.738587e-01 7.240136e-01 4.496295e-03
vertex 3.646236e-01 7.356421e-01 -4.707172e-03
endloop
endfacet
facet normal 0 0 0
outer loop
vertex -2.747627e-02 5.970914e-01 -7.286274e-02
vertex -6.910036e-02 5.912860e-01 -7.352885e-02
vertex -4.799778e-02 5.647118e-01 -7.255312e-02
endloop
endfacet
facet normal 0 0 0
outer loop
vertex 3.815632e-01 7.359889e-01 4.459694e-03
vertex 3.902082e-01 7.303961e-01 -3.292700e-03
vertex 3.898033e-01 7.474077e-01 4.437748e-03
endloop
endfacet
facet normal 0 0 0
outer loop
vertex 3.983235e-01 7.447035e-01 -3.250637e-03
vertex 3.902082e-01 7.303961e-01 -3.292700e-03
vertex 3.898033e-01 7.474077e-01 4.437748e-03
endloop
endfacet
facet normal 0 0 0
outer loop
vertex -3.846776e-01 6.750544e-01 -2.347050e-02
vertex -3.493278e-01 6.871670e-01 -3.117710e-02
vertex -3.629199e-01 6.641016e-01 -3.178396e-02
endloop
endfacet
facet normal 0 0 0
outer loop
vertex 3.898033e-01 7.474077e-01 4.437748e-03
vertex 3.902082e-01 7.303961e-01 -3.292700e-03
vertex 3.777751e-01 7.425102e-01 -3.660377e-03
endloop
endfacet
facet normal 0 0 0
outer loop
vertex 1.377111e-01 4.233111e-01 1.944277e-02
vertex 1.571647e-01 4.321059e-01 1.574024e-02
vertex 1.515586e-01 4.476417e-01 2.057719e-02
endloop
endfacet
facet normal 0 0 0
outer loop
vertex 4.066733e-01 7.533553e-01 4.333656e-03
vertex 4.054489e-01 7.639090e-01 -4.579306e-03
vertex 4.143234e-01 7.637240e-01 -3.831153e-03
endloop
endfacet
facet normal 0 0 0
outer loop
vertex 1.262514e-01 4.558219e-01 2.860094e-02
vertex 1.377111e-01 4.233111e-01 1.944277e-02
vertex 1.515586e-01 4.476417e-01 2.057719e-02
endloop
endfacet
facet normal 0 0 0
outer loop
vertex -1.339554e-01 7.686073e-01 3.851314e-02
vertex -1.660840e-01 8.081894e-01 3.192887e-02
vertex -2.159253e-01 7.556726e-01 3.943945e-02
endloop
endfacet
facet normal 0 0 0
outer loop
vertex 1.546765e-01 3.977928e-01 -9.442271e-03
vertex 1.863227e-01 4.035108e-01 -3.180383e-03
vertex 1.769994e-01 3.714511e-01 -3.227791e-03
endloop
endfacet
facet normal 0 0 0
outer loop
vertex -1.037814e-01 1.135014e-01 -5.618766e-02
vertex -1.238257e-01 1.281129e-01 -5.476629e-02
vertex -1.010994e-01 1.438531e-01 -4.939642e-02
endloop
endfacet
facet normal 0 0 0
outer loop
vertex 1.355711e-01 4.566081e-01 -2.578258e-02
vertex 1.091512e-01 4.750907e-01 -3.300279e-02
vertex 1.335077e-01 4.982453e-01 -2.837843e-02
endloop
endfacet
facet normal 0 0 0
outer loop
vertex 3.983235e-01 7.447035e-01 -3.250637e-03
vertex 3.965831e-01 7.559322e-01 -4.537167e-03
vertex 4.062670e-01 7.562045e-01 -3.188365e-03
endloop
endfacet
facet normal 0 0 0
outer loop
vertex 4.155410e-01 7.511437e-01 -3.097607e-03
vertex 4.062670e-01 7.562045e-01 -3.188365e-03
vertex 4.201610e-01 7.560846e-01 4.277946e-03
endloop
endfacet
facet normal 0 0 0
outer loop
vertex 4.062670e-01 7.562045e-01 -3.188365e-03
vertex 4.143234e-01 7.637240e-01 -3.831153e-03
vertex 4.201610e-01 7.560846e-01 4.277946e-03
endloop
endfacet
facet normal 0 0 0
outer loop
vertex 4.110487e-01 7.747412e-01 4.451425e-03
vertex 4.054489e-01 7.639090e-01 -4.579306e-03
vertex 4.143234e-01 7.637240e-01 -3.831153e-03
endloop
endfacet
facet normal 0 0 0
outer loop
vertex 4.194976e-01 7.754031e-01 -4.185918e-03
vertex 4.143234e-01 7.637240e-01 -3.831153e-03
vertex 4.054489e-01 7.639090e-01 -4.579306e-03
endloop
endfacet
facet normal 0 0 0
outer loop
vertex 4.054489e-01 7.639090e-01 -4.579306e-03
vertex 4.143234e-01 7.637240e-01 -3.831153e-03
vertex 4.062670e-01 7.562045e-01 -3.188365e-03
endloop
endfacet
facet normal 0 0 0
outer loop
vertex -1.891761e-01 1.798472e-01 -4.179434e-02
vertex -2.001157e-01 2.152963e-01 -3.547981e-02
vertex -2.027270e-01 1.761575e-01 -3.548696e-02
endloop
endfacet
facet normal 0 0 0
outer loop
vertex -2.204423e-01 1.752958e-01 -5.129148e-02
vertex -2.032184e-01 1.379329e-01 -5.453781e-02
vertex -2.127194e-01 1.589633e-01 -4.077682e-02
endloop
endfacet
facet normal 0 0 0
outer loop
vertex 4.062670e-01 7.562045e-01 -3.188365e-03
vertex 4.143234e-01 7.637240e-01 -3.831153e-03
vertex 4.155410e-01 7.511437e-01 -3.097607e-03
endloop
endfacet
facet normal 0 0 0
outer loop
vertex -3.363666e-02 9.822184e-01 5.154926e-03
vertex -5.366634e-02 9.975579e-01 -4.025725e-03
vertex -3.663233e-02 1.002903e+00 5.164888e-03
endloop
endfacet
facet normal 0 0 0
outer loop
vertex 3.983235e-01 7.447035e-01 -3.250637e-03
vertex 3.965831e-01 7.559322e-01 -4.537167e-03
vertex 4.066733e-01 7.533553e-01 4.333656e-03
endloop
endfacet
facet normal 0 0 0
outer loop
vertex -6.543005e-02 1.007182e+00 -4.931356e-03
vertex -3.891240e-02 1.023741e+00 -5.292456e-03
vertex -5.366634e-02 9.975579e-01 -4.025725e-03
endloop
endfacet
facet normal 0 0 0
outer loop
vertex -1.796120e-01 2.847810e-01 -1.819700e-02
vertex -2.118390e-01 2.936210e-01 -1.844800e-02
vertex -2.110288e-01 2.833864e-01 -2.132508e-02
endloop
endfacet
facet normal 0 0 0
outer loop
vertex -2.118390e-01 2.936210e-01 -1.844800e-02
vertex -1.796120e-01 2.847810e-01 -1.819700e-02
vertex -2.085760e-01 2.862394e-01 -2.899811e-03
endloop
endfacet
facet normal 0 0 0
outer loop
vertex -1.998129e-01 8.075689e-01 -2.932421e-02
vertex -1.202786e-01 7.693594e-01 -3.828032e-02
vertex -2.165527e-01 7.544833e-01 -3.876984e-02
endloop
endfacet
facet normal 0 0 0
outer loop
vertex -2.743264e-02 6.344353e-01 -4.823164e-02
vertex 2.252796e-02 6.637750e-01 -4.145006e-02
vertex 1.884004e-02 6.212854e-01 -4.436104e-02
endloop
endfacet
facet normal 0 0 0
outer loop
vertex -1.023127e-02 6.093988e-01 -4.779911e-02
vertex -2.743264e-02 6.344353e-01 -4.823164e-02
vertex 1.884004e-02 6.212854e-01 -4.436104e-02
endloop
endfacet
facet normal 0 0 0
outer loop
vertex 1.611555e-01 2.364269e-01 4.126343e-03
vertex 1.381421e-01 2.076095e-01 4.430334e-03
vertex 1.197455e-01 2.318375e-01 4.596387e-03
endloop
endfacet
facet normal 0 0 0
outer loop
vertex -3.452061e-01 4.265916e-01 3.007493e-02
vertex -2.857136e-01 4.211145e-01 3.458232e-02
vertex -3.092558e-01 4.662588e-01 4.403644e-02
endloop
endfacet
facet normal 0 0 0
outer loop
vertex -4.031011e-02 7.160010e-01 -4.222627e-02
vertex 3.481653e-02 7.627539e-01 -2.700639e-02
vertex 3.122023e-02 7.156321e-01 -3.375226e-02
endloop
endfacet
facet normal 0 0 0
outer loop
vertex -1.240557e-02 7.914150e-01 -2.821482e-02
vertex 3.481653e-02 7.627539e-01 -2.700639e-02
vertex -4.031011e-02 7.160010e-01 -4.222627e-02
endloop
endfacet
facet normal 0 0 0
outer loop
vertex -8.856605e-02 9.950648e-01 1.940434e-03
vertex -1.106452e-01 9.733154e-01 2.130000e-04
vertex -1.010506e-01 9.685860e-01 6.136170e-03
endloop
endfacet
facet normal 0 0 0
outer loop
vertex -1.535858e-01 4.118807e-01 4.981236e-02
vertex -1.215553e-01 4.273044e-01 5.167633e-02
vertex -1.502070e-01 4.522580e-01 5.503300e-02
endloop
endfacet
facet normal 0 0 0
outer loop
vertex -1.502070e-01 4.522580e-01 5.503300e-02
vertex -1.215553e-01 4.273044e-01 5.167633e-02
vertex -1.456830e-01 4.279360e-01 5.818400e-02
endloop
endfacet
facet normal 0 0 0
outer loop
vertex 3.122023e-02 7.156321e-01 -3.375226e-02
vertex 7.959781e-02 7.201647e-01 -2.678465e-02
vertex 5.430187e-02 6.904702e-01 -3.507880e-02
endloop
endfacet
facet normal 0 0 0
outer loop
vertex -1.395380e-01 9.473850e-01 2.044000e-03
vertex -1.106452e-01 9.733154e-01 2.130000e-04
vertex -1.038566e-01 9.593203e-01 -5.406335e-03
endloop
endfacet
facet normal 0 0 0
outer loop
vertex 1.582635e-01 4.738002e-01 2.386669e-02
vertex 1.822842e-01 4.567147e-01 8.322403e-03
vertex 1.883921e-01 4.770173e-01 8.628665e-03
endloop
endfacet
facet normal 0 0 0
outer loop
vertex 1.515586e-01 4.476417e-01 2.057719e-02
vertex 1.761763e-01 4.364121e-01 8.016140e-03
vertex 1.582635e-01 4.738002e-01 2.386669e-02
endloop
endfacet
facet normal 0 0 0
outer loop
vertex -2.579778e-01 7.294515e-01 4.034328e-02
vertex -2.398707e-01 6.859049e-01 4.817857e-02
vertex -2.159253e-01 7.556726e-01 3.943945e-02
endloop
endfacet
facet normal 0 0 0
outer loop
vertex -1.407903e-01 8.557758e-02 5.442628e-02
vertex -1.419974e-01 7.284507e-02 4.930981e-02
vertex -1.631325e-01 9.698647e-02 4.763560e-02
endloop
endfacet
facet normal 0 0 0
outer loop
vertex 1.322554e-01 4.291359e-01 -2.122872e-02
vertex 1.537631e-01 4.349568e-01 -1.619421e-02
vertex 1.498507e-01 4.216096e-01 -1.452474e-02
endloop
endfacet
facet normal 0 0 0
outer loop
vertex 1.355711e-01 4.566081e-01 -2.578258e-02
vertex 1.322554e-01 4.291359e-01 -2.122872e-02
vertex 1.052805e-01 4.320005e-01 -2.769762e-02
endloop
endfacet
facet normal 0 0 0
outer loop
vertex 6.158330e-03 5.676084e-01 -4.710558e-02
vertex -1.198765e-02 5.762963e-01 -4.875162e-02
vertex 9.950890e-04 5.893180e-01 -4.725588e-02
endloop
endfacet
facet normal 0 0 0
outer loop
vertex 6.158330e-03 5.676084e-01 -4.710558e-02
vertex 9.950890e-04 5.893180e-01 -4.725588e-02
vertex 4.916387e-02 5.676166e-01 -4.233777e-02
endloop
endfacet
facet normal 0 0 0
outer loop
vertex 1.404540e-01 3.597810e-01 4.616000e-03
vertex 1.769994e-01 3.714511e-01 -3.227791e-03
vertex 1.551340e-01 3.981809e-01 1.032148e-02
endloop
endfacet
facet normal 0 0 0
outer loop
vertex 4.548650e-01 7.737180e-01 -2.969000e-03
vertex 4.718300e-01 7.771110e-01 -2.899000e-03
vertex 4.799674e-01 7.614974e-01 4.130207e-03
endloop
endfacet
facet normal 0 0 0
outer loop
vertex -1.161508e-01 8.889621e-01 1.235160e-02
vertex -1.445520e-01 9.162210e-01 5.073000e-03
vertex -1.632808e-01 8.726254e-01 1.501258e-02
endloop
endfacet
facet normal 0 0 0
outer loop
vertex -1.191725e-01 9.076099e-01 -4.113964e-03
vertex -1.253250e-01 9.320550e-01 5.078000e-03
vertex -1.076530e-01 9.304021e-01 -4.085998e-03
endloop
endfacet
facet normal 0 0 0
outer loop
vertex -1.512315e-01 4.459715e-01 -6.399097e-02
vertex -1.649090e-01 4.324350e-01 -5.662500e-02
vertex -1.474619e-01 4.321630e-01 -5.491160e-02
endloop
endfacet
facet normal 0 0 0
outer loop
vertex -1.191725e-01 9.076099e-01 -4.113964e-03
vertex -1.383863e-01 9.298695e-01 -5.458312e-03
vertex -1.076530e-01 9.304021e-01 -4.085998e-03
endloop
endfacet
facet normal 0 0 0
outer loop
vertex -1.191725e-01 9.076099e-01 -4.113964e-03
vertex -1.076530e-01 9.304021e-01 -4.085998e-03
vertex -8.211429e-02 9.199588e-01 5.115740e-03
endloop
endfacet
facet normal 0 0 0
outer loop
vertex -5.555118e-02 8.637869e-02 4.923763e-02
vertex -6.321970e-02 7.165636e-02 4.487661e-02
vertex -7.216294e-02 8.675355e-02 4.427333e-02
endloop
endfacet
facet normal 0 0 0
outer loop
vertex 1.594968e-01 4.562468e-01 -1.690458e-02
vertex 1.737610e-01 4.369320e-01 -8.709427e-03
vertex 1.537631e-01 4.349568e-01 -1.619421e-02
endloop
endfacet
facet normal 0 0 0
outer loop
vertex 1.355711e-01 4.566081e-01 -2.578258e-02
vertex 1.770230e-01 4.879170e-01 -1.951000e-02
vertex 1.594968e-01 4.562468e-01 -1.690458e-02
endloop
endfacet
facet normal 0 0 0
outer loop
vertex 7.405541e-02 5.832079e-01 4.019231e-02
vertex 5.733128e-02 6.230769e-01 4.083349e-02
vertex 1.865237e-02 5.746976e-01 4.668520e-02
endloop
endfacet
facet normal 0 0 0
outer loop
vertex 6.410579e-03 8.701853e-01 9.992016e-03
vertex -3.364604e-02 8.819842e-01 1.196475e-02
vertex -2.286060e-02 8.525326e-01 1.796830e-02
endloop
endfacet
facet normal 0 0 0
outer loop
vertex -2.005483e-02 8.202989e-01 2.465503e-02
vertex -5.289366e-02 8.466138e-01 2.219553e-02
vertex -5.707134e-02 7.816899e-01 3.516787e-02
endloop
endfacet
facet normal 0 0 0
outer loop
vertex -1.682426e-01 1.018586e-01 -4.620846e-02
vertex -1.626084e-01 7.832956e-02 -5.407400e-02
vertex -1.518031e-01 8.954170e-02 -4.707907e-02
endloop
endfacet
facet normal 0 0 0
outer loop
vertex -2.944947e-01 6.216382e-01 -5.637115e-02
vertex -2.708016e-01 6.001273e-01 -5.705788e-02
vertex -2.930358e-01 5.972756e-01 -5.331358e-02
endloop
endfacet
facet normal 0 0 0
outer loop
vertex -2.930358e-01 5.972756e-01 -5.331358e-02
vertex -3.146617e-01 6.093196e-01 -5.731815e-02
vertex -2.944947e-01 6.216382e-01 -5.637115e-02
endloop
endfacet
facet normal 0 0 0
outer loop
vertex 4.062670e-01 7.562045e-01 -3.188365e-03
vertex 3.965831e-01 7.559322e-01 -4.537167e-03
vertex 4.054489e-01 7.639090e-01 -4.579306e-03
endloop
endfacet
facet normal 0 0 0
outer loop
vertex -2.590611e-01 8.002415e-01 -2.482844e-02
vertex -2.645501e-01 7.597876e-01 -3.221542e-02
vertex -2.996935e-01 7.611744e-01 -2.710140e-02
endloop
endfacet
facet normal 0 0 0
outer loop
vertex -2.590611e-01 8.002415e-01 -2.482844e-02
vertex -2.165527e-01 7.544833e-01 -3.876984e-02
vertex -2.645501e-01 7.597876e-01 -3.221542e-02
endloop
endfacet
facet normal 0 0 0
outer loop
vertex -4.571805e-02 5.028606e-01 7.078175e-02
vertex -2.517600e-02 5.502140e-01 7.208400e-02
vertex -6.391208e-02 5.319602e-01 7.283592e-02
endloop
endfacet
facet normal 0 0 0
outer loop
vertex 1.672850e-01 5.606824e-01 -2.673095e-02
vertex 1.293913e-01 6.134323e-01 -3.009511e-02
vertex 1.670020e-01 6.022455e-01 -2.386408e-02
endloop
endfacet
facet normal 0 0 0
outer loop
vertex 2.845770e-03 4.750557e-01 -4.606807e-02
vertex 3.824463e-02 4.446881e-01 -3.941644e-02
vertex -8.353328e-04 4.066790e-01 -3.898507e-02
endloop
endfacet
facet normal 0 0 0
outer loop
vertex -1.238257e-01 1.281129e-01 -5.476629e-02
vertex -1.185859e-01 1.523047e-01 -5.336206e-02
vertex -1.010994e-01 1.438531e-01 -4.939642e-02
endloop
endfacet
facet normal 0 0 0
outer loop
vertex -4.845935e-02 5.413531e-01 -5.223988e-02
vertex -6.340154e-02 5.614887e-01 -5.310477e-02
vertex -4.944352e-02 5.799959e-01 -5.185824e-02
endloop
endfacet
facet normal 0 0 0
outer loop
vertex -6.340154e-02 5.614887e-01 -5.310477e-02
vertex -4.845935e-02 5.413531e-01 -5.223988e-02
vertex -8.935584e-02 5.459362e-01 -5.480743e-02
endloop
endfacet
facet normal 0 0 0
outer loop
vertex -1.201264e-01 4.363179e-02 5.715432e-02
vertex -1.249759e-01 5.645366e-02 6.148054e-02
vertex -1.362889e-01 5.457748e-02 5.679473e-02
endloop
endfacet
facet normal 0 0 0
outer loop
vertex 1.594968e-01 4.562468e-01 -1.690458e-02
vertex 1.537631e-01 4.349568e-01 -1.619421e-02
vertex 1.355711e-01 4.566081e-01 -2.578258e-02
endloop
endfacet
facet normal 0 0 0
outer loop
vertex 1.622556e-01 1.852849e-01 -3.177832e-03
vertex 1.455590e-01 1.620121e-01 4.518553e-03
vertex 1.381421e-01 2.076095e-01 4.430334e-03
endloop
endfacet
facet normal 0 0 0
outer loop
vertex -1.992976e-01 3.774257e-01 4.049521e-02
vertex -2.366966e-01 3.947811e-01 3.882673e-02
vertex -2.417053e-01 3.365574e-01 3.129578e-02
endloop
endfacet
facet normal 0 0 0
outer loop
vertex -1.076169e-01 1.329155e-01 -4.167508e-02
vertex -1.183360e-01 1.711841e-01 -4.174651e-02
vertex -1.309726e-01 1.424255e-01 -4.277543e-02
endloop
endfacet
facet normal 0 0 0
outer loop
vertex -1.183360e-01 1.711841e-01 -4.174651e-02
vertex -1.076169e-01 1.329155e-01 -4.167508e-02
vertex -1.010994e-01 1.438531e-01 -4.939642e-02
endloop
endfacet
facet normal 0 0 0
outer loop
vertex 1.498507e-01 4.216096e-01 -1.452474e-02
vertex 1.537631e-01 4.349568e-01 -1.619421e-02
vertex 1.684173e-01 4.196924e-01 -8.628992e-03
endloop
endfacet
facet normal 0 0 0
outer loop
vertex -3.502047e-01 6.340687e-01 -4.652403e-02
vertex -3.440230e-01 6.591446e-01 -3.811717e-02
vertex -3.266422e-01 6.494169e-01 -4.753409e-02
endloop
endfacet
facet normal 0 0 0
outer loop
vertex -1.403841e-01 8.456136e-02 -5.542031e-02
vertex -1.567498e-01 9.039005e-02 -6.014544e-02
vertex -1.565083e-01 1.073748e-01 -5.204603e-02
endloop
endfacet
facet normal 0 0 0
outer loop
vertex 1.052805e-01 4.320005e-01 -2.769762e-02
vertex 1.242045e-01 4.040949e-01 -1.789477e-02
vertex 6.835619e-02 4.164896e-01 -3.138666e-02
endloop
endfacet
facet normal 0 0 0
outer loop
vertex -4.338790e-01 5.181482e-01 -2.927381e-02
vertex -3.870004e-01 5.071127e-01 -3.848210e-02
vertex -4.351420e-01 4.715970e-01 -1.791600e-02
endloop
endfacet
facet normal 0 0 0
outer loop
vertex -1.010506e-01 9.685860e-01 6.136170e-03
vertex -1.127752e-01 9.527647e-01 6.499682e-03
vertex -9.128673e-02 9.468873e-01 5.609734e-03
endloop
endfacet
facet normal 0 0 0
outer loop
vertex -7.712513e-02 9.611227e-01 5.120244e-03
vertex -9.128673e-02 9.468873e-01 5.609734e-03
vertex -6.329446e-02 9.455535e-01 5.094839e-03
endloop
endfacet
facet normal 0 0 0
outer loop
vertex -1.258434e-01 6.809419e-02 5.314026e-02
vertex -1.249759e-01 5.645366e-02 6.148054e-02
vertex -1.132284e-01 5.683637e-02 5.452949e-02
endloop
endfacet
facet normal 0 0 0
outer loop
vertex -3.380696e-01 6.152372e-01 -5.329961e-02
vertex -3.502047e-01 6.340687e-01 -4.652403e-02
vertex -3.228237e-01 6.297279e-01 -5.411310e-02
endloop
endfacet
facet normal 0 0 0
outer loop
vertex -1.937031e-01 3.300801e-01 3.412684e-02
vertex -2.417053e-01 3.365574e-01 3.129578e-02
vertex -2.286568e-01 2.987080e-01 3.192841e-02
endloop
endfacet
facet normal 0 0 0
outer loop
vertex -2.623492e-01 6.672697e-01 -4.873366e-02
vertex -2.960944e-01 6.809293e-01 -4.265651e-02
vertex -2.707057e-01 7.145061e-01 -4.070489e-02
endloop
endfacet
facet normal 0 0 0
outer loop
vertex -3.363666e-02 9.822184e-01 5.154926e-03
vertex -3.663233e-02 1.002903e+00 5.164888e-03
vertex -6.368500e-02 9.959520e-01 6.434000e-03
endloop
endfacet
facet normal 0 0 0
outer loop
vertex -2.960944e-01 6.809293e-01 -4.265651e-02
vertex -2.623492e-01 6.672697e-01 -4.873366e-02
vertex -2.901776e-01 6.585003e-01 -4.633747e-02
endloop
endfacet
facet normal 0 0 0
outer loop
vertex -3.624696e-01 4.991798e-01 4.361839e-02
vertex -3.452061e-01 4.265916e-01 3.007493e-02
vertex -3.092558e-01 4.662588e-01 4.403644e-02
endloop
endfacet
facet normal 0 0 0
outer loop
vertex -3.266422e-01 6.494169e-01 -4.753409e-02
vertex -3.221263e-01 6.772644e-01 -3.876916e-02
vertex -3.096740e-01 6.587500e-01 -4.075700e-02
endloop
endfacet
facet normal 0 0 0
outer loop
vertex -3.221263e-01 6.772644e-01 -3.876916e-02
vertex -2.960944e-01 6.809293e-01 -4.265651e-02
vertex -3.096740e-01 6.587500e-01 -4.075700e-02
endloop
endfacet
facet normal 0 0 0
outer loop
vertex -8.856605e-02 9.950648e-01 1.940434e-03
vertex -1.010506e-01 9.685860e-01 6.136170e-03
vertex -7.850706e-02 9.766110e-01 5.145812e-03
endloop
endfacet
facet normal 0 0 0
outer loop
vertex -6.368500e-02 9.959520e-01 6.434000e-03
vertex -8.856605e-02 9.950648e-01 1.940434e-03
vertex -7.850706e-02 9.766110e-01 5.145812e-03
endloop
endfacet
facet normal 0 0 0
outer loop
vertex 1.335077e-01 4.982453e-01 -2.837843e-02
vertex 1.331442e-01 5.378434e-01 -3.219178e-02
vertex 1.770230e-01 4.879170e-01 -1.951000e-02
endloop
endfacet
facet normal 0 0 0
outer loop
vertex 8.983090e-02 5.076160e-01 -3.724055e-02
vertex 1.331442e-01 5.378434e-01 -3.219178e-02
vertex 1.335077e-01 4.982453e-01 -2.837843e-02
endloop
endfacet
facet normal 0 0 0
outer loop
vertex -3.737651e-01 5.754221e-01 -3.822213e-02
vertex -4.255615e-01 5.610335e-01 -2.963896e-02
vertex -4.238616e-01 5.943025e-01 -2.663972e-02
endloop
endfacet
facet normal 0 0 0
outer loop
vertex 5.733128e-02 6.230769e-01 4.083349e-02
vertex 1.193554e-01 6.072241e-01 3.340456e-02
vertex 8.735187e-02 6.454102e-01 3.559394e-02
endloop
endfacet
facet normal 0 0 0
outer loop
vertex -3.040402e-01 6.980057e-01 3.924698e-02
vertex -2.579778e-01 7.294515e-01 4.034328e-02
vertex -2.913334e-01 7.591764e-01 3.001274e-02
endloop
endfacet
facet normal 0 0 0
outer loop
vertex -7.153274e-02 1.020897e-01 4.610872e-02
vertex -7.216294e-02 8.675355e-02 4.427333e-02
vertex -8.854665e-02 9.478650e-02 4.473248e-02
endloop
endfacet
facet normal 0 0 0
outer loop
vertex 8.390500e-02 1.094915e+00 5.123000e-03
vertex 6.057800e-02 1.102333e+00 4.218000e-03
vertex 5.637501e-02 1.075089e+00 5.134555e-03
endloop
endfacet
facet normal 0 0 0
outer loop
vertex 2.845770e-03 4.750557e-01 -4.606807e-02
vertex 2.335479e-02 5.336272e-01 -4.541830e-02
vertex 4.522537e-02 4.874564e-01 -4.179728e-02
endloop
endfacet
facet normal 0 0 0
outer loop
vertex -1.811318e-01 9.154497e-01 2.485187e-04
vertex -1.754930e-01 8.508753e-01 -1.983111e-02
vertex -2.011000e-01 8.792700e-01 -5.854000e-03
endloop
endfacet
facet normal 0 0 0
outer loop
vertex -1.640578e-02 5.335764e-01 -4.940524e-02
vertex -2.221430e-02 5.626349e-01 -4.987495e-02
vertex -2.547964e-03 5.516131e-01 -4.809844e-02
endloop
endfacet
facet normal 0 0 0
outer loop
vertex 1.498604e-01 6.539354e-02 6.616380e-03
vertex 1.636710e-01 4.594900e-02 1.827000e-03
vertex 1.905054e-01 4.338488e-02 6.056481e-03
endloop
endfacet
facet normal 0 0 0
outer loop
vertex -5.891287e-02 8.075264e-01 -2.952662e-02
vertex -1.240557e-02 7.914150e-01 -2.821482e-02
vertex -4.031011e-02 7.160010e-01 -4.222627e-02
endloop
endfacet
facet normal 0 0 0
outer loop
vertex -4.740078e-02 6.326161e-02 4.430592e-02
vertex -3.258500e-02 5.668000e-02 4.364800e-02
vertex -4.417964e-02 4.872481e-02 4.929808e-02
endloop
endfacet
facet normal 0 0 0
outer loop
vertex 1.709900e-01 8.133032e-01 -2.968003e-03
vertex 1.781880e-01 7.910221e-01 -9.180000e-04
vertex 1.470774e-01 7.888833e-01 -3.119298e-03
endloop
endfacet
facet normal 0 0 0
outer loop
vertex -3.493278e-01 6.871670e-01 -3.117710e-02
vertex -3.148233e-01 7.041747e-01 -3.569591e-02
vertex -3.221263e-01 6.772644e-01 -3.876916e-02
endloop
endfacet
facet normal 0 0 0
outer loop
vertex 1.314060e-01 7.658010e-01 4.267000e-03
vertex 1.539422e-01 7.553365e-01 4.183945e-03
vertex 1.494743e-01 7.849615e-01 4.127579e-03
endloop
endfacet
facet normal 0 0 0
outer loop
vertex -2.857136e-01 4.211145e-01 3.458232e-02
vertex -2.542408e-01 4.708998e-01 4.279050e-02
vertex -3.092558e-01 4.662588e-01 4.403644e-02
endloop
endfacet
facet normal 0 0 0
outer loop
vertex -2.542408e-01 4.708998e-01 4.279050e-02
vertex -2.857136e-01 4.211145e-01 3.458232e-02
vertex -2.393005e-01 4.424816e-01 4.713310e-02
endloop
endfacet
facet normal 0 0 0
outer loop
vertex -4.863548e-01 5.135452e-01 -1.789439e-02
vertex -4.706590e-01 5.488371e-01 -2.273413e-02
vertex -4.338790e-01 5.181482e-01 -2.927381e-02
endloop
endfacet
facet normal 0 0 0
outer loop
vertex -1.294907e-01 5.730699e-02 5.019386e-02
vertex -1.527222e-01 6.884141e-02 5.450000e-02
vertex -1.419974e-01 7.284507e-02 4.930981e-02
endloop
endfacet
facet normal 0 0 0
outer loop
vertex -1.626084e-01 7.832956e-02 -5.407400e-02
vertex -1.326263e-01 6.895664e-02 -4.903975e-02
vertex -1.518031e-01 8.954170e-02 -4.707907e-02
endloop
endfacet
facet normal 0 0 0
outer loop
vertex -1.010506e-01 9.685860e-01 6.136170e-03
vertex -9.128673e-02 9.468873e-01 5.609734e-03
vertex -7.712513e-02 9.611227e-01 5.120244e-03
endloop
endfacet
facet normal 0 0 0
outer loop
vertex -7.850706e-02 9.766110e-01 5.145812e-03
vertex -1.010506e-01 9.685860e-01 6.136170e-03
vertex -7.712513e-02 9.611227e-01 5.120244e-03
endloop
endfacet
facet normal 0 0 0
outer loop
vertex -2.165527e-01 7.544833e-01 -3.876984e-02
vertex -2.059275e-01 6.868978e-01 -4.882957e-02
vertex -2.707057e-01 7.145061e-01 -4.070489e-02
endloop
endfacet
facet normal 0 0 0
outer loop
vertex 4.060230e-01 7.355654e-01 -3.118271e-03
vertex 4.270089e-01 7.435728e-01 -3.017546e-03
vertex 4.267415e-01 7.252578e-01 5.834391e-04
endloop
endfacet
facet normal 0 0 0
outer loop
vertex 1.905054e-01 4.338488e-02 6.056481e-03
vertex 1.854366e-01 7.600438e-02 4.701098e-03
vertex 1.498604e-01 6.539354e-02 6.616380e-03
endloop
endfacet
facet normal 0 0 0
outer loop
vertex 1.367865e-01 1.115273e+00 4.968162e-03
vertex 1.639206e-01 1.104679e+00 -3.688197e-03
vertex 1.727696e-01 1.133727e+00 5.678793e-03
endloop
endfacet
facet normal 0 0 0
outer loop
vertex 1.355478e-02 1.978095e-02 4.450922e-02
vertex 4.406498e-02 8.117605e-03 4.454625e-02
vertex 1.889399e-02 2.973411e-02 4.935548e-02
endloop
endfacet
facet normal 0 0 0
outer loop
vertex -4.786742e-01 5.432561e-01 2.208193e-02
vertex -5.137202e-01 5.588330e-01 1.087330e-02
vertex -5.036890e-01 5.194431e-01 1.283381e-02
endloop
endfacet
facet normal 0 0 0
outer loop
vertex 1.546765e-01 3.977928e-01 -9.442271e-03
vertex 1.242045e-01 4.040949e-01 -1.789477e-02
vertex 1.498507e-01 4.216096e-01 -1.452474e-02
endloop
endfacet
facet normal 0 0 0
outer loop
vertex -4.786742e-01 5.432561e-01 2.208193e-02
vertex -5.036890e-01 5.194431e-01 1.283381e-02
vertex -4.871162e-01 5.067271e-01 1.517151e-02
endloop
endfacet
facet normal 0 0 0
outer loop
vertex 1.242045e-01 4.040949e-01 -1.789477e-02
vertex 1.322554e-01 4.291359e-01 -2.122872e-02
vertex 1.498507e-01 4.216096e-01 -1.452474e-02
endloop
endfacet
facet normal 0 0 0
outer loop
vertex -2.060540e-01 2.788971e-01 -3.649310e-02
vertex -1.739570e-01 2.937890e-01 -2.516600e-02
vertex -1.666432e-01 2.736155e-01 -2.788430e-02
endloop
endfacet
facet normal 0 0 0
outer loop
vertex -1.172040e-02 9.634347e-01 -4.100050e-03
vertex -3.363666e-02 9.822184e-01 5.154926e-03
vertex -3.621690e-02 9.563679e-01 5.037214e-04
endloop
endfacet
facet normal 0 0 0
outer loop
vertex -3.634500e-02 9.264674e-01 5.082763e-03
vertex -1.172040e-02 9.634347e-01 -4.100050e-03
vertex -3.621690e-02 9.563679e-01 5.037214e-04
endloop
endfacet
facet normal 0 0 0
outer loop
vertex 1.118209e-01 5.564215e-01 3.600049e-02
vertex 1.193554e-01 6.072241e-01 3.340456e-02
vertex 7.405541e-02 5.832079e-01 4.019231e-02
endloop
endfacet
facet normal 0 0 0
outer loop
vertex -1.191725e-01 9.076099e-01 -4.113964e-03
vertex -1.171220e-01 8.518896e-01 -2.181775e-02
vertex -1.479450e-01 8.992560e-01 -4.161000e-03
endloop
endfacet
facet normal 0 0 0
outer loop
vertex 6.826302e-02 3.611913e-01 2.069314e-02
vertex 9.148987e-02 3.924946e-01 2.313662e-02
vertex 4.434381e-02 3.927464e-01 3.021146e-02
endloop
endfacet
facet normal 0 0 0
outer loop
vertex 8.735187e-02 6.454102e-01 3.559394e-02
vertex 1.193554e-01 6.072241e-01 3.340456e-02
vertex 1.140442e-01 6.635723e-01 2.946505e-02
endloop
endfacet
facet normal 0 0 0
outer loop
vertex 1.091512e-01 4.750907e-01 -3.300279e-02
vertex 8.983090e-02 5.076160e-01 -3.724055e-02
vertex 1.335077e-01 4.982453e-01 -2.837843e-02
endloop
endfacet
facet normal 0 0 0
outer loop
vertex -5.555118e-02 8.637869e-02 4.923763e-02
vertex -4.740078e-02 6.326161e-02 4.430592e-02
vertex -6.321970e-02 7.165636e-02 4.487661e-02
endloop
endfacet
facet normal 0 0 0
outer loop
vertex 1.091512e-01 4.750907e-01 -3.300279e-02
vertex 8.172928e-02 4.537042e-01 -3.472514e-02
vertex 8.983090e-02 5.076160e-01 -3.724055e-02
endloop
endfacet
facet normal 0 0 0
outer loop
vertex -1.677655e-01 1.261693e-01 -4.789795e-02
vertex -1.781209e-01 1.476158e-01 -4.495655e-02
vertex -1.967740e-01 1.286939e-01 -4.538592e-02
endloop
endfacet
facet normal 0 0 0
outer loop
vertex -1.679006e-01 1.176193e-01 -5.759306e-02
vertex -1.817701e-01 1.076668e-01 -5.809109e-02
vertex -1.760392e-01 1.348093e-01 -5.583596e-02
endloop
endfacet
facet normal 0 0 0
outer loop
vertex 3.974398e-01 3.137475e-01 3.183951e-03
vertex 4.309793e-01 3.365071e-01 4.189076e-03
vertex 3.916135e-01 3.526356e-01 4.662047e-03
endloop
endfacet
facet normal 0 0 0
outer loop
vertex -1.527222e-01 6.884141e-02 5.450000e-02
vertex -1.604304e-01 9.968802e-02 6.059825e-02
vertex -1.799838e-01 1.012869e-01 5.773918e-02
endloop
endfacet
facet normal 0 0 0
outer loop
vertex -1.383863e-01 9.298695e-01 -5.458312e-03
vertex -1.395380e-01 9.473850e-01 2.044000e-03
vertex -1.038566e-01 9.593203e-01 -5.406335e-03
endloop
endfacet
facet normal 0 0 0
outer loop
vertex -1.076530e-01 9.304021e-01 -4.085998e-03
vertex -1.253250e-01 9.320550e-01 5.078000e-03
vertex -1.038566e-01 9.593203e-01 -5.406335e-03
endloop
endfacet
facet normal 0 0 0
outer loop
vertex -1.076530e-01 9.304021e-01 -4.085998e-03
vertex -1.383863e-01 9.298695e-01 -5.458312e-03
vertex -1.038566e-01 9.593203e-01 -5.406335e-03
endloop
endfacet
facet normal 0 0 0
outer loop
vertex -2.960944e-01 6.809293e-01 -4.265651e-02
vertex -2.901776e-01 6.585003e-01 -4.633747e-02
vertex -3.096740e-01 6.587500e-01 -4.075700e-02
endloop
endfacet
facet normal 0 0 0
outer loop
vertex -1.171220e-01 8.518896e-01 -2.181775e-02
vertex -1.754930e-01 8.508753e-01 -1.983111e-02
vertex -1.479450e-01 8.992560e-01 -4.161000e-03
endloop
endfacet
facet normal 0 0 0
outer loop
vertex -1.253608e-01 5.739268e-01 7.499705e-02
vertex -9.139600e-02 6.106040e-01 7.458600e-02
vertex -7.571306e-02 5.638114e-01 7.402533e-02
endloop
endfacet
facet normal 0 0 0
outer loop
vertex 4.016189e-02 3.452173e-01 -2.137042e-02
vertex -5.160782e-03 3.187018e-01 -2.189683e-02
vertex -8.353328e-04 4.066790e-01 -3.898507e-02
endloop
endfacet
facet normal 0 0 0
outer loop
vertex -1.518031e-01 8.954170e-02 -4.707907e-02
vertex -1.326263e-01 6.895664e-02 -4.903975e-02
vertex -1.403841e-01 8.456136e-02 -5.542031e-02
endloop
endfacet
facet normal 0 0 0
outer loop
vertex 4.395379e-01 7.722849e-01 5.128887e-03
vertex 4.548650e-01 7.737180e-01 -2.969000e-03
vertex 4.472289e-01 7.459201e-01 -2.885784e-03
endloop
endfacet
facet normal 0 0 0
outer loop
vertex -8.353328e-04 4.066790e-01 -3.898507e-02
vertex 5.582567e-02 3.791628e-01 -2.577471e-02
vertex 4.016189e-02 3.452173e-01 -2.137042e-02
endloop
endfacet
facet normal 0 0 0
outer loop
vertex -7.712513e-02 9.611227e-01 5.120244e-03
vertex -5.996856e-02 9.711081e-01 -4.074025e-03
vertex -7.850706e-02 9.766110e-01 5.145812e-03
endloop
endfacet
facet normal 0 0 0
outer loop
vertex -4.358754e-01 5.563183e-01 2.955435e-02
vertex -4.269048e-01 5.174963e-01 3.169549e-02
vertex -3.882565e-01 5.541568e-01 3.939199e-02
endloop
endfacet
facet normal 0 0 0
outer loop
vertex 1.845620e-01 2.478150e-01 4.036000e-03
vertex 1.611555e-01 2.364269e-01 4.126343e-03
vertex 1.823283e-01 2.265754e-01 3.984272e-03
endloop
endfacet
facet normal 0 0 0
outer loop
vertex 4.522537e-02 4.874564e-01 -4.179728e-02
vertex 2.335479e-02 5.336272e-01 -4.541830e-02
vertex 8.983090e-02 5.076160e-01 -3.724055e-02
endloop
endfacet
facet normal 0 0 0
outer loop
vertex 8.983090e-02 5.076160e-01 -3.724055e-02
vertex 2.335479e-02 5.336272e-01 -4.541830e-02
vertex 8.012577e-02 5.508828e-01 -3.880329e-02
endloop
endfacet
facet normal 0 0 0
outer loop
vertex -1.202786e-01 7.693594e-01 -3.828032e-02
vertex -4.031011e-02 7.160010e-01 -4.222627e-02
vertex -1.081650e-01 6.876057e-01 -4.863317e-02
endloop
endfacet
facet normal 0 0 0
outer loop
vertex -3.493278e-01 6.871670e-01 -3.117710e-02
vertex -3.221263e-01 6.772644e-01 -3.876916e-02
vertex -3.440230e-01 6.591446e-01 -3.811717e-02
endloop
endfacet
facet normal 0 0 0
outer loop
vertex -3.221263e-01 6.772644e-01 -3.876916e-02
vertex -3.266422e-01 6.494169e-01 -4.753409e-02
vertex -3.440230e-01 6.591446e-01 -3.811717e-02
endloop
endfacet
facet normal 0 0 0
outer loop
vertex -2.704317e-01 5.599049e-01 5.869638e-02
vertex -2.152671e-01 5.757654e-01 5.837225e-02
vertex -2.667900e-01 6.029260e-01 5.532600e-02
endloop
endfacet
facet normal 0 0 0
outer loop
vertex -9.128673e-02 9.468873e-01 5.609734e-03
vertex -8.838201e-02 9.701280e-01 -4.809142e-03
vertex -7.712513e-02 9.611227e-01 5.120244e-03
endloop
endfacet
facet normal 0 0 0
outer loop
vertex -4.944352e-02 5.799959e-01 -5.185824e-02
vertex -2.221430e-02 5.626349e-01 -4.987495e-02
vertex -4.845935e-02 5.413531e-01 -5.223988e-02
endloop
endfacet
facet normal 0 0 0
outer loop
vertex -3.493278e-01 6.871670e-01 -3.117710e-02
vertex -3.359787e-01 7.269341e-01 -2.627250e-02
vertex -3.148233e-01 7.041747e-01 -3.569591e-02
endloop
endfacet
facet normal 0 0 0
outer loop
vertex -3.493278e-01 6.871670e-01 -3.117710e-02
vertex -3.622412e-01 7.179704e-01 -2.030423e-02
vertex -3.359787e-01 7.269341e-01 -2.627250e-02
endloop
endfacet
facet normal 0 0 0
outer loop
vertex -4.799778e-02 5.647118e-01 -7.255312e-02
vertex -2.027500e-02 5.577020e-01 -6.666800e-02
vertex -3.026847e-02 5.761377e-01 -6.445631e-02
endloop
endfacet
facet normal 0 0 0
outer loop
vertex -9.966000e-03 2.444220e-01 5.740000e-03
vertex -7.008138e-02 2.560393e-01 7.485109e-03
vertex -2.665166e-02 2.206332e-01 6.547437e-03
endloop
endfacet
facet normal 0 0 0
outer loop
vertex -1.234313e-01 1.324713e-01 4.422640e-02
vertex -1.035956e-01 1.112015e-01 4.442899e-02
vertex -1.123123e-01 1.139999e-01 5.603355e-02
endloop
endfacet
facet normal 0 0 0
outer loop
vertex -2.060540e-01 2.788971e-01 -3.649310e-02
vertex -1.936827e-01 3.042099e-01 -2.899313e-02
vertex -1.739570e-01 2.937890e-01 -2.516600e-02
endloop
endfacet
facet normal 0 0 0
outer loop
vertex 5.397316e-02 8.180932e-01 -1.203895e-02
vertex 7.574854e-02 7.742642e-01 -1.685473e-02
vertex 3.481653e-02 7.627539e-01 -2.700639e-02
endloop
endfacet
facet normal 0 0 0
outer loop
vertex -6.391208e-02 5.319602e-01 7.283592e-02
vertex -8.948746e-02 5.003069e-01 7.163089e-02
vertex -4.571805e-02 5.028606e-01 7.078175e-02
endloop
endfacet
facet normal 0 0 0
outer loop
vertex -7.712513e-02 9.611227e-01 5.120244e-03
vertex -8.838201e-02 9.701280e-01 -4.809142e-03
vertex -7.850706e-02 9.766110e-01 5.145812e-03
endloop
endfacet
facet normal 0 0 0
outer loop
vertex 1.293913e-01 6.134323e-01 -3.009511e-02
vertex 7.883681e-02 6.005683e-01 -3.796628e-02
vertex 1.107955e-01 6.749370e-01 -2.748472e-02
endloop
endfacet
facet normal 0 0 0
outer loop
vertex -2.747627e-02 5.970914e-01 -7.286274e-02
vertex -1.222800e-02 5.950240e-01 -6.489200e-02
vertex -1.823928e-02 6.244203e-01 -6.946110e-02
endloop
endfacet
facet normal 0 0 0
outer loop
vertex 2.513409e-01 5.742196e-01 -1.157715e-02
vertex 2.200446e-01 5.401353e-01 -1.786109e-02
vertex 2.137893e-01 5.915074e-01 -1.620104e-02
endloop
endfacet
facet normal 0 0 0
outer loop
vertex 3.481653e-02 7.627539e-01 -2.700639e-02
vertex 7.959781e-02 7.201647e-01 -2.678465e-02
vertex 3.122023e-02 7.156321e-01 -3.375226e-02
endloop
endfacet
facet normal 0 0 0
outer loop
vertex 2.739011e-01 5.270203e-01 -5.708867e-03
vertex 2.651032e-01 4.782809e-01 -8.502716e-03
vertex 2.188176e-01 4.950274e-01 -1.415023e-02
endloop
endfacet
facet normal 0 0 0
outer loop
vertex 3.074892e-01 4.922478e-01 -5.623010e-03
vertex 3.097874e-01 5.320801e-01 -4.480316e-03
vertex 3.400500e-01 5.079949e-01 -3.621109e-03
endloop
endfacet
facet normal 0 0 0
outer loop
vertex -1.640578e-02 5.335764e-01 -4.940524e-02
vertex -2.547964e-03 5.516131e-01 -4.809844e-02
vertex 2.335479e-02 5.336272e-01 -4.541830e-02
endloop
endfacet
facet normal 0 0 0
outer loop
vertex -2.547964e-03 5.516131e-01 -4.809844e-02
vertex 6.158330e-03 5.676084e-01 -4.710558e-02
vertex 2.335479e-02 5.336272e-01 -4.541830e-02
endloop
endfacet
facet normal 0 0 0
outer loop
vertex -4.467752e-01 4.863001e-01 2.317346e-02
vertex -4.871162e-01 5.067271e-01 1.517151e-02
vertex -4.713998e-01 4.886994e-01 -1.380556e-03
endloop
endfacet
facet normal 0 0 0
outer loop
vertex -1.687000e-01 7.134126e-01 4.705961e-02
vertex -2.159253e-01 7.556726e-01 3.943945e-02
vertex -2.398707e-01 6.859049e-01 4.817857e-02
endloop
endfacet
facet normal 0 0 0
outer loop
vertex -2.152671e-01 5.757654e-01 5.837225e-02
vertex -2.383195e-01 5.493202e-01 5.921613e-02
vertex -2.050966e-01 5.319221e-01 5.552398e-02
endloop
endfacet
facet normal 0 0 0
outer loop
vertex -1.062788e-01 4.441881e-02 5.074644e-02
vertex -1.061313e-01 4.617889e-02 6.064828e-02
vertex -8.900610e-02 3.195563e-02 5.105512e-02
endloop
endfacet
facet normal 0 0 0
outer loop
vertex -3.062810e-01 4.299020e-01 -3.142200e-02
vertex -2.605485e-01 4.271218e-01 -3.770766e-02
vertex -2.502418e-01 3.852963e-01 -3.528971e-02
endloop
endfacet
facet normal 0 0 0
outer loop
vertex -3.062810e-01 4.299020e-01 -3.142200e-02
vertex -2.577417e-01 4.617397e-01 -4.048191e-02
vertex -2.605485e-01 4.271218e-01 -3.770766e-02
endloop
endfacet
facet normal 0 0 0
outer loop
vertex -6.368500e-02 9.959520e-01 6.434000e-03
vertex -3.663233e-02 1.002903e+00 5.164888e-03
vertex -4.936308e-02 1.010452e+00 6.509480e-03
endloop
endfacet
facet normal 0 0 0
outer loop
vertex -5.894015e-02 1.020517e+00 4.039308e-03
vertex -6.368500e-02 9.959520e-01 6.434000e-03
vertex -4.936308e-02 1.010452e+00 6.509480e-03
endloop
endfacet
facet normal 0 0 0
outer loop
vertex 1.582635e-01 4.738002e-01 2.386669e-02
vertex 1.898665e-01 5.055301e-01 2.099997e-02
vertex 1.503007e-01 5.068393e-01 3.000758e-02
endloop
endfacet
facet normal 0 0 0
outer loop
vertex -5.181200e-02 6.210360e-01 -7.371200e-02
vertex -2.747627e-02 5.970914e-01 -7.286274e-02
vertex -1.823928e-02 6.244203e-01 -6.946110e-02
endloop
endfacet
facet normal 0 0 0
outer loop
vertex -2.857136e-01 4.211145e-01 3.458232e-02
vertex -2.743963e-01 3.636936e-01 2.983308e-02
vertex -2.366966e-01 3.947811e-01 3.882673e-02
endloop
endfacet
facet normal 0 0 0
outer loop
vertex -3.305837e-01 7.333511e-01 2.423458e-02
vertex -2.913334e-01 7.591764e-01 3.001274e-02
vertex -3.349263e-01 7.669995e-01 1.500502e-02
endloop
endfacet
facet normal 0 0 0
outer loop
vertex 1.262514e-01 4.558219e-01 2.860094e-02
vertex 1.044157e-01 5.051093e-01 3.635101e-02
vertex 6.873492e-02 4.637569e-01 3.824635e-02
endloop
endfacet
facet normal 0 0 0
outer loop
vertex -2.913334e-01 7.591764e-01 3.001274e-02
vertex -3.305837e-01 7.333511e-01 2.423458e-02
vertex -3.040402e-01 6.980057e-01 3.924698e-02
endloop
endfacet
facet normal 0 0 0
outer loop
vertex 4.267415e-01 7.252578e-01 5.834391e-04
vertex 4.270089e-01 7.435728e-01 -3.017546e-03
vertex 4.472289e-01 7.459201e-01 -2.885784e-03
endloop
endfacet
facet normal 0 0 0
outer loop
vertex -2.165527e-01 7.544833e-01 -3.876984e-02
vertex -1.202786e-01 7.693594e-01 -3.828032e-02
vertex -1.593935e-01 7.155058e-01 -4.613518e-02
endloop
endfacet
facet normal 0 0 0
outer loop
vertex -3.140660e-01 5.829303e-01 5.731143e-02
vertex -2.830910e-01 5.797640e-01 5.166600e-02
vertex -3.082177e-01 6.119252e-01 5.714445e-02
endloop
endfacet
facet normal 0 0 0
outer loop
vertex -3.006260e-01 5.643320e-01 5.010700e-02
vertex -3.385565e-01 5.569924e-01 4.670522e-02
vertex -3.056383e-01 5.195628e-01 5.502887e-02
endloop
endfacet
facet normal 0 0 0
outer loop
vertex -8.356053e-02 8.939955e-01 -9.630567e-03
vertex -6.113184e-02 8.639143e-01 -1.740951e-02
vertex -1.171220e-01 8.518896e-01 -2.181775e-02
endloop
endfacet
facet normal 0 0 0
outer loop
vertex -5.549240e-02 6.408133e-02 5.654668e-02
vertex -4.417964e-02 4.872481e-02 4.929808e-02
vertex -2.541281e-02 5.451012e-02 5.372924e-02
endloop
endfacet
facet normal 0 0 0
outer loop
vertex -2.541281e-02 5.451012e-02 5.372924e-02
vertex -4.132328e-02 7.237704e-02 5.229767e-02
vertex -5.549240e-02 6.408133e-02 5.654668e-02
endloop
endfacet
facet normal 0 0 0
outer loop
vertex -1.081650e-01 6.876057e-01 -4.863317e-02
vertex -1.593935e-01 7.155058e-01 -4.613518e-02
vertex -1.202786e-01 7.693594e-01 -3.828032e-02
endloop
endfacet
facet normal 0 0 0
outer loop
vertex -1.258434e-01 6.809419e-02 5.314026e-02
vertex -1.132284e-01 5.683637e-02 5.452949e-02
vertex -1.294907e-01 5.730699e-02 5.019386e-02
endloop
endfacet
facet normal 0 0 0
outer loop
vertex -3.146617e-01 6.093196e-01 -5.731815e-02
vertex -3.228237e-01 6.297279e-01 -5.411310e-02
vertex -2.944947e-01 6.216382e-01 -5.637115e-02
endloop
endfacet
facet normal 0 0 0
outer loop
vertex -1.062788e-01 4.441881e-02 5.074644e-02
vertex -1.201264e-01 4.363179e-02 5.715432e-02
vertex -1.294907e-01 5.730699e-02 5.019386e-02
endloop
endfacet
facet normal 0 0 0
outer loop
vertex -3.228237e-01 6.297279e-01 -5.411310e-02
vertex -3.034797e-01 6.431410e-01 -5.174214e-02
vertex -2.944947e-01 6.216382e-01 -5.637115e-02
endloop
endfacet
facet normal 0 0 0
outer loop
vertex -2.209854e-01 6.332053e-01 -5.402984e-02
vertex -2.368431e-01 5.959733e-01 -5.699301e-02
vertex -2.608816e-01 6.281043e-01 -5.360115e-02
endloop
endfacet
facet normal 0 0 0
outer loop
vertex -2.787668e-01 6.413788e-01 -5.280930e-02
vertex -2.623492e-01 6.672697e-01 -4.873366e-02
vertex -2.608816e-01 6.281043e-01 -5.360115e-02
endloop
endfacet
facet normal 0 0 0
outer loop
vertex -7.244332e-02 4.240264e-01 -4.821925e-02
vertex -5.085513e-02 4.674228e-01 -5.073066e-02
vertex -8.353328e-04 4.066790e-01 -3.898507e-02
endloop
endfacet
facet normal 0 0 0
outer loop
vertex -5.085513e-02 4.674228e-01 -5.073066e-02
vertex 2.845770e-03 4.750557e-01 -4.606807e-02
vertex -8.353328e-04 4.066790e-01 -3.898507e-02
endloop
endfacet
facet normal 0 0 0
outer loop
vertex -3.882949e-01 6.213672e-01 -3.171626e-02
vertex -4.238616e-01 5.943025e-01 -2.663972e-02
vertex -4.410997e-01 6.217481e-01 -1.517926e-02
endloop
endfacet
facet normal 0 0 0
outer loop
vertex 1.611555e-01 2.364269e-01 4.126343e-03
vertex 1.823283e-01 2.265754e-01 3.984272e-03
vertex 1.613371e-01 2.108040e-01 -3.212523e-03
endloop
endfacet
facet normal 0 0 0
outer loop
vertex -8.844164e-02 3.794893e-01 -4.067382e-02
vertex -7.244332e-02 4.240264e-01 -4.821925e-02
vertex -5.418304e-02 3.504633e-01 -3.280422e-02
endloop
endfacet
facet normal 0 0 0
outer loop
vertex -7.244332e-02 4.240264e-01 -4.821925e-02
vertex -8.353328e-04 4.066790e-01 -3.898507e-02
vertex -5.418304e-02 3.504633e-01 -3.280422e-02
endloop
endfacet
facet normal 0 0 0
outer loop
vertex -1.185859e-01 1.523047e-01 -5.336206e-02
vertex -1.238257e-01 1.281129e-01 -5.476629e-02
vertex -1.356346e-01 1.412178e-01 -5.315902e-02
endloop
endfacet
facet normal 0 0 0
outer loop
vertex -5.037904e-01 5.812916e-01 1.005712e-02
vertex -5.137202e-01 5.588330e-01 1.087330e-02
vertex -4.786742e-01 5.432561e-01 2.208193e-02
endloop
endfacet
facet normal 0 0 0
outer loop
vertex -2.209854e-01 6.332053e-01 -5.402984e-02
vertex -2.059275e-01 6.868978e-01 -4.882957e-02
vertex -1.823164e-01 6.347244e-01 -5.381503e-02
endloop
endfacet
facet normal 0 0 0
outer loop
vertex -3.806975e-02 3.797876e-01 3.869468e-02
vertex 1.467733e-02 3.435186e-01 2.563732e-02
vertex 1.146046e-02 3.840112e-01 3.357740e-02
endloop
endfacet
facet normal 0 0 0
outer loop
vertex -3.056383e-01 5.195628e-01 5.502887e-02
vertex -3.385565e-01 5.569924e-01 4.670522e-02
vertex -3.624696e-01 4.991798e-01 4.361839e-02
endloop
endfacet
facet normal 0 0 0
outer loop
vertex -1.816827e-01 2.540717e-01 -2.768028e-02
vertex -1.796120e-01 2.847810e-01 -1.819700e-02
vertex -2.016236e-01 2.581840e-01 -2.779467e-02
endloop
endfacet
facet normal 0 0 0
outer loop
vertex -2.326520e-02 8.523471e-01 -1.696652e-02
vertex -1.240557e-02 7.914150e-01 -2.821482e-02
vertex -5.891287e-02 8.075264e-01 -2.952662e-02
endloop
endfacet
facet normal 0 0 0
outer loop
vertex -4.358754e-01 5.563183e-01 2.955435e-02
vertex -4.369396e-01 6.030559e-01 2.271678e-02
vertex -4.646785e-01 5.757254e-01 2.149448e-02
endloop
endfacet
facet normal 0 0 0
outer loop
vertex -2.747627e-02 5.970914e-01 -7.286274e-02
vertex -5.181200e-02 6.210360e-01 -7.371200e-02
vertex -6.910036e-02 5.912860e-01 -7.352885e-02
endloop
endfacet
facet normal 0 0 0
outer loop
vertex -4.871162e-01 5.067271e-01 1.517151e-02
vertex -4.269048e-01 5.174963e-01 3.169549e-02
vertex -4.786742e-01 5.432561e-01 2.208193e-02
endloop
endfacet
facet normal 0 0 0
outer loop
vertex -4.871162e-01 5.067271e-01 1.517151e-02
vertex -4.467752e-01 4.863001e-01 2.317346e-02
vertex -4.269048e-01 5.174963e-01 3.169549e-02
endloop
endfacet
facet normal 0 0 0
outer loop
vertex -4.467752e-01 4.863001e-01 2.317346e-02
vertex -3.985910e-01 4.625355e-01 2.973478e-02
vertex -4.269048e-01 5.174963e-01 3.169549e-02
endloop
endfacet
facet normal 0 0 0
outer loop
vertex -1.038581e-01 4.858984e-02 -5.217756e-02
vertex -1.326263e-01 6.895664e-02 -4.903975e-02
vertex -1.339188e-01 5.500185e-02 -5.109519e-02
endloop
endfacet
facet normal 0 0 0
outer loop
vertex -2.211119e-01 2.662962e-01 -1.849621e-02
vertex -2.215291e-01 2.879453e-01 -1.779785e-02
vertex -2.467623e-01 2.694733e-01 -1.606282e-02
endloop
endfacet
facet normal 0 0 0
outer loop
vertex -2.605485e-01 4.271218e-01 -3.770766e-02
vertex -2.577417e-01 4.617397e-01 -4.048191e-02
vertex -2.068538e-01 4.352689e-01 -4.927066e-02
endloop
endfacet
facet normal 0 0 0
outer loop
vertex -1.132284e-01 5.683637e-02 5.452949e-02
vertex -1.061313e-01 4.617889e-02 6.064828e-02
vertex -1.062788e-01 4.441881e-02 5.074644e-02
endloop
endfacet
facet normal 0 0 0
outer loop
vertex -5.081370e-01 5.515548e-01 -1.483987e-02
vertex -5.036890e-01 5.194431e-01 1.283381e-02
vertex -5.137202e-01 5.588330e-01 1.087330e-02
endloop
endfacet
facet normal 0 0 0
outer loop
vertex -5.036890e-01 5.194431e-01 1.283381e-02
vertex -5.081370e-01 5.515548e-01 -1.483987e-02
vertex -5.055254e-01 5.181180e-01 -5.715958e-03
endloop
endfacet
facet normal 0 0 0
outer loop
vertex -5.203934e-02 2.503033e-01 -7.727655e-03
vertex -6.371196e-02 2.947191e-01 -1.972459e-02
vertex -7.342902e-03 2.583719e-01 -8.950613e-03
endloop
endfacet
facet normal 0 0 0
outer loop
vertex -3.690978e-01 6.407541e-01 -3.771134e-02
vertex -3.440230e-01 6.591446e-01 -3.811717e-02
vertex -3.502047e-01 6.340687e-01 -4.652403e-02
endloop
endfacet
facet normal 0 0 0
outer loop
vertex 2.932867e-01 5.824596e-01 -4.994666e-03
vertex 2.739011e-01 5.270203e-01 -5.708867e-03
vertex 2.513409e-01 5.742196e-01 -1.157715e-02
endloop
endfacet
facet normal 0 0 0
outer loop
vertex -8.838201e-02 9.701280e-01 -4.809142e-03
vertex -7.551225e-02 9.863912e-01 -5.379447e-03
vertex -7.850706e-02 9.766110e-01 5.145812e-03
endloop
endfacet
facet normal 0 0 0
outer loop
vertex -7.850706e-02 9.766110e-01 5.145812e-03
vertex -7.551225e-02 9.863912e-01 -5.379447e-03
vertex -5.996856e-02 9.711081e-01 -4.074025e-03
endloop
endfacet
facet normal 0 0 0
outer loop
vertex -7.342902e-03 2.583719e-01 -8.950613e-03
vertex 3.212598e-02 2.304602e-01 -4.414430e-03
vertex -2.204821e-02 2.108370e-01 -5.013662e-03
endloop
endfacet
facet normal 0 0 0
outer loop
vertex -3.700824e-01 3.928355e-01 -5.410174e-03
vertex -3.548451e-01 3.987701e-01 -2.014797e-02
vertex -3.437782e-01 3.692554e-01 -4.305028e-03
endloop
endfacet
facet normal 0 0 0
outer loop
vertex -3.700824e-01 3.928355e-01 -5.410174e-03
vertex -3.867407e-01 4.148310e-01 1.484041e-02
vertex -3.883790e-01 4.156581e-01 -1.324276e-02
endloop
endfacet
facet normal 0 0 0
outer loop
vertex 1.684173e-01 4.196924e-01 -8.628992e-03
vertex 1.737610e-01 4.369320e-01 -8.709427e-03
vertex 1.761763e-01 4.364121e-01 8.016140e-03
endloop
endfacet
facet normal 0 0 0
outer loop
vertex -1.650740e-01 1.223065e-01 5.333868e-02
vertex -1.796120e-01 1.403720e-01 4.427300e-02
vertex -1.834068e-01 1.608365e-01 5.144734e-02
endloop
endfacet
facet normal 0 0 0
outer loop
vertex 1.543151e-01 5.553479e-01 3.035267e-02
vertex 1.193554e-01 6.072241e-01 3.340456e-02
vertex 1.118209e-01 5.564215e-01 3.600049e-02
endloop
endfacet
facet normal 0 0 0
outer loop
vertex -2.554781e-01 2.742915e-01 3.549085e-02
vertex -2.212420e-01 2.580400e-01 4.037110e-02
vertex -2.286568e-01 2.987080e-01 3.192841e-02
endloop
endfacet
facet normal 0 0 0
outer loop
vertex 1.672850e-01 5.606824e-01 -2.673095e-02
vertex 2.137893e-01 5.915074e-01 -1.620104e-02
vertex 2.200446e-01 5.401353e-01 -1.786109e-02
endloop
endfacet
facet normal 0 0 0
outer loop
vertex -2.590611e-01 8.002415e-01 -2.482844e-02
vertex -1.998129e-01 8.075689e-01 -2.932421e-02
vertex -2.165527e-01 7.544833e-01 -3.876984e-02
endloop
endfacet
facet normal 0 0 0
outer loop
vertex 3.122023e-02 7.156321e-01 -3.375226e-02
vertex 5.430187e-02 6.904702e-01 -3.507880e-02
vertex 2.252796e-02 6.637750e-01 -4.145006e-02
endloop
endfacet
facet normal 0 0 0
outer loop
vertex 5.430187e-02 6.904702e-01 -3.507880e-02
vertex 7.405604e-02 6.638993e-01 -3.495525e-02
vertex 2.252796e-02 6.637750e-01 -4.145006e-02
endloop
endfacet
facet normal 0 0 0
outer loop
vertex -5.874916e-04 3.810583e-02 4.684420e-02
vertex -1.580961e-02 3.608793e-02 4.402624e-02
vertex -1.828629e-02 4.923816e-02 4.359110e-02
endloop
endfacet
facet normal 0 0 0
outer loop
vertex -5.418304e-02 3.504633e-01 -3.280422e-02
vertex -6.371196e-02 2.947191e-01 -1.972459e-02
vertex -1.252286e-01 3.272885e-01 -3.043745e-02
endloop
endfacet
facet normal 0 0 0
outer loop
vertex 1.659478e-02 8.345653e-01 -1.531185e-02
vertex -1.240557e-02 7.914150e-01 -2.821482e-02
vertex -2.326520e-02 8.523471e-01 -1.696652e-02
endloop
endfacet
facet normal 0 0 0
outer loop
vertex -2.398707e-01 6.859049e-01 4.817857e-02
vertex -1.691351e-01 6.513601e-01 5.331436e-02
vertex -1.687000e-01 7.134126e-01 4.705961e-02
endloop
endfacet
facet normal 0 0 0
outer loop
vertex -1.373190e-01 4.259300e-01 -5.918200e-02
vertex -1.474619e-01 4.321630e-01 -5.491160e-02
vertex -1.649090e-01 4.324350e-01 -5.662500e-02
endloop
endfacet
facet normal 0 0 0
outer loop
vertex -1.474619e-01 4.321630e-01 -5.491160e-02
vertex -1.490342e-01 4.047639e-01 -4.812358e-02
vertex -1.649090e-01 4.324350e-01 -5.662500e-02
endloop
endfacet
facet normal 0 0 0
outer loop
vertex -1.771955e-01 2.884091e-01 2.972420e-02
vertex -1.630449e-01 2.516319e-01 4.006097e-02
vertex -1.629349e-01 2.594870e-01 2.889915e-02
endloop
endfacet
facet normal 0 0 0
outer loop
vertex 3.528229e-01 6.347654e-01 -3.410037e-03
vertex 3.488573e-01 6.722025e-01 -3.543939e-03
vertex 3.821232e-01 6.431579e-01 4.245615e-03
endloop
endfacet
facet normal 0 0 0
outer loop
vertex -3.071809e-01 3.861134e-01 2.766696e-02
vertex -3.452061e-01 4.265916e-01 3.007493e-02
vertex -3.337927e-01 3.706402e-01 1.827088e-02
endloop
endfacet
facet normal 0 0 0
outer loop
vertex 2.094358e-01 4.314090e-01 -3.091251e-03
vertex 2.140595e-01 3.995118e-01 -2.977842e-03
vertex 1.863227e-01 4.035108e-01 -3.180383e-03
endloop
endfacet
facet normal 0 0 0
outer loop
vertex -2.662393e-01 3.357388e-01 -2.582665e-02
vertex -2.260186e-01 3.168928e-01 -2.949455e-02
vertex -2.497320e-01 2.947500e-01 -3.262700e-02
endloop
endfacet
facet normal 0 0 0
outer loop
vertex -2.662393e-01 3.357388e-01 -2.582665e-02
vertex -2.502418e-01 3.852963e-01 -3.528971e-02
vertex -2.260186e-01 3.168928e-01 -2.949455e-02
endloop
endfacet
facet normal 0 0 0
outer loop
vertex -3.644840e-01 6.373630e-01 3.352400e-02
vertex -3.793140e-01 6.187740e-01 3.490600e-02
vertex -3.698487e-01 5.891455e-01 3.691330e-02
endloop
endfacet
facet normal 0 0 0
outer loop
vertex -1.984200e-02 1.053825e+00 -1.715000e-03
vertex -4.136489e-02 1.037482e+00 1.387913e-03
vertex -3.597800e-02 1.022533e+00 6.496000e-03
endloop
endfacet
facet normal 0 0 0
outer loop
vertex -3.708948e-01 7.278317e-01 -5.414418e-03
vertex -3.489000e-01 7.530448e-01 -1.171178e-02
vertex -3.622412e-01 7.179704e-01 -2.030423e-02
endloop
endfacet
facet normal 0 0 0
outer loop
vertex -1.474096e-01 2.295538e-01 4.135562e-02
vertex -1.629349e-01 2.594870e-01 2.889915e-02
vertex -1.630449e-01 2.516319e-01 4.006097e-02
endloop
endfacet
facet normal 0 0 0
outer loop
vertex -3.622412e-01 7.179704e-01 -2.030423e-02
vertex -3.489000e-01 7.530448e-01 -1.171178e-02
vertex -3.359787e-01 7.269341e-01 -2.627250e-02
endloop
endfacet
facet normal 0 0 0
outer loop
vertex -8.844164e-02 3.794893e-01 -4.067382e-02
vertex -1.388291e-01 3.721214e-01 -4.081567e-02
vertex -1.213022e-01 4.100894e-01 -4.851875e-02
endloop
endfacet
facet normal 0 0 0
outer loop
vertex 6.706315e-02 8.665707e-01 -3.709094e-03
vertex 4.350870e-02 8.483534e-01 -9.562572e-03
vertex 3.527300e-02 8.641960e-01 -3.776000e-03
endloop
endfacet
facet normal 0 0 0
outer loop
vertex -1.551082e-01 4.846162e-01 -5.597580e-02
vertex -1.120739e-01 4.545786e-01 -5.344116e-02
vertex -1.230722e-01 5.064796e-01 -5.591192e-02
endloop
endfacet
facet normal 0 0 0
outer loop
vertex -1.120739e-01 4.545786e-01 -5.344116e-02
vertex -1.230722e-01 5.064796e-01 -5.591192e-02
vertex -1.311913e-01 4.652005e-01 -6.710806e-02
endloop
endfacet
facet normal 0 0 0
outer loop
vertex -3.736997e-01 7.092357e-01 1.900607e-02
vertex -3.305837e-01 7.333511e-01 2.423458e-02
vertex -3.591838e-01 7.356255e-01 1.438086e-02
endloop
endfacet
facet normal 0 0 0
outer loop
vertex -1.513711e-01 5.439647e-01 7.380016e-02
vertex -1.397232e-01 5.163696e-01 7.201236e-02
vertex -1.070131e-01 5.403119e-01 7.349225e-02
endloop
endfacet
facet normal 0 0 0
outer loop
vertex -3.056383e-01 5.195628e-01 5.502887e-02
vertex -3.624696e-01 4.991798e-01 4.361839e-02
vertex -3.092558e-01 4.662588e-01 4.403644e-02
endloop
endfacet
facet normal 0 0 0
outer loop
vertex 7.405604e-02 6.638993e-01 -3.495525e-02
vertex 1.107955e-01 6.749370e-01 -2.748472e-02
vertex 7.883681e-02 6.005683e-01 -3.796628e-02
endloop
endfacet
facet normal 0 0 0
outer loop
vertex -1.754930e-01 8.508753e-01 -1.983111e-02
vertex -1.998129e-01 8.075689e-01 -2.932421e-02
vertex -2.093533e-01 8.507940e-01 -1.653229e-02
endloop
endfacet
facet normal 0 0 0
outer loop
vertex -2.590611e-01 8.002415e-01 -2.482844e-02
vertex -2.449470e-01 8.570200e-01 -6.198000e-03
vertex -1.998129e-01 8.075689e-01 -2.932421e-02
endloop
endfacet
facet normal 0 0 0
outer loop
vertex -1.468715e-01 1.565533e-01 -5.229092e-02
vertex -1.356346e-01 1.412178e-01 -5.315902e-02
vertex -1.309726e-01 1.424255e-01 -4.277543e-02
endloop
endfacet
facet normal 0 0 0
outer loop
vertex -1.309726e-01 1.424255e-01 -4.277543e-02
vertex -1.559860e-01 1.747360e-01 -4.121800e-02
vertex -1.468715e-01 1.565533e-01 -5.229092e-02
endloop
endfacet
facet normal 0 0 0
outer loop
vertex 7.959781e-02 7.201647e-01 -2.678465e-02
vertex 1.107955e-01 6.749370e-01 -2.748472e-02
vertex 7.405604e-02 6.638993e-01 -3.495525e-02
endloop
endfacet
facet normal 0 0 0
outer loop
vertex -1.325917e-01 4.411771e-01 -5.278494e-02
vertex -1.120739e-01 4.545786e-01 -5.344116e-02
vertex -1.468140e-01 4.578650e-01 -5.461900e-02
endloop
endfacet
facet normal 0 0 0
outer loop
vertex -1.253250e-01 9.320550e-01 5.078000e-03
vertex -1.127752e-01 9.527647e-01 6.499682e-03
vertex -1.395380e-01 9.473850e-01 2.044000e-03
endloop
endfacet
facet normal 0 0 0
outer loop
vertex -1.127752e-01 9.527647e-01 6.499682e-03
vertex -1.253250e-01 9.320550e-01 5.078000e-03
vertex -9.128673e-02 9.468873e-01 5.609734e-03
endloop
endfacet
facet normal 0 0 0
outer loop
vertex 2.580855e-02 5.052339e-01 4.564413e-02
vertex -1.369911e-02 5.220925e-01 5.012549e-02
vertex -2.634240e-02 4.804511e-01 5.015019e-02
endloop
endfacet
facet normal 0 0 0
outer loop
vertex -2.180390e-01 7.975927e-01 3.115928e-02
vertex -2.606981e-01 8.045689e-01 2.422570e-02
vertex -2.159253e-01 7.556726e-01 3.943945e-02
endloop
endfacet
facet normal 0 0 0
outer loop
vertex 1.725443e-01 6.451827e-01 -1.614292e-02
vertex 1.293913e-01 6.134323e-01 -3.009511e-02
vertex 1.439449e-01 6.573107e-01 -2.248980e-02
endloop
endfacet
facet normal 0 0 0
outer loop
vertex 1.605586e-01 6.847329e-01 -1.258023e-02
vertex 1.725443e-01 6.451827e-01 -1.614292e-02
vertex 1.439449e-01 6.573107e-01 -2.248980e-02
endloop
endfacet
facet normal 0 0 0
outer loop
vertex -3.698487e-01 5.891455e-01 3.691330e-02
vertex -3.568914e-01 6.034753e-01 4.877489e-02
vertex -3.644840e-01 6.373630e-01 3.352400e-02
endloop
endfacet
facet normal 0 0 0
outer loop
vertex -9.128673e-02 9.468873e-01 5.609734e-03
vertex -8.211429e-02 9.199588e-01 5.115740e-03
vertex -6.329446e-02 9.455535e-01 5.094839e-03
endloop
endfacet
facet normal 0 0 0
outer loop
vertex -3.087479e-01 3.417338e-01 -3.683064e-03
vertex -3.337927e-01 3.706402e-01 1.827088e-02
vertex -3.437782e-01 3.692554e-01 -4.305028e-03
endloop
endfacet
facet normal 0 0 0
outer loop
vertex -8.856605e-02 9.950648e-01 1.940434e-03
vertex -7.551225e-02 9.863912e-01 -5.379447e-03
vertex -8.838201e-02 9.701280e-01 -4.809142e-03
endloop
endfacet
facet normal 0 0 0
outer loop
vertex -3.624696e-01 4.991798e-01 4.361839e-02
vertex -4.269048e-01 5.174963e-01 3.169549e-02
vertex -3.985910e-01 4.625355e-01 2.973478e-02
endloop
endfacet
facet normal 0 0 0
outer loop
vertex 1.737610e-01 4.369320e-01 -8.709427e-03
vertex 1.684173e-01 4.196924e-01 -8.628992e-03
vertex 1.537631e-01 4.349568e-01 -1.619421e-02
endloop
endfacet
facet normal 0 0 0
outer loop
vertex 1.242045e-01 4.040949e-01 -1.789477e-02
vertex 9.372983e-02 3.768809e-01 -1.852593e-02
vertex 6.835619e-02 4.164896e-01 -3.138666e-02
endloop
endfacet
facet normal 0 0 0
outer loop
vertex 1.923658e-01 4.469682e-01 -6.275360e-03
vertex 2.094358e-01 4.314090e-01 -3.091251e-03
vertex 1.866321e-01 4.256783e-01 -5.564985e-03
endloop
endfacet
facet normal 0 0 0
outer loop
vertex -4.706590e-01 5.488371e-01 -2.273413e-02
vertex -4.863548e-01 5.135452e-01 -1.789439e-02
vertex -5.081370e-01 5.515548e-01 -1.483987e-02
endloop
endfacet
facet normal 0 0 0
outer loop
vertex -4.198920e-01 6.577210e-01 -1.042800e-02
vertex -3.690978e-01 6.407541e-01 -3.771134e-02
vertex -3.882949e-01 6.213672e-01 -3.171626e-02
endloop
endfacet
facet normal 0 0 0
outer loop
vertex -2.930358e-01 5.972756e-01 -5.331358e-02
vertex -3.301642e-01 5.887109e-01 -5.514574e-02
vertex -3.146617e-01 6.093196e-01 -5.731815e-02
endloop
endfacet
facet normal 0 0 0
outer loop
vertex -1.346251e-01 6.045486e-01 5.589284e-02
vertex -1.691351e-01 6.513601e-01 5.331436e-02
vertex -1.822934e-01 6.017795e-01 5.649432e-02
endloop
endfacet
facet normal 0 0 0
outer loop
vertex 1.140442e-01 6.635723e-01 2.946505e-02
vertex 1.193554e-01 6.072241e-01 3.340456e-02
vertex 1.615942e-01 6.360947e-01 2.229172e-02
endloop
endfacet
facet normal 0 0 0
outer loop
vertex -3.736997e-01 7.092357e-01 1.900607e-02
vertex -3.850772e-01 6.605853e-01 2.732267e-02
vertex -3.419070e-01 6.707990e-01 3.638600e-02
endloop
endfacet
facet normal 0 0 0
outer loop
vertex -3.301642e-01 5.887109e-01 -5.514574e-02
vertex -3.380696e-01 6.152372e-01 -5.329961e-02
vertex -3.146617e-01 6.093196e-01 -5.731815e-02
endloop
endfacet
facet normal 0 0 0
outer loop
vertex 9.950890e-04 5.893180e-01 -4.725588e-02
vertex -1.023127e-02 6.093988e-01 -4.779911e-02
vertex 1.884004e-02 6.212854e-01 -4.436104e-02
endloop
endfacet
facet normal 0 0 0
outer loop
vertex -7.153274e-02 1.020897e-01 4.610872e-02
vertex -5.555118e-02 8.637869e-02 4.923763e-02
vertex -7.216294e-02 8.675355e-02 4.427333e-02
endloop
endfacet
facet normal 0 0 0
outer loop
vertex 1.843232e-01 5.915881e-01 2.285190e-02
vertex 1.193554e-01 6.072241e-01 3.340456e-02
vertex 1.543151e-01 5.553479e-01 3.035267e-02
endloop
endfacet
facet normal 0 0 0
outer loop
vertex 1.843232e-01 5.915881e-01 2.285190e-02
vertex 1.615942e-01 6.360947e-01 2.229172e-02
vertex 1.193554e-01 6.072241e-01 3.340456e-02
endloop
endfacet
facet normal 0 0 0
outer loop
vertex -6.543005e-02 1.007182e+00 -4.931356e-03
vertex -5.894015e-02 1.020517e+00 4.039308e-03
vertex -3.891240e-02 1.023741e+00 -5.292456e-03
endloop
endfacet
facet normal 0 0 0
outer loop
vertex -4.351420e-01 4.715970e-01 -1.791600e-02
vertex -4.328366e-01 4.587370e-01 8.130000e-03
vertex -4.713998e-01 4.886994e-01 -1.380556e-03
endloop
endfacet
facet normal 0 0 0
outer loop
vertex -3.891240e-02 1.023741e+00 -5.292456e-03
vertex -4.136489e-02 1.037482e+00 1.387913e-03
vertex -1.984200e-02 1.053825e+00 -1.715000e-03
endloop
endfacet
facet normal 0 0 0
outer loop
vertex -1.603850e-01 2.382408e-01 -3.049733e-02
vertex -1.670168e-01 1.976152e-01 -3.805750e-02
vertex -1.393880e-01 2.123990e-01 -3.760300e-02
endloop
endfacet
facet normal 0 0 0
outer loop
vertex -2.467533e-01 2.531861e-01 -3.979946e-02
vertex -2.020153e-01 2.388605e-01 -4.208021e-02
vertex -2.362442e-01 2.218568e-01 -4.567604e-02
endloop
endfacet
facet normal 0 0 0
outer loop
vertex -5.555118e-02 8.637869e-02 4.923763e-02
vertex -6.847290e-02 7.951447e-02 5.696678e-02
vertex -5.549240e-02 6.408133e-02 5.654668e-02
endloop
endfacet
facet normal 0 0 0
outer loop
vertex -3.793140e-01 6.187740e-01 3.490600e-02
vertex -3.644840e-01 6.373630e-01 3.352400e-02
vertex -3.850772e-01 6.605853e-01 2.732267e-02
endloop
endfacet
facet normal 0 0 0
outer loop
vertex 1.749490e-01 4.157640e-01 4.321000e-03
vertex 1.613499e-01 4.182278e-01 1.207870e-02
vertex 1.551340e-01 3.981809e-01 1.032148e-02
endloop
endfacet
facet normal 0 0 0
outer loop
vertex 1.377111e-01 4.233111e-01 1.944277e-02
vertex 1.551340e-01 3.981809e-01 1.032148e-02
vertex 1.613499e-01 4.182278e-01 1.207870e-02
endloop
endfacet
facet normal 0 0 0
outer loop
vertex -1.603850e-01 2.382408e-01 -3.049733e-02
vertex -1.847540e-01 2.319897e-01 -3.270467e-02
vertex -1.670168e-01 1.976152e-01 -3.805750e-02
endloop
endfacet
facet normal 0 0 0
outer loop
vertex -5.653388e-02 8.556899e-02 -5.239123e-02
vertex -3.426100e-02 6.631000e-02 -4.905000e-02
vertex -3.706753e-02 5.381009e-02 -5.470346e-02
endloop
endfacet
facet normal 0 0 0
outer loop
vertex -2.704317e-01 5.599049e-01 5.869638e-02
vertex -2.830910e-01 5.797640e-01 5.166600e-02
vertex -3.140660e-01 5.829303e-01 5.731143e-02
endloop
endfacet
facet normal 0 0 0
outer loop
vertex -1.781209e-01 1.476158e-01 -4.495655e-02
vertex -2.027270e-01 1.761575e-01 -3.548696e-02
vertex -2.127194e-01 1.589633e-01 -4.077682e-02
endloop
endfacet
facet normal 0 0 0
outer loop
vertex -1.771955e-01 2.884091e-01 2.972420e-02
vertex -1.796120e-01 2.568620e-01 4.084100e-02
vertex -1.630449e-01 2.516319e-01 4.006097e-02
endloop
endfacet
facet normal 0 0 0
outer loop
vertex -1.771955e-01 2.884091e-01 2.972420e-02
vertex -2.029974e-01 2.729669e-01 3.885506e-02
vertex -1.796120e-01 2.568620e-01 4.084100e-02
endloop
endfacet
facet normal 0 0 0
outer loop
vertex -1.238257e-01 1.281129e-01 -5.476629e-02
vertex -1.209653e-01 1.251267e-01 -4.477198e-02
vertex -1.309726e-01 1.424255e-01 -4.277543e-02
endloop
endfacet
facet normal 0 0 0
outer loop
vertex -1.209653e-01 1.251267e-01 -4.477198e-02
vertex -1.076169e-01 1.329155e-01 -4.167508e-02
vertex -1.309726e-01 1.424255e-01 -4.277543e-02
endloop
endfacet
facet normal 0 0 0
outer loop
vertex 6.835619e-02 4.164896e-01 -3.138666e-02
vertex 9.372983e-02 3.768809e-01 -1.852593e-02
vertex 5.582567e-02 3.791628e-01 -2.577471e-02
endloop
endfacet
facet normal 0 0 0
outer loop
vertex -2.787668e-01 6.413788e-01 -5.280930e-02
vertex -2.944947e-01 6.216382e-01 -5.637115e-02
vertex -3.034797e-01 6.431410e-01 -5.174214e-02
endloop
endfacet
facet normal 0 0 0
outer loop
vertex -5.289366e-02 8.466138e-01 2.219553e-02
vertex -9.925200e-02 8.270421e-01 2.859859e-02
vertex -5.707134e-02 7.816899e-01 3.516787e-02
endloop
endfacet
facet normal 0 0 0
outer loop
vertex -2.008706e-01 4.397896e-01 5.119228e-02
vertex -1.690890e-01 4.418250e-01 5.391200e-02
vertex -1.656140e-01 4.349380e-01 6.191200e-02
endloop
endfacet
facet normal 0 0 0
outer loop
vertex -1.690890e-01 4.418250e-01 5.391200e-02
vertex -2.008706e-01 4.397896e-01 5.119228e-02
vertex -1.535858e-01 4.118807e-01 4.981236e-02
endloop
endfacet
facet normal 0 0 0
outer loop
vertex -2.204423e-01 1.752958e-01 -5.129148e-02
vertex -1.916780e-01 1.597838e-01 -5.479967e-02
vertex -2.032184e-01 1.379329e-01 -5.453781e-02
endloop
endfacet
facet normal 0 0 0
outer loop
vertex -1.916780e-01 1.597838e-01 -5.479967e-02
vertex -2.204423e-01 1.752958e-01 -5.129148e-02
vertex -2.001063e-01 1.818330e-01 -5.232022e-02
endloop
endfacet
facet normal 0 0 0
outer loop
vertex -1.687000e-01 7.134126e-01 4.705961e-02
vertex -1.096315e-01 6.751903e-01 5.080024e-02
vertex -9.446316e-02 7.329469e-01 4.400990e-02
endloop
endfacet
facet normal 0 0 0
outer loop
vertex 1.845620e-01 2.478150e-01 4.036000e-03
vertex 1.823283e-01 2.265754e-01 3.984272e-03
vertex 1.840060e-01 2.451042e-01 -3.044957e-03
endloop
endfacet
facet normal 0 0 0
outer loop
vertex -1.567498e-01 9.039005e-02 -6.014544e-02
vertex -1.399879e-01 6.933863e-02 -6.097060e-02
vertex -1.626084e-01 7.832956e-02 -5.407400e-02
endloop
endfacet
facet normal 0 0 0
outer loop
vertex -1.626084e-01 7.832956e-02 -5.407400e-02
vertex -1.399879e-01 6.933863e-02 -6.097060e-02
vertex -1.339188e-01 5.500185e-02 -5.109519e-02
endloop
endfacet
facet normal 0 0 0
outer loop
vertex -1.191725e-01 9.076099e-01 -4.113964e-03
vertex -8.211429e-02 9.199588e-01 5.115740e-03
vertex -8.356053e-02 8.939955e-01 -9.630567e-03
endloop
endfacet
facet normal 0 0 0
outer loop
vertex -4.410997e-01 6.217481e-01 -1.517926e-02
vertex -4.198920e-01 6.577210e-01 -1.042800e-02
vertex -3.882949e-01 6.213672e-01 -3.171626e-02
endloop
endfacet
facet normal 0 0 0
outer loop
vertex -1.249759e-01 5.645366e-02 6.148054e-02
vertex -1.201264e-01 4.363179e-02 5.715432e-02
vertex -1.061313e-01 4.617889e-02 6.064828e-02
endloop
endfacet
facet normal 0 0 0
outer loop
vertex -2.159253e-01 7.556726e-01 3.943945e-02
vertex -2.606981e-01 8.045689e-01 2.422570e-02
vertex -2.913334e-01 7.591764e-01 3.001274e-02
endloop
endfacet
facet normal 0 0 0
outer loop
vertex 2.188176e-01 4.950274e-01 -1.415023e-02
vertex 2.027424e-01 4.736913e-01 -1.727894e-03
vertex 1.890681e-01 4.806850e-01 -1.103092e-02
endloop
endfacet
facet normal 0 0 0
outer loop
vertex 1.749490e-01 4.157640e-01 4.321000e-03
vertex 1.761763e-01 4.364121e-01 8.016140e-03
vertex 1.613499e-01 4.182278e-01 1.207870e-02
endloop
endfacet
facet normal 0 0 0
outer loop
vertex 1.377111e-01 4.233111e-01 1.944277e-02
vertex 1.613499e-01 4.182278e-01 1.207870e-02
vertex 1.571647e-01 4.321059e-01 1.574024e-02
endloop
endfacet
facet normal 0 0 0
outer loop
vertex -2.699929e-01 3.189854e-01 2.466038e-02
vertex -2.743963e-01 3.636936e-01 2.983308e-02
vertex -2.826338e-01 3.282864e-01 1.469338e-02
endloop
endfacet
facet normal 0 0 0
outer loop
vertex -2.743963e-01 3.636936e-01 2.983308e-02
vertex -3.038646e-01 3.521243e-01 2.140071e-02
vertex -2.826338e-01 3.282864e-01 1.469338e-02
endloop
endfacet
facet normal 0 0 0
outer loop
vertex 5.407284e-03 2.873255e-02 5.057090e-02
vertex -5.874916e-04 3.810583e-02 4.684420e-02
vertex -2.418575e-02 4.133399e-02 5.395920e-02
endloop
endfacet
facet normal 0 0 0
outer loop
vertex -2.507995e-01 5.210178e-01 5.748736e-02
vertex -3.056383e-01 5.195628e-01 5.502887e-02
vertex -2.787117e-01 4.933652e-01 5.069282e-02
endloop
endfacet
facet normal 0 0 0
outer loop
vertex -3.644840e-01 6.373630e-01 3.352400e-02
vertex -3.568914e-01 6.034753e-01 4.877489e-02
vertex -3.336712e-01 6.326023e-01 5.208957e-02
endloop
endfacet
facet normal 0 0 0
outer loop
vertex -5.203934e-02 2.503033e-01 -7.727655e-03
vertex -1.089911e-01 2.703126e-01 -1.162302e-02
vertex -6.371196e-02 2.947191e-01 -1.972459e-02
endloop
endfacet
facet normal 0 0 0
outer loop
vertex -1.687000e-01 7.134126e-01 4.705961e-02
vertex -1.339554e-01 7.686073e-01 3.851314e-02
vertex -2.159253e-01 7.556726e-01 3.943945e-02
endloop
endfacet
facet normal 0 0 0
outer loop
vertex -1.632808e-01 8.726254e-01 1.501258e-02
vertex -9.925200e-02 8.270421e-01 2.859859e-02
vertex -1.161508e-01 8.889621e-01 1.235160e-02
endloop
endfacet
facet normal 0 0 0
outer loop
vertex -1.161508e-01 8.889621e-01 1.235160e-02
vertex -9.925200e-02 8.270421e-01 2.859859e-02
vertex -7.447905e-02 8.788007e-01 1.527582e-02
endloop
endfacet
facet normal 0 0 0
outer loop
vertex 1.381421e-01 2.076095e-01 4.430334e-03
vertex 1.613371e-01 2.108040e-01 -3.212523e-03
vertex 1.622556e-01 1.852849e-01 -3.177832e-03
endloop
endfacet
facet normal 0 0 0
outer loop
vertex 2.261381e-01 3.019753e-02 -3.707408e-03
vertex 1.905054e-01 4.338488e-02 6.056481e-03
vertex 1.858712e-01 4.330192e-02 -4.572203e-03
endloop
endfacet
facet normal 0 0 0
outer loop
vertex -3.026490e-01 6.576040e-01 4.402200e-02
vertex -2.398707e-01 6.859049e-01 4.817857e-02
vertex -3.040402e-01 6.980057e-01 3.924698e-02
endloop
endfacet
facet normal 0 0 0
outer loop
vertex -1.212507e-01 6.214701e-02 -5.825947e-02
vertex -1.403841e-01 8.456136e-02 -5.542031e-02
vertex -1.326263e-01 6.895664e-02 -4.903975e-02
endloop
endfacet
facet normal 0 0 0
outer loop
vertex -3.305837e-01 7.333511e-01 2.423458e-02
vertex -3.736997e-01 7.092357e-01 1.900607e-02
vertex -3.419070e-01 6.707990e-01 3.638600e-02
endloop
endfacet
facet normal 0 0 0
outer loop
vertex -2.362442e-01 2.218568e-01 -4.567604e-02
vertex -2.204423e-01 1.752958e-01 -5.129148e-02
vertex -2.337475e-01 1.942911e-01 -3.900803e-02
endloop
endfacet
facet normal 0 0 0
outer loop
vertex 9.124017e-02 8.369281e-01 -3.572514e-03
vertex 1.289972e-01 8.570159e-01 -3.249391e-03
vertex 9.489106e-02 8.915858e-01 4.450954e-03
endloop
endfacet
facet normal 0 0 0
outer loop
vertex -1.249759e-01 5.645366e-02 6.148054e-02
vertex -1.061313e-01 4.617889e-02 6.064828e-02
vertex -1.132284e-01 5.683637e-02 5.452949e-02
endloop
endfacet
facet normal 0 0 0
outer loop
vertex 1.659478e-02 8.345653e-01 -1.531185e-02
vertex 2.117756e-02 7.976333e-01 -2.235395e-02
vertex -1.240557e-02 7.914150e-01 -2.821482e-02
endloop
endfacet
facet normal 0 0 0
outer loop
vertex 1.659478e-02 8.345653e-01 -1.531185e-02
vertex 5.397316e-02 8.180932e-01 -1.203895e-02
vertex 2.117756e-02 7.976333e-01 -2.235395e-02
endloop
endfacet
facet normal 0 0 0
outer loop
vertex 1.611555e-01 2.364269e-01 4.126343e-03
vertex 1.613371e-01 2.108040e-01 -3.212523e-03
vertex 1.381421e-01 2.076095e-01 4.430334e-03
endloop
endfacet
facet normal 0 0 0
outer loop
vertex -1.760392e-01 1.348093e-01 -5.583596e-02
vertex -2.032184e-01 1.379329e-01 -5.453781e-02
vertex -1.916780e-01 1.597838e-01 -5.479967e-02
endloop
endfacet
facet normal 0 0 0
outer loop
vertex -2.467533e-01 2.531861e-01 -3.979946e-02
vertex -2.663225e-01 2.859538e-01 -2.665466e-02
vertex -2.497320e-01 2.947500e-01 -3.262700e-02
endloop
endfacet
facet normal 0 0 0
outer loop
vertex -2.060540e-01 2.788971e-01 -3.649310e-02
vertex -2.467533e-01 2.531861e-01 -3.979946e-02
vertex -2.497320e-01 2.947500e-01 -3.262700e-02
endloop
endfacet
facet normal 0 0 0
outer loop
vertex -1.417451e-01 2.706629e-01 4.464361e-03
vertex -1.089911e-01 2.703126e-01 -1.162302e-02
vertex -7.008138e-02 2.560393e-01 7.485109e-03
endloop
endfacet
facet normal 0 0 0
outer loop
vertex 1.854366e-01 7.600438e-02 4.701098e-03
vertex 1.924790e-01 1.041810e-01 -2.901000e-03
vertex 2.128184e-01 6.166431e-02 -2.865099e-03
endloop
endfacet
facet normal 0 0 0
outer loop
vertex -3.336712e-01 6.326023e-01 5.208957e-02
vertex -3.082177e-01 6.119252e-01 5.714445e-02
vertex -2.799394e-01 6.386936e-01 4.906621e-02
endloop
endfacet
facet normal 0 0 0
outer loop
vertex -4.936308e-02 1.010452e+00 6.509480e-03
vertex -3.663233e-02 1.002903e+00 5.164888e-03
vertex -3.597800e-02 1.022533e+00 6.496000e-03
endloop
endfacet
facet normal 0 0 0
outer loop
vertex -2.634240e-02 4.804511e-01 5.015019e-02
vertex -4.489413e-02 5.059931e-01 5.270954e-02
vertex -6.477469e-02 4.753979e-01 5.259937e-02
endloop
endfacet
facet normal 0 0 0
outer loop
vertex 2.183063e-01 6.078415e-01 1.431994e-02
vertex 1.993039e-01 6.378952e-01 8.084436e-03
vertex 1.843232e-01 5.915881e-01 2.285190e-02
endloop
endfacet
facet normal 0 0 0
outer loop
vertex 1.475316e-01 1.135049e+00 6.737436e-04
vertex 1.215605e-01 1.127295e+00 1.012102e-03
vertex 1.367865e-01 1.115273e+00 4.968162e-03
endloop
endfacet
facet normal 0 0 0
outer loop
vertex -4.238616e-01 5.943025e-01 -2.663972e-02
vertex -4.255615e-01 5.610335e-01 -2.963896e-02
vertex -4.717932e-01 5.929464e-01 -1.281553e-02
endloop
endfacet
facet normal 0 0 0
outer loop
vertex -2.212420e-01 2.580400e-01 4.037110e-02
vertex -2.029974e-01 2.729669e-01 3.885506e-02
vertex -2.286568e-01 2.987080e-01 3.192841e-02
endloop
endfacet
facet normal 0 0 0
outer loop
vertex -3.087479e-01 3.417338e-01 -3.683064e-03
vertex -3.437782e-01 3.692554e-01 -4.305028e-03
vertex -3.249907e-01 3.750296e-01 -2.136488e-02
endloop
endfacet
facet normal 0 0 0
outer loop
vertex 1.924790e-01 1.041810e-01 -2.901000e-03
vertex 1.854366e-01 7.600438e-02 4.701098e-03
vertex 1.424400e-01 1.042657e-01 5.187419e-03
endloop
endfacet
facet normal 0 0 0
outer loop
vertex -1.799838e-01 1.012869e-01 5.773918e-02
vertex -1.631325e-01 9.698647e-02 4.763560e-02
vertex -1.527222e-01 6.884141e-02 5.450000e-02
endloop
endfacet
facet normal 0 0 0
outer loop
vertex -1.631325e-01 9.698647e-02 4.763560e-02
vertex -1.799838e-01 1.012869e-01 5.773918e-02
vertex -1.984004e-01 1.268704e-01 4.945943e-02
endloop
endfacet
facet normal 0 0 0
outer loop
vertex -3.266422e-01 6.494169e-01 -4.753409e-02
vertex -3.034797e-01 6.431410e-01 -5.174214e-02
vertex -3.228237e-01 6.297279e-01 -5.411310e-02
endloop
endfacet
facet normal 0 0 0
outer loop
vertex 2.685220e-01 6.100274e-01 -8.015973e-03
vertex 2.928044e-01 6.250103e-01 -4.803809e-03
vertex 2.932867e-01 5.824596e-01 -4.994666e-03
endloop
endfacet
facet normal 0 0 0
outer loop
vertex 2.928044e-01 6.250103e-01 -4.803809e-03
vertex 3.280701e-01 6.197943e-01 -3.838280e-03
vertex 2.932867e-01 5.824596e-01 -4.994666e-03
endloop
endfacet
facet normal 0 0 0
outer loop
vertex -1.886600e-01 1.345153e-01 5.909673e-02
vertex -2.176225e-01 1.633882e-01 5.171600e-02
vertex -1.984004e-01 1.268704e-01 4.945943e-02
endloop
endfacet
facet normal 0 0 0
outer loop
vertex -1.037814e-01 1.135014e-01 -5.618766e-02
vertex -8.602139e-02 1.238640e-01 -4.811492e-02
vertex -6.886330e-02 1.012289e-01 -4.814388e-02
endloop
endfacet
facet normal 0 0 0
outer loop
vertex -2.507995e-01 5.210178e-01 5.748736e-02
vertex -2.704317e-01 5.599049e-01 5.869638e-02
vertex -3.056383e-01 5.195628e-01 5.502887e-02
endloop
endfacet
facet normal 0 0 0
outer loop
vertex -2.165527e-01 7.544833e-01 -3.876984e-02
vertex -1.593935e-01 7.155058e-01 -4.613518e-02
vertex -2.059275e-01 6.868978e-01 -4.882957e-02
endloop
endfacet
facet normal 0 0 0
outer loop
vertex -1.081650e-01 6.876057e-01 -4.863317e-02
vertex -1.383914e-01 6.530014e-01 -5.225346e-02
vertex -1.593935e-01 7.155058e-01 -4.613518e-02
endloop
endfacet
facet normal 0 0 0
outer loop
vertex -2.093533e-01 8.507940e-01 -1.653229e-02
vertex -2.449470e-01 8.570200e-01 -6.198000e-03
vertex -2.011000e-01 8.792700e-01 -5.854000e-03
endloop
endfacet
facet normal 0 0 0
outer loop
vertex -2.355233e-01 2.002625e-01 4.526595e-02
vertex -2.176225e-01 1.633882e-01 5.171600e-02
vertex -2.055560e-01 1.911797e-01 5.276883e-02
endloop
endfacet
facet normal 0 0 0
outer loop
vertex -1.138270e-02 1.008613e+00 -4.130621e-03
vertex -3.663233e-02 1.002903e+00 5.164888e-03
vertex -3.891240e-02 1.023741e+00 -5.292456e-03
endloop
endfacet
facet normal 0 0 0
outer loop
vertex -7.879233e-02 8.066960e-02 -5.565923e-02
vertex -5.653388e-02 8.556899e-02 -5.239123e-02
vertex -3.706753e-02 5.381009e-02 -5.470346e-02
endloop
endfacet
facet normal 0 0 0
outer loop
vertex -2.093533e-01 8.507940e-01 -1.653229e-02
vertex -1.998129e-01 8.075689e-01 -2.932421e-02
vertex -2.449470e-01 8.570200e-01 -6.198000e-03
endloop
endfacet
facet normal 0 0 0
outer loop
vertex -4.786742e-01 5.432561e-01 2.208193e-02
vertex -4.269048e-01 5.174963e-01 3.169549e-02
vertex -4.358754e-01 5.563183e-01 2.955435e-02
endloop
endfacet
facet normal 0 0 0
outer loop
vertex -5.366634e-02 9.975579e-01 -4.025725e-03
vertex -3.891240e-02 1.023741e+00 -5.292456e-03
vertex -3.663233e-02 1.002903e+00 5.164888e-03
endloop
endfacet
facet normal 0 0 0
outer loop
vertex -1.694642e-01 2.233035e-01 4.775882e-02
vertex -1.726843e-01 1.911431e-01 5.015567e-02
vertex -1.445520e-01 1.912660e-01 5.124200e-02
endloop
endfacet
facet normal 0 0 0
outer loop
vertex -2.060540e-01 2.788971e-01 -3.649310e-02
vertex -1.800236e-01 2.290829e-01 -4.716437e-02
vertex -2.020153e-01 2.388605e-01 -4.208021e-02
endloop
endfacet
facet normal 0 0 0
outer loop
vertex -1.660840e-01 8.081894e-01 3.192887e-02
vertex -2.217186e-01 8.313224e-01 2.195752e-02
vertex -2.180390e-01 7.975927e-01 3.115928e-02
endloop
endfacet
facet normal 0 0 0
outer loop
vertex -2.467533e-01 2.531861e-01 -3.979946e-02
vertex -2.060540e-01 2.788971e-01 -3.649310e-02
vertex -2.020153e-01 2.388605e-01 -4.208021e-02
endloop
endfacet
facet normal 0 0 0
outer loop
vertex -2.176225e-01 1.633882e-01 5.171600e-02
vertex -1.886600e-01 1.345153e-01 5.909673e-02
vertex -1.992004e-01 1.650676e-01 5.620355e-02
endloop
endfacet
facet normal 0 0 0
outer loop
vertex -1.834068e-01 1.608365e-01 5.144734e-02
vertex -1.992004e-01 1.650676e-01 5.620355e-02
vertex -1.886600e-01 1.345153e-01 5.909673e-02
endloop
endfacet
facet normal 0 0 0
outer loop
vertex -2.065570e-01 2.058890e-01 -4.861241e-02
vertex -2.204423e-01 1.752958e-01 -5.129148e-02
vertex -2.362442e-01 2.218568e-01 -4.567604e-02
endloop
endfacet
facet normal 0 0 0
outer loop
vertex -1.456830e-01 4.279360e-01 5.818400e-02
vertex -1.215553e-01 4.273044e-01 5.167633e-02
vertex -1.048369e-01 4.317095e-01 6.627436e-02
endloop
endfacet
facet normal 0 0 0
outer loop
vertex -6.847290e-02 7.951447e-02 5.696678e-02
vertex -8.008043e-02 9.951182e-02 5.582518e-02
vertex -7.760709e-02 7.460526e-02 5.155742e-02
endloop
endfacet
facet normal 0 0 0
outer loop
vertex -3.419070e-01 6.707990e-01 3.638600e-02
vertex -3.850772e-01 6.605853e-01 2.732267e-02
vertex -3.644840e-01 6.373630e-01 3.352400e-02
endloop
endfacet
facet normal 0 0 0
outer loop
vertex -3.419070e-01 6.707990e-01 3.638600e-02
vertex -3.644840e-01 6.373630e-01 3.352400e-02
vertex -3.336712e-01 6.326023e-01 5.208957e-02
endloop
endfacet
facet normal 0 0 0
outer loop
vertex -1.728260e-01 3.851430e-01 -4.220800e-02
vertex -1.651709e-01 3.376325e-01 -3.439355e-02
vertex -2.003418e-01 3.471215e-01 -3.561691e-02
endloop
endfacet
facet normal 0 0 0
outer loop
vertex -4.351420e-01 4.715970e-01 -1.791600e-02
vertex -4.084615e-01 4.371289e-01 -1.281935e-02
vertex -4.328366e-01 4.587370e-01 8.130000e-03
endloop
endfacet
facet normal 0 0 0
outer loop
vertex -1.728260e-01 3.851430e-01 -4.220800e-02
vertex -2.003418e-01 3.471215e-01 -3.561691e-02
vertex -2.502418e-01 3.852963e-01 -3.528971e-02
endloop
endfacet
facet normal 0 0 0
outer loop
vertex -1.172040e-02 9.634347e-01 -4.100050e-03
vertex -3.363666e-02 9.822184e-01 5.154926e-03
vertex -1.138270e-02 1.008613e+00 -4.130621e-03
endloop
endfacet
facet normal 0 0 0
outer loop
vertex -1.836410e-01 1.046192e-01 -5.007557e-02
vertex -1.626084e-01 7.832956e-02 -5.407400e-02
vertex -1.682426e-01 1.018586e-01 -4.620846e-02
endloop
endfacet
facet normal 0 0 0
outer loop
vertex -6.113184e-02 8.639143e-01 -1.740951e-02
vertex -2.326520e-02 8.523471e-01 -1.696652e-02
vertex -5.891287e-02 8.075264e-01 -2.952662e-02
endloop
endfacet
facet normal 0 0 0
outer loop
vertex 1.569203e-02 9.868096e-01 5.075802e-03
vertex -1.138270e-02 1.008613e+00 -4.130621e-03
vertex -3.363666e-02 9.822184e-01 5.154926e-03
endloop
endfacet
facet normal 0 0 0
outer loop
vertex -7.447905e-02 8.788007e-01 1.527582e-02
vertex -9.925200e-02 8.270421e-01 2.859859e-02
vertex -5.289366e-02 8.466138e-01 2.219553e-02
endloop
endfacet
facet normal 0 0 0
outer loop
vertex -2.020153e-01 2.388605e-01 -4.208021e-02
vertex -2.065570e-01 2.058890e-01 -4.861241e-02
vertex -2.362442e-01 2.218568e-01 -4.567604e-02
endloop
endfacet
facet normal 0 0 0
outer loop
vertex -3.082177e-01 6.119252e-01 5.714445e-02
vertex -3.336712e-01 6.326023e-01 5.208957e-02
vertex -3.568914e-01 6.034753e-01 4.877489e-02
endloop
endfacet
facet normal 0 0 0
outer loop
vertex -1.161508e-01 8.889621e-01 1.235160e-02
vertex -8.211429e-02 9.199588e-01 5.115740e-03
vertex -1.253250e-01 9.320550e-01 5.078000e-03
endloop
endfacet
facet normal 0 0 0
outer loop
vertex -9.128673e-02 9.468873e-01 5.609734e-03
vertex -1.253250e-01 9.320550e-01 5.078000e-03
vertex -8.211429e-02 9.199588e-01 5.115740e-03
endloop
endfacet
facet normal 0 0 0
outer loop
vertex -1.497050e-01 6.098400e-01 -5.494864e-02
vertex -1.383914e-01 6.530014e-01 -5.225346e-02
vertex -1.064732e-01 6.103725e-01 -5.402392e-02
endloop
endfacet
facet normal 0 0 0
outer loop
vertex -3.882949e-01 6.213672e-01 -3.171626e-02
vertex -3.690978e-01 6.407541e-01 -3.771134e-02
vertex -3.619100e-01 6.044891e-01 -4.243972e-02
endloop
endfacet
facet normal 0 0 0
outer loop
vertex -3.040402e-01 6.980057e-01 3.924698e-02
vertex -3.336712e-01 6.326023e-01 5.208957e-02
vertex -3.026490e-01 6.576040e-01 4.402200e-02
endloop
endfacet
facet normal 0 0 0
outer loop
vertex -8.220321e-02 1.028133e-01 -4.298299e-02
vertex -1.076169e-01 1.329155e-01 -4.167508e-02
vertex -1.070490e-01 1.058927e-01 -4.648372e-02
endloop
endfacet
facet normal 0 0 0
outer loop
vertex -8.844164e-02 3.794893e-01 -4.067382e-02
vertex -1.252286e-01 3.272885e-01 -3.043745e-02
vertex -1.388291e-01 3.721214e-01 -4.081567e-02
endloop
endfacet
facet normal 0 0 0
outer loop
vertex -1.992976e-01 3.774257e-01 4.049521e-02
vertex -1.937031e-01 3.300801e-01 3.412684e-02
vertex -1.483956e-01 3.307418e-01 3.308758e-02
endloop
endfacet
facet normal 0 0 0
outer loop
vertex 1.843232e-01 5.915881e-01 2.285190e-02
vertex 1.993039e-01 6.378952e-01 8.084436e-03
vertex 1.615942e-01 6.360947e-01 2.229172e-02
endloop
endfacet
facet normal 0 0 0
outer loop
vertex -6.371196e-02 2.947191e-01 -1.972459e-02
vertex -1.089911e-01 2.703126e-01 -1.162302e-02
vertex -1.252286e-01 3.272885e-01 -3.043745e-02
endloop
endfacet
facet normal 0 0 0
outer loop
vertex -1.252286e-01 3.272885e-01 -3.043745e-02
vertex -1.089911e-01 2.703126e-01 -1.162302e-02
vertex -1.509279e-01 2.794666e-01 -1.627415e-02
endloop
endfacet
facet normal 0 0 0
outer loop
vertex -1.551082e-01 4.846162e-01 -5.597580e-02
vertex -1.468140e-01 4.578650e-01 -5.461900e-02
vertex -1.120739e-01 4.545786e-01 -5.344116e-02
endloop
endfacet
facet normal 0 0 0
outer loop
vertex -2.663225e-01 2.859538e-01 -2.665466e-02
vertex -2.467533e-01 2.531861e-01 -3.979946e-02
vertex -2.495156e-01 2.381167e-01 -2.893442e-02
endloop
endfacet
facet normal 0 0 0
outer loop
vertex 1.623983e-01 2.630396e-01 -3.340048e-03
vertex 1.611555e-01 2.364269e-01 4.126343e-03
vertex 1.845620e-01 2.478150e-01 4.036000e-03
endloop
endfacet
facet normal 0 0 0
outer loop
vertex -3.419070e-01 6.707990e-01 3.638600e-02
vertex -3.336712e-01 6.326023e-01 5.208957e-02
vertex -3.040402e-01 6.980057e-01 3.924698e-02
endloop
endfacet
facet normal 0 0 0
outer loop
vertex -2.799394e-01 6.386936e-01 4.906621e-02
vertex -3.082177e-01 6.119252e-01 5.714445e-02
vertex -2.667900e-01 6.029260e-01 5.532600e-02
endloop
endfacet
facet normal 0 0 0
outer loop
vertex -2.663225e-01 2.859538e-01 -2.665466e-02
vertex -2.673439e-01 3.071668e-01 -1.006489e-02
vertex -2.786271e-01 3.195240e-01 -1.631835e-02
endloop
endfacet
facet normal 0 0 0
outer loop
vertex -2.826338e-01 3.282864e-01 1.469338e-02
vertex -2.786271e-01 3.195240e-01 -1.631835e-02
vertex -2.673439e-01 3.071668e-01 -1.006489e-02
endloop
endfacet
facet normal 0 0 0
outer loop
vertex -2.502418e-01 3.852963e-01 -3.528971e-02
vertex -2.605485e-01 4.271218e-01 -3.770766e-02
vertex -2.068538e-01 4.352689e-01 -4.927066e-02
endloop
endfacet
facet normal 0 0 0
outer loop
vertex -3.619100e-01 6.044891e-01 -4.243972e-02
vertex -3.690978e-01 6.407541e-01 -3.771134e-02
vertex -3.502047e-01 6.340687e-01 -4.652403e-02
endloop
endfacet
facet normal 0 0 0
outer loop
vertex -3.502047e-01 6.340687e-01 -4.652403e-02
vertex -3.380696e-01 6.152372e-01 -5.329961e-02
vertex -3.619100e-01 6.044891e-01 -4.243972e-02
endloop
endfacet
facet normal 0 0 0
outer loop
vertex -8.602139e-02 1.238640e-01 -4.811492e-02
vertex -1.076169e-01 1.329155e-01 -4.167508e-02
vertex -8.220321e-02 1.028133e-01 -4.298299e-02
endloop
endfacet
facet normal 0 0 0
outer loop
vertex -1.677655e-01 1.261693e-01 -4.789795e-02
vertex -1.679006e-01 1.176193e-01 -5.759306e-02
vertex -1.760392e-01 1.348093e-01 -5.583596e-02
endloop
endfacet
facet normal 0 0 0
outer loop
vertex 3.097874e-01 5.320801e-01 -4.480316e-03
vertex 3.322178e-01 5.507413e-01 5.174152e-03
vertex 3.400500e-01 5.079949e-01 -3.621109e-03
endloop
endfacet
facet normal 0 0 0
outer loop
vertex 1.684173e-01 4.196924e-01 -8.628992e-03
vertex 1.777760e-01 4.321630e-01 -3.294000e-03
vertex 1.866321e-01 4.256783e-01 -5.564985e-03
endloop
endfacet
facet normal 0 0 0
outer loop
vertex 1.737610e-01 4.369320e-01 -8.709427e-03
vertex 1.777760e-01 4.321630e-01 -3.294000e-03
vertex 1.684173e-01 4.196924e-01 -8.628992e-03
endloop
endfacet
facet normal 0 0 0
outer loop
vertex -2.152671e-01 5.757654e-01 5.837225e-02
vertex -1.822934e-01 6.017795e-01 5.649432e-02
vertex -2.226686e-01 6.291158e-01 5.499377e-02
endloop
endfacet
facet normal 0 0 0
outer loop
vertex 1.749490e-01 4.157640e-01 4.321000e-03
vertex 1.863227e-01 4.035108e-01 -3.180383e-03
vertex 1.866321e-01 4.256783e-01 -5.564985e-03
endloop
endfacet
facet normal 0 0 0
outer loop
vertex 1.546765e-01 3.977928e-01 -9.442271e-03
vertex 1.684173e-01 4.196924e-01 -8.628992e-03
vertex 1.863227e-01 4.035108e-01 -3.180383e-03
endloop
endfacet
facet normal 0 0 0
outer loop
vertex -3.087479e-01 3.417338e-01 -3.683064e-03
vertex -2.786271e-01 3.195240e-01 -1.631835e-02
vertex -2.826338e-01 3.282864e-01 1.469338e-02
endloop
endfacet
facet normal 0 0 0
outer loop
vertex -1.766565e-03 3.723209e-02 -5.184320e-02
vertex 1.703847e-02 2.328561e-02 -5.017390e-02
vertex -1.388601e-02 3.186283e-02 -4.879080e-02
endloop
endfacet
facet normal 0 0 0
outer loop
vertex -2.398707e-01 6.859049e-01 4.817857e-02
vertex -2.799394e-01 6.386936e-01 4.906621e-02
vertex -2.226686e-01 6.291158e-01 5.499377e-02
endloop
endfacet
facet normal 0 0 0
outer loop
vertex 6.370464e-02 1.081477e+00 -4.069751e-03
vertex 3.957177e-02 1.089430e+00 -3.513556e-03
vertex 6.236711e-02 1.101759e+00 -3.408170e-03
endloop
endfacet
facet normal 0 0 0
outer loop
vertex 1.582635e-01 4.738002e-01 2.386669e-02
vertex 1.761763e-01 4.364121e-01 8.016140e-03
vertex 1.822842e-01 4.567147e-01 8.322403e-03
endloop
endfacet
facet normal 0 0 0
outer loop
vertex -3.305837e-01 7.333511e-01 2.423458e-02
vertex -3.419070e-01 6.707990e-01 3.638600e-02
vertex -3.040402e-01 6.980057e-01 3.924698e-02
endloop
endfacet
facet normal 0 0 0
outer loop
vertex -3.299367e-01 4.705922e-01 -4.239897e-02
vertex -2.577417e-01 4.617397e-01 -4.048191e-02
vertex -3.062810e-01 4.299020e-01 -3.142200e-02
endloop
endfacet
facet normal 0 0 0
outer loop
vertex 3.821232e-01 6.431579e-01 4.245615e-03
vertex 3.488573e-01 6.722025e-01 -3.543939e-03
vertex 3.822326e-01 6.847939e-01 4.247415e-03
endloop
endfacet
facet normal 0 0 0
outer loop
vertex -5.055254e-01 5.181180e-01 -5.715958e-03
vertex -4.863548e-01 5.135452e-01 -1.789439e-02
vertex -4.713998e-01 4.886994e-01 -1.380556e-03
endloop
endfacet
facet normal 0 0 0
outer loop
vertex -4.713998e-01 4.886994e-01 -1.380556e-03
vertex -4.871162e-01 5.067271e-01 1.517151e-02
vertex -5.055254e-01 5.181180e-01 -5.715958e-03
endloop
endfacet
facet normal 0 0 0
outer loop
vertex -1.728260e-01 3.851430e-01 -4.220800e-02
vertex -1.388291e-01 3.721214e-01 -4.081567e-02
vertex -1.651709e-01 3.376325e-01 -3.439355e-02
endloop
endfacet
facet normal 0 0 0
outer loop
vertex 2.473252e-01 4.491599e-01 -5.048370e-03
vertex 2.611636e-01 4.323887e-01 4.326846e-03
vertex 2.388036e-01 4.581760e-01 7.116473e-03
endloop
endfacet
facet normal 0 0 0
outer loop
vertex -2.913334e-01 7.591764e-01 3.001274e-02
vertex -2.606981e-01 8.045689e-01 2.422570e-02
vertex -3.079747e-01 8.060977e-01 8.562622e-03
endloop
endfacet
facet normal 0 0 0
outer loop
vertex -2.418575e-02 4.133399e-02 5.395920e-02
vertex -1.580961e-02 3.608793e-02 4.402624e-02
vertex 5.407284e-03 2.873255e-02 5.057090e-02
endloop
endfacet
facet normal 0 0 0
outer loop
vertex -1.691351e-01 6.513601e-01 5.331436e-02
vertex -1.346251e-01 6.045486e-01 5.589284e-02
vertex -1.096315e-01 6.751903e-01 5.080024e-02
endloop
endfacet
facet normal 0 0 0
outer loop
vertex -5.160782e-03 3.187018e-01 -2.189683e-02
vertex -5.418304e-02 3.504633e-01 -3.280422e-02
vertex -8.353328e-04 4.066790e-01 -3.898507e-02
endloop
endfacet
facet normal 0 0 0
outer loop
vertex -1.679006e-01 1.176193e-01 -5.759306e-02
vertex -1.677655e-01 1.261693e-01 -4.789795e-02
vertex -1.565083e-01 1.073748e-01 -5.204603e-02
endloop
endfacet
facet normal 0 0 0
outer loop
vertex -1.106452e-01 9.733154e-01 2.130000e-04
vertex -1.127752e-01 9.527647e-01 6.499682e-03
vertex -1.010506e-01 9.685860e-01 6.136170e-03
endloop
endfacet
facet normal 0 0 0
outer loop
vertex 1.770230e-01 4.879170e-01 -1.951000e-02
vertex 1.890681e-01 4.806850e-01 -1.103092e-02
vertex 1.797036e-01 4.585408e-01 -9.251443e-03
endloop
endfacet
facet normal 0 0 0
outer loop
vertex 6.487462e-02 5.463803e-01 4.171378e-02
vertex 7.405541e-02 5.832079e-01 4.019231e-02
vertex 1.865237e-02 5.746976e-01 4.668520e-02
endloop
endfacet
facet normal 0 0 0
outer loop
vertex -1.796964e-01 5.193115e-01 7.138479e-02
vertex -2.050966e-01 5.319221e-01 5.552398e-02
vertex -2.168261e-01 5.065923e-01 6.668814e-02
endloop
endfacet
facet normal 0 0 0
outer loop
vertex -8.211429e-02 9.199588e-01 5.115740e-03
vertex -1.161508e-01 8.889621e-01 1.235160e-02
vertex -7.447905e-02 8.788007e-01 1.527582e-02
endloop
endfacet
facet normal 0 0 0
outer loop
vertex -2.055560e-01 1.911797e-01 5.276883e-02
vertex -1.999406e-01 2.340655e-01 4.121880e-02
vertex -2.281257e-01 2.320786e-01 4.716070e-02
endloop
endfacet
facet normal 0 0 0
outer loop
vertex 4.143234e-01 7.637240e-01 -3.831153e-03
vertex 4.201610e-01 7.560846e-01 4.277946e-03
vertex 4.110487e-01 7.747412e-01 4.451425e-03
endloop
endfacet
facet normal 0 0 0
outer loop
vertex 4.110487e-01 7.747412e-01 4.451425e-03
vertex 4.054489e-01 7.639090e-01 -4.579306e-03
vertex 3.905043e-01 7.687970e-01 2.147453e-03
endloop
endfacet
facet normal 0 0 0
outer loop
vertex -1.388291e-01 3.721214e-01 -4.081567e-02
vertex -1.490342e-01 4.047639e-01 -4.812358e-02
vertex -1.213022e-01 4.100894e-01 -4.851875e-02
endloop
endfacet
facet normal 0 0 0
outer loop
vertex 1.061482e-01 4.241888e-01 2.677522e-02
vertex 1.377111e-01 4.233111e-01 1.944277e-02
vertex 1.262514e-01 4.558219e-01 2.860094e-02
endloop
endfacet
facet normal 0 0 0
outer loop
vertex 6.657195e-02 6.845254e-01 3.488077e-02
vertex 3.474290e-02 7.369772e-01 3.238243e-02
vertex 2.068453e-02 6.948578e-01 3.975803e-02
endloop
endfacet
facet normal 0 0 0
outer loop
vertex -3.140660e-01 5.829303e-01 5.731143e-02
vertex -3.385565e-01 5.569924e-01 4.670522e-02
vertex -3.006260e-01 5.643320e-01 5.010700e-02
endloop
endfacet
facet normal 0 0 0
outer loop
vertex -1.383914e-01 6.530014e-01 -5.225346e-02
vertex -1.497050e-01 6.098400e-01 -5.494864e-02
vertex -1.823164e-01 6.347244e-01 -5.381503e-02
endloop
endfacet
facet normal 0 0 0
outer loop
vertex -7.274201e-02 1.008005e+00 4.166323e-03
vertex -5.894015e-02 1.020517e+00 4.039308e-03
vertex -6.543005e-02 1.007182e+00 -4.931356e-03
endloop
endfacet
facet normal 0 0 0
outer loop
vertex 5.172825e-03 8.454213e-01 1.570448e-02
vertex 6.410579e-03 8.701853e-01 9.992016e-03
vertex -2.286060e-02 8.525326e-01 1.796830e-02
endloop
endfacet
facet normal 0 0 0
outer loop
vertex 4.771400e-02 8.540170e-01 4.765000e-03
vertex 6.410579e-03 8.701853e-01 9.992016e-03
vertex 5.172825e-03 8.454213e-01 1.570448e-02
endloop
endfacet
facet normal 0 0 0
outer loop
vertex 5.172825e-03 8.454213e-01 1.570448e-02
vertex 2.630982e-02 8.217035e-01 1.735519e-02
vertex 4.771400e-02 8.540170e-01 4.765000e-03
endloop
endfacet
facet normal 0 0 0
outer loop
vertex -1.474096e-01 2.295538e-01 4.135562e-02
vertex -1.445520e-01 1.912660e-01 5.124200e-02
vertex -1.261331e-01 1.862135e-01 4.781479e-02
endloop
endfacet
facet normal 0 0 0
outer loop
vertex -8.900610e-02 3.195563e-02 5.105512e-02
vertex -1.046788e-01 3.479460e-02 5.476208e-02
vertex -1.062788e-01 4.441881e-02 5.074644e-02
endloop
endfacet
facet normal 0 0 0
outer loop
vertex 1.551340e-01 3.981809e-01 1.032148e-02
vertex 1.863227e-01 4.035108e-01 -3.180383e-03
vertex 1.749490e-01 4.157640e-01 4.321000e-03
endloop
endfacet
facet normal 0 0 0
outer loop
vertex -1.388291e-01 3.721214e-01 -4.081567e-02
vertex -1.252286e-01 3.272885e-01 -3.043745e-02
vertex -1.651709e-01 3.376325e-01 -3.439355e-02
endloop
endfacet
facet normal 0 0 0
outer loop
vertex 9.269647e-02 7.490358e-01 1.936195e-02
vertex 4.464923e-02 7.721587e-01 2.450210e-02
vertex 3.474290e-02 7.369772e-01 3.238243e-02
endloop
endfacet
facet normal 0 0 0
outer loop
vertex -2.130670e-01 5.334750e-01 7.097200e-02
vertex -2.507995e-01 5.210178e-01 5.748736e-02
vertex -2.168261e-01 5.065923e-01 6.668814e-02
endloop
endfacet
facet normal 0 0 0
outer loop
vertex -3.158530e-01 5.537410e-01 -5.351000e-02
vertex -2.554452e-01 5.570932e-01 -5.848056e-02
vertex -2.877104e-01 5.034922e-01 -5.367556e-02
endloop
endfacet
facet normal 0 0 0
outer loop
vertex -2.418575e-02 4.133399e-02 5.395920e-02
vertex -2.541281e-02 5.451012e-02 5.372924e-02
vertex -4.417964e-02 4.872481e-02 4.929808e-02
endloop
endfacet
facet normal 0 0 0
outer loop
vertex -2.970420e-01 3.772059e-01 -2.475954e-02
vertex -3.062810e-01 4.299020e-01 -3.142200e-02
vertex -2.502418e-01 3.852963e-01 -3.528971e-02
endloop
endfacet
facet normal 0 0 0
outer loop
vertex -2.418575e-02 4.133399e-02 5.395920e-02
vertex -4.417964e-02 4.872481e-02 4.929808e-02
vertex -1.580961e-02 3.608793e-02 4.402624e-02
endloop
endfacet
facet normal 0 0 0
outer loop
vertex 1.672850e-01 5.606824e-01 -2.673095e-02
vertex 1.331442e-01 5.378434e-01 -3.219178e-02
vertex 1.293913e-01 6.134323e-01 -3.009511e-02
endloop
endfacet
facet normal 0 0 0
outer loop
vertex -3.452061e-01 4.265916e-01 3.007493e-02
vertex -3.071809e-01 3.861134e-01 2.766696e-02
vertex -2.857136e-01 4.211145e-01 3.458232e-02
endloop
endfacet
facet normal 0 0 0
outer loop
vertex -1.213022e-01 4.100894e-01 -4.851875e-02
vertex -7.244332e-02 4.240264e-01 -4.821925e-02
vertex -8.844164e-02 3.794893e-01 -4.067382e-02
endloop
endfacet
facet normal 0 0 0
outer loop
vertex -1.478088e-02 5.822387e-01 -6.475617e-02
vertex -3.026847e-02 5.761377e-01 -6.445631e-02
vertex -2.027500e-02 5.577020e-01 -6.666800e-02
endloop
endfacet
facet normal 0 0 0
outer loop
vertex -7.540617e-02 6.537282e-01 -5.025167e-02
vertex -1.081650e-01 6.876057e-01 -4.863317e-02
vertex -4.031011e-02 7.160010e-01 -4.222627e-02
endloop
endfacet
facet normal 0 0 0
outer loop
vertex -1.800236e-01 2.290829e-01 -4.716437e-02
vertex -1.698704e-01 1.886416e-01 -5.059485e-02
vertex -1.853105e-01 2.111177e-01 -4.155494e-02
endloop
endfacet
facet normal 0 0 0
outer loop
vertex 2.513409e-01 5.742196e-01 -1.157715e-02
vertex 2.739011e-01 5.270203e-01 -5.708867e-03
vertex 2.200446e-01 5.401353e-01 -1.786109e-02
endloop
endfacet
facet normal 0 0 0
outer loop
vertex -4.799778e-02 5.647118e-01 -7.255312e-02
vertex -6.910036e-02 5.912860e-01 -7.352885e-02
vertex -7.424220e-02 5.675209e-01 -7.303118e-02
endloop
endfacet
facet normal 0 0 0
outer loop
vertex 8.102880e-02 7.834888e-01 1.471682e-02
vertex 9.269647e-02 7.490358e-01 1.936195e-02
vertex 1.159469e-01 7.846541e-01 4.339024e-03
endloop
endfacet
facet normal 0 0 0
outer loop
vertex 9.917300e-02 8.048200e-01 4.412000e-03
vertex 8.102880e-02 7.834888e-01 1.471682e-02
vertex 1.159469e-01 7.846541e-01 4.339024e-03
endloop
endfacet
facet normal 0 0 0
outer loop
vertex -3.882565e-01 5.541568e-01 3.939199e-02
vertex -3.385565e-01 5.569924e-01 4.670522e-02
vertex -3.698487e-01 5.891455e-01 3.691330e-02
endloop
endfacet
facet normal 0 0 0
outer loop
vertex -5.707134e-02 7.816899e-01 3.516787e-02
vertex -9.446316e-02 7.329469e-01 4.400990e-02
vertex -2.663605e-02 7.118564e-01 4.273285e-02
endloop
endfacet
facet normal 0 0 0
outer loop
vertex -3.071809e-01 3.861134e-01 2.766696e-02
vertex -3.337927e-01 3.706402e-01 1.827088e-02
vertex -3.038646e-01 3.521243e-01 2.140071e-02
endloop
endfacet
facet normal 0 0 0
outer loop
vertex -3.337927e-01 3.706402e-01 1.827088e-02
vertex -3.087479e-01 3.417338e-01 -3.683064e-03
vertex -3.038646e-01 3.521243e-01 2.140071e-02
endloop
endfacet
facet normal 0 0 0
outer loop
vertex -5.653388e-02 8.556899e-02 -5.239123e-02
vertex -5.572110e-02 7.550201e-02 -4.337928e-02
vertex -3.426100e-02 6.631000e-02 -4.905000e-02
endloop
endfacet
facet normal 0 0 0
outer loop
vertex -3.737651e-01 5.754221e-01 -3.822213e-02
vertex -3.301642e-01 5.887109e-01 -5.514574e-02
vertex -3.158530e-01 5.537410e-01 -5.351000e-02
endloop
endfacet
facet normal 0 0 0
outer loop
vertex -3.558189e-01 5.367969e-01 -4.600281e-02
vertex -3.737651e-01 5.754221e-01 -3.822213e-02
vertex -3.158530e-01 5.537410e-01 -5.351000e-02
endloop
endfacet
facet normal 0 0 0
outer loop
vertex -8.856605e-02 9.950648e-01 1.940434e-03
vertex -7.274201e-02 1.008005e+00 4.166323e-03
vertex -6.543005e-02 1.007182e+00 -4.931356e-03
endloop
endfacet
facet normal 0 0 0
outer loop
vertex -8.856605e-02 9.950648e-01 1.940434e-03
vertex -6.368500e-02 9.959520e-01 6.434000e-03
vertex -7.274201e-02 1.008005e+00 4.166323e-03
endloop
endfacet
facet normal 0 0 0
outer loop
vertex -1.076530e-01 9.304021e-01 -4.085998e-03
vertex -1.038566e-01 9.593203e-01 -5.406335e-03
vertex -9.128673e-02 9.468873e-01 5.609734e-03
endloop
endfacet
facet normal 0 0 0
outer loop
vertex -1.106452e-01 9.733154e-01 2.130000e-04
vertex -1.395380e-01 9.473850e-01 2.044000e-03
vertex -1.127752e-01 9.527647e-01 6.499682e-03
endloop
endfacet
facet normal 0 0 0
outer loop
vertex 4.799674e-01 7.614974e-01 4.130207e-03
vertex 4.395379e-01 7.722849e-01 5.128887e-03
vertex 4.472289e-01 7.459201e-01 -2.885784e-03
endloop
endfacet
facet normal 0 0 0
outer loop
vertex 9.269647e-02 7.490358e-01 1.936195e-02
vertex 3.474290e-02 7.369772e-01 3.238243e-02
vertex 6.657195e-02 6.845254e-01 3.488077e-02
endloop
endfacet
facet normal 0 0 0
outer loop
vertex 1.263529e-01 7.111590e-01 1.890208e-02
vertex 9.269647e-02 7.490358e-01 1.936195e-02
vertex 6.657195e-02 6.845254e-01 3.488077e-02
endloop
endfacet
facet normal 0 0 0
outer loop
vertex 2.988067e-01 5.503960e-01 6.107874e-03
vertex 3.322178e-01 5.507413e-01 5.174152e-03
vertex 2.949338e-01 5.814268e-01 7.904307e-03
endloop
endfacet
facet normal 0 0 0
outer loop
vertex -1.796120e-01 2.568620e-01 4.084100e-02
vertex -1.999406e-01 2.340655e-01 4.121880e-02
vertex -1.694642e-01 2.233035e-01 4.775882e-02
endloop
endfacet
facet normal 0 0 0
outer loop
vertex -1.937031e-01 3.300801e-01 3.412684e-02
vertex -2.286568e-01 2.987080e-01 3.192841e-02
vertex -1.771955e-01 2.884091e-01 2.972420e-02
endloop
endfacet
facet normal 0 0 0
outer loop
vertex -2.412421e-01 8.716205e-01 3.111728e-03
vertex -2.117619e-01 8.939432e-01 9.598706e-04
vertex -2.011000e-01 8.792700e-01 -5.854000e-03
endloop
endfacet
facet normal 0 0 0
outer loop
vertex -2.286568e-01 2.987080e-01 3.192841e-02
vertex -2.029974e-01 2.729669e-01 3.885506e-02
vertex -1.771955e-01 2.884091e-01 2.972420e-02
endloop
endfacet
facet normal 0 0 0
outer loop
vertex -2.050115e-01 8.675216e-01 1.188014e-02
vertex -2.117619e-01 8.939432e-01 9.598706e-04
vertex -2.412421e-01 8.716205e-01 3.111728e-03
endloop
endfacet
facet normal 0 0 0
outer loop
vertex -3.140660e-01 5.829303e-01 5.731143e-02
vertex -3.082177e-01 6.119252e-01 5.714445e-02
vertex -3.568914e-01 6.034753e-01 4.877489e-02
endloop
endfacet
facet normal 0 0 0
outer loop
vertex -1.362889e-01 5.457748e-02 5.679473e-02
vertex -1.375911e-01 6.768463e-02 6.166246e-02
vertex -1.527222e-01 6.884141e-02 5.450000e-02
endloop
endfacet
facet normal 0 0 0
outer loop
vertex -1.294907e-01 5.730699e-02 5.019386e-02
vertex -1.362889e-01 5.457748e-02 5.679473e-02
vertex -1.527222e-01 6.884141e-02 5.450000e-02
endloop
endfacet
facet normal 0 0 0
outer loop
vertex -2.395763e-02 5.654411e-01 5.114844e-02
vertex -4.722311e-02 5.413227e-01 5.330780e-02
vertex -1.369911e-02 5.220925e-01 5.012549e-02
endloop
endfacet
facet normal 0 0 0
outer loop
vertex 1.365118e-01 3.735176e-01 -9.172663e-03
vertex 1.546765e-01 3.977928e-01 -9.442271e-03
vertex 1.769994e-01 3.714511e-01 -3.227791e-03
endloop
endfacet
facet normal 0 0 0
outer loop
vertex 2.701449e-01 6.435748e-01 -6.840866e-03
vertex 2.928044e-01 6.250103e-01 -4.803809e-03
vertex 2.685220e-01 6.100274e-01 -8.015973e-03
endloop
endfacet
facet normal 0 0 0
outer loop
vertex 2.400869e-01 6.186264e-01 -1.082835e-02
vertex 2.701449e-01 6.435748e-01 -6.840866e-03
vertex 2.685220e-01 6.100274e-01 -8.015973e-03
endloop
endfacet
facet normal 0 0 0
outer loop
vertex -1.796120e-01 1.403720e-01 4.427300e-02
vertex -1.631325e-01 9.698647e-02 4.763560e-02
vertex -1.984004e-01 1.268704e-01 4.945943e-02
endloop
endfacet
facet normal 0 0 0
outer loop
vertex 1.905054e-01 4.338488e-02 6.056481e-03
vertex 1.636710e-01 4.594900e-02 1.827000e-03
vertex 1.858712e-01 4.330192e-02 -4.572203e-03
endloop
endfacet
facet normal 0 0 0
outer loop
vertex -1.967740e-01 1.286939e-01 -4.538592e-02
vertex -1.781209e-01 1.476158e-01 -4.495655e-02
vertex -2.127194e-01 1.589633e-01 -4.077682e-02
endloop
endfacet
facet normal 0 0 0
outer loop
vertex -1.237815e-01 5.061224e-02 -5.983460e-02
vertex -8.792797e-02 3.412493e-02 -5.897386e-02
vertex -1.106563e-01 3.915530e-02 -5.183327e-02
endloop
endfacet
facet normal 0 0 0
outer loop
vertex 1.346584e-01 7.115545e-01 -1.541874e-02
vertex 7.959781e-02 7.201647e-01 -2.678465e-02
vertex 1.296147e-01 7.503544e-01 -8.598749e-03
endloop
endfacet
facet normal 0 0 0
outer loop
vertex -3.158530e-01 5.537410e-01 -5.351000e-02
vertex -2.877104e-01 5.034922e-01 -5.367556e-02
vertex -3.302660e-01 5.132142e-01 -5.020656e-02
endloop
endfacet
facet normal 0 0 0
outer loop
vertex -2.554781e-01 2.742915e-01 3.549085e-02
vertex -2.663034e-01 2.848949e-01 2.149651e-02
vertex -2.541144e-01 2.476996e-01 3.415662e-02
endloop
endfacet
facet normal 0 0 0
outer loop
vertex -3.558189e-01 5.367969e-01 -4.600281e-02
vertex -3.158530e-01 5.537410e-01 -5.351000e-02
vertex -3.302660e-01 5.132142e-01 -5.020656e-02
endloop
endfacet
facet normal 0 0 0
outer loop
vertex -2.623492e-01 6.672697e-01 -4.873366e-02
vertex -2.059275e-01 6.868978e-01 -4.882957e-02
vertex -2.209854e-01 6.332053e-01 -5.402984e-02
endloop
endfacet
facet normal 0 0 0
outer loop
vertex 6.860457e-02 4.210553e-01 3.282154e-02
vertex 1.061482e-01 4.241888e-01 2.677522e-02
vertex 6.873492e-02 4.637569e-01 3.824635e-02
endloop
endfacet
facet normal 0 0 0
outer loop
vertex 1.061482e-01 4.241888e-01 2.677522e-02
vertex 1.262514e-01 4.558219e-01 2.860094e-02
vertex 6.873492e-02 4.637569e-01 3.824635e-02
endloop
endfacet
facet normal 0 0 0
outer loop
vertex -1.373190e-01 4.259300e-01 -5.918200e-02
vertex -1.649090e-01 4.324350e-01 -5.662500e-02
vertex -1.512315e-01 4.459715e-01 -6.399097e-02
endloop
endfacet
facet normal 0 0 0
outer loop
vertex -1.967740e-01 1.286939e-01 -4.538592e-02
vertex -1.836410e-01 1.046192e-01 -5.007557e-02
vertex -1.677655e-01 1.261693e-01 -4.789795e-02
endloop
endfacet
facet normal 0 0 0
outer loop
vertex 2.630982e-02 8.217035e-01 1.735519e-02
vertex 6.206276e-02 8.118256e-01 1.268210e-02
vertex 4.771400e-02 8.540170e-01 4.765000e-03
endloop
endfacet
facet normal 0 0 0
outer loop
vertex -2.445810e-01 4.938830e-01 5.605200e-02
vertex -2.083640e-01 4.622270e-01 6.070700e-02
vertex -2.168261e-01 5.065923e-01 6.668814e-02
endloop
endfacet
facet normal 0 0 0
outer loop
vertex 3.825260e-02 9.667992e-01 -4.019948e-03
vertex 8.596703e-04 9.226894e-01 5.019729e-03
vertex 4.211182e-02 8.944248e-01 6.120904e-03
endloop
endfacet
facet normal 0 0 0
outer loop
vertex 7.953746e-02 9.409428e-01 4.652475e-03
vertex 3.825260e-02 9.667992e-01 -4.019948e-03
vertex 4.211182e-02 8.944248e-01 6.120904e-03
endloop
endfacet
facet normal 0 0 0
outer loop
vertex 8.596703e-04 9.226894e-01 5.019729e-03
vertex 4.445746e-03 8.775958e-01 -7.364945e-03
vertex -2.240600e-02 8.958630e-01 -4.004000e-03
endloop
endfacet
facet normal 0 0 0
outer loop
vertex -2.240600e-02 8.958630e-01 -4.004000e-03
vertex 4.445746e-03 8.775958e-01 -7.364945e-03
vertex -2.326520e-02 8.523471e-01 -1.696652e-02
endloop
endfacet
facet normal 0 0 0
outer loop
vertex 1.289972e-01 8.570159e-01 -3.249391e-03
vertex 1.620961e-01 8.605612e-01 3.468655e-03
vertex 1.642050e-01 8.404460e-01 -2.975000e-03
endloop
endfacet
facet normal 0 0 0
outer loop
vertex -1.237815e-01 5.061224e-02 -5.983460e-02
vertex -1.106563e-01 3.915530e-02 -5.183327e-02
vertex -1.339188e-01 5.500185e-02 -5.109519e-02
endloop
endfacet
facet normal 0 0 0
outer loop
vertex 1.044157e-01 5.051093e-01 3.635101e-02
vertex 1.118209e-01 5.564215e-01 3.600049e-02
vertex 6.487462e-02 5.463803e-01 4.171378e-02
endloop
endfacet
facet normal 0 0 0
outer loop
vertex 1.543151e-01 5.553479e-01 3.035267e-02
vertex 1.118209e-01 5.564215e-01 3.600049e-02
vertex 1.044157e-01 5.051093e-01 3.635101e-02
endloop
endfacet
facet normal 0 0 0
outer loop
vertex -3.071809e-01 3.861134e-01 2.766696e-02
vertex -3.038646e-01 3.521243e-01 2.140071e-02
vertex -2.743963e-01 3.636936e-01 2.983308e-02
endloop
endfacet
facet normal 0 0 0
outer loop
vertex 6.835619e-02 4.164896e-01 -3.138666e-02
vertex 3.824463e-02 4.446881e-01 -3.941644e-02
vertex 8.172928e-02 4.537042e-01 -3.472514e-02
endloop
endfacet
facet normal 0 0 0
outer loop
vertex 2.610282e-02 3.110092e-01 1.686173e-02
vertex 1.467733e-02 3.435186e-01 2.563732e-02
vertex -2.975384e-02 2.976418e-01 2.022128e-02
endloop
endfacet
facet normal 0 0 0
outer loop
vertex -1.215553e-01 4.273044e-01 5.167633e-02
vertex -1.017485e-01 3.791486e-01 4.238601e-02
vertex -7.252342e-02 4.296682e-01 4.958767e-02
endloop
endfacet
facet normal 0 0 0
outer loop
vertex -1.035956e-01 1.112015e-01 4.442899e-02
vertex -8.854665e-02 9.478650e-02 4.473248e-02
vertex -1.123123e-01 1.139999e-01 5.603355e-02
endloop
endfacet
facet normal 0 0 0
outer loop
vertex 1.973678e-02 2.848300e-01 -1.106691e-02
vertex -7.342902e-03 2.583719e-01 -8.950613e-03
vertex -5.160782e-03 3.187018e-01 -2.189683e-02
endloop
endfacet
facet normal 0 0 0
outer loop
vertex 1.973678e-02 2.848300e-01 -1.106691e-02
vertex -5.160782e-03 3.187018e-01 -2.189683e-02
vertex 5.495825e-02 3.043136e-01 -9.478309e-03
endloop
endfacet
facet normal 0 0 0
outer loop
vertex -1.036799e-01 3.071028e-01 2.480205e-02
vertex -6.495871e-02 3.378079e-01 3.111266e-02
vertex -1.017485e-01 3.791486e-01 4.238601e-02
endloop
endfacet
facet normal 0 0 0
outer loop
vertex 4.595625e-01 7.869968e-01 4.781736e-03
vertex 4.783098e-01 7.909687e-01 -2.933950e-03
vertex 4.372891e-01 7.831665e-01 -3.613973e-03
endloop
endfacet
facet normal 0 0 0
outer loop
vertex -8.854665e-02 9.478650e-02 4.473248e-02
vertex -9.499055e-02 9.232574e-02 5.474554e-02
vertex -1.123123e-01 1.139999e-01 5.603355e-02
endloop
endfacet
facet normal 0 0 0
outer loop
vertex 1.659134e-01 7.184126e-01 -3.097942e-03
vertex 1.643212e-01 7.575537e-01 -3.056758e-03
vertex 1.949107e-01 7.321835e-01 -1.255129e-03
endloop
endfacet
facet normal 0 0 0
outer loop
vertex 3.175742e-01 4.859630e-01 5.511102e-03
vertex 3.029362e-01 5.234300e-01 6.483821e-03
vertex 2.739090e-01 4.858850e-01 6.789000e-03
endloop
endfacet
facet normal 0 0 0
outer loop
vertex -5.996856e-02 9.711081e-01 -4.074025e-03
vertex -5.366634e-02 9.975579e-01 -4.025725e-03
vertex -3.363666e-02 9.822184e-01 5.154926e-03
endloop
endfacet
facet normal 0 0 0
outer loop
vertex -6.543005e-02 1.007182e+00 -4.931356e-03
vertex -5.366634e-02 9.975579e-01 -4.025725e-03
vertex -7.551225e-02 9.863912e-01 -5.379447e-03
endloop
endfacet
facet normal 0 0 0
outer loop
vertex -6.573000e-03 2.065340e-01 7.334000e-03
vertex -1.056900e-02 1.849890e-01 2.010000e-03
vertex 1.802736e-02 1.757136e-01 6.937451e-03
endloop
endfacet
facet normal 0 0 0
outer loop
vertex 7.574854e-02 7.742642e-01 -1.685473e-02
vertex 1.296147e-01 7.503544e-01 -8.598749e-03
vertex 7.959781e-02 7.201647e-01 -2.678465e-02
endloop
endfacet
facet normal 0 0 0
outer loop
vertex -4.646785e-01 5.757254e-01 2.149448e-02
vertex -4.552080e-01 6.091937e-01 1.259111e-02
vertex -5.037904e-01 5.812916e-01 1.005712e-02
endloop
endfacet
facet normal 0 0 0
outer loop
vertex -4.799778e-02 5.647118e-01 -7.255312e-02
vertex -7.424220e-02 5.675209e-01 -7.303118e-02
vertex -6.588361e-02 5.563955e-01 -6.533916e-02
endloop
endfacet
facet normal 0 0 0
outer loop
vertex 6.487462e-02 5.463803e-01 4.171378e-02
vertex 2.580855e-02 5.052339e-01 4.564413e-02
vertex 6.471320e-02 5.046833e-01 4.115405e-02
endloop
endfacet
facet normal 0 0 0
outer loop
vertex -1.407903e-01 8.557758e-02 5.442628e-02
vertex -1.375911e-01 6.768463e-02 6.166246e-02
vertex -1.258434e-01 6.809419e-02 5.314026e-02
endloop
endfacet
facet normal 0 0 0
outer loop
vertex -1.388601e-02 3.186283e-02 -4.879080e-02
vertex -4.843607e-02 5.093744e-02 -4.966674e-02
vertex -3.706753e-02 5.381009e-02 -5.470346e-02
endloop
endfacet
facet normal 0 0 0
outer loop
vertex -3.706753e-02 5.381009e-02 -5.470346e-02
vertex -1.766565e-03 3.723209e-02 -5.184320e-02
vertex -1.388601e-02 3.186283e-02 -4.879080e-02
endloop
endfacet
facet normal 0 0 0
outer loop
vertex -7.879233e-02 8.066960e-02 -5.565923e-02
vertex -3.706753e-02 5.381009e-02 -5.470346e-02
vertex -4.843607e-02 5.093744e-02 -4.966674e-02
endloop
endfacet
facet normal 0 0 0
outer loop
vertex 2.140595e-01 3.995118e-01 -2.977842e-03
vertex 1.769994e-01 3.714511e-01 -3.227791e-03
vertex 1.863227e-01 4.035108e-01 -3.180383e-03
endloop
endfacet
facet normal 0 0 0
outer loop
vertex -3.548451e-01 3.987701e-01 -2.014797e-02
vertex -3.883790e-01 4.156581e-01 -1.324276e-02
vertex -3.600020e-01 4.265090e-01 -2.375900e-02
endloop
endfacet
facet normal 0 0 0
outer loop
vertex 8.012577e-02 5.508828e-01 -3.880329e-02
vertex 2.335479e-02 5.336272e-01 -4.541830e-02
vertex 4.916387e-02 5.676166e-01 -4.233777e-02
endloop
endfacet
facet normal 0 0 0
outer loop
vertex 2.122840e-01 3.707760e-01 4.174000e-03
vertex 1.769994e-01 3.714511e-01 -3.227791e-03
vertex 2.140595e-01 3.995118e-01 -2.977842e-03
endloop
endfacet
facet normal 0 0 0
outer loop
vertex -3.363666e-02 9.822184e-01 5.154926e-03
vertex -1.138270e-02 1.008613e+00 -4.130621e-03
vertex -3.663233e-02 1.002903e+00 5.164888e-03
endloop
endfacet
facet normal 0 0 0
outer loop
vertex -1.630449e-01 2.516319e-01 4.006097e-02
vertex -1.694642e-01 2.233035e-01 4.775882e-02
vertex -1.474096e-01 2.295538e-01 4.135562e-02
endloop
endfacet
facet normal 0 0 0
outer loop
vertex -1.474096e-01 2.295538e-01 4.135562e-02
vertex -1.694642e-01 2.233035e-01 4.775882e-02
vertex -1.445520e-01 1.912660e-01 5.124200e-02
endloop
endfacet
facet normal 0 0 0
outer loop
vertex 1.700406e-01 1.077421e+00 4.297900e-03
vertex 1.376332e-01 1.085481e+00 -3.793186e-03
vertex 1.326463e-01 1.052745e+00 4.541647e-03
endloop
endfacet
facet normal 0 0 0
outer loop
vertex 5.209961e-02 1.052394e+00 -4.083626e-03
vertex 4.002530e-02 1.013893e+00 -4.080301e-03
vertex 2.424490e-02 1.041418e+00 -4.160751e-03
endloop
endfacet
facet normal 0 0 0
outer loop
vertex -3.056383e-01 5.195628e-01 5.502887e-02
vertex -2.704317e-01 5.599049e-01 5.869638e-02
vertex -3.006260e-01 5.643320e-01 5.010700e-02
endloop
endfacet
facet normal 0 0 0
outer loop
vertex -1.786023e-01 2.446192e-01 3.099265e-02
vertex -1.701536e-01 2.059290e-01 3.764787e-02
vertex -1.999406e-01 2.340655e-01 4.121880e-02
endloop
endfacet
facet normal 0 0 0
outer loop
vertex -2.608816e-01 6.281043e-01 -5.360115e-02
vertex -2.368431e-01 5.959733e-01 -5.699301e-02
vertex -2.708016e-01 6.001273e-01 -5.705788e-02
endloop
endfacet
facet normal 0 0 0
outer loop
vertex -1.468715e-01 1.565533e-01 -5.229092e-02
vertex -1.698704e-01 1.886416e-01 -5.059485e-02
vertex -1.445520e-01 1.935280e-01 -4.998200e-02
endloop
endfacet
facet normal 0 0 0
outer loop
vertex -4.571805e-02 5.028606e-01 7.078175e-02
vertex -8.948746e-02 5.003069e-01 7.163089e-02
vertex -6.271625e-02 4.801682e-01 7.066201e-02
endloop
endfacet
facet normal 0 0 0
outer loop
vertex -1.828629e-02 4.923816e-02 4.359110e-02
vertex -4.417964e-02 4.872481e-02 4.929808e-02
vertex -3.258500e-02 5.668000e-02 4.364800e-02
endloop
endfacet
facet normal 0 0 0
outer loop
vertex 1.854366e-01 7.600438e-02 4.701098e-03
vertex 1.905054e-01 4.338488e-02 6.056481e-03
vertex 2.150980e-01 6.007300e-02 4.298000e-03
endloop
endfacet
facet normal 0 0 0
outer loop
vertex 1.128355e-01 9.722571e-01 -3.544597e-03
vertex 7.953746e-02 9.409428e-01 4.652475e-03
vertex 1.274544e-01 9.259812e-01 -3.330044e-03
endloop
endfacet
facet normal 0 0 0
outer loop
vertex -1.238257e-01 1.281129e-01 -5.476629e-02
vertex -1.309726e-01 1.424255e-01 -4.277543e-02
vertex -1.356346e-01 1.412178e-01 -5.315902e-02
endloop
endfacet
facet normal 0 0 0
outer loop
vertex -1.781209e-01 1.476158e-01 -4.495655e-02
vertex -1.677655e-01 1.261693e-01 -4.789795e-02
vertex -1.760392e-01 1.348093e-01 -5.583596e-02
endloop
endfacet
facet normal 0 0 0
outer loop
vertex 1.727696e-01 1.133727e+00 5.678793e-03
vertex 1.918393e-01 1.130348e+00 -3.785611e-03
vertex 1.475316e-01 1.135049e+00 6.737436e-04
endloop
endfacet
facet normal 0 0 0
outer loop
vertex 5.733128e-02 6.230769e-01 4.083349e-02
vertex 8.735187e-02 6.454102e-01 3.559394e-02
vertex 6.657195e-02 6.845254e-01 3.488077e-02
endloop
endfacet
facet normal 0 0 0
outer loop
vertex -9.966000e-03 2.444220e-01 5.740000e-03
vertex 3.414200e-02 2.760890e-01 5.348000e-03
vertex -2.975384e-02 2.976418e-01 2.022128e-02
endloop
endfacet
facet normal 0 0 0
outer loop
vertex 5.407284e-03 2.873255e-02 5.057090e-02
vertex 1.355478e-02 1.978095e-02 4.450922e-02
vertex 1.889399e-02 2.973411e-02 4.935548e-02
endloop
endfacet
facet normal 0 0 0
outer loop
vertex 9.492604e-02 1.010770e-01 -5.627682e-03
vertex 1.239091e-01 8.227190e-02 -5.355286e-03
vertex 9.443481e-02 8.426600e-02 2.457132e-03
endloop
endfacet
facet normal 0 0 0
outer loop
vertex -5.947350e-02 5.943988e-02 4.996246e-02
vertex -4.417964e-02 4.872481e-02 4.929808e-02
vertex -5.549240e-02 6.408133e-02 5.654668e-02
endloop
endfacet
facet normal 0 0 0
outer loop
vertex 1.424400e-01 1.042657e-01 5.187419e-03
vertex 1.838340e-01 1.541665e-01 -4.594743e-04
vertex 1.924790e-01 1.041810e-01 -2.901000e-03
endloop
endfacet
facet normal 0 0 0
outer loop
vertex 8.012577e-02 5.508828e-01 -3.880329e-02
vertex 7.883681e-02 6.005683e-01 -3.796628e-02
vertex 1.331442e-01 5.378434e-01 -3.219178e-02
endloop
endfacet
facet normal 0 0 0
outer loop
vertex -3.336712e-01 6.326023e-01 5.208957e-02
vertex -2.799394e-01 6.386936e-01 4.906621e-02
vertex -3.026490e-01 6.576040e-01 4.402200e-02
endloop
endfacet
facet normal 0 0 0
outer loop
vertex -2.799394e-01 6.386936e-01 4.906621e-02
vertex -2.398707e-01 6.859049e-01 4.817857e-02
vertex -3.026490e-01 6.576040e-01 4.402200e-02
endloop
endfacet
facet normal 0 0 0
outer loop
vertex -2.663605e-02 7.118564e-01 4.273285e-02
vertex 9.360754e-03 6.387737e-01 4.556129e-02
vertex 2.068453e-02 6.948578e-01 3.975803e-02
endloop
endfacet
facet normal 0 0 0
outer loop
vertex 2.068453e-02 6.948578e-01 3.975803e-02
vertex 9.360754e-03 6.387737e-01 4.556129e-02
vertex 6.657195e-02 6.845254e-01 3.488077e-02
endloop
endfacet
facet normal 0 0 0
outer loop
vertex -1.656140e-01 4.349380e-01 6.191200e-02
vertex -1.456830e-01 4.279360e-01 5.818400e-02
vertex -1.338743e-01 4.606720e-01 6.753230e-02
endloop
endfacet
facet normal 0 0 0
outer loop
vertex -1.338743e-01 4.606720e-01 6.753230e-02
vertex -1.456830e-01 4.279360e-01 5.818400e-02
vertex -1.048369e-01 4.317095e-01 6.627436e-02
endloop
endfacet
facet normal 0 0 0
outer loop
vertex 3.825260e-02 9.667992e-01 -4.019948e-03
vertex 4.002530e-02 1.013893e+00 -4.080301e-03
vertex 6.451717e-02 9.858961e-01 4.870720e-03
endloop
endfacet
facet normal 0 0 0
outer loop
vertex -3.737651e-01 5.754221e-01 -3.822213e-02
vertex -3.558189e-01 5.367969e-01 -4.600281e-02
vertex -3.870004e-01 5.071127e-01 -3.848210e-02
endloop
endfacet
facet normal 0 0 0
outer loop
vertex 4.372891e-01 7.831665e-01 -3.613973e-03
vertex 4.251645e-01 7.764811e-01 5.282147e-03
vertex 4.395379e-01 7.722849e-01 5.128887e-03
endloop
endfacet
facet normal 0 0 0
outer loop
vertex -1.980449e-01 1.586208e-01 3.984146e-02
vertex -1.984004e-01 1.268704e-01 4.945943e-02
vertex -2.179477e-01 1.650289e-01 4.274273e-02
endloop
endfacet
facet normal 0 0 0
outer loop
vertex -1.992715e-01 2.653733e-01 2.680877e-02
vertex -2.221250e-01 2.828750e-01 1.781700e-02
vertex -2.043544e-01 2.892199e-01 1.668492e-02
endloop
endfacet
facet normal 0 0 0
outer loop
vertex 2.165828e-01 4.703836e-01 5.545659e-03
vertex 2.027424e-01 4.736913e-01 -1.727894e-03
vertex 2.269167e-01 4.642286e-01 -4.913915e-03
endloop
endfacet
facet normal 0 0 0
outer loop
vertex -1.553853e-01 2.416084e-01 -4.003072e-02
vertex -2.060540e-01 2.788971e-01 -3.649310e-02
vertex -1.666432e-01 2.736155e-01 -2.788430e-02
endloop
endfacet
facet normal 0 0 0
outer loop
vertex -3.883790e-01 4.156581e-01 -1.324276e-02
vertex -3.867407e-01 4.148310e-01 1.484041e-02
vertex -4.084615e-01 4.371289e-01 -1.281935e-02
endloop
endfacet
facet normal 0 0 0
outer loop
vertex -2.060540e-01 2.788971e-01 -3.649310e-02
vertex -1.553853e-01 2.416084e-01 -4.003072e-02
vertex -1.800236e-01 2.290829e-01 -4.716437e-02
endloop
endfacet
facet normal 0 0 0
outer loop
vertex -1.935977e-01 5.008870e-01 -6.713443e-02
vertex -2.447064e-01 5.101700e-01 -6.020242e-02
vertex -2.020070e-01 5.449510e-01 -6.796500e-02
endloop
endfacet
facet normal 0 0 0
outer loop
vertex -9.925200e-02 8.270421e-01 2.859859e-02
vertex -1.632808e-01 8.726254e-01 1.501258e-02
vertex -1.660840e-01 8.081894e-01 3.192887e-02
endloop
endfacet
facet normal 0 0 0
outer loop
vertex -4.031011e-02 7.160010e-01 -4.222627e-02
vertex 3.122023e-02 7.156321e-01 -3.375226e-02
vertex 2.252796e-02 6.637750e-01 -4.145006e-02
endloop
endfacet
facet normal 0 0 0
outer loop
vertex -3.385565e-01 5.569924e-01 4.670522e-02
vertex -3.140660e-01 5.829303e-01 5.731143e-02
vertex -3.568914e-01 6.034753e-01 4.877489e-02
endloop
endfacet
facet normal 0 0 0
outer loop
vertex -1.399879e-01 6.933863e-02 -6.097060e-02
vertex -1.567498e-01 9.039005e-02 -6.014544e-02
vertex -1.403841e-01 8.456136e-02 -5.542031e-02
endloop
endfacet
facet normal 0 0 0
outer loop
vertex 8.172928e-02 4.537042e-01 -3.472514e-02
vertex 4.522537e-02 4.874564e-01 -4.179728e-02
vertex 8.983090e-02 5.076160e-01 -3.724055e-02
endloop
endfacet
facet normal 0 0 0
outer loop
vertex -7.342902e-03 2.583719e-01 -8.950613e-03
vertex 1.973678e-02 2.848300e-01 -1.106691e-02
vertex 3.212598e-02 2.304602e-01 -4.414430e-03
endloop
endfacet
facet normal 0 0 0
outer loop
vertex -1.781209e-01 1.476158e-01 -4.495655e-02
vertex -1.760392e-01 1.348093e-01 -5.583596e-02
vertex -1.916780e-01 1.597838e-01 -5.479967e-02
endloop
endfacet
facet normal 0 0 0
outer loop
vertex 8.102880e-02 7.834888e-01 1.471682e-02
vertex 9.917300e-02 8.048200e-01 4.412000e-03
vertex 6.206276e-02 8.118256e-01 1.268210e-02
endloop
endfacet
facet normal 0 0 0
outer loop
vertex 3.882464e-01 5.673218e-01 -2.883880e-03
vertex 4.096150e-01 5.333860e-01 -9.180000e-04
vertex 3.715458e-01 5.361401e-01 4.470518e-03
endloop
endfacet
facet normal 0 0 0
outer loop
vertex -5.037904e-01 5.812916e-01 1.005712e-02
vertex -4.786742e-01 5.432561e-01 2.208193e-02
vertex -4.646785e-01 5.757254e-01 2.149448e-02
endloop
endfacet
facet normal 0 0 0
outer loop
vertex -7.244332e-02 4.240264e-01 -4.821925e-02
vertex -1.120739e-01 4.545786e-01 -5.344116e-02
vertex -8.146451e-02 4.610007e-01 -5.208591e-02
endloop
endfacet
facet normal 0 0 0
outer loop
vertex -9.479823e-02 4.862697e-01 -6.181577e-02
vertex -1.120739e-01 4.545786e-01 -5.344116e-02
vertex -7.443100e-02 4.547830e-01 -6.843700e-02
endloop
endfacet
facet normal 0 0 0
outer loop
vertex -1.120739e-01 4.545786e-01 -5.344116e-02
vertex -9.479823e-02 4.862697e-01 -6.181577e-02
vertex -8.146451e-02 4.610007e-01 -5.208591e-02
endloop
endfacet
facet normal 0 0 0
outer loop
vertex -1.106452e-01 9.733154e-01 2.130000e-04
vertex -8.838201e-02 9.701280e-01 -4.809142e-03
vertex -1.038566e-01 9.593203e-01 -5.406335e-03
endloop
endfacet
facet normal 0 0 0
outer loop
vertex -8.856605e-02 9.950648e-01 1.940434e-03
vertex -6.543005e-02 1.007182e+00 -4.931356e-03
vertex -7.551225e-02 9.863912e-01 -5.379447e-03
endloop
endfacet
facet normal 0 0 0
outer loop
vertex -1.656140e-01 4.349380e-01 6.191200e-02
vertex -1.338743e-01 4.606720e-01 6.753230e-02
vertex -1.643192e-01 4.850838e-01 6.820308e-02
endloop
endfacet
facet normal 0 0 0
outer loop
vertex -2.857136e-01 4.211145e-01 3.458232e-02
vertex -3.071809e-01 3.861134e-01 2.766696e-02
vertex -2.743963e-01 3.636936e-01 2.983308e-02
endloop
endfacet
facet normal 0 0 0
outer loop
vertex -8.211429e-02 9.199588e-01 5.115740e-03
vertex -5.315213e-02 9.100364e-01 5.590246e-04
vertex -8.356053e-02 8.939955e-01 -9.630567e-03
endloop
endfacet
facet normal 0 0 0
outer loop
vertex -7.551225e-02 9.863912e-01 -5.379447e-03
vertex -5.366634e-02 9.975579e-01 -4.025725e-03
vertex -5.996856e-02 9.711081e-01 -4.074025e-03
endloop
endfacet
facet normal 0 0 0
outer loop
vertex -1.941314e-01 4.931827e-01 6.698139e-02
vertex -1.848736e-01 4.634524e-01 6.398526e-02
vertex -1.643192e-01 4.850838e-01 6.820308e-02
endloop
endfacet
facet normal 0 0 0
outer loop
vertex -2.083640e-01 4.622270e-01 6.070700e-02
vertex -1.848736e-01 4.634524e-01 6.398526e-02
vertex -1.941314e-01 4.931827e-01 6.698139e-02
endloop
endfacet
facet normal 0 0 0
outer loop
vertex -3.148233e-01 7.041747e-01 -3.569591e-02
vertex -3.359787e-01 7.269341e-01 -2.627250e-02
vertex -2.996935e-01 7.611744e-01 -2.710140e-02
endloop
endfacet
facet normal 0 0 0
outer loop
vertex 3.824463e-02 4.446881e-01 -3.941644e-02
vertex 6.835619e-02 4.164896e-01 -3.138666e-02
vertex -8.353328e-04 4.066790e-01 -3.898507e-02
endloop
endfacet
facet normal 0 0 0
outer loop
vertex -9.499055e-02 9.232574e-02 5.474554e-02
vertex -7.760709e-02 7.460526e-02 5.155742e-02
vertex -8.008043e-02 9.951182e-02 5.582518e-02
endloop
endfacet
facet normal 0 0 0
outer loop
vertex 5.563100e-02 1.392410e-01 -4.380000e-03
vertex 6.266944e-02 1.106879e-01 -3.878272e-03
vertex 2.676212e-02 1.385249e-01 1.344000e-03
endloop
endfacet
facet normal 0 0 0
outer loop
vertex 4.464923e-02 7.721587e-01 2.450210e-02
vertex 7.465112e-03 7.826183e-01 2.848233e-02
vertex 3.474290e-02 7.369772e-01 3.238243e-02
endloop
endfacet
facet normal 0 0 0
outer loop
vertex -8.008043e-02 9.951182e-02 5.582518e-02
vertex -5.555118e-02 8.637869e-02 4.923763e-02
vertex -7.153274e-02 1.020897e-01 4.610872e-02
endloop
endfacet
facet normal 0 0 0
outer loop
vertex -4.132328e-02 7.237704e-02 5.229767e-02
vertex -5.555118e-02 8.637869e-02 4.923763e-02
vertex -5.549240e-02 6.408133e-02 5.654668e-02
endloop
endfacet
facet normal 0 0 0
outer loop
vertex 1.232649e-01 3.879087e-01 1.552849e-02
vertex 1.089417e-01 3.589979e-01 1.250154e-02
vertex 1.404540e-01 3.597810e-01 4.616000e-03
endloop
endfacet
facet normal 0 0 0
outer loop
vertex -1.445520e-01 1.935280e-01 -4.998200e-02
vertex -1.393880e-01 2.123990e-01 -3.760300e-02
vertex -1.183360e-01 1.711841e-01 -4.174651e-02
endloop
endfacet
facet normal 0 0 0
outer loop
vertex -2.901776e-01 6.585003e-01 -4.633747e-02
vertex -3.034797e-01 6.431410e-01 -5.174214e-02
vertex -3.096740e-01 6.587500e-01 -4.075700e-02
endloop
endfacet
facet normal 0 0 0
outer loop
vertex -1.796120e-01 2.568620e-01 4.084100e-02
vertex -1.694642e-01 2.233035e-01 4.775882e-02
vertex -1.630449e-01 2.516319e-01 4.006097e-02
endloop
endfacet
facet normal 0 0 0
outer loop
vertex -2.944947e-01 6.216382e-01 -5.637115e-02
vertex -2.787668e-01 6.413788e-01 -5.280930e-02
vertex -2.608816e-01 6.281043e-01 -5.360115e-02
endloop
endfacet
facet normal 0 0 0
outer loop
vertex -2.830910e-01 5.797640e-01 5.166600e-02
vertex -2.667900e-01 6.029260e-01 5.532600e-02
vertex -3.082177e-01 6.119252e-01 5.714445e-02
endloop
endfacet
facet normal 0 0 0
outer loop
vertex -2.667900e-01 6.029260e-01 5.532600e-02
vertex -2.830910e-01 5.797640e-01 5.166600e-02
vertex -2.704317e-01 5.599049e-01 5.869638e-02
endloop
endfacet
facet normal 0 0 0
outer loop
vertex 2.252796e-02 6.637750e-01 -4.145006e-02
vertex -2.743264e-02 6.344353e-01 -4.823164e-02
vertex -4.031011e-02 7.160010e-01 -4.222627e-02
endloop
endfacet
facet normal 0 0 0
outer loop
vertex -5.094080e-02 6.392892e-01 5.088040e-02
vertex -9.556901e-02 6.291052e-01 5.378423e-02
vertex -5.693167e-02 5.872658e-01 5.344422e-02
endloop
endfacet
facet normal 0 0 0
outer loop
vertex -4.871162e-01 5.067271e-01 1.517151e-02
vertex -5.036890e-01 5.194431e-01 1.283381e-02
vertex -5.055254e-01 5.181180e-01 -5.715958e-03
endloop
endfacet
facet normal 0 0 0
outer loop
vertex -3.634500e-02 9.264674e-01 5.082763e-03
vertex -5.315213e-02 9.100364e-01 5.590246e-04
vertex -3.364604e-02 8.819842e-01 1.196475e-02
endloop
endfacet
facet normal 0 0 0
outer loop
vertex -3.364604e-02 8.819842e-01 1.196475e-02
vertex -5.315213e-02 9.100364e-01 5.590246e-04
vertex -7.447905e-02 8.788007e-01 1.527582e-02
endloop
endfacet
facet normal 0 0 0
outer loop
vertex -1.640578e-02 5.335764e-01 -4.940524e-02
vertex -4.845935e-02 5.413531e-01 -5.223988e-02
vertex -2.221430e-02 5.626349e-01 -4.987495e-02
endloop
endfacet
facet normal 0 0 0
outer loop
vertex -6.588361e-02 5.563955e-01 -6.533916e-02
vertex -8.935584e-02 5.459362e-01 -5.480743e-02
vertex -5.525916e-02 5.356303e-01 -7.172790e-02
endloop
endfacet
facet normal 0 0 0
outer loop
vertex -2.542408e-01 4.708998e-01 4.279050e-02
vertex -2.507995e-01 5.210178e-01 5.748736e-02
vertex -2.787117e-01 4.933652e-01 5.069282e-02
endloop
endfacet
facet normal 0 0 0
outer loop
vertex -2.507995e-01 5.210178e-01 5.748736e-02
vertex -2.445810e-01 4.938830e-01 5.605200e-02
vertex -2.168261e-01 5.065923e-01 6.668814e-02
endloop
endfacet
facet normal 0 0 0
outer loop
vertex 3.722047e-01 4.905164e-01 4.483405e-03
vertex 4.068000e-01 5.016610e-01 4.172000e-03
vertex 4.010622e-01 4.548589e-01 4.146311e-03
endloop
endfacet
facet normal 0 0 0
outer loop
vertex 2.122708e-01 5.483353e-01 2.026003e-02
vertex 2.599594e-01 5.503033e-01 1.094930e-02
vertex 2.617724e-01 6.098021e-01 9.910794e-03
endloop
endfacet
facet normal 0 0 0
outer loop
vertex -2.577417e-01 4.617397e-01 -4.048191e-02
vertex -2.447064e-01 5.101700e-01 -6.020242e-02
vertex -2.282440e-01 4.774030e-01 -5.067300e-02
endloop
endfacet
facet normal 0 0 0
outer loop
vertex -1.449000e-02 5.859760e-01 6.554100e-02
vertex -9.185870e-03 6.144378e-01 6.847372e-02
vertex -4.983888e-02 6.013389e-01 7.449200e-02
endloop
endfacet
facet normal 0 0 0
outer loop
vertex 2.599594e-01 5.503033e-01 1.094930e-02
vertex 2.949338e-01 5.814268e-01 7.904307e-03
vertex 2.617724e-01 6.098021e-01 9.910794e-03
endloop
endfacet
facet normal 0 0 0
outer loop
vertex 1.766450e-01 6.843710e-01 4.057000e-03
vertex 1.263529e-01 7.111590e-01 1.890208e-02
vertex 1.484961e-01 6.717926e-01 2.018217e-02
endloop
endfacet
facet normal 0 0 0
outer loop
vertex 1.484961e-01 6.717926e-01 2.018217e-02
vertex 1.615942e-01 6.360947e-01 2.229172e-02
vertex 1.766450e-01 6.843710e-01 4.057000e-03
endloop
endfacet
facet normal 0 0 0
outer loop
vertex 2.739011e-01 5.270203e-01 -5.708867e-03
vertex 2.188176e-01 4.950274e-01 -1.415023e-02
vertex 2.200446e-01 5.401353e-01 -1.786109e-02
endloop
endfacet
facet normal 0 0 0
outer loop
vertex -5.947350e-02 5.943988e-02 4.996246e-02
vertex -7.760709e-02 7.460526e-02 5.155742e-02
vertex -6.321970e-02 7.165636e-02 4.487661e-02
endloop
endfacet
facet normal 0 0 0
outer loop
vertex 7.465112e-03 7.826183e-01 2.848233e-02
vertex -5.707134e-02 7.816899e-01 3.516787e-02
vertex -2.663605e-02 7.118564e-01 4.273285e-02
endloop
endfacet
facet normal 0 0 0
outer loop
vertex 7.749268e-02 2.708401e-01 5.046765e-03
vertex 7.033400e-02 3.021010e-01 5.151000e-03
vertex 3.414200e-02 2.760890e-01 5.348000e-03
endloop
endfacet
facet normal 0 0 0
outer loop
vertex 1.600746e-01 6.181417e-02 -4.934520e-03
vertex 1.315737e-01 6.154952e-02 -1.746874e-03
vertex 1.239091e-01 8.227190e-02 -5.355286e-03
endloop
endfacet
facet normal 0 0 0
outer loop
vertex 6.860457e-02 4.210553e-01 3.282154e-02
vertex 6.873492e-02 4.637569e-01 3.824635e-02
vertex 1.743525e-02 4.213236e-01 3.992705e-02
endloop
endfacet
facet normal 0 0 0
outer loop
vertex 2.388036e-01 4.581760e-01 7.116473e-03
vertex 2.165828e-01 4.703836e-01 5.545659e-03
vertex 2.269167e-01 4.642286e-01 -4.913915e-03
endloop
endfacet
facet normal 0 0 0
outer loop
vertex -4.863548e-01 5.135452e-01 -1.789439e-02
vertex -4.338790e-01 5.181482e-01 -2.927381e-02
vertex -4.351420e-01 4.715970e-01 -1.791600e-02
endloop
endfacet
facet normal 0 0 0
outer loop
vertex 4.350870e-02 8.483534e-01 -9.562572e-03
vertex 1.659478e-02 8.345653e-01 -1.531185e-02
vertex 3.527300e-02 8.641960e-01 -3.776000e-03
endloop
endfacet
facet normal 0 0 0
outer loop
vertex 4.350870e-02 8.483534e-01 -9.562572e-03
vertex 5.397316e-02 8.180932e-01 -1.203895e-02
vertex 1.659478e-02 8.345653e-01 -1.531185e-02
endloop
endfacet
facet normal 0 0 0
outer loop
vertex -1.660840e-01 8.081894e-01 3.192887e-02
vertex -2.180390e-01 7.975927e-01 3.115928e-02
vertex -2.159253e-01 7.556726e-01 3.943945e-02
endloop
endfacet
facet normal 0 0 0
outer loop
vertex -2.217186e-01 8.313224e-01 2.195752e-02
vertex -1.660840e-01 8.081894e-01 3.192887e-02
vertex -1.632808e-01 8.726254e-01 1.501258e-02
endloop
endfacet
facet normal 0 0 0
outer loop
vertex -1.745010e-01 5.673000e-01 -6.936400e-02
vertex -1.589392e-01 5.417086e-01 -5.640459e-02
vertex -1.300881e-01 5.526997e-01 -6.412285e-02
endloop
endfacet
facet normal 0 0 0
outer loop
vertex -1.589392e-01 5.417086e-01 -5.640459e-02
vertex -1.502770e-01 5.722658e-01 -5.608290e-02
vertex -1.300881e-01 5.526997e-01 -6.412285e-02
endloop
endfacet
facet normal 0 0 0
outer loop
vertex -1.402440e-01 5.874690e-01 -7.369500e-02
vertex -1.745010e-01 5.673000e-01 -6.936400e-02
vertex -1.300881e-01 5.526997e-01 -6.412285e-02
endloop
endfacet
facet normal 0 0 0
outer loop
vertex -2.665166e-02 2.206332e-01 6.547437e-03
vertex -2.204821e-02 2.108370e-01 -5.013662e-03
vertex -1.056900e-02 1.849890e-01 2.010000e-03
endloop
endfacet
facet normal 0 0 0
outer loop
vertex -2.366966e-01 3.947811e-01 3.882673e-02
vertex -1.992976e-01 3.774257e-01 4.049521e-02
vertex -2.008706e-01 4.397896e-01 5.119228e-02
endloop
endfacet
facet normal 0 0 0
outer loop
vertex -2.393005e-01 4.424816e-01 4.713310e-02
vertex -2.366966e-01 3.947811e-01 3.882673e-02
vertex -2.008706e-01 4.397896e-01 5.119228e-02
endloop
endfacet
facet normal 0 0 0
outer loop
vertex -1.828629e-02 4.923816e-02 4.359110e-02
vertex -2.541281e-02 5.451012e-02 5.372924e-02
vertex -5.874916e-04 3.810583e-02 4.684420e-02
endloop
endfacet
facet normal 0 0 0
outer loop
vertex 5.209961e-02 1.052394e+00 -4.083626e-03
vertex 4.728987e-02 1.042840e+00 5.089985e-03
vertex 6.580593e-02 1.025777e+00 -3.978959e-03
endloop
endfacet
facet normal 0 0 0
outer loop
vertex 4.002530e-02 1.013893e+00 -4.080301e-03
vertex 6.580593e-02 1.025777e+00 -3.978959e-03
vertex 4.728987e-02 1.042840e+00 5.089985e-03
endloop
endfacet
facet normal 0 0 0
outer loop
vertex 6.580593e-02 1.025777e+00 -3.978959e-03
vertex 4.002530e-02 1.013893e+00 -4.080301e-03
vertex 5.209961e-02 1.052394e+00 -4.083626e-03
endloop
endfacet
facet normal 0 0 0
outer loop
vertex 6.580593e-02 1.025777e+00 -3.978959e-03
vertex 4.002530e-02 1.013893e+00 -4.080301e-03
vertex 6.451717e-02 9.858961e-01 4.870720e-03
endloop
endfacet
facet normal 0 0 0
outer loop
vertex 2.117756e-02 7.976333e-01 -2.235395e-02
vertex 3.481653e-02 7.627539e-01 -2.700639e-02
vertex -1.240557e-02 7.914150e-01 -2.821482e-02
endloop
endfacet
facet normal 0 0 0
outer loop
vertex 4.211182e-02 8.944248e-01 6.120904e-03
vertex 6.706315e-02 8.665707e-01 -3.709094e-03
vertex 3.527300e-02 8.641960e-01 -3.776000e-03
endloop
endfacet
facet normal 0 0 0
outer loop
vertex -2.970420e-01 3.772059e-01 -2.475954e-02
vertex -2.502418e-01 3.852963e-01 -3.528971e-02
vertex -2.662393e-01 3.357388e-01 -2.582665e-02
endloop
endfacet
facet normal 0 0 0
outer loop
vertex -2.050980e-01 4.725139e-01 -6.161614e-02
vertex -2.282440e-01 4.774030e-01 -5.067300e-02
vertex -2.447064e-01 5.101700e-01 -6.020242e-02
endloop
endfacet
facet normal 0 0 0
outer loop
vertex 3.322178e-01 5.507413e-01 5.174152e-03
vertex 3.715458e-01 5.361401e-01 4.470518e-03
vertex 3.400500e-01 5.079949e-01 -3.621109e-03
endloop
endfacet
facet normal 0 0 0
outer loop
vertex 9.082090e-02 1.916466e-01 5.082540e-03
vertex 5.250102e-02 1.745248e-01 5.478234e-03
vertex 7.681021e-02 1.490359e-01 5.389203e-03
endloop
endfacet
facet normal 0 0 0
outer loop
vertex 3.528229e-01 6.347654e-01 -3.410037e-03
vertex 3.821232e-01 6.431579e-01 4.245615e-03
vertex 3.630932e-01 5.969876e-01 -3.244748e-03
endloop
endfacet
facet normal 0 0 0
outer loop
vertex 4.002530e-02 1.013893e+00 -4.080301e-03
vertex 3.825260e-02 9.667992e-01 -4.019948e-03
vertex 1.569203e-02 9.868096e-01 5.075802e-03
endloop
endfacet
facet normal 0 0 0
outer loop
vertex -3.621690e-02 9.563679e-01 5.037214e-04
vertex -5.996856e-02 9.711081e-01 -4.074025e-03
vertex -6.329446e-02 9.455535e-01 5.094839e-03
endloop
endfacet
facet normal 0 0 0
outer loop
vertex 1.242045e-01 4.040949e-01 -1.789477e-02
vertex 1.365118e-01 3.735176e-01 -9.172663e-03
vertex 9.372983e-02 3.768809e-01 -1.852593e-02
endloop
endfacet
facet normal 0 0 0
outer loop
vertex 9.372983e-02 3.768809e-01 -1.852593e-02
vertex 1.246200e-01 3.450780e-01 -3.795000e-03
vertex 8.716012e-02 3.340104e-01 -1.045104e-02
endloop
endfacet
facet normal 0 0 0
outer loop
vertex 2.932867e-01 5.824596e-01 -4.994666e-03
vertex 2.513409e-01 5.742196e-01 -1.157715e-02
vertex 2.685220e-01 6.100274e-01 -8.015973e-03
endloop
endfacet
facet normal 0 0 0
outer loop
vertex -2.383195e-01 5.493202e-01 5.921613e-02
vertex -2.152671e-01 5.757654e-01 5.837225e-02
vertex -2.704317e-01 5.599049e-01 5.869638e-02
endloop
endfacet
facet normal 0 0 0
outer loop
vertex -1.580961e-02 3.608793e-02 4.402624e-02
vertex -4.417964e-02 4.872481e-02 4.929808e-02
vertex -1.828629e-02 4.923816e-02 4.359110e-02
endloop
endfacet
facet normal 0 0 0
outer loop
vertex 3.488573e-01 6.722025e-01 -3.543939e-03
vertex 3.527652e-01 7.062269e-01 4.675890e-03
vertex 3.822326e-01 6.847939e-01 4.247415e-03
endloop
endfacet
facet normal 0 0 0
outer loop
vertex -3.261106e-01 7.813427e-01 -1.071445e-02
vertex -3.349263e-01 7.669995e-01 1.500502e-02
vertex -3.079747e-01 8.060977e-01 8.562622e-03
endloop
endfacet
facet normal 0 0 0
outer loop
vertex -3.349263e-01 7.669995e-01 1.500502e-02
vertex -2.913334e-01 7.591764e-01 3.001274e-02
vertex -3.079747e-01 8.060977e-01 8.562622e-03
endloop
endfacet
facet normal 0 0 0
outer loop
vertex -2.608816e-01 6.281043e-01 -5.360115e-02
vertex -2.623492e-01 6.672697e-01 -4.873366e-02
vertex -2.209854e-01 6.332053e-01 -5.402984e-02
endloop
endfacet
facet normal 0 0 0
outer loop
vertex -3.158530e-01 5.537410e-01 -5.351000e-02
vertex -2.887720e-01 5.729890e-01 -5.009600e-02
vertex -2.554452e-01 5.570932e-01 -5.848056e-02
endloop
endfacet
facet normal 0 0 0
outer loop
vertex -1.123123e-01 1.139999e-01 5.603355e-02
vertex -9.027611e-02 1.286134e-01 4.845996e-02
vertex -1.109652e-01 1.561209e-01 5.177436e-02
endloop
endfacet
facet normal 0 0 0
outer loop
vertex -7.760709e-02 7.460526e-02 5.155742e-02
vertex -7.216294e-02 8.675355e-02 4.427333e-02
vertex -6.321970e-02 7.165636e-02 4.487661e-02
endloop
endfacet
facet normal 0 0 0
outer loop
vertex 2.808393e-02 1.083400e+00 4.739745e-03
vertex -2.733852e-03 1.048991e+00 6.531578e-03
vertex 1.717800e-02 1.056462e+00 5.244000e-03
endloop
endfacet
facet normal 0 0 0
outer loop
vertex 3.646236e-01 7.356421e-01 -4.707172e-03
vertex 3.527652e-01 7.062269e-01 4.675890e-03
vertex 3.273691e-01 7.039021e-01 -4.653699e-03
endloop
endfacet
facet normal 0 0 0
outer loop
vertex -5.315213e-02 9.100364e-01 5.590246e-04
vertex -2.240600e-02 8.958630e-01 -4.004000e-03
vertex -6.113184e-02 8.639143e-01 -1.740951e-02
endloop
endfacet
facet normal 0 0 0
outer loop
vertex -8.935584e-02 5.459362e-01 -5.480743e-02
vertex -1.300881e-01 5.526997e-01 -6.412285e-02
vertex -1.230722e-01 5.064796e-01 -5.591192e-02
endloop
endfacet
facet normal 0 0 0
outer loop
vertex 1.843232e-01 5.915881e-01 2.285190e-02
vertex 1.543151e-01 5.553479e-01 3.035267e-02
vertex 2.122708e-01 5.483353e-01 2.026003e-02
endloop
endfacet
facet normal 0 0 0
outer loop
vertex -7.532858e-02 5.114848e-01 -6.252436e-02
vertex -8.935584e-02 5.459362e-01 -5.480743e-02
vertex -1.230722e-01 5.064796e-01 -5.591192e-02
endloop
endfacet
facet normal 0 0 0
outer loop
vertex -3.622412e-01 7.179704e-01 -2.030423e-02
vertex -3.493278e-01 6.871670e-01 -3.117710e-02
vertex -3.846776e-01 6.750544e-01 -2.347050e-02
endloop
endfacet
facet normal 0 0 0
outer loop
vertex -2.412421e-01 8.716205e-01 3.111728e-03
vertex -2.464753e-01 8.365601e-01 1.326638e-02
vertex -2.217186e-01 8.313224e-01 2.195752e-02
endloop
endfacet
facet normal 0 0 0
outer loop
vertex -2.608816e-01 6.281043e-01 -5.360115e-02
vertex -2.708016e-01 6.001273e-01 -5.705788e-02
vertex -2.944947e-01 6.216382e-01 -5.637115e-02
endloop
endfacet
facet normal 0 0 0
outer loop
vertex 2.420997e-01 6.454496e-01 -1.371313e-03
vertex 2.094862e-01 6.339132e-01 -6.062238e-03
vertex 2.345393e-01 6.339476e-01 7.693314e-03
endloop
endfacet
facet normal 0 0 0
outer loop
vertex -4.717932e-01 5.929464e-01 -1.281553e-02
vertex -4.255615e-01 5.610335e-01 -2.963896e-02
vertex -4.706590e-01 5.488371e-01 -2.273413e-02
endloop
endfacet
facet normal 0 0 0
outer loop
vertex 2.611636e-01 4.323887e-01 4.326846e-03
vertex 2.473252e-01 4.491599e-01 -5.048370e-03
vertex 2.728278e-01 4.325208e-01 -5.854020e-03
endloop
endfacet
facet normal 0 0 0
outer loop
vertex -4.717932e-01 5.929464e-01 -1.281553e-02
vertex -4.706590e-01 5.488371e-01 -2.273413e-02
vertex -5.081370e-01 5.515548e-01 -1.483987e-02
endloop
endfacet
facet normal 0 0 0
outer loop
vertex -1.691351e-01 6.513601e-01 5.331436e-02
vertex -1.096315e-01 6.751903e-01 5.080024e-02
vertex -1.687000e-01 7.134126e-01 4.705961e-02
endloop
endfacet
facet normal 0 0 0
outer loop
vertex 6.451717e-02 9.858961e-01 4.870720e-03
vertex 1.019173e-01 1.011364e+00 4.664550e-03
vertex 6.580593e-02 1.025777e+00 -3.978959e-03
endloop
endfacet
facet normal 0 0 0
outer loop
vertex 1.571647e-01 4.321059e-01 1.574024e-02
vertex 1.761763e-01 4.364121e-01 8.016140e-03
vertex 1.515586e-01 4.476417e-01 2.057719e-02
endloop
endfacet
facet normal 0 0 0
outer loop
vertex -1.886600e-01 1.345153e-01 5.909673e-02
vertex -1.984004e-01 1.268704e-01 4.945943e-02
vertex -1.799838e-01 1.012869e-01 5.773918e-02
endloop
endfacet
facet normal 0 0 0
outer loop
vertex 9.340914e-02 1.071709e+00 5.031503e-03
vertex 1.326463e-01 1.052745e+00 4.541647e-03
vertex 1.376332e-01 1.085481e+00 -3.793186e-03
endloop
endfacet
facet normal 0 0 0
outer loop
vertex 1.571647e-01 4.321059e-01 1.574024e-02
vertex 1.613499e-01 4.182278e-01 1.207870e-02
vertex 1.761763e-01 4.364121e-01 8.016140e-03
endloop
endfacet
facet normal 0 0 0
outer loop
vertex -7.571306e-02 5.638114e-01 7.402533e-02
vertex -1.070131e-01 5.403119e-01 7.349225e-02
vertex -6.391208e-02 5.319602e-01 7.283592e-02
endloop
endfacet
facet normal 0 0 0
outer loop
vertex 4.066733e-01 7.533553e-01 4.333656e-03
vertex 4.201610e-01 7.560846e-01 4.277946e-03
vertex 4.155410e-01 7.511437e-01 -3.097607e-03
endloop
endfacet
facet normal 0 0 0
outer loop
vertex -2.286060e-02 8.525326e-01 1.796830e-02
vertex -5.289366e-02 8.466138e-01 2.219553e-02
vertex -2.005483e-02 8.202989e-01 2.465503e-02
endloop
endfacet
facet normal 0 0 0
outer loop
vertex 1.700406e-01 1.077421e+00 4.297900e-03
vertex 1.326463e-01 1.052745e+00 4.541647e-03
vertex 1.630740e-01 1.041975e+00 4.040221e-03
endloop
endfacet
facet normal 0 0 0
outer loop
vertex 4.040746e-01 7.134026e-01 4.091662e-03
vertex 3.822326e-01 6.847939e-01 4.247415e-03
vertex 3.738587e-01 7.240136e-01 4.496295e-03
endloop
endfacet
facet normal 0 0 0
outer loop
vertex -2.412421e-01 8.716205e-01 3.111728e-03
vertex -2.449470e-01 8.570200e-01 -6.198000e-03
vertex -2.780773e-01 8.345561e-01 -6.858292e-03
endloop
endfacet
facet normal 0 0 0
outer loop
vertex -2.780773e-01 8.345561e-01 -6.858292e-03
vertex -2.728901e-01 8.353786e-01 1.047735e-02
vertex -2.412421e-01 8.716205e-01 3.111728e-03
endloop
endfacet
facet normal 0 0 0
outer loop
vertex 3.524214e-01 4.089987e-01 -3.571659e-03
vertex 3.269624e-01 4.060006e-01 5.362031e-03
vertex 3.568685e-01 3.657353e-01 5.040349e-03
endloop
endfacet
facet normal 0 0 0
outer loop
vertex 3.269624e-01 4.060006e-01 5.362031e-03
vertex 3.151900e-01 3.829660e-01 5.733000e-03
vertex 3.568685e-01 3.657353e-01 5.040349e-03
endloop
endfacet
facet normal 0 0 0
outer loop
vertex -5.894015e-02 1.020517e+00 4.039308e-03
vertex -4.136489e-02 1.037482e+00 1.387913e-03
vertex -3.891240e-02 1.023741e+00 -5.292456e-03
endloop
endfacet
facet normal 0 0 0
outer loop
vertex -9.948879e-02 5.719650e-01 -7.347775e-02
vertex -1.402440e-01 5.874690e-01 -7.369500e-02
vertex -1.300881e-01 5.526997e-01 -6.412285e-02
endloop
endfacet
facet normal 0 0 0
outer loop
vertex -3.634500e-02 9.264674e-01 5.082763e-03
vertex -8.211429e-02 9.199588e-01 5.115740e-03
vertex -5.315213e-02 9.100364e-01 5.590246e-04
endloop
endfacet
facet normal 0 0 0
outer loop
vertex -5.315213e-02 9.100364e-01 5.590246e-04
vertex -8.211429e-02 9.199588e-01 5.115740e-03
vertex -7.447905e-02 8.788007e-01 1.527582e-02
endloop
endfacet
facet normal 0 0 0
outer loop
vertex -2.747627e-02 5.970914e-01 -7.286274e-02
vertex -1.478088e-02 5.822387e-01 -6.475617e-02
vertex -1.222800e-02 5.950240e-01 -6.489200e-02
endloop
endfacet
facet normal 0 0 0
outer loop
vertex 9.269647e-02 7.490358e-01 1.936195e-02
vertex 8.102880e-02 7.834888e-01 1.471682e-02
vertex 4.464923e-02 7.721587e-01 2.450210e-02
endloop
endfacet
facet normal 0 0 0
outer loop
vertex -1.478088e-02 5.822387e-01 -6.475617e-02
vertex -2.747627e-02 5.970914e-01 -7.286274e-02
vertex -3.026847e-02 5.761377e-01 -6.445631e-02
endloop
endfacet
facet normal 0 0 0
outer loop
vertex -3.083631e-02 5.940380e-01 -5.011320e-02
vertex -1.198765e-02 5.762963e-01 -4.875162e-02
vertex -2.221430e-02 5.626349e-01 -4.987495e-02
endloop
endfacet
facet normal 0 0 0
outer loop
vertex 1.866321e-01 4.256783e-01 -5.564985e-03
vertex 1.761763e-01 4.364121e-01 8.016140e-03
vertex 1.749490e-01 4.157640e-01 4.321000e-03
endloop
endfacet
facet normal 0 0 0
outer loop
vertex -1.230722e-01 5.064796e-01 -5.591192e-02
vertex -9.479823e-02 4.862697e-01 -6.181577e-02
vertex -7.532858e-02 5.114848e-01 -6.252436e-02
endloop
endfacet
facet normal 0 0 0
outer loop
vertex 3.660200e-01 4.414675e-01 4.821969e-03
vertex 4.010622e-01 4.548589e-01 4.146311e-03
vertex 3.908170e-01 4.042782e-01 -3.000455e-03
endloop
endfacet
facet normal 0 0 0
outer loop
vertex -1.551082e-01 4.846162e-01 -5.597580e-02
vertex -1.547414e-01 5.036001e-01 -6.944352e-02
vertex -1.853378e-01 5.245131e-01 -5.577372e-02
endloop
endfacet
facet normal 0 0 0
outer loop
vertex -1.547414e-01 5.036001e-01 -6.944352e-02
vertex -1.589392e-01 5.417086e-01 -5.640459e-02
vertex -1.853378e-01 5.245131e-01 -5.577372e-02
endloop
endfacet
facet normal 0 0 0
outer loop
vertex -5.555118e-02 8.637869e-02 4.923763e-02
vertex -4.132328e-02 7.237704e-02 5.229767e-02
vertex -4.740078e-02 6.326161e-02 4.430592e-02
endloop
endfacet
facet normal 0 0 0
outer loop
vertex -3.380696e-01 6.152372e-01 -5.329961e-02
vertex -3.228237e-01 6.297279e-01 -5.411310e-02
vertex -3.146617e-01 6.093196e-01 -5.731815e-02
endloop
endfacet
facet normal 0 0 0
outer loop
vertex 1.613371e-01 2.108040e-01 -3.212523e-03
vertex 1.814348e-01 2.040973e-01 6.074329e-04
vertex 1.622556e-01 1.852849e-01 -3.177832e-03
endloop
endfacet
facet normal 0 0 0
outer loop
vertex -7.879233e-02 8.066960e-02 -5.565923e-02
vertex -4.843607e-02 5.093744e-02 -4.966674e-02
vertex -7.853685e-02 7.869261e-02 -4.555128e-02
endloop
endfacet
facet normal 0 0 0
outer loop
vertex 6.706315e-02 8.665707e-01 -3.709094e-03
vertex 9.489106e-02 8.915858e-01 4.450954e-03
vertex 4.211182e-02 8.944248e-01 6.120904e-03
endloop
endfacet
facet normal 0 0 0
outer loop
vertex -7.244332e-02 4.240264e-01 -4.821925e-02
vertex -8.146451e-02 4.610007e-01 -5.208591e-02
vertex -5.085513e-02 4.674228e-01 -5.073066e-02
endloop
endfacet
facet normal 0 0 0
outer loop
vertex -1.999406e-01 2.340655e-01 4.121880e-02
vertex -2.206251e-01 2.508469e-01 2.220180e-02
vertex -1.992715e-01 2.653733e-01 2.680877e-02
endloop
endfacet
facet normal 0 0 0
outer loop
vertex 9.124017e-02 8.369281e-01 -3.572514e-03
vertex 9.489106e-02 8.915858e-01 4.450954e-03
vertex 6.706315e-02 8.665707e-01 -3.709094e-03
endloop
endfacet
facet normal 0 0 0
outer loop
vertex -1.891761e-01 1.798472e-01 -4.179434e-02
vertex -2.001063e-01 1.818330e-01 -5.232022e-02
vertex -2.065570e-01 2.058890e-01 -4.861241e-02
endloop
endfacet
facet normal 0 0 0
outer loop
vertex -2.065570e-01 2.058890e-01 -4.861241e-02
vertex -2.020153e-01 2.388605e-01 -4.208021e-02
vertex -2.001157e-01 2.152963e-01 -3.547981e-02
endloop
endfacet
facet normal 0 0 0
outer loop
vertex 8.596703e-04 9.226894e-01 5.019729e-03
vertex -3.364604e-02 8.819842e-01 1.196475e-02
vertex 6.410579e-03 8.701853e-01 9.992016e-03
endloop
endfacet
facet normal 0 0 0
outer loop
vertex -1.992976e-01 3.774257e-01 4.049521e-02
vertex -2.417053e-01 3.365574e-01 3.129578e-02
vertex -1.937031e-01 3.300801e-01 3.412684e-02
endloop
endfacet
facet normal 0 0 0
outer loop
vertex 3.119352e-01 6.252619e-01 5.531558e-03
vertex 2.949338e-01 5.814268e-01 7.904307e-03
vertex 3.321890e-01 5.838447e-01 -3.791927e-03
endloop
endfacet
facet normal 0 0 0
outer loop
vertex -1.397232e-01 5.163696e-01 7.201236e-02
vertex -1.796964e-01 5.193115e-01 7.138479e-02
vertex -1.643192e-01 4.850838e-01 6.820308e-02
endloop
endfacet
facet normal 0 0 0
outer loop
vertex 1.140442e-01 6.635723e-01 2.946505e-02
vertex 1.263529e-01 7.111590e-01 1.890208e-02
vertex 6.657195e-02 6.845254e-01 3.488077e-02
endloop
endfacet
facet normal 0 0 0
outer loop
vertex -1.397232e-01 5.163696e-01 7.201236e-02
vertex -1.513711e-01 5.439647e-01 7.380016e-02
vertex -1.796964e-01 5.193115e-01 7.138479e-02
endloop
endfacet
facet normal 0 0 0
outer loop
vertex 2.739090e-01 4.858850e-01 6.789000e-03
vertex 3.029362e-01 5.234300e-01 6.483821e-03
vertex 2.599594e-01 5.503033e-01 1.094930e-02
endloop
endfacet
facet normal 0 0 0
outer loop
vertex 6.657195e-02 6.845254e-01 3.488077e-02
vertex 8.735187e-02 6.454102e-01 3.559394e-02
vertex 1.140442e-01 6.635723e-01 2.946505e-02
endloop
endfacet
facet normal 0 0 0
outer loop
vertex -6.271625e-02 4.801682e-01 7.066201e-02
vertex -8.948746e-02 5.003069e-01 7.163089e-02
vertex -7.443100e-02 4.570450e-01 6.170200e-02
endloop
endfacet
facet normal 0 0 0
outer loop
vertex -1.936827e-01 3.042099e-01 -2.899313e-02
vertex -1.651709e-01 3.376325e-01 -3.439355e-02
vertex -1.739570e-01 2.937890e-01 -2.516600e-02
endloop
endfacet
facet normal 0 0 0
outer loop
vertex -1.690890e-01 4.418250e-01 5.391200e-02
vertex -1.456830e-01 4.279360e-01 5.818400e-02
vertex -1.656140e-01 4.349380e-01 6.191200e-02
endloop
endfacet
facet normal 0 0 0
outer loop
vertex -1.502070e-01 4.522580e-01 5.503300e-02
vertex -1.690890e-01 4.418250e-01 5.391200e-02
vertex -1.535858e-01 4.118807e-01 4.981236e-02
endloop
endfacet
facet normal 0 0 0
outer loop
vertex -1.690890e-01 4.418250e-01 5.391200e-02
vertex -1.502070e-01 4.522580e-01 5.503300e-02
vertex -1.456830e-01 4.279360e-01 5.818400e-02
endloop
endfacet
facet normal 0 0 0
outer loop
vertex -1.565083e-01 1.073748e-01 -5.204603e-02
vertex -1.817701e-01 1.076668e-01 -5.809109e-02
vertex -1.679006e-01 1.176193e-01 -5.759306e-02
endloop
endfacet
facet normal 0 0 0
outer loop
vertex 3.715458e-01 5.361401e-01 4.470518e-03
vertex 4.096150e-01 5.333860e-01 -9.180000e-04
vertex 4.068000e-01 5.016610e-01 4.172000e-03
endloop
endfacet
facet normal 0 0 0
outer loop
vertex 3.715458e-01 5.361401e-01 4.470518e-03
vertex 4.068000e-01 5.016610e-01 4.172000e-03
vertex 3.722047e-01 4.905164e-01 4.483405e-03
endloop
endfacet
facet normal 0 0 0
outer loop
vertex -1.626084e-01 7.832956e-02 -5.407400e-02
vertex -1.817701e-01 1.076668e-01 -5.809109e-02
vertex -1.567498e-01 9.039005e-02 -6.014544e-02
endloop
endfacet
facet normal 0 0 0
outer loop
vertex -1.567498e-01 9.039005e-02 -6.014544e-02
vertex -1.817701e-01 1.076668e-01 -5.809109e-02
vertex -1.565083e-01 1.073748e-01 -5.204603e-02
endloop
endfacet
facet normal 0 0 0
outer loop
vertex 3.630932e-01 5.969876e-01 -3.244748e-03
vertex 3.882464e-01 5.673218e-01 -2.883880e-03
vertex 3.608972e-01 5.691448e-01 -3.267958e-03
endloop
endfacet
facet normal 0 0 0
outer loop
vertex -1.106452e-01 9.733154e-01 2.130000e-04
vertex -8.856605e-02 9.950648e-01 1.940434e-03
vertex -8.838201e-02 9.701280e-01 -4.809142e-03
endloop
endfacet
facet normal 0 0 0
outer loop
vertex 1.866321e-01 4.256783e-01 -5.564985e-03
vertex 1.863227e-01 4.035108e-01 -3.180383e-03
vertex 1.684173e-01 4.196924e-01 -8.628992e-03
endloop
endfacet
facet normal 0 0 0
outer loop
vertex 3.097874e-01 5.320801e-01 -4.480316e-03
vertex 2.932867e-01 5.824596e-01 -4.994666e-03
vertex 3.322178e-01 5.507413e-01 5.174152e-03
endloop
endfacet
facet normal 0 0 0
outer loop
vertex -5.874916e-04 3.810583e-02 4.684420e-02
vertex 5.407284e-03 2.873255e-02 5.057090e-02
vertex -1.580961e-02 3.608793e-02 4.402624e-02
endloop
endfacet
facet normal 0 0 0
outer loop
vertex 1.569203e-02 9.868096e-01 5.075802e-03
vertex -1.138270e-02 1.008613e+00 -4.130621e-03
vertex 4.002530e-02 1.013893e+00 -4.080301e-03
endloop
endfacet
facet normal 0 0 0
outer loop
vertex 2.949338e-01 5.814268e-01 7.904307e-03
vertex 3.322178e-01 5.507413e-01 5.174152e-03
vertex 3.321890e-01 5.838447e-01 -3.791927e-03
endloop
endfacet
facet normal 0 0 0
outer loop
vertex -3.266422e-01 6.494169e-01 -4.753409e-02
vertex -3.096740e-01 6.587500e-01 -4.075700e-02
vertex -3.034797e-01 6.431410e-01 -5.174214e-02
endloop
endfacet
facet normal 0 0 0
outer loop
vertex 7.681021e-02 1.490359e-01 5.389203e-03
vertex 5.250102e-02 1.745248e-01 5.478234e-03
vertex 2.676212e-02 1.385249e-01 1.344000e-03
endloop
endfacet
facet normal 0 0 0
outer loop
vertex -2.005483e-02 8.202989e-01 2.465503e-02
vertex -5.707134e-02 7.816899e-01 3.516787e-02
vertex 7.465112e-03 7.826183e-01 2.848233e-02
endloop
endfacet
facet normal 0 0 0
outer loop
vertex 7.681021e-02 1.490359e-01 5.389203e-03
vertex 2.676212e-02 1.385249e-01 1.344000e-03
vertex 6.401637e-02 1.151520e-01 6.535040e-03
endloop
endfacet
facet normal 0 0 0
outer loop
vertex -1.037814e-01 1.135014e-01 -5.618766e-02
vertex -1.010994e-01 1.438531e-01 -4.939642e-02
vertex -8.602139e-02 1.238640e-01 -4.811492e-02
endloop
endfacet
facet normal 0 0 0
outer loop
vertex -5.693167e-02 5.872658e-01 5.344422e-02
vertex -9.680931e-02 5.842159e-01 5.562696e-02
vertex -8.058875e-02 5.441231e-01 5.545960e-02
endloop
endfacet
facet normal 0 0 0
outer loop
vertex -5.693167e-02 5.872658e-01 5.344422e-02
vertex -8.058875e-02 5.441231e-01 5.545960e-02
vertex -4.722311e-02 5.413227e-01 5.330780e-02
endloop
endfacet
facet normal 0 0 0
outer loop
vertex 7.033400e-02 3.021010e-01 5.151000e-03
vertex 2.610282e-02 3.110092e-01 1.686173e-02
vertex 3.414200e-02 2.760890e-01 5.348000e-03
endloop
endfacet
facet normal 0 0 0
outer loop
vertex -3.976485e-01 6.854568e-01 1.470885e-02
vertex -3.850772e-01 6.605853e-01 2.732267e-02
vertex -3.736997e-01 7.092357e-01 1.900607e-02
endloop
endfacet
facet normal 0 0 0
outer loop
vertex 6.451717e-02 9.858961e-01 4.870720e-03
vertex 7.953746e-02 9.409428e-01 4.652475e-03
vertex 1.128355e-01 9.722571e-01 -3.544597e-03
endloop
endfacet
facet normal 0 0 0
outer loop
vertex -8.948746e-02 5.003069e-01 7.163089e-02
vertex -1.397232e-01 5.163696e-01 7.201236e-02
vertex -1.352327e-01 4.940196e-01 5.689237e-02
endloop
endfacet
facet normal 0 0 0
outer loop
vertex 8.983090e-02 5.076160e-01 -3.724055e-02
vertex 8.012577e-02 5.508828e-01 -3.880329e-02
vertex 1.331442e-01 5.378434e-01 -3.219178e-02
endloop
endfacet
facet normal 0 0 0
outer loop
vertex -2.606981e-01 8.045689e-01 2.422570e-02
vertex -2.217186e-01 8.313224e-01 2.195752e-02
vertex -2.464753e-01 8.365601e-01 1.326638e-02
endloop
endfacet
facet normal 0 0 0
outer loop
vertex -1.061313e-01 4.617889e-02 6.064828e-02
vertex -1.201264e-01 4.363179e-02 5.715432e-02
vertex -1.046788e-01 3.479460e-02 5.476208e-02
endloop
endfacet
facet normal 0 0 0
outer loop
vertex -1.451824e-01 1.534455e-01 5.286189e-02
vertex -1.234313e-01 1.324713e-01 4.422640e-02
vertex -1.123123e-01 1.139999e-01 5.603355e-02
endloop
endfacet
facet normal 0 0 0
outer loop
vertex -1.046788e-01 3.479460e-02 5.476208e-02
vertex -1.201264e-01 4.363179e-02 5.715432e-02
vertex -1.062788e-01 4.441881e-02 5.074644e-02
endloop
endfacet
facet normal 0 0 0
outer loop
vertex -1.352327e-01 4.940196e-01 5.689237e-02
vertex -1.643192e-01 4.850838e-01 6.820308e-02
vertex -1.338743e-01 4.606720e-01 6.753230e-02
endloop
endfacet
facet normal 0 0 0
outer loop
vertex -1.200308e-01 1.563624e-01 4.119757e-02
vertex -1.470000e-01 1.688066e-01 4.170691e-02
vertex -1.327956e-01 1.825410e-01 3.866921e-02
endloop
endfacet
facet normal 0 0 0
outer loop
vertex 8.596703e-04 9.226894e-01 5.019729e-03
vertex 1.569203e-02 9.868096e-01 5.075802e-03
vertex -1.172040e-02 9.634347e-01 -4.100050e-03
endloop
endfacet
facet normal 0 0 0
outer loop
vertex 3.825260e-02 9.667992e-01 -4.019948e-03
vertex 1.569203e-02 9.868096e-01 5.075802e-03
vertex 8.596703e-04 9.226894e-01 5.019729e-03
endloop
endfacet
facet normal 0 0 0
outer loop
vertex -3.452061e-01 4.265916e-01 3.007493e-02
vertex -3.627352e-01 3.923866e-01 1.329212e-02
vertex -3.337927e-01 3.706402e-01 1.827088e-02
endloop
endfacet
facet normal 0 0 0
outer loop
vertex 5.209961e-02 1.052394e+00 -4.083626e-03
vertex 6.580593e-02 1.025777e+00 -3.978959e-03
vertex 9.340914e-02 1.071709e+00 5.031503e-03
endloop
endfacet
facet normal 0 0 0
outer loop
vertex 9.340914e-02 1.071709e+00 5.031503e-03
vertex 5.209961e-02 1.052394e+00 -4.083626e-03
vertex 6.370464e-02 1.081477e+00 -4.069751e-03
endloop
endfacet
facet normal 0 0 0
outer loop
vertex 5.209961e-02 1.052394e+00 -4.083626e-03
vertex 9.340914e-02 1.071709e+00 5.031503e-03
vertex 5.637501e-02 1.075089e+00 5.134555e-03
endloop
endfacet
facet normal 0 0 0
outer loop
vertex -2.226686e-01 6.291158e-01 5.499377e-02
vertex -1.691351e-01 6.513601e-01 5.331436e-02
vertex -2.398707e-01 6.859049e-01 4.817857e-02
endloop
endfacet
facet normal 0 0 0
outer loop
vertex -2.221430e-02 5.626349e-01 -4.987495e-02
vertex -1.198765e-02 5.762963e-01 -4.875162e-02
vertex 6.158330e-03 5.676084e-01 -4.710558e-02
endloop
endfacet
facet normal 0 0 0
outer loop
vertex -1.258434e-01 6.809419e-02 5.314026e-02
vertex -1.294907e-01 5.730699e-02 5.019386e-02
vertex -1.419974e-01 7.284507e-02 4.930981e-02
endloop
endfacet
facet normal 0 0 0
outer loop
vertex -2.221430e-02 5.626349e-01 -4.987495e-02
vertex 6.158330e-03 5.676084e-01 -4.710558e-02
vertex -2.547964e-03 5.516131e-01 -4.809844e-02
endloop
endfacet
facet normal 0 0 0
outer loop
vertex -2.369164e-01 2.372910e-01 2.449184e-02
vertex -2.520978e-01 2.650159e-01 1.997020e-02
vertex -2.409256e-01 2.814228e-01 1.331400e-02
endloop
endfacet
facet normal 0 0 0
outer loop
vertex -8.356053e-02 8.939955e-01 -9.630567e-03
vertex -5.315213e-02 9.100364e-01 5.590246e-04
vertex -6.113184e-02 8.639143e-01 -1.740951e-02
endloop
endfacet
facet normal 0 0 0
outer loop
vertex 3.287605e-01 4.433513e-01 5.296126e-03
vertex 3.459907e-01 4.741540e-01 4.923936e-03
vertex 3.175742e-01 4.859630e-01 5.511102e-03
endloop
endfacet
facet normal 0 0 0
outer loop
vertex 3.287605e-01 4.433513e-01 5.296126e-03
vertex 3.175742e-01 4.859630e-01 5.511102e-03
vertex 2.739090e-01 4.858850e-01 6.789000e-03
endloop
endfacet
facet normal 0 0 0
outer loop
vertex 3.824463e-02 4.446881e-01 -3.941644e-02
vertex 2.845770e-03 4.750557e-01 -4.606807e-02
vertex 4.522537e-02 4.874564e-01 -4.179728e-02
endloop
endfacet
facet normal 0 0 0
outer loop
vertex -2.108965e-02 4.970788e-02 -4.274467e-02
vertex 7.743397e-04 3.851261e-02 -4.243179e-02
vertex -1.766565e-03 3.723209e-02 -5.184320e-02
endloop
endfacet
facet normal 0 0 0
outer loop
vertex -2.577417e-01 4.617397e-01 -4.048191e-02
vertex -3.299367e-01 4.705922e-01 -4.239897e-02
vertex -2.877104e-01 5.034922e-01 -5.367556e-02
endloop
endfacet
facet normal 0 0 0
outer loop
vertex -2.061239e-01 2.068926e-01 3.214394e-02
vertex -1.980449e-01 1.586208e-01 3.984146e-02
vertex -2.179477e-01 1.650289e-01 4.274273e-02
endloop
endfacet
facet normal 0 0 0
outer loop
vertex 1.113055e-01 1.098265e+00 5.082823e-03
vertex 8.390500e-02 1.094915e+00 5.123000e-03
vertex 9.340914e-02 1.071709e+00 5.031503e-03
endloop
endfacet
facet normal 0 0 0
outer loop
vertex 4.211182e-02 8.944248e-01 6.120904e-03
vertex 9.489106e-02 8.915858e-01 4.450954e-03
vertex 7.953746e-02 9.409428e-01 4.652475e-03
endloop
endfacet
facet normal 0 0 0
outer loop
vertex 9.340914e-02 1.071709e+00 5.031503e-03
vertex 8.390500e-02 1.094915e+00 5.123000e-03
vertex 5.637501e-02 1.075089e+00 5.134555e-03
endloop
endfacet
facet normal 0 0 0
outer loop
vertex -7.760709e-02 7.460526e-02 5.155742e-02
vertex -8.854665e-02 9.478650e-02 4.473248e-02
vertex -7.216294e-02 8.675355e-02 4.427333e-02
endloop
endfacet
facet normal 0 0 0
outer loop
vertex 2.739011e-01 5.270203e-01 -5.708867e-03
vertex 2.932867e-01 5.824596e-01 -4.994666e-03
vertex 3.097874e-01 5.320801e-01 -4.480316e-03
endloop
endfacet
facet normal 0 0 0
outer loop
vertex 3.322178e-01 5.507413e-01 5.174152e-03
vertex 2.932867e-01 5.824596e-01 -4.994666e-03
vertex 3.321890e-01 5.838447e-01 -3.791927e-03
endloop
endfacet
facet normal 0 0 0
outer loop
vertex 3.488573e-01 6.722025e-01 -3.543939e-03
vertex 3.208050e-01 6.657064e-01 5.164583e-03
vertex 3.320635e-01 6.489301e-01 9.553477e-04
endloop
endfacet
facet normal 0 0 0
outer loop
vertex -5.525916e-02 5.356303e-01 -7.172790e-02
vertex -2.737100e-02 5.376260e-01 -6.832900e-02
vertex -4.799778e-02 5.647118e-01 -7.255312e-02
endloop
endfacet
facet normal 0 0 0
outer loop
vertex -4.799778e-02 5.647118e-01 -7.255312e-02
vertex -6.588361e-02 5.563955e-01 -6.533916e-02
vertex -5.525916e-02 5.356303e-01 -7.172790e-02
endloop
endfacet
facet normal 0 0 0
outer loop
vertex -3.364604e-02 8.819842e-01 1.196475e-02
vertex -7.447905e-02 8.788007e-01 1.527582e-02
vertex -5.289366e-02 8.466138e-01 2.219553e-02
endloop
endfacet
facet normal 0 0 0
outer loop
vertex 1.019173e-01 1.011364e+00 4.664550e-03
vertex 6.451717e-02 9.858961e-01 4.870720e-03
vertex 1.128355e-01 9.722571e-01 -3.544597e-03
endloop
endfacet
facet normal 0 0 0
outer loop
vertex 1.068419e-01 7.797526e-01 -8.358160e-03
vertex 1.296147e-01 7.503544e-01 -8.598749e-03
vertex 7.574854e-02 7.742642e-01 -1.685473e-02
endloop
endfacet
facet normal 0 0 0
outer loop
vertex -1.565083e-01 1.073748e-01 -5.204603e-02
vertex -1.677655e-01 1.261693e-01 -4.789795e-02
vertex -1.682426e-01 1.018586e-01 -4.620846e-02
endloop
endfacet
facet normal 0 0 0
outer loop
vertex 4.211182e-02 8.944248e-01 6.120904e-03
vertex 8.596703e-04 9.226894e-01 5.019729e-03
vertex 6.410579e-03 8.701853e-01 9.992016e-03
endloop
endfacet
facet normal 0 0 0
outer loop
vertex 4.445746e-03 8.775958e-01 -7.364945e-03
vertex 8.596703e-04 9.226894e-01 5.019729e-03
vertex 4.211182e-02 8.944248e-01 6.120904e-03
endloop
endfacet
facet normal 0 0 0
outer loop
vertex -1.828629e-02 4.923816e-02 4.359110e-02
vertex -3.258500e-02 5.668000e-02 4.364800e-02
vertex -2.541281e-02 5.451012e-02 5.372924e-02
endloop
endfacet
facet normal 0 0 0
outer loop
vertex -2.541144e-01 2.476996e-01 3.415662e-02
vertex -2.355233e-01 2.002625e-01 4.526595e-02
vertex -2.281257e-01 2.320786e-01 4.716070e-02
endloop
endfacet
facet normal 0 0 0
outer loop
vertex -2.541144e-01 2.476996e-01 3.415662e-02
vertex -2.369164e-01 2.372910e-01 2.449184e-02
vertex -2.355233e-01 2.002625e-01 4.526595e-02
endloop
endfacet
facet normal 0 0 0
outer loop
vertex -1.179218e-01 5.530115e-01 5.687714e-02
vertex -1.494687e-01 5.272557e-01 5.738071e-02
vertex -1.397232e-01 5.163696e-01 7.201236e-02
endloop
endfacet
facet normal 0 0 0
outer loop
vertex -1.352327e-01 4.940196e-01 5.689237e-02
vertex -1.397232e-01 5.163696e-01 7.201236e-02
vertex -1.494687e-01 5.272557e-01 5.738071e-02
endloop
endfacet
facet normal 0 0 0
outer loop
vertex -2.337475e-01 1.942911e-01 -3.900803e-02
vertex -2.127194e-01 1.589633e-01 -4.077682e-02
vertex -2.027270e-01 1.761575e-01 -3.548696e-02
endloop
endfacet
facet normal 0 0 0
outer loop
vertex -6.368500e-02 9.959520e-01 6.434000e-03
vertex -5.996856e-02 9.711081e-01 -4.074025e-03
vertex -3.363666e-02 9.822184e-01 5.154926e-03
endloop
endfacet
facet normal 0 0 0
outer loop
vertex 3.400500e-01 5.079949e-01 -3.621109e-03
vertex 3.459907e-01 4.741540e-01 4.923936e-03
vertex 3.074892e-01 4.922478e-01 -5.623010e-03
endloop
endfacet
facet normal 0 0 0
outer loop
vertex 3.459907e-01 4.741540e-01 4.923936e-03
vertex 3.289752e-01 4.446699e-01 -3.931185e-03
vertex 3.074892e-01 4.922478e-01 -5.623010e-03
endloop
endfacet
facet normal 0 0 0
outer loop
vertex -6.368500e-02 9.959520e-01 6.434000e-03
vertex -7.850706e-02 9.766110e-01 5.145812e-03
vertex -5.996856e-02 9.711081e-01 -4.074025e-03
endloop
endfacet
facet normal 0 0 0
outer loop
vertex -5.555118e-02 8.637869e-02 4.923763e-02
vertex -8.008043e-02 9.951182e-02 5.582518e-02
vertex -6.847290e-02 7.951447e-02 5.696678e-02
endloop
endfacet
facet normal 0 0 0
outer loop
vertex 3.608972e-01 5.691448e-01 -3.267958e-03
vertex 3.322178e-01 5.507413e-01 5.174152e-03
vertex 3.321890e-01 5.838447e-01 -3.791927e-03
endloop
endfacet
facet normal 0 0 0
outer loop
vertex 3.717949e-01 7.422774e-01 5.817315e-03
vertex 3.498982e-01 7.372156e-01 5.133454e-03
vertex 3.738587e-01 7.240136e-01 4.496295e-03
endloop
endfacet
facet normal 0 0 0
outer loop
vertex -3.634500e-02 9.264674e-01 5.082763e-03
vertex -3.364604e-02 8.819842e-01 1.196475e-02
vertex 8.596703e-04 9.226894e-01 5.019729e-03
endloop
endfacet
facet normal 0 0 0
outer loop
vertex -2.240600e-02 8.958630e-01 -4.004000e-03
vertex -3.634500e-02 9.264674e-01 5.082763e-03
vertex 8.596703e-04 9.226894e-01 5.019729e-03
endloop
endfacet
facet normal 0 0 0
outer loop
vertex -1.300881e-01 5.526997e-01 -6.412285e-02
vertex -1.589392e-01 5.417086e-01 -5.640459e-02
vertex -1.230722e-01 5.064796e-01 -5.591192e-02
endloop
endfacet
facet normal 0 0 0
outer loop
vertex 3.119352e-01 6.252619e-01 5.531558e-03
vertex 3.208050e-01 6.657064e-01 5.164583e-03
vertex 2.732908e-01 6.518874e-01 7.316560e-03
endloop
endfacet
facet normal 0 0 0
outer loop
vertex 1.797036e-01 4.585408e-01 -9.251443e-03
vertex 1.822842e-01 4.567147e-01 8.322403e-03
vertex 1.761763e-01 4.364121e-01 8.016140e-03
endloop
endfacet
facet normal 0 0 0
outer loop
vertex 1.777760e-01 4.321630e-01 -3.294000e-03
vertex 1.797036e-01 4.585408e-01 -9.251443e-03
vertex 1.923658e-01 4.469682e-01 -6.275360e-03
endloop
endfacet
facet normal 0 0 0
outer loop
vertex 1.797036e-01 4.585408e-01 -9.251443e-03
vertex 1.777760e-01 4.321630e-01 -3.294000e-03
vertex 1.737610e-01 4.369320e-01 -8.709427e-03
endloop
endfacet
facet normal 0 0 0
outer loop
vertex 1.797036e-01 4.585408e-01 -9.251443e-03
vertex 1.761763e-01 4.364121e-01 8.016140e-03
vertex 1.777760e-01 4.321630e-01 -3.294000e-03
endloop
endfacet
facet normal 0 0 0
outer loop
vertex 1.761763e-01 4.364121e-01 8.016140e-03
vertex 1.923658e-01 4.469682e-01 -6.275360e-03
vertex 1.777760e-01 4.321630e-01 -3.294000e-03
endloop
endfacet
facet normal 0 0 0
outer loop
vertex 4.445746e-03 8.775958e-01 -7.364945e-03
vertex 3.527300e-02 8.641960e-01 -3.776000e-03
vertex 1.659478e-02 8.345653e-01 -1.531185e-02
endloop
endfacet
facet normal 0 0 0
outer loop
vertex -7.760709e-02 7.460526e-02 5.155742e-02
vertex -9.499055e-02 9.232574e-02 5.474554e-02
vertex -8.854665e-02 9.478650e-02 4.473248e-02
endloop
endfacet
facet normal 0 0 0
outer loop
vertex 9.950890e-04 5.893180e-01 -4.725588e-02
vertex -1.198765e-02 5.762963e-01 -4.875162e-02
vertex -3.083631e-02 5.940380e-01 -5.011320e-02
endloop
endfacet
facet normal 0 0 0
outer loop
vertex -1.294907e-01 5.730699e-02 5.019386e-02
vertex -1.132284e-01 5.683637e-02 5.452949e-02
vertex -1.062788e-01 4.441881e-02 5.074644e-02
endloop
endfacet
facet normal 0 0 0
outer loop
vertex 5.799861e-02 3.294146e-01 1.540130e-02
vertex 1.001407e-01 3.251227e-01 4.987158e-03
vertex 6.826302e-02 3.611913e-01 2.069314e-02
endloop
endfacet
facet normal 0 0 0
outer loop
vertex 1.131147e-01 1.452588e-01 -3.997289e-03
vertex 1.455590e-01 1.620121e-01 4.518553e-03
vertex 1.424400e-01 1.042657e-01 5.187419e-03
endloop
endfacet
facet normal 0 0 0
outer loop
vertex 9.858341e-02 1.203059e-01 5.448033e-03
vertex 1.424400e-01 1.042657e-01 5.187419e-03
vertex 1.131147e-01 1.452588e-01 -3.997289e-03
endloop
endfacet
facet normal 0 0 0
outer loop
vertex -1.123123e-01 1.139999e-01 5.603355e-02
vertex -8.008043e-02 9.951182e-02 5.582518e-02
vertex -9.027611e-02 1.286134e-01 4.845996e-02
endloop
endfacet
facet normal 0 0 0
outer loop
vertex 4.143234e-01 7.637240e-01 -3.831153e-03
vertex 4.201610e-01 7.560846e-01 4.277946e-03
vertex 4.066733e-01 7.533553e-01 4.333656e-03
endloop
endfacet
facet normal 0 0 0
outer loop
vertex -7.274201e-02 1.008005e+00 4.166323e-03
vertex -6.368500e-02 9.959520e-01 6.434000e-03
vertex -5.894015e-02 1.020517e+00 4.039308e-03
endloop
endfacet
facet normal 0 0 0
outer loop
vertex -2.901776e-01 6.585003e-01 -4.633747e-02
vertex -2.787668e-01 6.413788e-01 -5.280930e-02
vertex -3.034797e-01 6.431410e-01 -5.174214e-02
endloop
endfacet
facet normal 0 0 0
outer loop
vertex 6.873492e-02 4.637569e-01 3.824635e-02
vertex 1.044157e-01 5.051093e-01 3.635101e-02
vertex 6.471320e-02 5.046833e-01 4.115405e-02
endloop
endfacet
facet normal 0 0 0
outer loop
vertex 6.487462e-02 5.463803e-01 4.171378e-02
vertex 6.471320e-02 5.046833e-01 4.115405e-02
vertex 1.044157e-01 5.051093e-01 3.635101e-02
endloop
endfacet
facet normal 0 0 0
outer loop
vertex 3.965831e-01 7.559322e-01 -4.537167e-03
vertex 4.054489e-01 7.639090e-01 -4.579306e-03
vertex 4.066733e-01 7.533553e-01 4.333656e-03
endloop
endfacet
facet normal 0 0 0
outer loop
vertex 3.151900e-01 3.829660e-01 5.733000e-03
vertex 3.437953e-01 3.501389e-01 2.130000e-04
vertex 3.568685e-01 3.657353e-01 5.040349e-03
endloop
endfacet
facet normal 0 0 0
outer loop
vertex -6.371196e-02 2.947191e-01 -1.972459e-02
vertex -5.418304e-02 3.504633e-01 -3.280422e-02
vertex -5.160782e-03 3.187018e-01 -2.189683e-02
endloop
endfacet
facet normal 0 0 0
outer loop
vertex 4.060230e-01 7.355654e-01 -3.118271e-03
vertex 3.983235e-01 7.447035e-01 -3.250637e-03
vertex 4.066733e-01 7.533553e-01 4.333656e-03
endloop
endfacet
facet normal 0 0 0
outer loop
vertex -2.193449e-02 4.308284e-01 4.559160e-02
vertex -3.806975e-02 3.797876e-01 3.869468e-02
vertex 1.743525e-02 4.213236e-01 3.992705e-02
endloop
endfacet
facet normal 0 0 0
outer loop
vertex 1.905429e-01 6.993853e-01 4.049625e-03
vertex 1.949107e-01 7.321835e-01 -1.255129e-03
vertex 1.551225e-01 7.246854e-01 5.126045e-03
endloop
endfacet
facet normal 0 0 0
outer loop
vertex -1.010994e-01 1.438531e-01 -4.939642e-02
vertex -1.076169e-01 1.329155e-01 -4.167508e-02
vertex -8.602139e-02 1.238640e-01 -4.811492e-02
endloop
endfacet
facet normal 0 0 0
outer loop
vertex -2.467623e-01 2.694733e-01 -1.606282e-02
vertex -2.495156e-01 2.381167e-01 -2.893442e-02
vertex -2.145987e-01 2.298794e-01 -2.556089e-02
endloop
endfacet
facet normal 0 0 0
outer loop
vertex -2.467623e-01 2.694733e-01 -1.606282e-02
vertex -2.145987e-01 2.298794e-01 -2.556089e-02
vertex -2.211119e-01 2.662962e-01 -1.849621e-02
endloop
endfacet
facet normal 0 0 0
outer loop
vertex -4.417964e-02 4.872481e-02 4.929808e-02
vertex -5.947350e-02 5.943988e-02 4.996246e-02
vertex -4.740078e-02 6.326161e-02 4.430592e-02
endloop
endfacet
facet normal 0 0 0
outer loop
vertex 1.884204e-01 2.631449e-01 -2.941251e-03
vertex 1.623983e-01 2.630396e-01 -3.340048e-03
vertex 1.913480e-01 2.830967e-01 4.061000e-03
endloop
endfacet
facet normal 0 0 0
outer loop
vertex 3.459907e-01 4.741540e-01 4.923936e-03
vertex 3.400500e-01 5.079949e-01 -3.621109e-03
vertex 3.175742e-01 4.859630e-01 5.511102e-03
endloop
endfacet
facet normal 0 0 0
outer loop
vertex 9.858341e-02 1.203059e-01 5.448033e-03
vertex 1.184536e-01 8.415040e-02 6.897368e-03
vertex 1.424400e-01 1.042657e-01 5.187419e-03
endloop
endfacet
facet normal 0 0 0
outer loop
vertex 3.488573e-01 6.722025e-01 -3.543939e-03
vertex 3.082050e-01 6.602001e-01 -4.204535e-03
vertex 3.273691e-01 7.039021e-01 -4.653699e-03
endloop
endfacet
facet normal 0 0 0
outer loop
vertex 1.802736e-02 1.757136e-01 6.937451e-03
vertex 6.171209e-03 1.619265e-01 2.383718e-03
vertex 2.676212e-02 1.385249e-01 1.344000e-03
endloop
endfacet
facet normal 0 0 0
outer loop
vertex 1.414911e-02 1.813196e-01 -5.952146e-03
vertex 2.676212e-02 1.385249e-01 1.344000e-03
vertex 6.171209e-03 1.619265e-01 2.383718e-03
endloop
endfacet
facet normal 0 0 0
outer loop
vertex -1.407903e-01 8.557758e-02 5.442628e-02
vertex -1.258434e-01 6.809419e-02 5.314026e-02
vertex -1.419974e-01 7.284507e-02 4.930981e-02
endloop
endfacet
facet normal 0 0 0
outer loop
vertex -1.249759e-01 5.645366e-02 6.148054e-02
vertex -1.375911e-01 6.768463e-02 6.166246e-02
vertex -1.362889e-01 5.457748e-02 5.679473e-02
endloop
endfacet
facet normal 0 0 0
outer loop
vertex 1.331442e-01 5.378434e-01 -3.219178e-02
vertex 7.883681e-02 6.005683e-01 -3.796628e-02
vertex 1.293913e-01 6.134323e-01 -3.009511e-02
endloop
endfacet
facet normal 0 0 0
outer loop
vertex -5.085513e-02 4.674228e-01 -5.073066e-02
vertex -9.479823e-02 4.862697e-01 -6.181577e-02
vertex -7.532858e-02 5.114848e-01 -6.252436e-02
endloop
endfacet
facet normal 0 0 0
outer loop
vertex -6.329446e-02 9.455535e-01 5.094839e-03
vertex -5.996856e-02 9.711081e-01 -4.074025e-03
vertex -7.712513e-02 9.611227e-01 5.120244e-03
endloop
endfacet
facet normal 0 0 0
outer loop
vertex -1.171220e-01 8.518896e-01 -2.181775e-02
vertex -6.113184e-02 8.639143e-01 -1.740951e-02
vertex -5.891287e-02 8.075264e-01 -2.952662e-02
endloop
endfacet
facet normal 0 0 0
outer loop
vertex -2.747627e-02 5.970914e-01 -7.286274e-02
vertex -4.799778e-02 5.647118e-01 -7.255312e-02
vertex -3.026847e-02 5.761377e-01 -6.445631e-02
endloop
endfacet
facet normal 0 0 0
outer loop
vertex 6.873492e-02 4.637569e-01 3.824635e-02
vertex 6.471320e-02 5.046833e-01 4.115405e-02
vertex 2.580855e-02 5.052339e-01 4.564413e-02
endloop
endfacet
facet normal 0 0 0
outer loop
vertex 3.320635e-01 6.489301e-01 9.553477e-04
vertex 3.208050e-01 6.657064e-01 5.164583e-03
vertex 3.119352e-01 6.252619e-01 5.531558e-03
endloop
endfacet
facet normal 0 0 0
outer loop
vertex 3.280701e-01 6.197943e-01 -3.838280e-03
vertex 3.320635e-01 6.489301e-01 9.553477e-04
vertex 3.119352e-01 6.252619e-01 5.531558e-03
endloop
endfacet
facet normal 0 0 0
outer loop
vertex -4.238616e-01 5.943025e-01 -2.663972e-02
vertex -4.717932e-01 5.929464e-01 -1.281553e-02
vertex -4.410997e-01 6.217481e-01 -1.517926e-02
endloop
endfacet
facet normal 0 0 0
outer loop
vertex -2.027500e-02 5.577020e-01 -6.666800e-02
vertex -4.799778e-02 5.647118e-01 -7.255312e-02
vertex -2.737100e-02 5.376260e-01 -6.832900e-02
endloop
endfacet
facet normal 0 0 0
outer loop
vertex -4.740078e-02 6.326161e-02 4.430592e-02
vertex -4.132328e-02 7.237704e-02 5.229767e-02
vertex -3.258500e-02 5.668000e-02 4.364800e-02
endloop
endfacet
facet normal 0 0 0
outer loop
vertex 1.865237e-02 5.746976e-01 4.668520e-02
vertex -1.369911e-02 5.220925e-01 5.012549e-02
vertex 2.580855e-02 5.052339e-01 4.564413e-02
endloop
endfacet
facet normal 0 0 0
outer loop
vertex -2.027500e-02 5.577020e-01 -6.666800e-02
vertex -1.533400e-02 5.757970e-01 -7.129800e-02
vertex -1.478088e-02 5.822387e-01 -6.475617e-02
endloop
endfacet
facet normal 0 0 0
outer loop
vertex 1.866321e-01 4.256783e-01 -5.564985e-03
vertex 1.777760e-01 4.321630e-01 -3.294000e-03
vertex 1.923658e-01 4.469682e-01 -6.275360e-03
endloop
endfacet
facet normal 0 0 0
outer loop
vertex 1.503007e-01 5.068393e-01 3.000758e-02
vertex 1.543151e-01 5.553479e-01 3.035267e-02
vertex 1.044157e-01 5.051093e-01 3.635101e-02
endloop
endfacet
facet normal 0 0 0
outer loop
vertex 1.582635e-01 4.738002e-01 2.386669e-02
vertex 1.503007e-01 5.068393e-01 3.000758e-02
vertex 1.044157e-01 5.051093e-01 3.635101e-02
endloop
endfacet
facet normal 0 0 0
outer loop
vertex -2.418575e-02 4.133399e-02 5.395920e-02
vertex -5.874916e-04 3.810583e-02 4.684420e-02
vertex -2.541281e-02 5.451012e-02 5.372924e-02
endloop
endfacet
facet normal 0 0 0
outer loop
vertex -6.477469e-02 4.753979e-01 5.259937e-02
vertex -8.948746e-02 5.003069e-01 7.163089e-02
vertex -1.086949e-01 4.675802e-01 5.509948e-02
endloop
endfacet
facet normal 0 0 0
outer loop
vertex 2.094358e-01 4.314090e-01 -3.091251e-03
vertex 1.863227e-01 4.035108e-01 -3.180383e-03
vertex 1.866321e-01 4.256783e-01 -5.564985e-03
endloop
endfacet
facet normal 0 0 0
outer loop
vertex 1.840060e-01 2.451042e-01 -3.044957e-03
vertex 1.823283e-01 2.265754e-01 3.984272e-03
vertex 1.611555e-01 2.364269e-01 4.126343e-03
endloop
endfacet
facet normal 0 0 0
outer loop
vertex -1.038566e-01 9.593203e-01 -5.406335e-03
vertex -8.838201e-02 9.701280e-01 -4.809142e-03
vertex -9.128673e-02 9.468873e-01 5.609734e-03
endloop
endfacet
facet normal 0 0 0
outer loop
vertex -3.148233e-01 7.041747e-01 -3.569591e-02
vertex -2.960944e-01 6.809293e-01 -4.265651e-02
vertex -3.221263e-01 6.772644e-01 -3.876916e-02
endloop
endfacet
facet normal 0 0 0
outer loop
vertex -6.113184e-02 8.639143e-01 -1.740951e-02
vertex -2.240600e-02 8.958630e-01 -4.004000e-03
vertex -2.326520e-02 8.523471e-01 -1.696652e-02
endloop
endfacet
facet normal 0 0 0
outer loop
vertex 1.845620e-01 2.478150e-01 4.036000e-03
vertex 1.840060e-01 2.451042e-01 -3.044957e-03
vertex 1.884204e-01 2.631449e-01 -2.941251e-03
endloop
endfacet
facet normal 0 0 0
outer loop
vertex -4.255615e-01 5.610335e-01 -2.963896e-02
vertex -4.338790e-01 5.181482e-01 -2.927381e-02
vertex -4.706590e-01 5.488371e-01 -2.273413e-02
endloop
endfacet
facet normal 0 0 0
outer loop
vertex -1.393880e-01 2.123990e-01 -3.760300e-02
vertex -1.670168e-01 1.976152e-01 -3.805750e-02
vertex -1.417334e-01 1.845098e-01 -3.803294e-02
endloop
endfacet
facet normal 0 0 0
outer loop
vertex -2.152671e-01 5.757654e-01 5.837225e-02
vertex -2.226686e-01 6.291158e-01 5.499377e-02
vertex -2.667900e-01 6.029260e-01 5.532600e-02
endloop
endfacet
facet normal 0 0 0
outer loop
vertex 3.474290e-02 7.369772e-01 3.238243e-02
vertex 7.465112e-03 7.826183e-01 2.848233e-02
vertex -2.663605e-02 7.118564e-01 4.273285e-02
endloop
endfacet
facet normal 0 0 0
outer loop
vertex 1.365118e-01 3.735176e-01 -9.172663e-03
vertex 1.246200e-01 3.450780e-01 -3.795000e-03
vertex 9.372983e-02 3.768809e-01 -1.852593e-02
endloop
endfacet
facet normal 0 0 0
outer loop
vertex 9.360754e-03 6.387737e-01 4.556129e-02
vertex 5.733128e-02 6.230769e-01 4.083349e-02
vertex 6.657195e-02 6.845254e-01 3.488077e-02
endloop
endfacet
facet normal 0 0 0
outer loop
vertex 1.269460e-01 8.150588e-01 -3.219606e-03
vertex 8.913681e-02 8.004361e-01 -8.260074e-03
vertex 9.124017e-02 8.369281e-01 -3.572514e-03
endloop
endfacet
facet normal 0 0 0
outer loop
vertex -1.397232e-01 5.163696e-01 7.201236e-02
vertex -1.643192e-01 4.850838e-01 6.820308e-02
vertex -1.352327e-01 4.940196e-01 5.689237e-02
endloop
endfacet
facet normal 0 0 0
outer loop
vertex 1.923658e-01 4.469682e-01 -6.275360e-03
vertex 1.761763e-01 4.364121e-01 8.016140e-03
vertex 1.866321e-01 4.256783e-01 -5.564985e-03
endloop
endfacet
facet normal 0 0 0
outer loop
vertex -1.258434e-01 6.809419e-02 5.314026e-02
vertex -1.375911e-01 6.768463e-02 6.166246e-02
vertex -1.249759e-01 5.645366e-02 6.148054e-02
endloop
endfacet
facet normal 0 0 0
outer loop
vertex 1.376332e-01 1.085481e+00 -3.793186e-03
vertex 1.113055e-01 1.098265e+00 5.082823e-03
vertex 9.340914e-02 1.071709e+00 5.031503e-03
endloop
endfacet
facet normal 0 0 0
outer loop
vertex -8.353328e-04 4.066790e-01 -3.898507e-02
vertex 6.835619e-02 4.164896e-01 -3.138666e-02
vertex 5.582567e-02 3.791628e-01 -2.577471e-02
endloop
endfacet
facet normal 0 0 0
outer loop
vertex -1.677513e-01 5.631473e-01 5.721721e-02
vertex -1.822934e-01 6.017795e-01 5.649432e-02
vertex -2.152671e-01 5.757654e-01 5.837225e-02
endloop
endfacet
facet normal 0 0 0
outer loop
vertex 9.492689e-02 1.099439e+00 -4.007085e-03
vertex 9.340914e-02 1.071709e+00 5.031503e-03
vertex 6.370464e-02 1.081477e+00 -4.069751e-03
endloop
endfacet
facet normal 0 0 0
outer loop
vertex 9.082090e-02 1.916466e-01 5.082540e-03
vertex 1.131147e-01 1.452588e-01 -3.997289e-03
vertex 8.084501e-02 1.630531e-01 -4.223623e-03
endloop
endfacet
facet normal 0 0 0
outer loop
vertex 7.681021e-02 1.490359e-01 5.389203e-03
vertex 1.131147e-01 1.452588e-01 -3.997289e-03
vertex 9.082090e-02 1.916466e-01 5.082540e-03
endloop
endfacet
facet normal 0 0 0
outer loop
vertex 9.082090e-02 1.916466e-01 5.082540e-03
vertex 1.219532e-01 1.803499e-01 -3.777673e-03
vertex 1.131147e-01 1.452588e-01 -3.997289e-03
endloop
endfacet
facet normal 0 0 0
outer loop
vertex -1.178941e-01 5.783333e-01 -5.539446e-02
vertex -8.935584e-02 5.459362e-01 -5.480743e-02
vertex -1.300881e-01 5.526997e-01 -6.412285e-02
endloop
endfacet
facet normal 0 0 0
outer loop
vertex -8.935584e-02 5.459362e-01 -5.480743e-02
vertex -9.948879e-02 5.719650e-01 -7.347775e-02
vertex -1.300881e-01 5.526997e-01 -6.412285e-02
endloop
endfacet
facet normal 0 0 0
outer loop
vertex -4.369396e-01 6.030559e-01 2.271678e-02
vertex -3.793140e-01 6.187740e-01 3.490600e-02
vertex -4.211622e-01 6.523290e-01 1.479081e-02
endloop
endfacet
facet normal 0 0 0
outer loop
vertex -3.793140e-01 6.187740e-01 3.490600e-02
vertex -4.369396e-01 6.030559e-01 2.271678e-02
vertex -3.698487e-01 5.891455e-01 3.691330e-02
endloop
endfacet
facet normal 0 0 0
outer loop
vertex -4.369396e-01 6.030559e-01 2.271678e-02
vertex -3.882565e-01 5.541568e-01 3.939199e-02
vertex -3.698487e-01 5.891455e-01 3.691330e-02
endloop
endfacet
facet normal 0 0 0
outer loop
vertex -3.502047e-01 6.340687e-01 -4.652403e-02
vertex -3.266422e-01 6.494169e-01 -4.753409e-02
vertex -3.228237e-01 6.297279e-01 -5.411310e-02
endloop
endfacet
facet normal 0 0 0
outer loop
vertex -4.740078e-02 6.326161e-02 4.430592e-02
vertex -5.947350e-02 5.943988e-02 4.996246e-02
vertex -6.321970e-02 7.165636e-02 4.487661e-02
endloop
endfacet
facet normal 0 0 0
outer loop
vertex -1.551082e-01 4.846162e-01 -5.597580e-02
vertex -1.230722e-01 5.064796e-01 -5.591192e-02
vertex -1.547414e-01 5.036001e-01 -6.944352e-02
endloop
endfacet
facet normal 0 0 0
outer loop
vertex -1.230722e-01 5.064796e-01 -5.591192e-02
vertex -1.589392e-01 5.417086e-01 -5.640459e-02
vertex -1.547414e-01 5.036001e-01 -6.944352e-02
endloop
endfacet
facet normal 0 0 0
outer loop
vertex 1.769994e-01 3.714511e-01 -3.227791e-03
vertex 2.053960e-01 3.358380e-01 1.344000e-03
vertex 1.601931e-01 3.443329e-01 -3.480898e-03
endloop
endfacet
facet normal 0 0 0
outer loop
vertex -1.070490e-01 1.058927e-01 -4.648372e-02
vertex -1.076169e-01 1.329155e-01 -4.167508e-02
vertex -1.209653e-01 1.251267e-01 -4.477198e-02
endloop
endfacet
facet normal 0 0 0
outer loop
vertex -6.573000e-03 1.046283e+00 -5.386000e-03
vertex 1.555693e-02 1.027214e+00 5.184484e-03
vertex -1.138270e-02 1.008613e+00 -4.130621e-03
endloop
endfacet
facet normal 0 0 0
outer loop
vertex 2.424490e-02 1.041418e+00 -4.160751e-03
vertex 1.555693e-02 1.027214e+00 5.184484e-03
vertex -6.573000e-03 1.046283e+00 -5.386000e-03
endloop
endfacet
facet normal 0 0 0
outer loop
vertex -1.212507e-01 6.214701e-02 -5.825947e-02
vertex -1.326263e-01 6.895664e-02 -4.903975e-02
vertex -1.038581e-01 4.858984e-02 -5.217756e-02
endloop
endfacet
facet normal 0 0 0
outer loop
vertex -1.017485e-01 3.791486e-01 4.238601e-02
vertex -6.495871e-02 3.378079e-01 3.111266e-02
vertex -3.806975e-02 3.797876e-01 3.869468e-02
endloop
endfacet
facet normal 0 0 0
outer loop
vertex -1.346251e-01 6.045486e-01 5.589284e-02
vertex -1.822934e-01 6.017795e-01 5.649432e-02
vertex -1.677513e-01 5.631473e-01 5.721721e-02
endloop
endfacet
facet normal 0 0 0
outer loop
vertex -1.449000e-02 5.859760e-01 6.554100e-02
vertex -4.983888e-02 6.013389e-01 7.449200e-02
vertex -4.197767e-02 5.726539e-01 6.534968e-02
endloop
endfacet
facet normal 0 0 0
outer loop
vertex -1.383914e-01 6.530014e-01 -5.225346e-02
vertex -2.059275e-01 6.868978e-01 -4.882957e-02
vertex -1.593935e-01 7.155058e-01 -4.613518e-02
endloop
endfacet
facet normal 0 0 0
outer loop
vertex 3.822326e-01 6.847939e-01 4.247415e-03
vertex 3.527652e-01 7.062269e-01 4.675890e-03
vertex 3.738587e-01 7.240136e-01 4.496295e-03
endloop
endfacet
facet normal 0 0 0
outer loop
vertex -3.700824e-01 3.928355e-01 -5.410174e-03
vertex -3.627352e-01 3.923866e-01 1.329212e-02
vertex -3.867407e-01 4.148310e-01 1.484041e-02
endloop
endfacet
facet normal 0 0 0
outer loop
vertex 3.488573e-01 6.722025e-01 -3.543939e-03
vertex 3.528229e-01 6.347654e-01 -3.410037e-03
vertex 3.320635e-01 6.489301e-01 9.553477e-04
endloop
endfacet
facet normal 0 0 0
outer loop
vertex 3.082050e-01 6.602001e-01 -4.204535e-03
vertex 3.488573e-01 6.722025e-01 -3.543939e-03
vertex 3.320635e-01 6.489301e-01 9.553477e-04
endloop
endfacet
facet normal 0 0 0
outer loop
vertex 7.033400e-02 3.021010e-01 5.151000e-03
vertex 1.001407e-01 3.251227e-01 4.987158e-03
vertex 5.799861e-02 3.294146e-01 1.540130e-02
endloop
endfacet
facet normal 0 0 0
outer loop
vertex 2.252796e-02 6.637750e-01 -4.145006e-02
vertex 7.405604e-02 6.638993e-01 -3.495525e-02
vertex 5.342413e-02 6.366162e-01 -3.956925e-02
endloop
endfacet
facet normal 0 0 0
outer loop
vertex -1.383863e-01 9.298695e-01 -5.458312e-03
vertex -1.811318e-01 9.154497e-01 2.485187e-04
vertex -1.395380e-01 9.473850e-01 2.044000e-03
endloop
endfacet
facet normal 0 0 0
outer loop
vertex 8.012577e-02 5.508828e-01 -3.880329e-02
vertex 4.916387e-02 5.676166e-01 -4.233777e-02
vertex 7.883681e-02 6.005683e-01 -3.796628e-02
endloop
endfacet
facet normal 0 0 0
outer loop
vertex 4.916387e-02 5.676166e-01 -4.233777e-02
vertex 9.950890e-04 5.893180e-01 -4.725588e-02
vertex 3.589903e-02 5.949889e-01 -4.335054e-02
endloop
endfacet
facet normal 0 0 0
outer loop
vertex -1.179218e-01 5.530115e-01 5.687714e-02
vertex -1.397232e-01 5.163696e-01 7.201236e-02
vertex -1.070131e-01 5.403119e-01 7.349225e-02
endloop
endfacet
facet normal 0 0 0
outer loop
vertex -8.058875e-02 5.441231e-01 5.545960e-02
vertex -1.070131e-01 5.403119e-01 7.349225e-02
vertex -1.179218e-01 5.530115e-01 5.687714e-02
endloop
endfacet
facet normal 0 0 0
outer loop
vertex -1.518031e-01 8.954170e-02 -4.707907e-02
vertex -1.565083e-01 1.073748e-01 -5.204603e-02
vertex -1.682426e-01 1.018586e-01 -4.620846e-02
endloop
endfacet
facet normal 0 0 0
outer loop
vertex -2.003418e-01 3.471215e-01 -3.561691e-02
vertex -2.260186e-01 3.168928e-01 -2.949455e-02
vertex -2.502418e-01 3.852963e-01 -3.528971e-02
endloop
endfacet
facet normal 0 0 0
outer loop
vertex -1.417451e-01 2.706629e-01 4.464361e-03
vertex -7.008138e-02 2.560393e-01 7.485109e-03
vertex -1.490578e-01 2.814462e-01 2.280508e-02
endloop
endfacet
facet normal 0 0 0
outer loop
vertex -3.073485e-01 8.030435e-01 -1.127091e-02
vertex -2.780773e-01 8.345561e-01 -6.858292e-03
vertex -2.590611e-01 8.002415e-01 -2.482844e-02
endloop
endfacet
facet normal 0 0 0
outer loop
vertex -1.171220e-01 8.518896e-01 -2.181775e-02
vertex -1.202786e-01 7.693594e-01 -3.828032e-02
vertex -1.998129e-01 8.075689e-01 -2.932421e-02
endloop
endfacet
facet normal 0 0 0
outer loop
vertex -2.704317e-01 5.599049e-01 5.869638e-02
vertex -3.140660e-01 5.829303e-01 5.731143e-02
vertex -3.006260e-01 5.643320e-01 5.010700e-02
endloop
endfacet
facet normal 0 0 0
outer loop
vertex 1.766450e-01 6.843710e-01 4.057000e-03
vertex 1.615942e-01 6.360947e-01 2.229172e-02
vertex 1.799688e-01 6.582654e-01 1.140727e-02
endloop
endfacet
facet normal 0 0 0
outer loop
vertex -9.027611e-02 1.286134e-01 4.845996e-02
vertex -8.008043e-02 9.951182e-02 5.582518e-02
vertex -7.153274e-02 1.020897e-01 4.610872e-02
endloop
endfacet
facet normal 0 0 0
outer loop
vertex -1.338743e-01 4.606720e-01 6.753230e-02
vertex -1.456830e-01 4.279360e-01 5.818400e-02
vertex -1.502070e-01 4.522580e-01 5.503300e-02
endloop
endfacet
facet normal 0 0 0
outer loop
vertex 1.884004e-02 6.212854e-01 -4.436104e-02
vertex 2.252796e-02 6.637750e-01 -4.145006e-02
vertex 5.342413e-02 6.366162e-01 -3.956925e-02
endloop
endfacet
facet normal 0 0 0
outer loop
vertex -6.340154e-02 5.614887e-01 -5.310477e-02
vertex -8.112864e-02 5.768209e-01 -5.391129e-02
vertex -4.944352e-02 5.799959e-01 -5.185824e-02
endloop
endfacet
facet normal 0 0 0
outer loop
vertex -6.201461e-02 6.095702e-01 -5.186901e-02
vertex -8.112864e-02 5.768209e-01 -5.391129e-02
vertex -1.064732e-01 6.103725e-01 -5.402392e-02
endloop
endfacet
facet normal 0 0 0
outer loop
vertex 3.322178e-01 5.507413e-01 5.174152e-03
vertex 3.608972e-01 5.691448e-01 -3.267958e-03
vertex 3.715458e-01 5.361401e-01 4.470518e-03
endloop
endfacet
facet normal 0 0 0
outer loop
vertex 3.608972e-01 5.691448e-01 -3.267958e-03
vertex 3.882464e-01 5.673218e-01 -2.883880e-03
vertex 3.715458e-01 5.361401e-01 4.470518e-03
endloop
endfacet
facet normal 0 0 0
outer loop
vertex 1.799688e-01 6.582654e-01 1.140727e-02
vertex 1.615942e-01 6.360947e-01 2.229172e-02
vertex 1.993039e-01 6.378952e-01 8.084436e-03
endloop
endfacet
facet normal 0 0 0
outer loop
vertex -3.793140e-01 6.187740e-01 3.490600e-02
vertex -3.850772e-01 6.605853e-01 2.732267e-02
vertex -4.211622e-01 6.523290e-01 1.479081e-02
endloop
endfacet
facet normal 0 0 0
outer loop
vertex 1.376332e-01 1.085481e+00 -3.793186e-03
vertex 1.367865e-01 1.115273e+00 4.968162e-03
vertex 1.113055e-01 1.098265e+00 5.082823e-03
endloop
endfacet
facet normal 0 0 0
outer loop
vertex -1.603850e-01 2.382408e-01 -3.049733e-02
vertex -1.553853e-01 2.416084e-01 -4.003072e-02
vertex -1.666432e-01 2.736155e-01 -2.788430e-02
endloop
endfacet
facet normal 0 0 0
outer loop
vertex -7.532858e-02 5.114848e-01 -6.252436e-02
vertex -4.845935e-02 5.413531e-01 -5.223988e-02
vertex -2.428446e-02 5.078294e-01 -4.928682e-02
endloop
endfacet
facet normal 0 0 0
outer loop
vertex -7.532858e-02 5.114848e-01 -6.252436e-02
vertex -5.683000e-02 4.801060e-01 -6.940300e-02
vertex -4.018100e-02 5.147250e-01 -6.390800e-02
endloop
endfacet
facet normal 0 0 0
outer loop
vertex 3.459907e-01 4.741540e-01 4.923936e-03
vertex 3.722047e-01 4.905164e-01 4.483405e-03
vertex 3.660200e-01 4.414675e-01 4.821969e-03
endloop
endfacet
facet normal 0 0 0
outer loop
vertex 9.148987e-02 3.924946e-01 2.313662e-02
vertex 6.826302e-02 3.611913e-01 2.069314e-02
vertex 1.089417e-01 3.589979e-01 1.250154e-02
endloop
endfacet
facet normal 0 0 0
outer loop
vertex -9.128673e-02 9.468873e-01 5.609734e-03
vertex -8.211429e-02 9.199588e-01 5.115740e-03
vertex -1.076530e-01 9.304021e-01 -4.085998e-03
endloop
endfacet
facet normal 0 0 0
outer loop
vertex -3.079747e-01 8.060977e-01 8.562622e-03
vertex -2.606981e-01 8.045689e-01 2.422570e-02
vertex -2.728901e-01 8.353786e-01 1.047735e-02
endloop
endfacet
facet normal 0 0 0
outer loop
vertex -9.925200e-02 8.270421e-01 2.859859e-02
vertex -1.339554e-01 7.686073e-01 3.851314e-02
vertex -5.707134e-02 7.816899e-01 3.516787e-02
endloop
endfacet
facet normal 0 0 0
outer loop
vertex -1.123123e-01 1.139999e-01 5.603355e-02
vertex -9.499055e-02 9.232574e-02 5.474554e-02
vertex -8.008043e-02 9.951182e-02 5.582518e-02
endloop
endfacet
facet normal 0 0 0
outer loop
vertex -1.393880e-01 2.123990e-01 -3.760300e-02
vertex -1.553853e-01 2.416084e-01 -4.003072e-02
vertex -1.603850e-01 2.382408e-01 -3.049733e-02
endloop
endfacet
facet normal 0 0 0
outer loop
vertex -2.428446e-02 5.078294e-01 -4.928682e-02
vertex -1.640578e-02 5.335764e-01 -4.940524e-02
vertex 2.335479e-02 5.336272e-01 -4.541830e-02
endloop
endfacet
facet normal 0 0 0
outer loop
vertex 2.845770e-03 4.750557e-01 -4.606807e-02
vertex -2.428446e-02 5.078294e-01 -4.928682e-02
vertex 2.335479e-02 5.336272e-01 -4.541830e-02
endloop
endfacet
facet normal 0 0 0
outer loop
vertex 4.464923e-02 7.721587e-01 2.450210e-02
vertex 6.206276e-02 8.118256e-01 1.268210e-02
vertex 2.630982e-02 8.217035e-01 1.735519e-02
endloop
endfacet
facet normal 0 0 0
outer loop
vertex 6.706315e-02 8.665707e-01 -3.709094e-03
vertex 5.397316e-02 8.180932e-01 -1.203895e-02
vertex 4.350870e-02 8.483534e-01 -9.562572e-03
endloop
endfacet
facet normal 0 0 0
outer loop
vertex 2.117756e-02 7.976333e-01 -2.235395e-02
vertex 5.397316e-02 8.180932e-01 -1.203895e-02
vertex 3.481653e-02 7.627539e-01 -2.700639e-02
endloop
endfacet
facet normal 0 0 0
outer loop
vertex -1.017485e-01 3.791486e-01 4.238601e-02
vertex -1.626470e-01 3.817460e-01 4.263700e-02
vertex -1.483956e-01 3.307418e-01 3.308758e-02
endloop
endfacet
facet normal 0 0 0
outer loop
vertex -1.626470e-01 3.817460e-01 4.263700e-02
vertex -1.992976e-01 3.774257e-01 4.049521e-02
vertex -1.483956e-01 3.307418e-01 3.308758e-02
endloop
endfacet
facet normal 0 0 0
outer loop
vertex -1.847540e-01 2.319897e-01 -3.270467e-02
vertex -1.853105e-01 2.111177e-01 -4.155494e-02
vertex -1.670168e-01 1.976152e-01 -3.805750e-02
endloop
endfacet
facet normal 0 0 0
outer loop
vertex -1.230722e-01 5.064796e-01 -5.591192e-02
vertex -1.311913e-01 4.652005e-01 -6.710806e-02
vertex -1.547414e-01 5.036001e-01 -6.944352e-02
endloop
endfacet
facet normal 0 0 0
outer loop
vertex 1.769994e-01 3.714511e-01 -3.227791e-03
vertex 1.601931e-01 3.443329e-01 -3.480898e-03
vertex 1.365118e-01 3.735176e-01 -9.172663e-03
endloop
endfacet
facet normal 0 0 0
outer loop
vertex 1.404540e-01 3.597810e-01 4.616000e-03
vertex 1.601931e-01 3.443329e-01 -3.480898e-03
vertex 1.769994e-01 3.714511e-01 -3.227791e-03
endloop
endfacet
facet normal 0 0 0
outer loop
vertex -1.701536e-01 2.059290e-01 3.764787e-02
vertex -1.471631e-01 2.058042e-01 3.621795e-02
vertex -1.470000e-01 1.688066e-01 4.170691e-02
endloop
endfacet
facet normal 0 0 0
outer loop
vertex -5.089441e-01 5.767733e-01 -1.011824e-02
vertex -5.081370e-01 5.515548e-01 -1.483987e-02
vertex -5.137202e-01 5.588330e-01 1.087330e-02
endloop
endfacet
facet normal 0 0 0
outer loop
vertex -2.226686e-01 6.291158e-01 5.499377e-02
vertex -2.799394e-01 6.386936e-01 4.906621e-02
vertex -2.667900e-01 6.029260e-01 5.532600e-02
endloop
endfacet
facet normal 0 0 0
outer loop
vertex -3.040402e-01 6.980057e-01 3.924698e-02
vertex -2.398707e-01 6.859049e-01 4.817857e-02
vertex -2.579778e-01 7.294515e-01 4.034328e-02
endloop
endfacet
facet normal 0 0 0
outer loop
vertex -2.913334e-01 7.591764e-01 3.001274e-02
vertex -2.579778e-01 7.294515e-01 4.034328e-02
vertex -2.159253e-01 7.556726e-01 3.943945e-02
endloop
endfacet
facet normal 0 0 0
outer loop
vertex 5.342413e-02 6.366162e-01 -3.956925e-02
vertex 7.405604e-02 6.638993e-01 -3.495525e-02
vertex 7.883681e-02 6.005683e-01 -3.796628e-02
endloop
endfacet
facet normal 0 0 0
outer loop
vertex 1.884004e-02 6.212854e-01 -4.436104e-02
vertex 5.342413e-02 6.366162e-01 -3.956925e-02
vertex 7.883681e-02 6.005683e-01 -3.796628e-02
endloop
endfacet
facet normal 0 0 0
outer loop
vertex 1.643212e-01 7.575537e-01 -3.056758e-03
vertex 1.659134e-01 7.184126e-01 -3.097942e-03
vertex 1.551225e-01 7.246854e-01 5.126045e-03
endloop
endfacet
facet normal 0 0 0
outer loop
vertex 1.118209e-01 5.564215e-01 3.600049e-02
vertex 7.405541e-02 5.832079e-01 4.019231e-02
vertex 6.487462e-02 5.463803e-01 4.171378e-02
endloop
endfacet
facet normal 0 0 0
outer loop
vertex -2.502418e-01 3.852963e-01 -3.528971e-02
vertex -2.068538e-01 4.352689e-01 -4.927066e-02
vertex -1.728260e-01 3.851430e-01 -4.220800e-02
endloop
endfacet
facet normal 0 0 0
outer loop
vertex -2.005483e-02 8.202989e-01 2.465503e-02
vertex 7.465112e-03 7.826183e-01 2.848233e-02
vertex 2.630982e-02 8.217035e-01 1.735519e-02
endloop
endfacet
facet normal 0 0 0
outer loop
vertex -5.094080e-02 6.392892e-01 5.088040e-02
vertex -2.412832e-02 6.066982e-01 5.023272e-02
vertex 9.360754e-03 6.387737e-01 4.556129e-02
endloop
endfacet
facet normal 0 0 0
outer loop
vertex -2.412832e-02 6.066982e-01 5.023272e-02
vertex 1.865237e-02 5.746976e-01 4.668520e-02
vertex 9.360754e-03 6.387737e-01 4.556129e-02
endloop
endfacet
facet normal 0 0 0
outer loop
vertex -1.451824e-01 1.534455e-01 5.286189e-02
vertex -1.726843e-01 1.911431e-01 5.015567e-02
vertex -1.470000e-01 1.688066e-01 4.170691e-02
endloop
endfacet
facet normal 0 0 0
outer loop
vertex 1.019173e-01 1.011364e+00 4.664550e-03
vertex 1.128355e-01 9.722571e-01 -3.544597e-03
vertex 1.376264e-01 1.006380e+00 4.251901e-03
endloop
endfacet
facet normal 0 0 0
outer loop
vertex 5.250102e-02 1.745248e-01 5.478234e-03
vertex 1.802736e-02 1.757136e-01 6.937451e-03
vertex 2.676212e-02 1.385249e-01 1.344000e-03
endloop
endfacet
facet normal 0 0 0
outer loop
vertex 3.269624e-01 4.060006e-01 5.362031e-03
vertex 3.287605e-01 4.433513e-01 5.296126e-03
vertex 2.998138e-01 4.333929e-01 5.839683e-03
endloop
endfacet
facet normal 0 0 0
outer loop
vertex 1.770230e-01 4.879170e-01 -1.951000e-02
vertex 1.672850e-01 5.606824e-01 -2.673095e-02
vertex 2.200446e-01 5.401353e-01 -1.786109e-02
endloop
endfacet
facet normal 0 0 0
outer loop
vertex -2.369164e-01 2.372910e-01 2.449184e-02
vertex -2.409256e-01 2.814228e-01 1.331400e-02
vertex -2.206251e-01 2.508469e-01 2.220180e-02
endloop
endfacet
facet normal 0 0 0
outer loop
vertex 1.052805e-01 4.320005e-01 -2.769762e-02
vertex 6.835619e-02 4.164896e-01 -3.138666e-02
vertex 8.172928e-02 4.537042e-01 -3.472514e-02
endloop
endfacet
facet normal 0 0 0
outer loop
vertex 1.355711e-01 4.566081e-01 -2.578258e-02
vertex 8.172928e-02 4.537042e-01 -3.472514e-02
vertex 1.091512e-01 4.750907e-01 -3.300279e-02
endloop
endfacet
facet normal 0 0 0
outer loop
vertex -3.976485e-01 6.854568e-01 1.470885e-02
vertex -3.736997e-01 7.092357e-01 1.900607e-02
vertex -3.966662e-01 6.922073e-01 -6.812784e-03
endloop
endfacet
facet normal 0 0 0
outer loop
vertex 4.434381e-02 3.927464e-01 3.021146e-02
vertex 6.860457e-02 4.210553e-01 3.282154e-02
vertex 1.743525e-02 4.213236e-01 3.992705e-02
endloop
endfacet
facet normal 0 0 0
outer loop
vertex 1.467733e-02 3.435186e-01 2.563732e-02
vertex 4.434381e-02 3.927464e-01 3.021146e-02
vertex 1.146046e-02 3.840112e-01 3.357740e-02
endloop
endfacet
facet normal 0 0 0
outer loop
vertex 3.321890e-01 5.838447e-01 -3.791927e-03
vertex 3.280701e-01 6.197943e-01 -3.838280e-03
vertex 3.119352e-01 6.252619e-01 5.531558e-03
endloop
endfacet
facet normal 0 0 0
outer loop
vertex 3.280701e-01 6.197943e-01 -3.838280e-03
vertex 3.528229e-01 6.347654e-01 -3.410037e-03
vertex 3.630932e-01 5.969876e-01 -3.244748e-03
endloop
endfacet
facet normal 0 0 0
outer loop
vertex 3.280701e-01 6.197943e-01 -3.838280e-03
vertex 3.321890e-01 5.838447e-01 -3.791927e-03
vertex 2.932867e-01 5.824596e-01 -4.994666e-03
endloop
endfacet
facet normal 0 0 0
outer loop
vertex 1.898665e-01 5.055301e-01 2.099997e-02
vertex 2.122708e-01 5.483353e-01 2.026003e-02
vertex 1.543151e-01 5.553479e-01 3.035267e-02
endloop
endfacet
facet normal 0 0 0
outer loop
vertex -3.302660e-01 5.132142e-01 -5.020656e-02
vertex -2.877104e-01 5.034922e-01 -5.367556e-02
vertex -3.299367e-01 4.705922e-01 -4.239897e-02
endloop
endfacet
facet normal 0 0 0
outer loop
vertex -3.870004e-01 5.071127e-01 -3.848210e-02
vertex -3.302660e-01 5.132142e-01 -5.020656e-02
vertex -3.299367e-01 4.705922e-01 -4.239897e-02
endloop
endfacet
facet normal 0 0 0
outer loop
vertex 2.599594e-01 5.503033e-01 1.094930e-02
vertex 2.988067e-01 5.503960e-01 6.107874e-03
vertex 2.949338e-01 5.814268e-01 7.904307e-03
endloop
endfacet
facet normal 0 0 0
outer loop
vertex 3.029362e-01 5.234300e-01 6.483821e-03
vertex 2.988067e-01 5.503960e-01 6.107874e-03
vertex 2.599594e-01 5.503033e-01 1.094930e-02
endloop
endfacet
facet normal 0 0 0
outer loop
vertex -7.342902e-03 2.583719e-01 -8.950613e-03
vertex -2.204821e-02 2.108370e-01 -5.013662e-03
vertex -5.203934e-02 2.503033e-01 -7.727655e-03
endloop
endfacet
facet normal 0 0 0
outer loop
vertex -1.490578e-01 2.814462e-01 2.280508e-02
vertex -7.008138e-02 2.560393e-01 7.485109e-03
vertex -1.036799e-01 3.071028e-01 2.480205e-02
endloop
endfacet
facet normal 0 0 0
outer loop
vertex 3.481653e-02 7.627539e-01 -2.700639e-02
vertex 7.574854e-02 7.742642e-01 -1.685473e-02
vertex 7.959781e-02 7.201647e-01 -2.678465e-02
endloop
endfacet
facet normal 0 0 0
outer loop
vertex -2.395763e-02 5.654411e-01 5.114844e-02
vertex 1.865237e-02 5.746976e-01 4.668520e-02
vertex -2.412832e-02 6.066982e-01 5.023272e-02
endloop
endfacet
facet normal 0 0 0
outer loop
vertex -2.393005e-01 4.424816e-01 4.713310e-02
vertex -2.857136e-01 4.211145e-01 3.458232e-02
vertex -2.366966e-01 3.947811e-01 3.882673e-02
endloop
endfacet
facet normal 0 0 0
outer loop
vertex 1.905429e-01 6.993853e-01 4.049625e-03
vertex 1.659134e-01 7.184126e-01 -3.097942e-03
vertex 1.551225e-01 7.246854e-01 5.126045e-03
endloop
endfacet
facet normal 0 0 0
outer loop
vertex -3.806975e-02 3.797876e-01 3.869468e-02
vertex 1.146046e-02 3.840112e-01 3.357740e-02
vertex 1.743525e-02 4.213236e-01 3.992705e-02
endloop
endfacet
facet normal 0 0 0
outer loop
vertex 1.146046e-02 3.840112e-01 3.357740e-02
vertex 4.434381e-02 3.927464e-01 3.021146e-02
vertex 1.743525e-02 4.213236e-01 3.992705e-02
endloop
endfacet
facet normal 0 0 0
outer loop
vertex 1.232649e-01 3.879087e-01 1.552849e-02
vertex 1.404540e-01 3.597810e-01 4.616000e-03
vertex 1.551340e-01 3.981809e-01 1.032148e-02
endloop
endfacet
facet normal 0 0 0
outer loop
vertex -1.893864e-01 1.791150e-01 4.256314e-02
vertex -1.980449e-01 1.586208e-01 3.984146e-02
vertex -2.061239e-01 2.068926e-01 3.214394e-02
endloop
endfacet
facet normal 0 0 0
outer loop
vertex -3.261479e-01 4.063557e-01 -2.633164e-02
vertex -3.062810e-01 4.299020e-01 -3.142200e-02
vertex -2.970420e-01 3.772059e-01 -2.475954e-02
endloop
endfacet
facet normal 0 0 0
outer loop
vertex -3.039123e-01 3.517787e-01 -1.975233e-02
vertex -2.970420e-01 3.772059e-01 -2.475954e-02
vertex -2.662393e-01 3.357388e-01 -2.582665e-02
endloop
endfacet
facet normal 0 0 0
outer loop
vertex -1.630449e-01 2.516319e-01 4.006097e-02
vertex -1.629349e-01 2.594870e-01 2.889915e-02
vertex -1.796120e-01 2.568620e-01 4.084100e-02
endloop
endfacet
facet normal 0 0 0
outer loop
vertex -2.060540e-01 2.788971e-01 -3.649310e-02
vertex -2.260186e-01 3.168928e-01 -2.949455e-02
vertex -1.936827e-01 3.042099e-01 -2.899313e-02
endloop
endfacet
facet normal 0 0 0
outer loop
vertex -1.715192e-01 4.667480e-01 -6.458563e-02
vertex -1.311913e-01 4.652005e-01 -6.710806e-02
vertex -1.512315e-01 4.459715e-01 -6.399097e-02
endloop
endfacet
facet normal 0 0 0
outer loop
vertex 9.372983e-02 3.768809e-01 -1.852593e-02
vertex 8.716012e-02 3.340104e-01 -1.045104e-02
vertex 4.016189e-02 3.452173e-01 -2.137042e-02
endloop
endfacet
facet normal 0 0 0
outer loop
vertex -1.096315e-01 6.751903e-01 5.080024e-02
vertex -1.346251e-01 6.045486e-01 5.589284e-02
vertex -9.556901e-02 6.291052e-01 5.378423e-02
endloop
endfacet
facet normal 0 0 0
outer loop
vertex -9.556901e-02 6.291052e-01 5.378423e-02
vertex -9.680931e-02 5.842159e-01 5.562696e-02
vertex -5.693167e-02 5.872658e-01 5.344422e-02
endloop
endfacet
facet normal 0 0 0
outer loop
vertex 1.884204e-01 2.631449e-01 -2.941251e-03
vertex 1.623983e-01 2.630396e-01 -3.340048e-03
vertex 1.845620e-01 2.478150e-01 4.036000e-03
endloop
endfacet
facet normal 0 0 0
outer loop
vertex -1.853105e-01 2.111177e-01 -4.155494e-02
vertex -1.698704e-01 1.886416e-01 -5.059485e-02
vertex -1.670168e-01 1.976152e-01 -3.805750e-02
endloop
endfacet
facet normal 0 0 0
outer loop
vertex -7.342902e-03 2.583719e-01 -8.950613e-03
vertex -6.371196e-02 2.947191e-01 -1.972459e-02
vertex -5.160782e-03 3.187018e-01 -2.189683e-02
endloop
endfacet
facet normal 0 0 0
outer loop
vertex 1.551340e-01 3.981809e-01 1.032148e-02
vertex 1.769994e-01 3.714511e-01 -3.227791e-03
vertex 1.863227e-01 4.035108e-01 -3.180383e-03
endloop
endfacet
facet normal 0 0 0
outer loop
vertex 7.033400e-02 3.021010e-01 5.151000e-03
vertex 5.799861e-02 3.294146e-01 1.540130e-02
vertex 2.610282e-02 3.110092e-01 1.686173e-02
endloop
endfacet
facet normal 0 0 0
outer loop
vertex 2.610282e-02 3.110092e-01 1.686173e-02
vertex 5.799861e-02 3.294146e-01 1.540130e-02
vertex 1.467733e-02 3.435186e-01 2.563732e-02
endloop
endfacet
facet normal 0 0 0
outer loop
vertex -6.573000e-03 1.046283e+00 -5.386000e-03
vertex -1.138270e-02 1.008613e+00 -4.130621e-03
vertex -3.891240e-02 1.023741e+00 -5.292456e-03
endloop
endfacet
facet normal 0 0 0
outer loop
vertex -1.651709e-01 3.376325e-01 -3.439355e-02
vertex -1.936827e-01 3.042099e-01 -2.899313e-02
vertex -2.003418e-01 3.471215e-01 -3.561691e-02
endloop
endfacet
facet normal 0 0 0
outer loop
vertex -1.535858e-01 4.118807e-01 4.981236e-02
vertex -1.626470e-01 3.817460e-01 4.263700e-02
vertex -1.017485e-01 3.791486e-01 4.238601e-02
endloop
endfacet
facet normal 0 0 0
outer loop
vertex -4.350137e-02 4.502026e-01 4.960120e-02
vertex -2.634240e-02 4.804511e-01 5.015019e-02
vertex -6.477469e-02 4.753979e-01 5.259937e-02
endloop
endfacet
facet normal 0 0 0
outer loop
vertex -2.634240e-02 4.804511e-01 5.015019e-02
vertex -4.350137e-02 4.502026e-01 4.960120e-02
vertex -2.193449e-02 4.308284e-01 4.559160e-02
endloop
endfacet
facet normal 0 0 0
outer loop
vertex -3.062810e-01 4.299020e-01 -3.142200e-02
vertex -3.600020e-01 4.265090e-01 -2.375900e-02
vertex -3.299367e-01 4.705922e-01 -4.239897e-02
endloop
endfacet
facet normal 0 0 0
outer loop
vertex -5.085513e-02 4.674228e-01 -5.073066e-02
vertex -2.428446e-02 5.078294e-01 -4.928682e-02
vertex 2.845770e-03 4.750557e-01 -4.606807e-02
endloop
endfacet
facet normal 0 0 0
outer loop
vertex 9.124017e-02 8.369281e-01 -3.572514e-03
vertex 8.913681e-02 8.004361e-01 -8.260074e-03
vertex 5.397316e-02 8.180932e-01 -1.203895e-02
endloop
endfacet
facet normal 0 0 0
outer loop
vertex -6.495871e-02 3.378079e-01 3.111266e-02
vertex -2.975384e-02 2.976418e-01 2.022128e-02
vertex -3.806975e-02 3.797876e-01 3.869468e-02
endloop
endfacet
facet normal 0 0 0
outer loop
vertex 1.467733e-02 3.435186e-01 2.563732e-02
vertex -3.806975e-02 3.797876e-01 3.869468e-02
vertex -2.975384e-02 2.976418e-01 2.022128e-02
endloop
endfacet
facet normal 0 0 0
outer loop
vertex -3.073485e-01 8.030435e-01 -1.127091e-02
vertex -3.079747e-01 8.060977e-01 8.562622e-03
vertex -2.780773e-01 8.345561e-01 -6.858292e-03
endloop
endfacet
facet normal 0 0 0
outer loop
vertex -4.786742e-01 5.432561e-01 2.208193e-02
vertex -4.358754e-01 5.563183e-01 2.955435e-02
vertex -4.646785e-01 5.757254e-01 2.149448e-02
endloop
endfacet
facet normal 0 0 0
outer loop
vertex 3.082050e-01 6.602001e-01 -4.204535e-03
vertex 3.320635e-01 6.489301e-01 9.553477e-04
vertex 3.280701e-01 6.197943e-01 -3.838280e-03
endloop
endfacet
facet normal 0 0 0
outer loop
vertex -2.050115e-01 8.675216e-01 1.188014e-02
vertex -1.811318e-01 9.154497e-01 2.485187e-04
vertex -2.117619e-01 8.939432e-01 9.598706e-04
endloop
endfacet
facet normal 0 0 0
outer loop
vertex 1.322554e-01 4.291359e-01 -2.122872e-02
vertex 1.242045e-01 4.040949e-01 -1.789477e-02
vertex 1.052805e-01 4.320005e-01 -2.769762e-02
endloop
endfacet
facet normal 0 0 0
outer loop
vertex 1.355711e-01 4.566081e-01 -2.578258e-02
vertex 1.052805e-01 4.320005e-01 -2.769762e-02
vertex 8.172928e-02 4.537042e-01 -3.472514e-02
endloop
endfacet
facet normal 0 0 0
outer loop
vertex -2.286060e-02 8.525326e-01 1.796830e-02
vertex -2.005483e-02 8.202989e-01 2.465503e-02
vertex 5.172825e-03 8.454213e-01 1.570448e-02
endloop
endfacet
facet normal 0 0 0
outer loop
vertex 3.656902e-01 3.754719e-01 -3.557695e-03
vertex 3.860316e-01 3.347235e-01 -4.997655e-03
vertex 3.437953e-01 3.501389e-01 2.130000e-04
endloop
endfacet
facet normal 0 0 0
outer loop
vertex -2.050115e-01 8.675216e-01 1.188014e-02
vertex -2.412421e-01 8.716205e-01 3.111728e-03
vertex -2.217186e-01 8.313224e-01 2.195752e-02
endloop
endfacet
facet normal 0 0 0
outer loop
vertex 1.898665e-01 5.055301e-01 2.099997e-02
vertex 2.232363e-01 4.912986e-01 1.403961e-02
vertex 2.122708e-01 5.483353e-01 2.026003e-02
endloop
endfacet
facet normal 0 0 0
outer loop
vertex -1.109652e-01 1.561209e-01 5.177436e-02
vertex -9.027611e-02 1.286134e-01 4.845996e-02
vertex -1.200308e-01 1.563624e-01 4.119757e-02
endloop
endfacet
facet normal 0 0 0
outer loop
vertex -2.355233e-01 2.002625e-01 4.526595e-02
vertex -2.247526e-01 1.984435e-01 3.318179e-02
vertex -2.179477e-01 1.650289e-01 4.274273e-02
endloop
endfacet
facet normal 0 0 0
outer loop
vertex -4.211622e-01 6.523290e-01 1.479081e-02
vertex -4.552080e-01 6.091937e-01 1.259111e-02
vertex -4.369396e-01 6.030559e-01 2.271678e-02
endloop
endfacet
facet normal 0 0 0
outer loop
vertex -1.064732e-01 6.103725e-01 -5.402392e-02
vertex -1.383914e-01 6.530014e-01 -5.225346e-02
vertex -7.540617e-02 6.537282e-01 -5.025167e-02
endloop
endfacet
facet normal 0 0 0
outer loop
vertex 6.401637e-02 1.151520e-01 6.535040e-03
vertex 9.858341e-02 1.203059e-01 5.448033e-03
vertex 7.681021e-02 1.490359e-01 5.389203e-03
endloop
endfacet
facet normal 0 0 0
outer loop
vertex 7.959781e-02 7.201647e-01 -2.678465e-02
vertex 7.405604e-02 6.638993e-01 -3.495525e-02
vertex 5.430187e-02 6.904702e-01 -3.507880e-02
endloop
endfacet
facet normal 0 0 0
outer loop
vertex 1.551225e-01 7.246854e-01 5.126045e-03
vertex 1.263529e-01 7.111590e-01 1.890208e-02
vertex 1.766450e-01 6.843710e-01 4.057000e-03
endloop
endfacet
facet normal 0 0 0
outer loop
vertex 1.766450e-01 6.843710e-01 4.057000e-03
vertex 1.905429e-01 6.993853e-01 4.049625e-03
vertex 1.551225e-01 7.246854e-01 5.126045e-03
endloop
endfacet
facet normal 0 0 0
outer loop
vertex -2.787117e-01 4.933652e-01 5.069282e-02
vertex -3.056383e-01 5.195628e-01 5.502887e-02
vertex -3.092558e-01 4.662588e-01 4.403644e-02
endloop
endfacet
facet normal 0 0 0
outer loop
vertex -2.542408e-01 4.708998e-01 4.279050e-02
vertex -2.787117e-01 4.933652e-01 5.069282e-02
vertex -3.092558e-01 4.662588e-01 4.403644e-02
endloop
endfacet
facet normal 0 0 0
outer loop
vertex 1.601931e-01 3.443329e-01 -3.480898e-03
vertex 1.520767e-01 3.182268e-01 4.483554e-03
vertex 1.246200e-01 3.450780e-01 -3.795000e-03
endloop
endfacet
facet normal 0 0 0
outer loop
vertex -4.863548e-01 5.135452e-01 -1.789439e-02
vertex -5.055254e-01 5.181180e-01 -5.715958e-03
vertex -5.081370e-01 5.515548e-01 -1.483987e-02
endloop
endfacet
facet normal 0 0 0
outer loop
vertex -2.130670e-01 5.334750e-01 7.097200e-02
vertex -2.168261e-01 5.065923e-01 6.668814e-02
vertex -2.050966e-01 5.319221e-01 5.552398e-02
endloop
endfacet
facet normal 0 0 0
outer loop
vertex 1.520767e-01 3.182268e-01 4.483554e-03
vertex 1.226752e-01 3.115124e-01 -3.799558e-03
vertex 1.246200e-01 3.450780e-01 -3.795000e-03
endloop
endfacet
facet normal 0 0 0
outer loop
vertex -2.050966e-01 5.319221e-01 5.552398e-02
vertex -2.183140e-01 5.048430e-01 5.390100e-02
vertex -1.811003e-01 4.987592e-01 5.785927e-02
endloop
endfacet
facet normal 0 0 0
outer loop
vertex -2.645501e-01 7.597876e-01 -3.221542e-02
vertex -2.707057e-01 7.145061e-01 -4.070489e-02
vertex -2.996935e-01 7.611744e-01 -2.710140e-02
endloop
endfacet
facet normal 0 0 0
outer loop
vertex -2.645501e-01 7.597876e-01 -3.221542e-02
vertex -2.165527e-01 7.544833e-01 -3.876984e-02
vertex -2.707057e-01 7.145061e-01 -4.070489e-02
endloop
endfacet
facet normal 0 0 0
outer loop
vertex 1.219532e-01 1.803499e-01 -3.777673e-03
vertex 1.455590e-01 1.620121e-01 4.518553e-03
vertex 1.131147e-01 1.452588e-01 -3.997289e-03
endloop
endfacet
facet normal 0 0 0
outer loop
vertex 1.239091e-01 8.227190e-02 -5.355286e-03
vertex 1.424400e-01 1.042657e-01 5.187419e-03
vertex 1.600746e-01 6.181417e-02 -4.934520e-03
endloop
endfacet
facet normal 0 0 0
outer loop
vertex 2.685220e-01 6.100274e-01 -8.015973e-03
vertex 2.513409e-01 5.742196e-01 -1.157715e-02
vertex 2.400869e-01 6.186264e-01 -1.082835e-02
endloop
endfacet
facet normal 0 0 0
outer loop
vertex -2.447064e-01 5.101700e-01 -6.020242e-02
vertex -2.554452e-01 5.570932e-01 -5.848056e-02
vertex -2.105852e-01 5.521474e-01 -5.363275e-02
endloop
endfacet
facet normal 0 0 0
outer loop
vertex -1.853378e-01 5.245131e-01 -5.577372e-02
vertex -2.020070e-01 5.449510e-01 -6.796500e-02
vertex -2.447064e-01 5.101700e-01 -6.020242e-02
endloop
endfacet
facet normal 0 0 0
outer loop
vertex -2.447064e-01 5.101700e-01 -6.020242e-02
vertex -2.105852e-01 5.521474e-01 -5.363275e-02
vertex -1.853378e-01 5.245131e-01 -5.577372e-02
endloop
endfacet
facet normal 0 0 0
outer loop
vertex -2.027270e-01 1.761575e-01 -3.548696e-02
vertex -2.001157e-01 2.152963e-01 -3.547981e-02
vertex -2.142895e-01 1.960891e-01 -3.134861e-02
endloop
endfacet
facet normal 0 0 0
outer loop
vertex -3.737651e-01 5.754221e-01 -3.822213e-02
vertex -4.238616e-01 5.943025e-01 -2.663972e-02
vertex -3.882949e-01 6.213672e-01 -3.171626e-02
endloop
endfacet
facet normal 0 0 0
outer loop
vertex 5.563100e-02 1.392410e-01 -4.380000e-03
vertex 1.414911e-02 1.813196e-01 -5.952146e-03
vertex 5.598875e-02 1.905353e-01 -5.055223e-03
endloop
endfacet
facet normal 0 0 0
outer loop
vertex 3.074892e-01 4.922478e-01 -5.623010e-03
vertex 2.959659e-01 4.574762e-01 -4.848549e-03
vertex 2.651032e-01 4.782809e-01 -8.502716e-03
endloop
endfacet
facet normal 0 0 0
outer loop
vertex 2.651032e-01 4.782809e-01 -8.502716e-03
vertex 2.739011e-01 5.270203e-01 -5.708867e-03
vertex 3.074892e-01 4.922478e-01 -5.623010e-03
endloop
endfacet
facet normal 0 0 0
outer loop
vertex 3.524214e-01 4.089987e-01 -3.571659e-03
vertex 3.908170e-01 4.042782e-01 -3.000455e-03
vertex 3.656902e-01 3.754719e-01 -3.557695e-03
endloop
endfacet
facet normal 0 0 0
outer loop
vertex 3.293270e-01 3.807040e-01 -5.450000e-03
vertex 3.656902e-01 3.754719e-01 -3.557695e-03
vertex 3.437953e-01 3.501389e-01 2.130000e-04
endloop
endfacet
facet normal 0 0 0
outer loop
vertex -2.142895e-01 1.960891e-01 -3.134861e-02
vertex -2.001157e-01 2.152963e-01 -3.547981e-02
vertex -2.145987e-01 2.298794e-01 -2.556089e-02
endloop
endfacet
facet normal 0 0 0
outer loop
vertex -1.632808e-01 8.726254e-01 1.501258e-02
vertex -1.811318e-01 9.154497e-01 2.485187e-04
vertex -2.050115e-01 8.675216e-01 1.188014e-02
endloop
endfacet
facet normal 0 0 0
outer loop
vertex 1.346584e-01 7.115545e-01 -1.541874e-02
vertex 1.605586e-01 6.847329e-01 -1.258023e-02
vertex 1.107955e-01 6.749370e-01 -2.748472e-02
endloop
endfacet
facet normal 0 0 0
outer loop
vertex 1.269460e-01 8.150588e-01 -3.219606e-03
vertex 1.494743e-01 7.849615e-01 4.127579e-03
vertex 1.541028e-01 8.223989e-01 4.048134e-03
endloop
endfacet
facet normal 0 0 0
outer loop
vertex 1.159469e-01 7.846541e-01 4.339024e-03
vertex 1.494743e-01 7.849615e-01 4.127579e-03
vertex 1.269460e-01 8.150588e-01 -3.219606e-03
endloop
endfacet
facet normal 0 0 0
outer loop
vertex 9.917300e-02 8.048200e-01 4.412000e-03
vertex 1.159469e-01 7.846541e-01 4.339024e-03
vertex 1.269460e-01 8.150588e-01 -3.219606e-03
endloop
endfacet
facet normal 0 0 0
outer loop
vertex -1.056900e-02 1.849890e-01 2.010000e-03
vertex -2.204821e-02 2.108370e-01 -5.013662e-03
vertex 1.414911e-02 1.813196e-01 -5.952146e-03
endloop
endfacet
facet normal 0 0 0
outer loop
vertex -7.252342e-02 4.296682e-01 4.958767e-02
vertex -3.806975e-02 3.797876e-01 3.869468e-02
vertex -2.193449e-02 4.308284e-01 4.559160e-02
endloop
endfacet
facet normal 0 0 0
outer loop
vertex 1.623983e-01 2.630396e-01 -3.340048e-03
vertex 1.840060e-01 2.451042e-01 -3.044957e-03
vertex 1.611555e-01 2.364269e-01 4.126343e-03
endloop
endfacet
facet normal 0 0 0
outer loop
vertex -1.782963e-01 5.288610e-01 -7.151101e-02
vertex -1.935977e-01 5.008870e-01 -6.713443e-02
vertex -2.020070e-01 5.449510e-01 -6.796500e-02
endloop
endfacet
facet normal 0 0 0
outer loop
vertex -2.050980e-01 4.725139e-01 -6.161614e-02
vertex -2.447064e-01 5.101700e-01 -6.020242e-02
vertex -1.935977e-01 5.008870e-01 -6.713443e-02
endloop
endfacet
facet normal 0 0 0
outer loop
vertex 4.728987e-02 1.042840e+00 5.089985e-03
vertex 5.637501e-02 1.075089e+00 5.134555e-03
vertex 1.717800e-02 1.056462e+00 5.244000e-03
endloop
endfacet
facet normal 0 0 0
outer loop
vertex 5.637501e-02 1.075089e+00 5.134555e-03
vertex 2.808393e-02 1.083400e+00 4.739745e-03
vertex 1.717800e-02 1.056462e+00 5.244000e-03
endloop
endfacet
facet normal 0 0 0
outer loop
vertex 3.824463e-02 4.446881e-01 -3.941644e-02
vertex 4.522537e-02 4.874564e-01 -4.179728e-02
vertex 8.172928e-02 4.537042e-01 -3.472514e-02
endloop
endfacet
facet normal 0 0 0
outer loop
vertex -2.780773e-01 8.345561e-01 -6.858292e-03
vertex -3.079747e-01 8.060977e-01 8.562622e-03
vertex -2.728901e-01 8.353786e-01 1.047735e-02
endloop
endfacet
facet normal 0 0 0
outer loop
vertex 8.084501e-02 1.630531e-01 -4.223623e-03
vertex 1.131147e-01 1.452588e-01 -3.997289e-03
vertex 8.495737e-02 1.321480e-01 -4.267243e-03
endloop
endfacet
facet normal 0 0 0
outer loop
vertex 5.563100e-02 1.392410e-01 -4.380000e-03
vertex 5.598875e-02 1.905353e-01 -5.055223e-03
vertex 8.084501e-02 1.630531e-01 -4.223623e-03
endloop
endfacet
facet normal 0 0 0
outer loop
vertex 1.424400e-01 1.042657e-01 5.187419e-03
vertex 1.455590e-01 1.620121e-01 4.518553e-03
vertex 1.838340e-01 1.541665e-01 -4.594743e-04
endloop
endfacet
facet normal 0 0 0
outer loop
vertex 1.326463e-01 1.052745e+00 4.541647e-03
vertex 1.376264e-01 1.006380e+00 4.251901e-03
vertex 1.630740e-01 1.041975e+00 4.040221e-03
endloop
endfacet
facet normal 0 0 0
outer loop
vertex 2.731414e-01 6.711450e-01 -2.680703e-03
vertex 2.420997e-01 6.454496e-01 -1.371313e-03
vertex 2.732908e-01 6.518874e-01 7.316560e-03
endloop
endfacet
facet normal 0 0 0
outer loop
vertex 1.743525e-02 4.213236e-01 3.992705e-02
vertex 6.873492e-02 4.637569e-01 3.824635e-02
vertex 1.271000e-02 4.652925e-01 4.514739e-02
endloop
endfacet
facet normal 0 0 0
outer loop
vertex 2.959659e-01 4.574762e-01 -4.848549e-03
vertex 2.728278e-01 4.325208e-01 -5.854020e-03
vertex 2.651032e-01 4.782809e-01 -8.502716e-03
endloop
endfacet
facet normal 0 0 0
outer loop
vertex 5.397316e-02 8.180932e-01 -1.203895e-02
vertex 8.913681e-02 8.004361e-01 -8.260074e-03
vertex 7.574854e-02 7.742642e-01 -1.685473e-02
endloop
endfacet
facet normal 0 0 0
outer loop
vertex 3.860316e-01 3.347235e-01 -4.997655e-03
vertex 3.974398e-01 3.137475e-01 3.183951e-03
vertex 3.707262e-01 3.319562e-01 4.122835e-03
endloop
endfacet
facet normal 0 0 0
outer loop
vertex -1.471631e-01 2.058042e-01 3.621795e-02
vertex -1.474096e-01 2.295538e-01 4.135562e-02
vertex -1.261331e-01 1.862135e-01 4.781479e-02
endloop
endfacet
facet normal 0 0 0
outer loop
vertex -1.650740e-01 1.223065e-01 5.333868e-02
vertex -1.407903e-01 8.557758e-02 5.442628e-02
vertex -1.631325e-01 9.698647e-02 4.763560e-02
endloop
endfacet
facet normal 0 0 0
outer loop
vertex -4.944352e-02 5.799959e-01 -5.185824e-02
vertex -8.112864e-02 5.768209e-01 -5.391129e-02
vertex -6.201461e-02 6.095702e-01 -5.186901e-02
endloop
endfacet
facet normal 0 0 0
outer loop
vertex 1.044157e-01 5.051093e-01 3.635101e-02
vertex 1.262514e-01 4.558219e-01 2.860094e-02
vertex 1.582635e-01 4.738002e-01 2.386669e-02
endloop
endfacet
facet normal 0 0 0
outer loop
vertex 4.595625e-01 7.869968e-01 4.781736e-03
vertex 4.395379e-01 7.722849e-01 5.128887e-03
vertex 4.799674e-01 7.614974e-01 4.130207e-03
endloop
endfacet
facet normal 0 0 0
outer loop
vertex 6.401637e-02 1.151520e-01 6.535040e-03
vertex 2.676212e-02 1.385249e-01 1.344000e-03
vertex 6.266944e-02 1.106879e-01 -3.878272e-03
endloop
endfacet
facet normal 0 0 0
outer loop
vertex -1.547414e-01 5.036001e-01 -6.944352e-02
vertex -1.311913e-01 4.652005e-01 -6.710806e-02
vertex -1.715192e-01 4.667480e-01 -6.458563e-02
endloop
endfacet
facet normal 0 0 0
outer loop
vertex 3.589903e-02 5.949889e-01 -4.335054e-02
vertex 1.884004e-02 6.212854e-01 -4.436104e-02
vertex 7.883681e-02 6.005683e-01 -3.796628e-02
endloop
endfacet
facet normal 0 0 0
outer loop
vertex 4.916387e-02 5.676166e-01 -4.233777e-02
vertex 3.589903e-02 5.949889e-01 -4.335054e-02
vertex 7.883681e-02 6.005683e-01 -3.796628e-02
endloop
endfacet
facet normal 0 0 0
outer loop
vertex -1.677513e-01 5.631473e-01 5.721721e-02
vertex -2.050966e-01 5.319221e-01 5.552398e-02
vertex -1.796964e-01 5.193115e-01 7.138479e-02
endloop
endfacet
facet normal 0 0 0
outer loop
vertex 6.370464e-02 1.081477e+00 -4.069751e-03
vertex 5.209961e-02 1.052394e+00 -4.083626e-03
vertex 2.017207e-02 1.067535e+00 -5.240846e-03
endloop
endfacet
facet normal 0 0 0
outer loop
vertex -2.590611e-01 8.002415e-01 -2.482844e-02
vertex -2.780773e-01 8.345561e-01 -6.858292e-03
vertex -2.449470e-01 8.570200e-01 -6.198000e-03
endloop
endfacet
facet normal 0 0 0
outer loop
vertex -3.261106e-01 7.813427e-01 -1.071445e-02
vertex -3.073485e-01 8.030435e-01 -1.127091e-02
vertex -2.996935e-01 7.611744e-01 -2.710140e-02
endloop
endfacet
facet normal 0 0 0
outer loop
vertex 1.981340e-01 3.110929e-01 4.057801e-03
vertex 1.913480e-01 2.830967e-01 4.061000e-03
vertex 1.520767e-01 3.182268e-01 4.483554e-03
endloop
endfacet
facet normal 0 0 0
outer loop
vertex 5.582567e-02 3.791628e-01 -2.577471e-02
vertex 9.372983e-02 3.768809e-01 -1.852593e-02
vertex 4.016189e-02 3.452173e-01 -2.137042e-02
endloop
endfacet
facet normal 0 0 0
outer loop
vertex 2.388036e-01 4.581760e-01 7.116473e-03
vertex 2.739090e-01 4.858850e-01 6.789000e-03
vertex 2.232363e-01 4.912986e-01 1.403961e-02
endloop
endfacet
facet normal 0 0 0
outer loop
vertex -4.369396e-01 6.030559e-01 2.271678e-02
vertex -4.358754e-01 5.563183e-01 2.955435e-02
vertex -3.882565e-01 5.541568e-01 3.939199e-02
endloop
endfacet
facet normal 0 0 0
outer loop
vertex 7.045046e-02 2.388650e-01 -4.102696e-03
vertex 7.749268e-02 2.708401e-01 5.046765e-03
vertex 1.224585e-01 2.675830e-01 -3.678244e-03
endloop
endfacet
facet normal 0 0 0
outer loop
vertex 7.045046e-02 2.388650e-01 -4.102696e-03
vertex 5.147686e-02 2.677171e-01 -4.235743e-03
vertex 7.749268e-02 2.708401e-01 5.046765e-03
endloop
endfacet
facet normal 0 0 0
outer loop
vertex 7.045046e-02 2.388650e-01 -4.102696e-03
vertex 1.224585e-01 2.675830e-01 -3.678244e-03
vertex 1.197455e-01 2.318375e-01 4.596387e-03
endloop
endfacet
facet normal 0 0 0
outer loop
vertex -5.203934e-02 2.503033e-01 -7.727655e-03
vertex -7.008138e-02 2.560393e-01 7.485109e-03
vertex -1.089911e-01 2.703126e-01 -1.162302e-02
endloop
endfacet
facet normal 0 0 0
outer loop
vertex -5.081370e-01 5.515548e-01 -1.483987e-02
vertex -5.089441e-01 5.767733e-01 -1.011824e-02
vertex -4.717932e-01 5.929464e-01 -1.281553e-02
endloop
endfacet
facet normal 0 0 0
outer loop
vertex 2.676212e-02 1.385249e-01 1.344000e-03
vertex 1.414911e-02 1.813196e-01 -5.952146e-03
vertex 5.563100e-02 1.392410e-01 -4.380000e-03
endloop
endfacet
facet normal 0 0 0
outer loop
vertex -7.252342e-02 4.296682e-01 4.958767e-02
vertex -6.477469e-02 4.753979e-01 5.259937e-02
vertex -1.086949e-01 4.675802e-01 5.509948e-02
endloop
endfacet
facet normal 0 0 0
outer loop
vertex 1.215605e-01 1.127295e+00 1.012102e-03
vertex 9.558950e-02 1.119540e+00 1.350460e-03
vertex 1.367865e-01 1.115273e+00 4.968162e-03
endloop
endfacet
facet normal 0 0 0
outer loop
vertex 4.211182e-02 8.944248e-01 6.120904e-03
vertex 6.410579e-03 8.701853e-01 9.992016e-03
vertex 4.771400e-02 8.540170e-01 4.765000e-03
endloop
endfacet
facet normal 0 0 0
outer loop
vertex -2.996935e-01 7.611744e-01 -2.710140e-02
vertex -3.359787e-01 7.269341e-01 -2.627250e-02
vertex -3.489000e-01 7.530448e-01 -1.171178e-02
endloop
endfacet
facet normal 0 0 0
outer loop
vertex 3.630932e-01 5.969876e-01 -3.244748e-03
vertex 3.608972e-01 5.691448e-01 -3.267958e-03
vertex 3.321890e-01 5.838447e-01 -3.791927e-03
endloop
endfacet
facet normal 0 0 0
outer loop
vertex 8.084501e-02 1.630531e-01 -4.223623e-03
vertex 5.598875e-02 1.905353e-01 -5.055223e-03
vertex 9.082090e-02 1.916466e-01 5.082540e-03
endloop
endfacet
facet normal 0 0 0
outer loop
vertex 5.544954e-02 2.162228e-01 5.308458e-03
vertex 5.598875e-02 1.905353e-01 -5.055223e-03
vertex 3.212598e-02 2.304602e-01 -4.414430e-03
endloop
endfacet
facet normal 0 0 0
outer loop
vertex 5.544954e-02 2.162228e-01 5.308458e-03
vertex 9.082090e-02 1.916466e-01 5.082540e-03
vertex 5.598875e-02 1.905353e-01 -5.055223e-03
endloop
endfacet
facet normal 0 0 0
outer loop
vertex -7.443100e-02 4.547830e-01 -6.843700e-02
vertex -1.120739e-01 4.545786e-01 -5.344116e-02
vertex -1.185480e-01 4.262530e-01 -6.076400e-02
endloop
endfacet
facet normal 0 0 0
outer loop
vertex -1.937031e-01 3.300801e-01 3.412684e-02
vertex -1.771955e-01 2.884091e-01 2.972420e-02
vertex -1.483956e-01 3.307418e-01 3.308758e-02
endloop
endfacet
facet normal 0 0 0
outer loop
vertex 1.569203e-02 9.868096e-01 5.075802e-03
vertex 1.555693e-02 1.027214e+00 5.184484e-03
vertex -1.138270e-02 1.008613e+00 -4.130621e-03
endloop
endfacet
facet normal 0 0 0
outer loop
vertex 4.595625e-01 7.869968e-01 4.781736e-03
vertex 4.799674e-01 7.614974e-01 4.130207e-03
vertex 4.783098e-01 7.909687e-01 -2.933950e-03
endloop
endfacet
facet normal 0 0 0
outer loop
vertex -1.037814e-01 1.135014e-01 -5.618766e-02
vertex -6.886330e-02 1.012289e-01 -4.814388e-02
vertex -7.879233e-02 8.066960e-02 -5.565923e-02
endloop
endfacet
facet normal 0 0 0
outer loop
vertex -1.238257e-01 1.281129e-01 -5.476629e-02
vertex -1.037814e-01 1.135014e-01 -5.618766e-02
vertex -1.070490e-01 1.058927e-01 -4.648372e-02
endloop
endfacet
facet normal 0 0 0
outer loop
vertex -1.629644e-01 2.350826e-01 3.182853e-02
vertex -1.701536e-01 2.059290e-01 3.764787e-02
vertex -1.786023e-01 2.446192e-01 3.099265e-02
endloop
endfacet
facet normal 0 0 0
outer loop
vertex -1.701536e-01 2.059290e-01 3.764787e-02
vertex -1.629644e-01 2.350826e-01 3.182853e-02
vertex -1.471631e-01 2.058042e-01 3.621795e-02
endloop
endfacet
facet normal 0 0 0
outer loop
vertex -4.863548e-01 5.135452e-01 -1.789439e-02
vertex -4.351420e-01 4.715970e-01 -1.791600e-02
vertex -4.713998e-01 4.886994e-01 -1.380556e-03
endloop
endfacet
facet normal 0 0 0
outer loop
vertex 9.148987e-02 3.924946e-01 2.313662e-02
vertex 1.061482e-01 4.241888e-01 2.677522e-02
vertex 6.860457e-02 4.210553e-01 3.282154e-02
endloop
endfacet
facet normal 0 0 0
outer loop
vertex -3.249907e-01 3.750296e-01 -2.136488e-02
vertex -2.970420e-01 3.772059e-01 -2.475954e-02
vertex -3.039123e-01 3.517787e-01 -1.975233e-02
endloop
endfacet
facet normal 0 0 0
outer loop
vertex 1.895559e-01 6.175025e-01 -1.662449e-02
vertex 2.137893e-01 5.915074e-01 -1.620104e-02
vertex 1.670020e-01 6.022455e-01 -2.386408e-02
endloop
endfacet
facet normal 0 0 0
outer loop
vertex 1.670020e-01 6.022455e-01 -2.386408e-02
vertex 1.293913e-01 6.134323e-01 -3.009511e-02
vertex 1.725443e-01 6.451827e-01 -1.614292e-02
endloop
endfacet
facet normal 0 0 0
outer loop
vertex -5.089441e-01 5.767733e-01 -1.011824e-02
vertex -5.037904e-01 5.812916e-01 1.005712e-02
vertex -4.717932e-01 5.929464e-01 -1.281553e-02
endloop
endfacet
facet normal 0 0 0
outer loop
vertex 4.219385e-01 3.666955e-01 -2.860069e-03
vertex 3.860316e-01 3.347235e-01 -4.997655e-03
vertex 3.916135e-01 3.526356e-01 4.662047e-03
endloop
endfacet
facet normal 0 0 0
outer loop
vertex 3.656902e-01 3.754719e-01 -3.557695e-03
vertex 3.916135e-01 3.526356e-01 4.662047e-03
vertex 3.860316e-01 3.347235e-01 -4.997655e-03
endloop
endfacet
facet normal 0 0 0
outer loop
vertex -4.328366e-01 4.587370e-01 8.130000e-03
vertex -4.467752e-01 4.863001e-01 2.317346e-02
vertex -4.713998e-01 4.886994e-01 -1.380556e-03
endloop
endfacet
facet normal 0 0 0
outer loop
vertex 3.400500e-01 5.079949e-01 -3.621109e-03
vertex 3.322178e-01 5.507413e-01 5.174152e-03
vertex 3.029362e-01 5.234300e-01 6.483821e-03
endloop
endfacet
facet normal 0 0 0
outer loop
vertex -1.445520e-01 1.935280e-01 -4.998200e-02
vertex -1.553853e-01 2.416084e-01 -4.003072e-02
vertex -1.393880e-01 2.123990e-01 -3.760300e-02
endloop
endfacet
facet normal 0 0 0
outer loop
vertex -2.193449e-02 4.308284e-01 4.559160e-02
vertex 1.271000e-02 4.652925e-01 4.514739e-02
vertex -2.634240e-02 4.804511e-01 5.015019e-02
endloop
endfacet
facet normal 0 0 0
outer loop
vertex 2.731414e-01 6.711450e-01 -2.680703e-03
vertex 3.082050e-01 6.602001e-01 -4.204535e-03
vertex 2.701449e-01 6.435748e-01 -6.840866e-03
endloop
endfacet
facet normal 0 0 0
outer loop
vertex -3.966662e-01 6.922073e-01 -6.812784e-03
vertex -3.736997e-01 7.092357e-01 1.900607e-02
vertex -3.708948e-01 7.278317e-01 -5.414418e-03
endloop
endfacet
facet normal 0 0 0
outer loop
vertex -3.966662e-01 6.922073e-01 -6.812784e-03
vertex -3.708948e-01 7.278317e-01 -5.414418e-03
vertex -3.622412e-01 7.179704e-01 -2.030423e-02
endloop
endfacet
facet normal 0 0 0
outer loop
vertex -1.852670e-01 5.543090e-01 7.452100e-02
vertex -1.677513e-01 5.631473e-01 5.721721e-02
vertex -1.513711e-01 5.439647e-01 7.380016e-02
endloop
endfacet
facet normal 0 0 0
outer loop
vertex 7.045046e-02 2.388650e-01 -4.102696e-03
vertex 3.212598e-02 2.304602e-01 -4.414430e-03
vertex 5.147686e-02 2.677171e-01 -4.235743e-03
endloop
endfacet
facet normal 0 0 0
outer loop
vertex -3.249907e-01 3.750296e-01 -2.136488e-02
vertex -3.039123e-01 3.517787e-01 -1.975233e-02
vertex -3.087479e-01 3.417338e-01 -3.683064e-03
endloop
endfacet
facet normal 0 0 0
outer loop
vertex -1.589392e-01 5.417086e-01 -5.640459e-02
vertex -1.547414e-01 5.036001e-01 -6.944352e-02
vertex -1.782963e-01 5.288610e-01 -7.151101e-02
endloop
endfacet
facet normal 0 0 0
outer loop
vertex 2.728278e-01 4.325208e-01 -5.854020e-03
vertex 3.105377e-01 4.153689e-01 -4.294744e-03
vertex 2.946994e-01 3.950333e-01 1.344000e-03
endloop
endfacet
facet normal 0 0 0
outer loop
vertex 2.959659e-01 4.574762e-01 -4.848549e-03
vertex 3.105377e-01 4.153689e-01 -4.294744e-03
vertex 2.728278e-01 4.325208e-01 -5.854020e-03
endloop
endfacet
facet normal 0 0 0
outer loop
vertex 9.346891e-02 2.963979e-01 -3.997419e-03
vertex 8.716012e-02 3.340104e-01 -1.045104e-02
vertex 1.226752e-01 3.115124e-01 -3.799558e-03
endloop
endfacet
facet normal 0 0 0
outer loop
vertex 1.226752e-01 3.115124e-01 -3.799558e-03
vertex 1.001407e-01 3.251227e-01 4.987158e-03
vertex 9.346891e-02 2.963979e-01 -3.997419e-03
endloop
endfacet
facet normal 0 0 0
outer loop
vertex 3.414200e-02 2.760890e-01 5.348000e-03
vertex 2.610282e-02 3.110092e-01 1.686173e-02
vertex -2.975384e-02 2.976418e-01 2.022128e-02
endloop
endfacet
facet normal 0 0 0
outer loop
vertex -1.992976e-01 3.774257e-01 4.049521e-02
vertex -1.626470e-01 3.817460e-01 4.263700e-02
vertex -1.535858e-01 4.118807e-01 4.981236e-02
endloop
endfacet
facet normal 0 0 0
outer loop
vertex -1.649090e-01 4.324350e-01 -5.662500e-02
vertex -1.715192e-01 4.667480e-01 -6.458563e-02
vertex -1.512315e-01 4.459715e-01 -6.399097e-02
endloop
endfacet
facet normal 0 0 0
outer loop
vertex -7.540617e-02 6.537282e-01 -5.025167e-02
vertex -1.383914e-01 6.530014e-01 -5.225346e-02
vertex -1.081650e-01 6.876057e-01 -4.863317e-02
endloop
endfacet
facet normal 0 0 0
outer loop
vertex 1.613371e-01 2.108040e-01 -3.212523e-03
vertex 1.823283e-01 2.265754e-01 3.984272e-03
vertex 1.814348e-01 2.040973e-01 6.074329e-04
endloop
endfacet
facet normal 0 0 0
outer loop
vertex -1.823164e-01 6.347244e-01 -5.381503e-02
vertex -2.059275e-01 6.868978e-01 -4.882957e-02
vertex -1.383914e-01 6.530014e-01 -5.225346e-02
endloop
endfacet
facet normal 0 0 0
outer loop
vertex -3.867407e-01 4.148310e-01 1.484041e-02
vertex -3.452061e-01 4.265916e-01 3.007493e-02
vertex -3.985910e-01 4.625355e-01 2.973478e-02
endloop
endfacet
facet normal 0 0 0
outer loop
vertex 3.157103e-01 7.042483e-01 5.783613e-03
vertex 3.012483e-01 7.001773e-01 -1.453070e-03
vertex 2.945005e-01 6.780678e-01 6.550087e-03
endloop
endfacet
facet normal 0 0 0
outer loop
vertex 1.569203e-02 9.868096e-01 5.075802e-03
vertex 3.825260e-02 9.667992e-01 -4.019948e-03
vertex 6.451717e-02 9.858961e-01 4.870720e-03
endloop
endfacet
facet normal 0 0 0
outer loop
vertex 2.400869e-01 6.186264e-01 -1.082835e-02
vertex 2.513409e-01 5.742196e-01 -1.157715e-02
vertex 2.137893e-01 5.915074e-01 -1.620104e-02
endloop
endfacet
facet normal 0 0 0
outer loop
vertex -1.356346e-01 1.412178e-01 -5.315902e-02
vertex -1.468715e-01 1.565533e-01 -5.229092e-02
vertex -1.185859e-01 1.523047e-01 -5.336206e-02
endloop
endfacet
facet normal 0 0 0
outer loop
vertex 1.226752e-01 3.115124e-01 -3.799558e-03
vertex 8.716012e-02 3.340104e-01 -1.045104e-02
vertex 1.246200e-01 3.450780e-01 -3.795000e-03
endloop
endfacet
facet normal 0 0 0
outer loop
vertex 3.722047e-01 4.905164e-01 4.483405e-03
vertex 4.010622e-01 4.548589e-01 4.146311e-03
vertex 3.660200e-01 4.414675e-01 4.821969e-03
endloop
endfacet
facet normal 0 0 0
outer loop
vertex -1.547414e-01 5.036001e-01 -6.944352e-02
vertex -1.935977e-01 5.008870e-01 -6.713443e-02
vertex -1.782963e-01 5.288610e-01 -7.151101e-02
endloop
endfacet
facet normal 0 0 0
outer loop
vertex -1.834068e-01 1.608365e-01 5.144734e-02
vertex -1.886600e-01 1.345153e-01 5.909673e-02
vertex -1.650740e-01 1.223065e-01 5.333868e-02
endloop
endfacet
facet normal 0 0 0
outer loop
vertex -4.198920e-01 6.577210e-01 -1.042800e-02
vertex -4.211622e-01 6.523290e-01 1.479081e-02
vertex -3.966662e-01 6.922073e-01 -6.812784e-03
endloop
endfacet
facet normal 0 0 0
outer loop
vertex 3.437953e-01 3.501389e-01 2.130000e-04
vertex 3.197595e-01 3.715846e-01 -1.444295e-03
vertex 3.293270e-01 3.807040e-01 -5.450000e-03
endloop
endfacet
facet normal 0 0 0
outer loop
vertex -4.211622e-01 6.523290e-01 1.479081e-02
vertex -3.850772e-01 6.605853e-01 2.732267e-02
vertex -3.976485e-01 6.854568e-01 1.470885e-02
endloop
endfacet
facet normal 0 0 0
outer loop
vertex -4.211622e-01 6.523290e-01 1.479081e-02
vertex -3.976485e-01 6.854568e-01 1.470885e-02
vertex -3.966662e-01 6.922073e-01 -6.812784e-03
endloop
endfacet
facet normal 0 0 0
outer loop
vertex -2.368431e-01 5.959733e-01 -5.699301e-02
vertex -1.903721e-01 5.873176e-01 -5.630684e-02
vertex -2.105852e-01 5.521474e-01 -5.363275e-02
endloop
endfacet
facet normal 0 0 0
outer loop
vertex 1.224585e-01 2.675830e-01 -3.678244e-03
vertex 9.346891e-02 2.963979e-01 -3.997419e-03
vertex 1.226752e-01 3.115124e-01 -3.799558e-03
endloop
endfacet
facet normal 0 0 0
outer loop
vertex 1.289972e-01 8.570159e-01 -3.249391e-03
vertex 9.124017e-02 8.369281e-01 -3.572514e-03
vertex 1.269460e-01 8.150588e-01 -3.219606e-03
endloop
endfacet
facet normal 0 0 0
outer loop
vertex 1.541028e-01 8.223989e-01 4.048134e-03
vertex 1.289972e-01 8.570159e-01 -3.249391e-03
vertex 1.269460e-01 8.150588e-01 -3.219606e-03
endloop
endfacet
facet normal 0 0 0
outer loop
vertex -5.525916e-02 5.356303e-01 -7.172790e-02
vertex -7.532858e-02 5.114848e-01 -6.252436e-02
vertex -4.018100e-02 5.147250e-01 -6.390800e-02
endloop
endfacet
facet normal 0 0 0
outer loop
vertex -6.201461e-02 6.095702e-01 -5.186901e-02
vertex -3.083631e-02 5.940380e-01 -5.011320e-02
vertex -4.944352e-02 5.799959e-01 -5.185824e-02
endloop
endfacet
facet normal 0 0 0
outer loop
vertex -3.083631e-02 5.940380e-01 -5.011320e-02
vertex -6.201461e-02 6.095702e-01 -5.186901e-02
vertex -2.743264e-02 6.344353e-01 -4.823164e-02
endloop
endfacet
facet normal 0 0 0
outer loop
vertex 1.237407e-01 3.386718e-01 4.786047e-03
vertex 1.404540e-01 3.597810e-01 4.616000e-03
vertex 1.089417e-01 3.589979e-01 1.250154e-02
endloop
endfacet
facet normal 0 0 0
outer loop
vertex 1.404540e-01 3.597810e-01 4.616000e-03
vertex 1.237407e-01 3.386718e-01 4.786047e-03
vertex 1.520767e-01 3.182268e-01 4.483554e-03
endloop
endfacet
facet normal 0 0 0
outer loop
vertex -1.483956e-01 3.307418e-01 3.308758e-02
vertex -1.036799e-01 3.071028e-01 2.480205e-02
vertex -1.017485e-01 3.791486e-01 4.238601e-02
endloop
endfacet
facet normal 0 0 0
outer loop
vertex 1.224585e-01 2.675830e-01 -3.678244e-03
vertex 7.749268e-02 2.708401e-01 5.046765e-03
vertex 9.346891e-02 2.963979e-01 -3.997419e-03
endloop
endfacet
facet normal 0 0 0
outer loop
vertex 9.917300e-02 8.048200e-01 4.412000e-03
vertex 9.124017e-02 8.369281e-01 -3.572514e-03
vertex 6.206276e-02 8.118256e-01 1.268210e-02
endloop
endfacet
facet normal 0 0 0
outer loop
vertex -2.068538e-01 4.352689e-01 -4.927066e-02
vertex -1.649090e-01 4.324350e-01 -5.662500e-02
vertex -1.728260e-01 3.851430e-01 -4.220800e-02
endloop
endfacet
facet normal 0 0 0
outer loop
vertex -1.935977e-01 5.008870e-01 -6.713443e-02
vertex -1.715192e-01 4.667480e-01 -6.458563e-02
vertex -2.050980e-01 4.725139e-01 -6.161614e-02
endloop
endfacet
facet normal 0 0 0
outer loop
vertex 1.884204e-01 2.631449e-01 -2.941251e-03
vertex 1.840060e-01 2.451042e-01 -3.044957e-03
vertex 1.623983e-01 2.630396e-01 -3.340048e-03
endloop
endfacet
facet normal 0 0 0
outer loop
vertex 1.569203e-02 9.868096e-01 5.075802e-03
vertex -3.363666e-02 9.822184e-01 5.154926e-03
vertex -1.172040e-02 9.634347e-01 -4.100050e-03
endloop
endfacet
facet normal 0 0 0
outer loop
vertex -3.846776e-01 6.750544e-01 -2.347050e-02
vertex -4.198920e-01 6.577210e-01 -1.042800e-02
vertex -3.966662e-01 6.922073e-01 -6.812784e-03
endloop
endfacet
facet normal 0 0 0
outer loop
vertex 1.068419e-01 7.797526e-01 -8.358160e-03
vertex 1.269460e-01 8.150588e-01 -3.219606e-03
vertex 1.470774e-01 7.888833e-01 -3.119298e-03
endloop
endfacet
facet normal 0 0 0
outer loop
vertex 8.913681e-02 8.004361e-01 -8.260074e-03
vertex 1.068419e-01 7.797526e-01 -8.358160e-03
vertex 7.574854e-02 7.742642e-01 -1.685473e-02
endloop
endfacet
facet normal 0 0 0
outer loop
vertex -6.477469e-02 4.753979e-01 5.259937e-02
vertex -7.021578e-02 5.092165e-01 5.465233e-02
vertex -8.948746e-02 5.003069e-01 7.163089e-02
endloop
endfacet
facet normal 0 0 0
outer loop
vertex -2.003418e-01 3.471215e-01 -3.561691e-02
vertex -1.936827e-01 3.042099e-01 -2.899313e-02
vertex -2.260186e-01 3.168928e-01 -2.949455e-02
endloop
endfacet
facet normal 0 0 0
outer loop
vertex -1.490578e-01 2.814462e-01 2.280508e-02
vertex -1.483956e-01 3.307418e-01 3.308758e-02
vertex -1.771955e-01 2.884091e-01 2.972420e-02
endloop
endfacet
facet normal 0 0 0
outer loop
vertex -2.606981e-01 8.045689e-01 2.422570e-02
vertex -2.180390e-01 7.975927e-01 3.115928e-02
vertex -2.217186e-01 8.313224e-01 2.195752e-02
endloop
endfacet
facet normal 0 0 0
outer loop
vertex -1.796964e-01 5.193115e-01 7.138479e-02
vertex -2.050966e-01 5.319221e-01 5.552398e-02
vertex -1.811003e-01 4.987592e-01 5.785927e-02
endloop
endfacet
facet normal 0 0 0
outer loop
vertex -1.796964e-01 5.193115e-01 7.138479e-02
vertex -1.811003e-01 4.987592e-01 5.785927e-02
vertex -1.494687e-01 5.272557e-01 5.738071e-02
endloop
endfacet
facet normal 0 0 0
outer loop
vertex -9.556901e-02 6.291052e-01 5.378423e-02
vertex -1.346251e-01 6.045486e-01 5.589284e-02
vertex -9.680931e-02 5.842159e-01 5.562696e-02
endloop
endfacet
facet normal 0 0 0
outer loop
vertex -9.680931e-02 5.842159e-01 5.562696e-02
vertex -1.346251e-01 6.045486e-01 5.589284e-02
vertex -1.179218e-01 5.530115e-01 5.687714e-02
endloop
endfacet
facet normal 0 0 0
outer loop
vertex -2.368431e-01 5.959733e-01 -5.699301e-02
vertex -2.554452e-01 5.570932e-01 -5.848056e-02
vertex -2.708016e-01 6.001273e-01 -5.705788e-02
endloop
endfacet
facet normal 0 0 0
outer loop
vertex 2.701449e-01 6.435748e-01 -6.840866e-03
vertex 2.420997e-01 6.454496e-01 -1.371313e-03
vertex 2.731414e-01 6.711450e-01 -2.680703e-03
endloop
endfacet
facet normal 0 0 0
outer loop
vertex -2.355233e-01 2.002625e-01 4.526595e-02
vertex -2.369164e-01 2.372910e-01 2.449184e-02
vertex -2.247526e-01 1.984435e-01 3.318179e-02
endloop
endfacet
facet normal 0 0 0
outer loop
vertex 6.236711e-02 1.101759e+00 -3.408170e-03
vertex 6.057800e-02 1.102333e+00 4.218000e-03
vertex 9.558950e-02 1.119540e+00 1.350460e-03
endloop
endfacet
facet normal 0 0 0
outer loop
vertex -1.903721e-01 5.873176e-01 -5.630684e-02
vertex -2.368431e-01 5.959733e-01 -5.699301e-02
vertex -2.209854e-01 6.332053e-01 -5.402984e-02
endloop
endfacet
facet normal 0 0 0
outer loop
vertex -5.418304e-02 3.504633e-01 -3.280422e-02
vertex -1.252286e-01 3.272885e-01 -3.043745e-02
vertex -8.844164e-02 3.794893e-01 -4.067382e-02
endloop
endfacet
facet normal 0 0 0
outer loop
vertex 5.544954e-02 2.162228e-01 5.308458e-03
vertex 3.212598e-02 2.304602e-01 -4.414430e-03
vertex 7.045046e-02 2.388650e-01 -4.102696e-03
endloop
endfacet
facet normal 0 0 0
outer loop
vertex -2.996935e-01 7.611744e-01 -2.710140e-02
vertex -3.073485e-01 8.030435e-01 -1.127091e-02
vertex -2.590611e-01 8.002415e-01 -2.482844e-02
endloop
endfacet
facet normal 0 0 0
outer loop
vertex -1.848736e-01 4.634524e-01 6.398526e-02
vertex -1.656140e-01 4.349380e-01 6.191200e-02
vertex -1.643192e-01 4.850838e-01 6.820308e-02
endloop
endfacet
facet normal 0 0 0
outer loop
vertex -3.380696e-01 6.152372e-01 -5.329961e-02
vertex -3.301642e-01 5.887109e-01 -5.514574e-02
vertex -3.619100e-01 6.044891e-01 -4.243972e-02
endloop
endfacet
facet normal 0 0 0
outer loop
vertex -1.604304e-01 9.968802e-02 6.059825e-02
vertex -1.650740e-01 1.223065e-01 5.333868e-02
vertex -1.886600e-01 1.345153e-01 5.909673e-02
endloop
endfacet
facet normal 0 0 0
outer loop
vertex -3.437782e-01 3.692554e-01 -4.305028e-03
vertex -3.337927e-01 3.706402e-01 1.827088e-02
vertex -3.627352e-01 3.923866e-01 1.329212e-02
endloop
endfacet
facet normal 0 0 0
outer loop
vertex -1.626084e-01 7.832956e-02 -5.407400e-02
vertex -1.339188e-01 5.500185e-02 -5.109519e-02
vertex -1.326263e-01 6.895664e-02 -4.903975e-02
endloop
endfacet
facet normal 0 0 0
outer loop
vertex -1.739570e-01 2.937890e-01 -2.516600e-02
vertex -1.651709e-01 3.376325e-01 -3.439355e-02
vertex -1.252286e-01 3.272885e-01 -3.043745e-02
endloop
endfacet
facet normal 0 0 0
outer loop
vertex 1.555693e-02 1.027214e+00 5.184484e-03
vertex 4.728987e-02 1.042840e+00 5.089985e-03
vertex 1.717800e-02 1.056462e+00 5.244000e-03
endloop
endfacet
facet normal 0 0 0
outer loop
vertex -1.200308e-01 1.563624e-01 4.119757e-02
vertex -1.327956e-01 1.825410e-01 3.866921e-02
vertex -1.261331e-01 1.862135e-01 4.781479e-02
endloop
endfacet
facet normal 0 0 0
outer loop
vertex -2.577417e-01 4.617397e-01 -4.048191e-02
vertex -2.282440e-01 4.774030e-01 -5.067300e-02
vertex -2.068538e-01 4.352689e-01 -4.927066e-02
endloop
endfacet
facet normal 0 0 0
outer loop
vertex 1.802736e-02 1.757136e-01 6.937451e-03
vertex -1.056900e-02 1.849890e-01 2.010000e-03
vertex 6.171209e-03 1.619265e-01 2.383718e-03
endloop
endfacet
facet normal 0 0 0
outer loop
vertex -1.471631e-01 2.058042e-01 3.621795e-02
vertex -1.629644e-01 2.350826e-01 3.182853e-02
vertex -1.474096e-01 2.295538e-01 4.135562e-02
endloop
endfacet
facet normal 0 0 0
outer loop
vertex 1.555693e-02 1.027214e+00 5.184484e-03
vertex 1.717800e-02 1.056462e+00 5.244000e-03
vertex -2.733852e-03 1.048991e+00 6.531578e-03
endloop
endfacet
facet normal 0 0 0
outer loop
vertex 8.716012e-02 3.340104e-01 -1.045104e-02
vertex 5.495825e-02 3.043136e-01 -9.478309e-03
vertex 4.016189e-02 3.452173e-01 -2.137042e-02
endloop
endfacet
facet normal 0 0 0
outer loop
vertex 5.495825e-02 3.043136e-01 -9.478309e-03
vertex -5.160782e-03 3.187018e-01 -2.189683e-02
vertex 4.016189e-02 3.452173e-01 -2.137042e-02
endloop
endfacet
facet normal 0 0 0
outer loop
vertex -7.571306e-02 5.638114e-01 7.402533e-02
vertex -1.179218e-01 5.530115e-01 5.687714e-02
vertex -1.253608e-01 5.739268e-01 7.499705e-02
endloop
endfacet
facet normal 0 0 0
outer loop
vertex -1.632808e-01 8.726254e-01 1.501258e-02
vertex -2.050115e-01 8.675216e-01 1.188014e-02
vertex -2.217186e-01 8.313224e-01 2.195752e-02
endloop
endfacet
facet normal 0 0 0
outer loop
vertex -1.893864e-01 1.791150e-01 4.256314e-02
vertex -1.796120e-01 1.403720e-01 4.427300e-02
vertex -1.980449e-01 1.586208e-01 3.984146e-02
endloop
endfacet
facet normal 0 0 0
outer loop
vertex 1.289972e-01 8.570159e-01 -3.249391e-03
vertex 1.642050e-01 8.404460e-01 -2.975000e-03
vertex 1.269460e-01 8.150588e-01 -3.219606e-03
endloop
endfacet
facet normal 0 0 0
outer loop
vertex -1.070131e-01 5.403119e-01 7.349225e-02
vertex -1.397232e-01 5.163696e-01 7.201236e-02
vertex -8.948746e-02 5.003069e-01 7.163089e-02
endloop
endfacet
facet normal 0 0 0
outer loop
vertex -1.179218e-01 5.530115e-01 5.687714e-02
vertex -1.513711e-01 5.439647e-01 7.380016e-02
vertex -1.070131e-01 5.403119e-01 7.349225e-02
endloop
endfacet
facet normal 0 0 0
outer loop
vertex 1.061482e-01 4.241888e-01 2.677522e-02
vertex 9.148987e-02 3.924946e-01 2.313662e-02
vertex 1.232649e-01 3.879087e-01 1.552849e-02
endloop
endfacet
facet normal 0 0 0
outer loop
vertex 1.061482e-01 4.241888e-01 2.677522e-02
vertex 1.232649e-01 3.879087e-01 1.552849e-02
vertex 1.377111e-01 4.233111e-01 1.944277e-02
endloop
endfacet
facet normal 0 0 0
outer loop
vertex -2.193449e-02 4.308284e-01 4.559160e-02
vertex 1.743525e-02 4.213236e-01 3.992705e-02
vertex 1.271000e-02 4.652925e-01 4.514739e-02
endloop
endfacet
facet normal 0 0 0
outer loop
vertex -2.577417e-01 4.617397e-01 -4.048191e-02
vertex -2.877104e-01 5.034922e-01 -5.367556e-02
vertex -2.447064e-01 5.101700e-01 -6.020242e-02
endloop
endfacet
facet normal 0 0 0
outer loop
vertex -2.008706e-01 4.397896e-01 5.119228e-02
vertex -1.992976e-01 3.774257e-01 4.049521e-02
vertex -1.535858e-01 4.118807e-01 4.981236e-02
endloop
endfacet
facet normal 0 0 0
outer loop
vertex 2.808393e-02 1.083400e+00 4.739745e-03
vertex 2.017207e-02 1.067535e+00 -5.240846e-03
vertex 4.607000e-03 1.071443e+00 1.344000e-03
endloop
endfacet
facet normal 0 0 0
outer loop
vertex 1.484961e-01 6.717926e-01 2.018217e-02
vertex 1.140442e-01 6.635723e-01 2.946505e-02
vertex 1.615942e-01 6.360947e-01 2.229172e-02
endloop
endfacet
facet normal 0 0 0
outer loop
vertex 4.143234e-01 7.637240e-01 -3.831153e-03
vertex 4.231980e-01 7.635390e-01 -3.083000e-03
vertex 4.201610e-01 7.560846e-01 4.277946e-03
endloop
endfacet
facet normal 0 0 0
outer loop
vertex -1.309726e-01 1.424255e-01 -4.277543e-02
vertex -1.183360e-01 1.711841e-01 -4.174651e-02
vertex -1.559860e-01 1.747360e-01 -4.121800e-02
endloop
endfacet
facet normal 0 0 0
outer loop
vertex -1.559860e-01 1.747360e-01 -4.121800e-02
vertex -1.183360e-01 1.711841e-01 -4.174651e-02
vertex -1.417334e-01 1.845098e-01 -3.803294e-02
endloop
endfacet
facet normal 0 0 0
outer loop
vertex -3.158530e-01 5.537410e-01 -5.351000e-02
vertex -3.301642e-01 5.887109e-01 -5.514574e-02
vertex -2.887720e-01 5.729890e-01 -5.009600e-02
endloop
endfacet
facet normal 0 0 0
outer loop
vertex 1.197455e-01 2.318375e-01 4.596387e-03
vertex 1.224585e-01 2.675830e-01 -3.678244e-03
vertex 1.623983e-01 2.630396e-01 -3.340048e-03
endloop
endfacet
facet normal 0 0 0
outer loop
vertex -1.234313e-01 1.324713e-01 4.422640e-02
vertex -1.200308e-01 1.563624e-01 4.119757e-02
vertex -9.027611e-02 1.286134e-01 4.845996e-02
endloop
endfacet
facet normal 0 0 0
outer loop
vertex -1.311913e-01 4.652005e-01 -6.710806e-02
vertex -1.373190e-01 4.259300e-01 -5.918200e-02
vertex -1.512315e-01 4.459715e-01 -6.399097e-02
endloop
endfacet
facet normal 0 0 0
outer loop
vertex -1.185480e-01 4.262530e-01 -6.076400e-02
vertex -1.373190e-01 4.259300e-01 -5.918200e-02
vertex -1.311913e-01 4.652005e-01 -6.710806e-02
endloop
endfacet
facet normal 0 0 0
outer loop
vertex -2.281257e-01 2.320786e-01 4.716070e-02
vertex -2.554781e-01 2.742915e-01 3.549085e-02
vertex -2.541144e-01 2.476996e-01 3.415662e-02
endloop
endfacet
facet normal 0 0 0
outer loop
vertex -2.212420e-01 2.580400e-01 4.037110e-02
vertex -2.554781e-01 2.742915e-01 3.549085e-02
vertex -2.281257e-01 2.320786e-01 4.716070e-02
endloop
endfacet
facet normal 0 0 0
outer loop
vertex -2.029974e-01 2.729669e-01 3.885506e-02
vertex -2.212420e-01 2.580400e-01 4.037110e-02
vertex -1.796120e-01 2.568620e-01 4.084100e-02
endloop
endfacet
facet normal 0 0 0
outer loop
vertex -3.261106e-01 7.813427e-01 -1.071445e-02
vertex -3.079747e-01 8.060977e-01 8.562622e-03
vertex -3.073485e-01 8.030435e-01 -1.127091e-02
endloop
endfacet
facet normal 0 0 0
outer loop
vertex -7.571306e-02 5.638114e-01 7.402533e-02
vertex -2.517600e-02 5.502140e-01 7.208400e-02
vertex -4.197767e-02 5.726539e-01 6.534968e-02
endloop
endfacet
facet normal 0 0 0
outer loop
vertex -4.983888e-02 6.013389e-01 7.449200e-02
vertex -7.571306e-02 5.638114e-01 7.402533e-02
vertex -4.197767e-02 5.726539e-01 6.534968e-02
endloop
endfacet
facet normal 0 0 0
outer loop
vertex -2.417053e-01 3.365574e-01 3.129578e-02
vertex -2.699929e-01 3.189854e-01 2.466038e-02
vertex -2.286568e-01 2.987080e-01 3.192841e-02
endloop
endfacet
facet normal 0 0 0
outer loop
vertex -1.252286e-01 3.272885e-01 -3.043745e-02
vertex -1.509279e-01 2.794666e-01 -1.627415e-02
vertex -1.739570e-01 2.937890e-01 -2.516600e-02
endloop
endfacet
facet normal 0 0 0
outer loop
vertex -1.445520e-01 1.912660e-01 5.124200e-02
vertex -1.451824e-01 1.534455e-01 5.286189e-02
vertex -1.261331e-01 1.862135e-01 4.781479e-02
endloop
endfacet
facet normal 0 0 0
outer loop
vertex -2.176225e-01 1.633882e-01 5.171600e-02
vertex -2.179477e-01 1.650289e-01 4.274273e-02
vertex -1.984004e-01 1.268704e-01 4.945943e-02
endloop
endfacet
facet normal 0 0 0
outer loop
vertex 6.266944e-02 1.106879e-01 -3.878272e-03
vertex 5.563100e-02 1.392410e-01 -4.380000e-03
vertex 8.495737e-02 1.321480e-01 -4.267243e-03
endloop
endfacet
facet normal 0 0 0
outer loop
vertex 6.266944e-02 1.106879e-01 -3.878272e-03
vertex 8.495737e-02 1.321480e-01 -4.267243e-03
vertex 9.492604e-02 1.010770e-01 -5.627682e-03
endloop
endfacet
facet normal 0 0 0
outer loop
vertex 9.492604e-02 1.010770e-01 -5.627682e-03
vertex 1.135157e-01 1.098042e-01 -4.120982e-03
vertex 1.239091e-01 8.227190e-02 -5.355286e-03
endloop
endfacet
facet normal 0 0 0
outer loop
vertex -3.867407e-01 4.148310e-01 1.484041e-02
vertex -4.328366e-01 4.587370e-01 8.130000e-03
vertex -4.084615e-01 4.371289e-01 -1.281935e-02
endloop
endfacet
facet normal 0 0 0
outer loop
vertex -2.417053e-01 3.365574e-01 3.129578e-02
vertex -2.366966e-01 3.947811e-01 3.882673e-02
vertex -2.743963e-01 3.636936e-01 2.983308e-02
endloop
endfacet
facet normal 0 0 0
outer loop
vertex -2.743963e-01 3.636936e-01 2.983308e-02
vertex -2.699929e-01 3.189854e-01 2.466038e-02
vertex -2.417053e-01 3.365574e-01 3.129578e-02
endloop
endfacet
facet normal 0 0 0
outer loop
vertex 7.033400e-02 3.021010e-01 5.151000e-03
vertex 9.346891e-02 2.963979e-01 -3.997419e-03
vertex 1.001407e-01 3.251227e-01 4.987158e-03
endloop
endfacet
facet normal 0 0 0
outer loop
vertex 9.346891e-02 2.963979e-01 -3.997419e-03
vertex 7.033400e-02 3.021010e-01 5.151000e-03
vertex 7.749268e-02 2.708401e-01 5.046765e-03
endloop
endfacet
facet normal 0 0 0
outer loop
vertex -2.355233e-01 2.002625e-01 4.526595e-02
vertex -2.055560e-01 1.911797e-01 5.276883e-02
vertex -2.281257e-01 2.320786e-01 4.716070e-02
endloop
endfacet
facet normal 0 0 0
outer loop
vertex -3.870004e-01 5.071127e-01 -3.848210e-02
vertex -3.558189e-01 5.367969e-01 -4.600281e-02
vertex -3.302660e-01 5.132142e-01 -5.020656e-02
endloop
endfacet
facet normal 0 0 0
outer loop
vertex -8.058875e-02 5.441231e-01 5.545960e-02
vertex -8.948746e-02 5.003069e-01 7.163089e-02
vertex -1.070131e-01 5.403119e-01 7.349225e-02
endloop
endfacet
facet normal 0 0 0
outer loop
vertex 3.074892e-01 4.922478e-01 -5.623010e-03
vertex 2.739011e-01 5.270203e-01 -5.708867e-03
vertex 3.097874e-01 5.320801e-01 -4.480316e-03
endloop
endfacet
facet normal 0 0 0
outer loop
vertex 3.280701e-01 6.197943e-01 -3.838280e-03
vertex 3.630932e-01 5.969876e-01 -3.244748e-03
vertex 3.321890e-01 5.838447e-01 -3.791927e-03
endloop
endfacet
facet normal 0 0 0
outer loop
vertex -1.017485e-01 3.791486e-01 4.238601e-02
vertex -1.215553e-01 4.273044e-01 5.167633e-02
vertex -1.535858e-01 4.118807e-01 4.981236e-02
endloop
endfacet
facet normal 0 0 0
outer loop
vertex -4.489413e-02 5.059931e-01 5.270954e-02
vertex -2.634240e-02 4.804511e-01 5.015019e-02
vertex -1.369911e-02 5.220925e-01 5.012549e-02
endloop
endfacet
facet normal 0 0 0
outer loop
vertex 1.865237e-02 5.746976e-01 4.668520e-02
vertex -2.395763e-02 5.654411e-01 5.114844e-02
vertex -1.369911e-02 5.220925e-01 5.012549e-02
endloop
endfacet
facet normal 0 0 0
outer loop
vertex 9.858341e-02 1.203059e-01 5.448033e-03
vertex 1.131147e-01 1.452588e-01 -3.997289e-03
vertex 7.681021e-02 1.490359e-01 5.389203e-03
endloop
endfacet
facet normal 0 0 0
outer loop
vertex -7.021578e-02 5.092165e-01 5.465233e-02
vertex -4.722311e-02 5.413227e-01 5.330780e-02
vertex -8.058875e-02 5.441231e-01 5.545960e-02
endloop
endfacet
facet normal 0 0 0
outer loop
vertex 1.414911e-02 1.813196e-01 -5.952146e-03
vertex 6.171209e-03 1.619265e-01 2.383718e-03
vertex -1.056900e-02 1.849890e-01 2.010000e-03
endloop
endfacet
facet normal 0 0 0
outer loop
vertex -5.037904e-01 5.812916e-01 1.005712e-02
vertex -4.552080e-01 6.091937e-01 1.259111e-02
vertex -4.717932e-01 5.929464e-01 -1.281553e-02
endloop
endfacet
facet normal 0 0 0
outer loop
vertex 5.172825e-03 8.454213e-01 1.570448e-02
vertex -2.005483e-02 8.202989e-01 2.465503e-02
vertex 2.630982e-02 8.217035e-01 1.735519e-02
endloop
endfacet
facet normal 0 0 0
outer loop
vertex -6.391208e-02 5.319602e-01 7.283592e-02
vertex -2.517600e-02 5.502140e-01 7.208400e-02
vertex -7.571306e-02 5.638114e-01 7.402533e-02
endloop
endfacet
facet normal 0 0 0
outer loop
vertex 2.017207e-02 1.067535e+00 -5.240846e-03
vertex -1.984200e-02 1.053825e+00 -1.715000e-03
vertex 4.607000e-03 1.071443e+00 1.344000e-03
endloop
endfacet
facet normal 0 0 0
outer loop
vertex 3.825260e-02 9.667992e-01 -4.019948e-03
vertex 7.953746e-02 9.409428e-01 4.652475e-03
vertex 6.451717e-02 9.858961e-01 4.870720e-03
endloop
endfacet
facet normal 0 0 0
outer loop
vertex 1.262514e-01 4.558219e-01 2.860094e-02
vertex 1.515586e-01 4.476417e-01 2.057719e-02
vertex 1.582635e-01 4.738002e-01 2.386669e-02
endloop
endfacet
facet normal 0 0 0
outer loop
vertex 1.269460e-01 8.150588e-01 -3.219606e-03
vertex 1.541028e-01 8.223989e-01 4.048134e-03
vertex 1.470774e-01 7.888833e-01 -3.119298e-03
endloop
endfacet
facet normal 0 0 0
outer loop
vertex 1.555693e-02 1.027214e+00 5.184484e-03
vertex -2.733852e-03 1.048991e+00 6.531578e-03
vertex -1.138270e-02 1.008613e+00 -4.130621e-03
endloop
endfacet
facet normal 0 0 0
outer loop
vertex -2.708016e-01 6.001273e-01 -5.705788e-02
vertex -2.554452e-01 5.570932e-01 -5.848056e-02
vertex -2.887720e-01 5.729890e-01 -5.009600e-02
endloop
endfacet
facet normal 0 0 0
outer loop
vertex 9.124017e-02 8.369281e-01 -3.572514e-03
vertex 6.706315e-02 8.665707e-01 -3.709094e-03
vertex 4.771400e-02 8.540170e-01 4.765000e-03
endloop
endfacet
facet normal 0 0 0
outer loop
vertex -1.512315e-01 4.459715e-01 -6.399097e-02
vertex -1.325917e-01 4.411771e-01 -5.278494e-02
vertex -1.468140e-01 4.578650e-01 -5.461900e-02
endloop
endfacet
facet normal 0 0 0
outer loop
vertex 3.270964e-01 7.239056e-01 2.568241e-03
vertex 3.646236e-01 7.356421e-01 -4.707172e-03
vertex 3.273691e-01 7.039021e-01 -4.653699e-03
endloop
endfacet
facet normal 0 0 0
outer loop
vertex -6.886330e-02 1.012289e-01 -4.814388e-02
vertex -7.853685e-02 7.869261e-02 -4.555128e-02
vertex -5.572110e-02 7.550201e-02 -4.337928e-02
endloop
endfacet
facet normal 0 0 0
outer loop
vertex 5.799861e-02 3.294146e-01 1.540130e-02
vertex 6.826302e-02 3.611913e-01 2.069314e-02
vertex 1.467733e-02 3.435186e-01 2.563732e-02
endloop
endfacet
facet normal 0 0 0
outer loop
vertex 1.467733e-02 3.435186e-01 2.563732e-02
vertex 6.826302e-02 3.611913e-01 2.069314e-02
vertex 4.434381e-02 3.927464e-01 3.021146e-02
endloop
endfacet
facet normal 0 0 0
outer loop
vertex -1.451824e-01 1.534455e-01 5.286189e-02
vertex -1.123123e-01 1.139999e-01 5.603355e-02
vertex -1.109652e-01 1.561209e-01 5.177436e-02
endloop
endfacet
facet normal 0 0 0
outer loop
vertex 7.743397e-04 3.851261e-02 -4.243179e-02
vertex -1.388601e-02 3.186283e-02 -4.879080e-02
vertex 1.094340e-02 2.320505e-02 -4.143785e-02
endloop
endfacet
facet normal 0 0 0
outer loop
vertex -2.108965e-02 4.970788e-02 -4.274467e-02
vertex -1.388601e-02 3.186283e-02 -4.879080e-02
vertex 7.743397e-04 3.851261e-02 -4.243179e-02
endloop
endfacet
facet normal 0 0 0
outer loop
vertex -3.083631e-02 5.940380e-01 -5.011320e-02
vertex -1.023127e-02 6.093988e-01 -4.779911e-02
vertex 9.950890e-04 5.893180e-01 -4.725588e-02
endloop
endfacet
facet normal 0 0 0
outer loop
vertex 1.854366e-01 7.600438e-02 4.701098e-03
vertex 2.150980e-01 6.007300e-02 4.298000e-03
vertex 2.128184e-01 6.166431e-02 -2.865099e-03
endloop
endfacet
facet normal 0 0 0
outer loop
vertex -1.800236e-01 2.290829e-01 -4.716437e-02
vertex -1.445520e-01 1.935280e-01 -4.998200e-02
vertex -1.698704e-01 1.886416e-01 -5.059485e-02
endloop
endfacet
facet normal 0 0 0
outer loop
vertex 6.236711e-02 1.101759e+00 -3.408170e-03
vertex 2.808393e-02 1.083400e+00 4.739745e-03
vertex 6.057800e-02 1.102333e+00 4.218000e-03
endloop
endfacet
facet normal 0 0 0
outer loop
vertex -2.105852e-01 5.521474e-01 -5.363275e-02
vertex -2.554452e-01 5.570932e-01 -5.848056e-02
vertex -2.368431e-01 5.959733e-01 -5.699301e-02
endloop
endfacet
facet normal 0 0 0
outer loop
vertex -2.176225e-01 1.633882e-01 5.171600e-02
vertex -1.992004e-01 1.650676e-01 5.620355e-02
vertex -2.055560e-01 1.911797e-01 5.276883e-02
endloop
endfacet
facet normal 0 0 0
outer loop
vertex -1.834068e-01 1.608365e-01 5.144734e-02
vertex -2.055560e-01 1.911797e-01 5.276883e-02
vertex -1.992004e-01 1.650676e-01 5.620355e-02
endloop
endfacet
facet normal 0 0 0
outer loop
vertex -1.781209e-01 1.476158e-01 -4.495655e-02
vertex -1.891761e-01 1.798472e-01 -4.179434e-02
vertex -2.027270e-01 1.761575e-01 -3.548696e-02
endloop
endfacet
facet normal 0 0 0
outer loop
vertex 1.135157e-01 1.098042e-01 -4.120982e-03
vertex 1.424400e-01 1.042657e-01 5.187419e-03
vertex 1.239091e-01 8.227190e-02 -5.355286e-03
endloop
endfacet
facet normal 0 0 0
outer loop
vertex -7.532858e-02 5.114848e-01 -6.252436e-02
vertex -2.428446e-02 5.078294e-01 -4.928682e-02
vertex -5.085513e-02 4.674228e-01 -5.073066e-02
endloop
endfacet
facet normal 0 0 0
outer loop
vertex -1.547414e-01 5.036001e-01 -6.944352e-02
vertex -1.715192e-01 4.667480e-01 -6.458563e-02
vertex -1.935977e-01 5.008870e-01 -6.713443e-02
endloop
endfacet
facet normal 0 0 0
outer loop
vertex 1.346584e-01 7.115545e-01 -1.541874e-02
vertex 1.659134e-01 7.184126e-01 -3.097942e-03
vertex 1.605586e-01 6.847329e-01 -1.258023e-02
endloop
endfacet
facet normal 0 0 0
outer loop
vertex -3.548451e-01 3.987701e-01 -2.014797e-02
vertex -3.261479e-01 4.063557e-01 -2.633164e-02
vertex -3.249907e-01 3.750296e-01 -2.136488e-02
endloop
endfacet
facet normal 0 0 0
outer loop
vertex -3.249907e-01 3.750296e-01 -2.136488e-02
vertex -3.261479e-01 4.063557e-01 -2.633164e-02
vertex -2.970420e-01 3.772059e-01 -2.475954e-02
endloop
endfacet
facet normal 0 0 0
outer loop
vertex 1.184536e-01 8.415040e-02 6.897368e-03
vertex 1.498604e-01 6.539354e-02 6.616380e-03
vertex 1.424400e-01 1.042657e-01 5.187419e-03
endloop
endfacet
facet normal 0 0 0
outer loop
vertex 4.372891e-01 7.831665e-01 -3.613973e-03
vertex 4.395379e-01 7.722849e-01 5.128887e-03
vertex 4.595625e-01 7.869968e-01 4.781736e-03
endloop
endfacet
facet normal 0 0 0
outer loop
vertex 3.208050e-01 6.657064e-01 5.164583e-03
vertex 2.945005e-01 6.780678e-01 6.550087e-03
vertex 2.732908e-01 6.518874e-01 7.316560e-03
endloop
endfacet
facet normal 0 0 0
outer loop
vertex -1.178941e-01 5.783333e-01 -5.539446e-02
vertex -8.112864e-02 5.768209e-01 -5.391129e-02
vertex -8.935584e-02 5.459362e-01 -5.480743e-02
endloop
endfacet
facet normal 0 0 0
outer loop
vertex 5.147686e-02 2.677171e-01 -4.235743e-03
vertex 1.973678e-02 2.848300e-01 -1.106691e-02
vertex 5.495825e-02 3.043136e-01 -9.478309e-03
endloop
endfacet
facet normal 0 0 0
outer loop
vertex 2.335479e-02 5.336272e-01 -4.541830e-02
vertex 6.158330e-03 5.676084e-01 -4.710558e-02
vertex 4.916387e-02 5.676166e-01 -4.233777e-02
endloop
endfacet
facet normal 0 0 0
outer loop
vertex -5.572110e-02 7.550201e-02 -4.337928e-02
vertex -7.853685e-02 7.869261e-02 -4.555128e-02
vertex -4.843607e-02 5.093744e-02 -4.966674e-02
endloop
endfacet
facet normal 0 0 0
outer loop
vertex -2.027500e-02 5.577020e-01 -6.666800e-02
vertex -1.533400e-02 5.757970e-01 -7.129800e-02
vertex -3.026847e-02 5.761377e-01 -6.445631e-02
endloop
endfacet
facet normal 0 0 0
outer loop
vertex -1.533400e-02 5.757970e-01 -7.129800e-02
vertex -1.478088e-02 5.822387e-01 -6.475617e-02
vertex -3.026847e-02 5.761377e-01 -6.445631e-02
endloop
endfacet
facet normal 0 0 0
outer loop
vertex -2.383195e-01 5.493202e-01 5.921613e-02
vertex -2.507995e-01 5.210178e-01 5.748736e-02
vertex -2.050966e-01 5.319221e-01 5.552398e-02
endloop
endfacet
facet normal 0 0 0
outer loop
vertex -2.507995e-01 5.210178e-01 5.748736e-02
vertex -2.130670e-01 5.334750e-01 7.097200e-02
vertex -2.050966e-01 5.319221e-01 5.552398e-02
endloop
endfacet
facet normal 0 0 0
outer loop
vertex -2.507995e-01 5.210178e-01 5.748736e-02
vertex -2.383195e-01 5.493202e-01 5.921613e-02
vertex -2.704317e-01 5.599049e-01 5.869638e-02
endloop
endfacet
facet normal 0 0 0
outer loop
vertex 2.094862e-01 6.339132e-01 -6.062238e-03
vertex 2.400869e-01 6.186264e-01 -1.082835e-02
vertex 2.137893e-01 5.915074e-01 -1.620104e-02
endloop
endfacet
facet normal 0 0 0
outer loop
vertex -1.799838e-01 1.012869e-01 5.773918e-02
vertex -1.604304e-01 9.968802e-02 6.059825e-02
vertex -1.886600e-01 1.345153e-01 5.909673e-02
endloop
endfacet
facet normal 0 0 0
outer loop
vertex -2.826338e-01 3.282864e-01 1.469338e-02
vertex -2.663034e-01 2.848949e-01 2.149651e-02
vertex -2.699929e-01 3.189854e-01 2.466038e-02
endloop
endfacet
facet normal 0 0 0
outer loop
vertex -3.708948e-01 7.278317e-01 -5.414418e-03
vertex -3.591838e-01 7.356255e-01 1.438086e-02
vertex -3.489000e-01 7.530448e-01 -1.171178e-02
endloop
endfacet
facet normal 0 0 0
outer loop
vertex -1.984200e-02 1.053825e+00 -1.715000e-03
vertex 2.017207e-02 1.067535e+00 -5.240846e-03
vertex -6.573000e-03 1.046283e+00 -5.386000e-03
endloop
endfacet
facet normal 0 0 0
outer loop
vertex -3.038646e-01 3.521243e-01 2.140071e-02
vertex -3.087479e-01 3.417338e-01 -3.683064e-03
vertex -2.826338e-01 3.282864e-01 1.469338e-02
endloop
endfacet
facet normal 0 0 0
outer loop
vertex -2.665166e-02 2.206332e-01 6.547437e-03
vertex -7.008138e-02 2.560393e-01 7.485109e-03
vertex -5.203934e-02 2.503033e-01 -7.727655e-03
endloop
endfacet
facet normal 0 0 0
outer loop
vertex -1.451824e-01 1.534455e-01 5.286189e-02
vertex -1.445520e-01 1.912660e-01 5.124200e-02
vertex -1.726843e-01 1.911431e-01 5.015567e-02
endloop
endfacet
facet normal 0 0 0
outer loop
vertex -1.726843e-01 1.911431e-01 5.015567e-02
vertex -1.999406e-01 2.340655e-01 4.121880e-02
vertex -1.701536e-01 2.059290e-01 3.764787e-02
endloop
endfacet
facet normal 0 0 0
outer loop
vertex 1.630740e-01 1.041975e+00 4.040221e-03
vertex 1.490943e-01 1.061104e+00 -3.389220e-03
vertex 1.765954e-01 1.070809e+00 -2.825045e-03
endloop
endfacet
facet normal 0 0 0
outer loop
vertex -1.852171e-01 2.792787e-01 8.072461e-04
vertex -1.417451e-01 2.706629e-01 4.464361e-03
vertex -1.773461e-01 2.824781e-01 1.642077e-02
endloop
endfacet
facet normal 0 0 0
outer loop
vertex -1.786023e-01 2.446192e-01 3.099265e-02
vertex -1.992715e-01 2.653733e-01 2.680877e-02
vertex -1.773461e-01 2.824781e-01 1.642077e-02
endloop
endfacet
facet normal 0 0 0
outer loop
vertex -1.745010e-01 5.673000e-01 -6.936400e-02
vertex -1.853378e-01 5.245131e-01 -5.577372e-02
vertex -1.589392e-01 5.417086e-01 -5.640459e-02
endloop
endfacet
facet normal 0 0 0
outer loop
vertex -1.853378e-01 5.245131e-01 -5.577372e-02
vertex -1.843842e-01 5.549431e-01 -5.598269e-02
vertex -1.589392e-01 5.417086e-01 -5.640459e-02
endloop
endfacet
facet normal 0 0 0
outer loop
vertex -1.903721e-01 5.873176e-01 -5.630684e-02
vertex -1.497050e-01 6.098400e-01 -5.494864e-02
vertex -1.502770e-01 5.722658e-01 -5.608290e-02
endloop
endfacet
facet normal 0 0 0
outer loop
vertex -1.796120e-01 1.403720e-01 4.427300e-02
vertex -1.984004e-01 1.268704e-01 4.945943e-02
vertex -1.980449e-01 1.586208e-01 3.984146e-02
endloop
endfacet
facet normal 0 0 0
outer loop
vertex -2.286060e-02 8.525326e-01 1.796830e-02
vertex -3.364604e-02 8.819842e-01 1.196475e-02
vertex -5.289366e-02 8.466138e-01 2.219553e-02
endloop
endfacet
facet normal 0 0 0
outer loop
vertex -2.826338e-01 3.282864e-01 1.469338e-02
vertex -2.673439e-01 3.071668e-01 -1.006489e-02
vertex -2.518774e-01 3.014507e-01 -8.510967e-03
endloop
endfacet
facet normal 0 0 0
outer loop
vertex -2.663034e-01 2.848949e-01 2.149651e-02
vertex -2.521725e-01 3.030272e-01 8.583524e-03
vertex -2.409256e-01 2.814228e-01 1.331400e-02
endloop
endfacet
facet normal 0 0 0
outer loop
vertex -3.437782e-01 3.692554e-01 -4.305028e-03
vertex -3.627352e-01 3.923866e-01 1.329212e-02
vertex -3.700824e-01 3.928355e-01 -5.410174e-03
endloop
endfacet
facet normal 0 0 0
outer loop
vertex 9.340914e-02 1.071709e+00 5.031503e-03
vertex 9.492689e-02 1.099439e+00 -4.007085e-03
vertex 1.376332e-01 1.085481e+00 -3.793186e-03
endloop
endfacet
facet normal 0 0 0
outer loop
vertex 5.345639e-02 2.483967e-01 5.257050e-03
vertex 1.525445e-02 2.251061e-01 5.641173e-03
vertex 5.544954e-02 2.162228e-01 5.308458e-03
endloop
endfacet
facet normal 0 0 0
outer loop
vertex 1.520767e-01 3.182268e-01 4.483554e-03
vertex 1.601931e-01 3.443329e-01 -3.480898e-03
vertex 1.404540e-01 3.597810e-01 4.616000e-03
endloop
endfacet
facet normal 0 0 0
outer loop
vertex -1.816827e-01 2.540717e-01 -2.768028e-02
vertex -2.016236e-01 2.581840e-01 -2.779467e-02
vertex -1.847540e-01 2.319897e-01 -3.270467e-02
endloop
endfacet
facet normal 0 0 0
outer loop
vertex 1.643212e-01 7.575537e-01 -3.056758e-03
vertex 1.494743e-01 7.849615e-01 4.127579e-03
vertex 1.781880e-01 7.910221e-01 -9.180000e-04
endloop
endfacet
facet normal 0 0 0
outer loop
vertex 1.494743e-01 7.849615e-01 4.127579e-03
vertex 1.470774e-01 7.888833e-01 -3.119298e-03
vertex 1.781880e-01 7.910221e-01 -9.180000e-04
endloop
endfacet
facet normal 0 0 0
outer loop
vertex 2.611636e-01 4.323887e-01 4.326846e-03
vertex 2.998138e-01 4.333929e-01 5.839683e-03
vertex 2.739090e-01 4.858850e-01 6.789000e-03
endloop
endfacet
facet normal 0 0 0
outer loop
vertex 3.269624e-01 4.060006e-01 5.362031e-03
vertex 3.524214e-01 4.089987e-01 -3.571659e-03
vertex 3.287605e-01 4.433513e-01 5.296126e-03
endloop
endfacet
facet normal 0 0 0
outer loop
vertex -1.470000e-01 1.688066e-01 4.170691e-02
vertex -1.200308e-01 1.563624e-01 4.119757e-02
vertex -1.234313e-01 1.324713e-01 4.422640e-02
endloop
endfacet
facet normal 0 0 0
outer loop
vertex -1.512315e-01 4.459715e-01 -6.399097e-02
vertex -1.474619e-01 4.321630e-01 -5.491160e-02
vertex -1.325917e-01 4.411771e-01 -5.278494e-02
endloop
endfacet
facet normal 0 0 0
outer loop
vertex 7.953746e-02 9.409428e-01 4.652475e-03
vertex 9.489106e-02 8.915858e-01 4.450954e-03
vertex 1.274544e-01 9.259812e-01 -3.330044e-03
endloop
endfacet
facet normal 0 0 0
outer loop
vertex -1.109652e-01 1.561209e-01 5.177436e-02
vertex -1.200308e-01 1.563624e-01 4.119757e-02
vertex -1.261331e-01 1.862135e-01 4.781479e-02
endloop
endfacet
facet normal 0 0 0
outer loop
vertex 3.289752e-01 4.446699e-01 -3.931185e-03
vertex 3.105377e-01 4.153689e-01 -4.294744e-03
vertex 2.959659e-01 4.574762e-01 -4.848549e-03
endloop
endfacet
facet normal 0 0 0
outer loop
vertex -2.281257e-01 2.320786e-01 4.716070e-02
vertex -1.999406e-01 2.340655e-01 4.121880e-02
vertex -2.212420e-01 2.580400e-01 4.037110e-02
endloop
endfacet
facet normal 0 0 0
outer loop
vertex -1.999406e-01 2.340655e-01 4.121880e-02
vertex -1.796120e-01 2.568620e-01 4.084100e-02
vertex -2.212420e-01 2.580400e-01 4.037110e-02
endloop
endfacet
facet normal 0 0 0
outer loop
vertex -2.061239e-01 2.068926e-01 3.214394e-02
vertex -2.247526e-01 1.984435e-01 3.318179e-02
vertex -2.369164e-01 2.372910e-01 2.449184e-02
endloop
endfacet
facet normal 0 0 0
outer loop
vertex -3.891240e-02 1.023741e+00 -5.292456e-03
vertex -1.984200e-02 1.053825e+00 -1.715000e-03
vertex -6.573000e-03 1.046283e+00 -5.386000e-03
endloop
endfacet
facet normal 0 0 0
outer loop
vertex -7.443100e-02 4.570450e-01 6.170200e-02
vertex -8.948746e-02 5.003069e-01 7.163089e-02
vertex -1.086949e-01 4.675802e-01 5.509948e-02
endloop
endfacet
facet normal 0 0 0
outer loop
vertex 1.551570e-01 8.961276e-01 -3.054115e-03
vertex 1.274544e-01 9.259812e-01 -3.330044e-03
vertex 1.289972e-01 8.570159e-01 -3.249391e-03
endloop
endfacet
facet normal 0 0 0
outer loop
vertex 1.274544e-01 9.259812e-01 -3.330044e-03
vertex 9.489106e-02 8.915858e-01 4.450954e-03
vertex 1.289972e-01 8.570159e-01 -3.249391e-03
endloop
endfacet
facet normal 0 0 0
outer loop
vertex -1.847540e-01 2.319897e-01 -3.270467e-02
vertex -1.603850e-01 2.382408e-01 -3.049733e-02
vertex -1.816827e-01 2.540717e-01 -2.768028e-02
endloop
endfacet
facet normal 0 0 0
outer loop
vertex -1.399879e-01 6.933863e-02 -6.097060e-02
vertex -1.237815e-01 5.061224e-02 -5.983460e-02
vertex -1.339188e-01 5.500185e-02 -5.109519e-02
endloop
endfacet
facet normal 0 0 0
outer loop
vertex 1.643212e-01 7.575537e-01 -3.056758e-03
vertex 1.659134e-01 7.184126e-01 -3.097942e-03
vertex 1.296147e-01 7.503544e-01 -8.598749e-03
endloop
endfacet
facet normal 0 0 0
outer loop
vertex 1.296147e-01 7.503544e-01 -8.598749e-03
vertex 1.659134e-01 7.184126e-01 -3.097942e-03
vertex 1.346584e-01 7.115545e-01 -1.541874e-02
endloop
endfacet
facet normal 0 0 0
outer loop
vertex 2.998138e-01 4.333929e-01 5.839683e-03
vertex 3.287605e-01 4.433513e-01 5.296126e-03
vertex 2.739090e-01 4.858850e-01 6.789000e-03
endloop
endfacet
facet normal 0 0 0
outer loop
vertex 3.012483e-01 7.001773e-01 -1.453070e-03
vertex 2.731414e-01 6.711450e-01 -2.680703e-03
vertex 2.945005e-01 6.780678e-01 6.550087e-03
endloop
endfacet
facet normal 0 0 0
outer loop
vertex -1.629349e-01 2.594870e-01 2.889915e-02
vertex -1.629644e-01 2.350826e-01 3.182853e-02
vertex -1.786023e-01 2.446192e-01 3.099265e-02
endloop
endfacet
facet normal 0 0 0
outer loop
vertex -1.629349e-01 2.594870e-01 2.889915e-02
vertex -1.786023e-01 2.446192e-01 3.099265e-02
vertex -1.773461e-01 2.824781e-01 1.642077e-02
endloop
endfacet
facet normal 0 0 0
outer loop
vertex 3.527652e-01 7.062269e-01 4.675890e-03
vertex 3.270964e-01 7.239056e-01 2.568241e-03
vertex 3.157103e-01 7.042483e-01 5.783613e-03
endloop
endfacet
facet normal 0 0 0
outer loop
vertex 4.434381e-02 3.927464e-01 3.021146e-02
vertex 9.148987e-02 3.924946e-01 2.313662e-02
vertex 6.860457e-02 4.210553e-01 3.282154e-02
endloop
endfacet
facet normal 0 0 0
outer loop
vertex -7.252342e-02 4.296682e-01 4.958767e-02
vertex -4.350137e-02 4.502026e-01 4.960120e-02
vertex -6.477469e-02 4.753979e-01 5.259937e-02
endloop
endfacet
facet normal 0 0 0
outer loop
vertex -7.252342e-02 4.296682e-01 4.958767e-02
vertex -2.193449e-02 4.308284e-01 4.559160e-02
vertex -4.350137e-02 4.502026e-01 4.960120e-02
endloop
endfacet
facet normal 0 0 0
outer loop
vertex 4.607000e-03 1.071443e+00 1.344000e-03
vertex -1.984200e-02 1.053825e+00 -1.715000e-03
vertex -2.733852e-03 1.048991e+00 6.531578e-03
endloop
endfacet
facet normal 0 0 0
outer loop
vertex 9.082090e-02 1.916466e-01 5.082540e-03
vertex 1.381421e-01 2.076095e-01 4.430334e-03
vertex 1.219532e-01 1.803499e-01 -3.777673e-03
endloop
endfacet
facet normal 0 0 0
outer loop
vertex -6.391208e-02 5.319602e-01 7.283592e-02
vertex -1.070131e-01 5.403119e-01 7.349225e-02
vertex -8.948746e-02 5.003069e-01 7.163089e-02
endloop
endfacet
facet normal 0 0 0
outer loop
vertex -7.879233e-02 8.066960e-02 -5.565923e-02
vertex -6.886330e-02 1.012289e-01 -4.814388e-02
vertex -5.653388e-02 8.556899e-02 -5.239123e-02
endloop
endfacet
facet normal 0 0 0
outer loop
vertex -1.527222e-01 6.884141e-02 5.450000e-02
vertex -1.631325e-01 9.698647e-02 4.763560e-02
vertex -1.419974e-01 7.284507e-02 4.930981e-02
endloop
endfacet
facet normal 0 0 0
outer loop
vertex -9.479823e-02 4.862697e-01 -6.181577e-02
vertex -5.683000e-02 4.801060e-01 -6.940300e-02
vertex -7.532858e-02 5.114848e-01 -6.252436e-02
endloop
endfacet
facet normal 0 0 0
outer loop
vertex 3.400500e-01 5.079949e-01 -3.621109e-03
vertex 3.029362e-01 5.234300e-01 6.483821e-03
vertex 3.175742e-01 4.859630e-01 5.511102e-03
endloop
endfacet
facet normal 0 0 0
outer loop
vertex 1.725443e-01 6.451827e-01 -1.614292e-02
vertex 2.094862e-01 6.339132e-01 -6.062238e-03
vertex 1.895559e-01 6.175025e-01 -1.662449e-02
endloop
endfacet
facet normal 0 0 0
outer loop
vertex 1.725443e-01 6.451827e-01 -1.614292e-02
vertex 1.895559e-01 6.175025e-01 -1.662449e-02
vertex 1.670020e-01 6.022455e-01 -2.386408e-02
endloop
endfacet
facet normal 0 0 0
outer loop
vertex -2.733852e-03 1.048991e+00 6.531578e-03
vertex -1.984200e-02 1.053825e+00 -1.715000e-03
vertex -3.597800e-02 1.022533e+00 6.496000e-03
endloop
endfacet
facet normal 0 0 0
outer loop
vertex -1.138270e-02 1.008613e+00 -4.130621e-03
vertex -2.733852e-03 1.048991e+00 6.531578e-03
vertex -3.597800e-02 1.022533e+00 6.496000e-03
endloop
endfacet
facet normal 0 0 0
outer loop
vertex 1.973678e-02 2.848300e-01 -1.106691e-02
vertex 5.147686e-02 2.677171e-01 -4.235743e-03
vertex 3.212598e-02 2.304602e-01 -4.414430e-03
endloop
endfacet
facet normal 0 0 0
outer loop
vertex 3.524214e-01 4.089987e-01 -3.571659e-03
vertex 3.105377e-01 4.153689e-01 -4.294744e-03
vertex 3.289752e-01 4.446699e-01 -3.931185e-03
endloop
endfacet
facet normal 0 0 0
outer loop
vertex 6.580593e-02 1.025777e+00 -3.978959e-03
vertex 1.019173e-01 1.011364e+00 4.664550e-03
vertex 1.326463e-01 1.052745e+00 4.541647e-03
endloop
endfacet
facet normal 0 0 0
outer loop
vertex -2.337475e-01 1.942911e-01 -3.900803e-02
vertex -2.142895e-01 1.960891e-01 -3.134861e-02
vertex -2.145987e-01 2.298794e-01 -2.556089e-02
endloop
endfacet
facet normal 0 0 0
outer loop
vertex 1.490943e-01 1.061104e+00 -3.389220e-03
vertex 1.326463e-01 1.052745e+00 4.541647e-03
vertex 1.376332e-01 1.085481e+00 -3.793186e-03
endloop
endfacet
facet normal 0 0 0
outer loop
vertex 1.490943e-01 1.061104e+00 -3.389220e-03
vertex 1.376332e-01 1.085481e+00 -3.793186e-03
vertex 1.765954e-01 1.070809e+00 -2.825045e-03
endloop
endfacet
facet normal 0 0 0
outer loop
vertex 1.700406e-01 1.077421e+00 4.297900e-03
vertex 1.490943e-01 1.061104e+00 -3.389220e-03
vertex 1.376332e-01 1.085481e+00 -3.793186e-03
endloop
endfacet
facet normal 0 0 0
outer loop
vertex -1.903721e-01 5.873176e-01 -5.630684e-02
vertex -2.209854e-01 6.332053e-01 -5.402984e-02
vertex -1.823164e-01 6.347244e-01 -5.381503e-02
endloop
endfacet
facet normal 0 0 0
outer loop
vertex -1.903721e-01 5.873176e-01 -5.630684e-02
vertex -1.823164e-01 6.347244e-01 -5.381503e-02
vertex -1.497050e-01 6.098400e-01 -5.494864e-02
endloop
endfacet
facet normal 0 0 0
outer loop
vertex -2.663034e-01 2.848949e-01 2.149651e-02
vertex -2.554781e-01 2.742915e-01 3.549085e-02
vertex -2.535008e-01 2.958462e-01 3.282173e-02
endloop
endfacet
facet normal 0 0 0
outer loop
vertex -2.535008e-01 2.958462e-01 3.282173e-02
vertex -2.554781e-01 2.742915e-01 3.549085e-02
vertex -2.286568e-01 2.987080e-01 3.192841e-02
endloop
endfacet
facet normal 0 0 0
outer loop
vertex -1.786023e-01 2.446192e-01 3.099265e-02
vertex -1.999406e-01 2.340655e-01 4.121880e-02
vertex -1.992715e-01 2.653733e-01 2.680877e-02
endloop
endfacet
facet normal 0 0 0
outer loop
vertex -5.203934e-02 2.503033e-01 -7.727655e-03
vertex -2.204821e-02 2.108370e-01 -5.013662e-03
vertex -2.665166e-02 2.206332e-01 6.547437e-03
endloop
endfacet
facet normal 0 0 0
outer loop
vertex 3.524214e-01 4.089987e-01 -3.571659e-03
vertex 3.289752e-01 4.446699e-01 -3.931185e-03
vertex 3.660200e-01 4.414675e-01 4.821969e-03
endloop
endfacet
facet normal 0 0 0
outer loop
vertex 9.492604e-02 1.010770e-01 -5.627682e-03
vertex 9.443481e-02 8.426600e-02 2.457132e-03
vertex 6.266944e-02 1.106879e-01 -3.878272e-03
endloop
endfacet
facet normal 0 0 0
outer loop
vertex -3.426100e-02 6.631000e-02 -4.905000e-02
vertex -2.108965e-02 4.970788e-02 -4.274467e-02
vertex -1.766565e-03 3.723209e-02 -5.184320e-02
endloop
endfacet
facet normal 0 0 0
outer loop
vertex 4.151124e-01 6.613341e-01 -2.834659e-03
vertex 3.821232e-01 6.431579e-01 4.245615e-03
vertex 3.822326e-01 6.847939e-01 4.247415e-03
endloop
endfacet
facet normal 0 0 0
outer loop
vertex 4.464923e-02 7.721587e-01 2.450210e-02
vertex 2.630982e-02 8.217035e-01 1.735519e-02
vertex 7.465112e-03 7.826183e-01 2.848233e-02
endloop
endfacet
facet normal 0 0 0
outer loop
vertex 2.617724e-01 6.098021e-01 9.910794e-03
vertex 2.949338e-01 5.814268e-01 7.904307e-03
vertex 3.119352e-01 6.252619e-01 5.531558e-03
endloop
endfacet
facet normal 0 0 0
outer loop
vertex 2.617724e-01 6.098021e-01 9.910794e-03
vertex 3.119352e-01 6.252619e-01 5.531558e-03
vertex 2.732908e-01 6.518874e-01 7.316560e-03
endloop
endfacet
facet normal 0 0 0
outer loop
vertex 9.492689e-02 1.099439e+00 -4.007085e-03
vertex 6.236711e-02 1.101759e+00 -3.408170e-03
vertex 9.558950e-02 1.119540e+00 1.350460e-03
endloop
endfacet
facet normal 0 0 0
outer loop
vertex 4.219385e-01 3.666955e-01 -2.860069e-03
vertex 3.916135e-01 3.526356e-01 4.662047e-03
vertex 3.908170e-01 4.042782e-01 -3.000455e-03
endloop
endfacet
facet normal 0 0 0
outer loop
vertex 3.656902e-01 3.754719e-01 -3.557695e-03
vertex 3.908170e-01 4.042782e-01 -3.000455e-03
vertex 3.916135e-01 3.526356e-01 4.662047e-03
endloop
endfacet
facet normal 0 0 0
outer loop
vertex 1.439449e-01 6.573107e-01 -2.248980e-02
vertex 1.293913e-01 6.134323e-01 -3.009511e-02
vertex 1.107955e-01 6.749370e-01 -2.748472e-02
endloop
endfacet
facet normal 0 0 0
outer loop
vertex 6.706315e-02 8.665707e-01 -3.709094e-03
vertex 4.211182e-02 8.944248e-01 6.120904e-03
vertex 4.771400e-02 8.540170e-01 4.765000e-03
endloop
endfacet
facet normal 0 0 0
outer loop
vertex 8.084501e-02 1.630531e-01 -4.223623e-03
vertex 8.495737e-02 1.321480e-01 -4.267243e-03
vertex 5.563100e-02 1.392410e-01 -4.380000e-03
endloop
endfacet
facet normal 0 0 0
outer loop
vertex 1.890681e-01 4.806850e-01 -1.103092e-02
vertex 2.027424e-01 4.736913e-01 -1.727894e-03
vertex 1.883921e-01 4.770173e-01 8.628665e-03
endloop
endfacet
facet normal 0 0 0
outer loop
vertex 1.883921e-01 4.770173e-01 8.628665e-03
vertex 1.797036e-01 4.585408e-01 -9.251443e-03
vertex 1.890681e-01 4.806850e-01 -1.103092e-02
endloop
endfacet
facet normal 0 0 0
outer loop
vertex 1.883921e-01 4.770173e-01 8.628665e-03
vertex 2.027424e-01 4.736913e-01 -1.727894e-03
vertex 2.165828e-01 4.703836e-01 5.545659e-03
endloop
endfacet
facet normal 0 0 0
outer loop
vertex -1.796964e-01 5.193115e-01 7.138479e-02
vertex -1.852670e-01 5.543090e-01 7.452100e-02
vertex -1.513711e-01 5.439647e-01 7.380016e-02
endloop
endfacet
facet normal 0 0 0
outer loop
vertex -5.572110e-02 7.550201e-02 -4.337928e-02
vertex -4.403267e-02 5.682344e-02 -4.369444e-02
vertex -3.426100e-02 6.631000e-02 -4.905000e-02
endloop
endfacet
facet normal 0 0 0
outer loop
vertex -4.843607e-02 5.093744e-02 -4.966674e-02
vertex -4.403267e-02 5.682344e-02 -4.369444e-02
vertex -5.572110e-02 7.550201e-02 -4.337928e-02
endloop
endfacet
facet normal 0 0 0
outer loop
vertex 1.569203e-02 9.868096e-01 5.075802e-03
vertex 6.451717e-02 9.858961e-01 4.870720e-03
vertex 4.002530e-02 1.013893e+00 -4.080301e-03
endloop
endfacet
facet normal 0 0 0
outer loop
vertex 3.957177e-02 1.089430e+00 -3.513556e-03
vertex 2.808393e-02 1.083400e+00 4.739745e-03
vertex 6.236711e-02 1.101759e+00 -3.408170e-03
endloop
endfacet
facet normal 0 0 0
outer loop
vertex -3.708948e-01 7.278317e-01 -5.414418e-03
vertex -3.736997e-01 7.092357e-01 1.900607e-02
vertex -3.591838e-01 7.356255e-01 1.438086e-02
endloop
endfacet
facet normal 0 0 0
outer loop
vertex 2.946994e-01 3.950333e-01 1.344000e-03
vertex 3.197595e-01 3.715846e-01 -1.444295e-03
vertex 3.151900e-01 3.829660e-01 5.733000e-03
endloop
endfacet
facet normal 0 0 0
outer loop
vertex 3.197595e-01 3.715846e-01 -1.444295e-03
vertex 2.946994e-01 3.950333e-01 1.344000e-03
vertex 3.293270e-01 3.807040e-01 -5.450000e-03
endloop
endfacet
facet normal 0 0 0
outer loop
vertex 1.639206e-01 1.104679e+00 -3.688197e-03
vertex 1.376332e-01 1.085481e+00 -3.793186e-03
vertex 1.291440e-01 1.114142e+00 -3.951000e-03
endloop
endfacet
facet normal 0 0 0
outer loop
vertex 1.639206e-01 1.104679e+00 -3.688197e-03
vertex 1.367865e-01 1.115273e+00 4.968162e-03
vertex 1.376332e-01 1.085481e+00 -3.793186e-03
endloop
endfacet
facet normal 0 0 0
outer loop
vertex -1.626084e-01 7.832956e-02 -5.407400e-02
vertex -1.836410e-01 1.046192e-01 -5.007557e-02
vertex -1.817701e-01 1.076668e-01 -5.809109e-02
endloop
endfacet
facet normal 0 0 0
outer loop
vertex -3.883790e-01 4.156581e-01 -1.324276e-02
vertex -3.548451e-01 3.987701e-01 -2.014797e-02
vertex -3.700824e-01 3.928355e-01 -5.410174e-03
endloop
endfacet
facet normal 0 0 0
outer loop
vertex -1.782963e-01 5.288610e-01 -7.151101e-02
vertex -2.020070e-01 5.449510e-01 -6.796500e-02
vertex -1.745010e-01 5.673000e-01 -6.936400e-02
endloop
endfacet
facet normal 0 0 0
outer loop
vertex 1.219532e-01 1.803499e-01 -3.777673e-03
vertex 1.381421e-01 2.076095e-01 4.430334e-03
vertex 1.455590e-01 1.620121e-01 4.518553e-03
endloop
endfacet
facet normal 0 0 0
outer loop
vertex 1.639206e-01 1.104679e+00 -3.688197e-03
vertex 1.291440e-01 1.114142e+00 -3.951000e-03
vertex 1.475316e-01 1.135049e+00 6.737436e-04
endloop
endfacet
facet normal 0 0 0
outer loop
vertex 1.377111e-01 4.233111e-01 1.944277e-02
vertex 1.232649e-01 3.879087e-01 1.552849e-02
vertex 1.551340e-01 3.981809e-01 1.032148e-02
endloop
endfacet
facet normal 0 0 0
outer loop
vertex -1.497050e-01 6.098400e-01 -5.494864e-02
vertex -1.178941e-01 5.783333e-01 -5.539446e-02
vertex -1.502770e-01 5.722658e-01 -5.608290e-02
endloop
endfacet
facet normal 0 0 0
outer loop
vertex -1.502770e-01 5.722658e-01 -5.608290e-02
vertex -1.178941e-01 5.783333e-01 -5.539446e-02
vertex -1.300881e-01 5.526997e-01 -6.412285e-02
endloop
endfacet
facet normal 0 0 0
outer loop
vertex 2.183063e-01 6.078415e-01 1.431994e-02
vertex 2.345393e-01 6.339476e-01 7.693314e-03
vertex 1.993039e-01 6.378952e-01 8.084436e-03
endloop
endfacet
facet normal 0 0 0
outer loop
vertex 1.601931e-01 3.443329e-01 -3.480898e-03
vertex 1.246200e-01 3.450780e-01 -3.795000e-03
vertex 1.365118e-01 3.735176e-01 -9.172663e-03
endloop
endfacet
facet normal 0 0 0
outer loop
vertex 2.345393e-01 6.339476e-01 7.693314e-03
vertex 2.617724e-01 6.098021e-01 9.910794e-03
vertex 2.732908e-01 6.518874e-01 7.316560e-03
endloop
endfacet
facet normal 0 0 0
outer loop
vertex 5.209961e-02 1.052394e+00 -4.083626e-03
vertex 2.424490e-02 1.041418e+00 -4.160751e-03
vertex 2.017207e-02 1.067535e+00 -5.240846e-03
endloop
endfacet
facet normal 0 0 0
outer loop
vertex -7.571306e-02 5.638114e-01 7.402533e-02
vertex -1.070131e-01 5.403119e-01 7.349225e-02
vertex -1.179218e-01 5.530115e-01 5.687714e-02
endloop
endfacet
facet normal 0 0 0
outer loop
vertex -1.172040e-02 9.634347e-01 -4.100050e-03
vertex -1.138270e-02 1.008613e+00 -4.130621e-03
vertex 1.569203e-02 9.868096e-01 5.075802e-03
endloop
endfacet
facet normal 0 0 0
outer loop
vertex 3.568685e-01 3.657353e-01 5.040349e-03
vertex 3.707262e-01 3.319562e-01 4.122835e-03
vertex 3.916135e-01 3.526356e-01 4.662047e-03
endloop
endfacet
facet normal 0 0 0
outer loop
vertex 3.437953e-01 3.501389e-01 2.130000e-04
vertex 3.707262e-01 3.319562e-01 4.122835e-03
vertex 3.568685e-01 3.657353e-01 5.040349e-03
endloop
endfacet
facet normal 0 0 0
outer loop
vertex -1.728260e-01 3.851430e-01 -4.220800e-02
vertex -1.649090e-01 4.324350e-01 -5.662500e-02
vertex -1.490342e-01 4.047639e-01 -4.812358e-02
endloop
endfacet
facet normal 0 0 0
outer loop
vertex 2.269167e-01 4.642286e-01 -4.913915e-03
vertex 2.188176e-01 4.950274e-01 -1.415023e-02
vertex 2.651032e-01 4.782809e-01 -8.502716e-03
endloop
endfacet
facet normal 0 0 0
outer loop
vertex 2.651032e-01 4.782809e-01 -8.502716e-03
vertex 2.728278e-01 4.325208e-01 -5.854020e-03
vertex 2.473252e-01 4.491599e-01 -5.048370e-03
endloop
endfacet
facet normal 0 0 0
outer loop
vertex 8.102880e-02 7.834888e-01 1.471682e-02
vertex 6.206276e-02 8.118256e-01 1.268210e-02
vertex 4.464923e-02 7.721587e-01 2.450210e-02
endloop
endfacet
facet normal 0 0 0
outer loop
vertex 4.445746e-03 8.775958e-01 -7.364945e-03
vertex 1.659478e-02 8.345653e-01 -1.531185e-02
vertex -2.326520e-02 8.523471e-01 -1.696652e-02
endloop
endfacet
facet normal 0 0 0
outer loop
vertex -2.050966e-01 5.319221e-01 5.552398e-02
vertex -2.507995e-01 5.210178e-01 5.748736e-02
vertex -2.183140e-01 5.048430e-01 5.390100e-02
endloop
endfacet
facet normal 0 0 0
outer loop
vertex -3.489000e-01 7.530448e-01 -1.171178e-02
vertex -3.349263e-01 7.669995e-01 1.500502e-02
vertex -3.261106e-01 7.813427e-01 -1.071445e-02
endloop
endfacet
facet normal 0 0 0
outer loop
vertex 4.309793e-01 3.365071e-01 4.189076e-03
vertex 3.974398e-01 3.137475e-01 3.183951e-03
vertex 4.263361e-01 3.102729e-01 -4.780211e-03
endloop
endfacet
facet normal 0 0 0
outer loop
vertex 4.263361e-01 3.102729e-01 -4.780211e-03
vertex 4.541882e-01 3.076165e-01 4.269766e-03
vertex 4.309793e-01 3.365071e-01 4.189076e-03
endloop
endfacet
facet normal 0 0 0
outer loop
vertex 1.326463e-01 1.052745e+00 4.541647e-03
vertex 1.019173e-01 1.011364e+00 4.664550e-03
vertex 1.376264e-01 1.006380e+00 4.251901e-03
endloop
endfacet
facet normal 0 0 0
outer loop
vertex 3.707262e-01 3.319562e-01 4.122835e-03
vertex 3.437953e-01 3.501389e-01 2.130000e-04
vertex 3.860316e-01 3.347235e-01 -4.997655e-03
endloop
endfacet
facet normal 0 0 0
outer loop
vertex -5.894015e-02 1.020517e+00 4.039308e-03
vertex -4.936308e-02 1.010452e+00 6.509480e-03
vertex -3.597800e-02 1.022533e+00 6.496000e-03
endloop
endfacet
facet normal 0 0 0
outer loop
vertex -3.663233e-02 1.002903e+00 5.164888e-03
vertex -1.138270e-02 1.008613e+00 -4.130621e-03
vertex -3.597800e-02 1.022533e+00 6.496000e-03
endloop
endfacet
facet normal 0 0 0
outer loop
vertex -2.043544e-01 2.892199e-01 1.668492e-02
vertex -2.221250e-01 2.828750e-01 1.781700e-02
vertex -2.270637e-01 2.940119e-01 7.380891e-03
endloop
endfacet
facet normal 0 0 0
outer loop
vertex -2.270637e-01 2.940119e-01 7.380891e-03
vertex -2.085760e-01 2.862394e-01 -2.899811e-03
vertex -2.043544e-01 2.892199e-01 1.668492e-02
endloop
endfacet
facet normal 0 0 0
outer loop
vertex -1.843842e-01 5.549431e-01 -5.598269e-02
vertex -1.903721e-01 5.873176e-01 -5.630684e-02
vertex -1.502770e-01 5.722658e-01 -5.608290e-02
endloop
endfacet
facet normal 0 0 0
outer loop
vertex -2.105852e-01 5.521474e-01 -5.363275e-02
vertex -1.903721e-01 5.873176e-01 -5.630684e-02
vertex -1.843842e-01 5.549431e-01 -5.598269e-02
endloop
endfacet
facet normal 0 0 0
outer loop
vertex 1.376332e-01 1.085481e+00 -3.793186e-03
vertex 9.492689e-02 1.099439e+00 -4.007085e-03
vertex 1.291440e-01 1.114142e+00 -3.951000e-03
endloop
endfacet
facet normal 0 0 0
outer loop
vertex 9.492689e-02 1.099439e+00 -4.007085e-03
vertex 9.558950e-02 1.119540e+00 1.350460e-03
vertex 1.291440e-01 1.114142e+00 -3.951000e-03
endloop
endfacet
facet normal 0 0 0
outer loop
vertex 2.732908e-01 6.518874e-01 7.316560e-03
vertex 2.420997e-01 6.454496e-01 -1.371313e-03
vertex 2.345393e-01 6.339476e-01 7.693314e-03
endloop
endfacet
facet normal 0 0 0
outer loop
vertex -1.589392e-01 5.417086e-01 -5.640459e-02
vertex -1.782963e-01 5.288610e-01 -7.151101e-02
vertex -1.745010e-01 5.673000e-01 -6.936400e-02
endloop
endfacet
facet normal 0 0 0
outer loop
vertex -7.853685e-02 7.869261e-02 -4.555128e-02
vertex -8.220321e-02 1.028133e-01 -4.298299e-02
vertex -1.070490e-01 1.058927e-01 -4.648372e-02
endloop
endfacet
facet normal 0 0 0
outer loop
vertex -2.395763e-02 5.654411e-01 5.114844e-02
vertex -5.693167e-02 5.872658e-01 5.344422e-02
vertex -4.722311e-02 5.413227e-01 5.330780e-02
endloop
endfacet
facet normal 0 0 0
outer loop
vertex 2.183063e-01 6.078415e-01 1.431994e-02
vertex 1.843232e-01 5.915881e-01 2.285190e-02
vertex 2.122708e-01 5.483353e-01 2.026003e-02
endloop
endfacet
facet normal 0 0 0
outer loop
vertex -1.089911e-01 2.703126e-01 -1.162302e-02
vertex -1.417451e-01 2.706629e-01 4.464361e-03
vertex -1.509279e-01 2.794666e-01 -1.627415e-02
endloop
endfacet
facet normal 0 0 0
outer loop
vertex -1.261331e-01 1.862135e-01 4.781479e-02
vertex -1.451824e-01 1.534455e-01 5.286189e-02
vertex -1.109652e-01 1.561209e-01 5.177436e-02
endloop
endfacet
facet normal 0 0 0
outer loop
vertex -3.600020e-01 4.265090e-01 -2.375900e-02
vertex -3.261479e-01 4.063557e-01 -2.633164e-02
vertex -3.548451e-01 3.987701e-01 -2.014797e-02
endloop
endfacet
facet normal 0 0 0
outer loop
vertex 1.232649e-01 3.879087e-01 1.552849e-02
vertex 9.148987e-02 3.924946e-01 2.313662e-02
vertex 1.089417e-01 3.589979e-01 1.250154e-02
endloop
endfacet
facet normal 0 0 0
outer loop
vertex 1.291440e-01 1.114142e+00 -3.951000e-03
vertex 1.215605e-01 1.127295e+00 1.012102e-03
vertex 1.475316e-01 1.135049e+00 6.737436e-04
endloop
endfacet
facet normal 0 0 0
outer loop
vertex -8.058875e-02 5.441231e-01 5.545960e-02
vertex -1.179218e-01 5.530115e-01 5.687714e-02
vertex -7.571306e-02 5.638114e-01 7.402533e-02
endloop
endfacet
facet normal 0 0 0
outer loop
vertex -9.680931e-02 5.842159e-01 5.562696e-02
vertex -1.179218e-01 5.530115e-01 5.687714e-02
vertex -8.058875e-02 5.441231e-01 5.545960e-02
endloop
endfacet
facet normal 0 0 0
outer loop
vertex 1.854366e-01 7.600438e-02 4.701098e-03
vertex 1.424400e-01 1.042657e-01 5.187419e-03
vertex 1.498604e-01 6.539354e-02 6.616380e-03
endloop
endfacet
facet normal 0 0 0
outer loop
vertex -1.023127e-02 6.093988e-01 -4.779911e-02
vertex -3.083631e-02 5.940380e-01 -5.011320e-02
vertex -2.743264e-02 6.344353e-01 -4.823164e-02
endloop
endfacet
facet normal 0 0 0
outer loop
vertex 1.916670e-01 1.096963e+00 -2.049000e-03
vertex 1.700406e-01 1.077421e+00 4.297900e-03
vertex 1.765954e-01 1.070809e+00 -2.825045e-03
endloop
endfacet
facet normal 0 0 0
outer loop
vertex 1.475316e-01 1.135049e+00 6.737436e-04
vertex 1.367865e-01 1.115273e+00 4.968162e-03
vertex 1.727696e-01 1.133727e+00 5.678793e-03
endloop
endfacet
facet normal 0 0 0
outer loop
vertex 9.340914e-02 1.071709e+00 5.031503e-03
vertex 6.580593e-02 1.025777e+00 -3.978959e-03
vertex 1.326463e-01 1.052745e+00 4.541647e-03
endloop
endfacet
facet normal 0 0 0
outer loop
vertex 1.001407e-01 3.251227e-01 4.987158e-03
vertex 1.089417e-01 3.589979e-01 1.250154e-02
vertex 6.826302e-02 3.611913e-01 2.069314e-02
endloop
endfacet
facet normal 0 0 0
outer loop
vertex -2.204821e-02 2.108370e-01 -5.013662e-03
vertex 3.212598e-02 2.304602e-01 -4.414430e-03
vertex 1.414911e-02 1.813196e-01 -5.952146e-03
endloop
endfacet
facet normal 0 0 0
outer loop
vertex 5.598875e-02 1.905353e-01 -5.055223e-03
vertex 1.414911e-02 1.813196e-01 -5.952146e-03
vertex 3.212598e-02 2.304602e-01 -4.414430e-03
endloop
endfacet
facet normal 0 0 0
outer loop
vertex 3.287605e-01 4.433513e-01 5.296126e-03
vertex 3.524214e-01 4.089987e-01 -3.571659e-03
vertex 3.660200e-01 4.414675e-01 4.821969e-03
endloop
endfacet
facet normal 0 0 0
outer loop
vertex 3.208050e-01 6.657064e-01 5.164583e-03
vertex 3.157103e-01 7.042483e-01 5.783613e-03
vertex 2.945005e-01 6.780678e-01 6.550087e-03
endloop
endfacet
facet normal 0 0 0
outer loop
vertex 1.135157e-01 1.098042e-01 -4.120982e-03
vertex 8.495737e-02 1.321480e-01 -4.267243e-03
vertex 1.131147e-01 1.452588e-01 -3.997289e-03
endloop
endfacet
facet normal 0 0 0
outer loop
vertex 2.128184e-01 6.166431e-02 -2.865099e-03
vertex 2.285126e-01 4.100335e-02 4.343822e-03
vertex 2.261381e-01 3.019753e-02 -3.707408e-03
endloop
endfacet
facet normal 0 0 0
outer loop
vertex -1.086949e-01 4.675802e-01 5.509948e-02
vertex -1.352327e-01 4.940196e-01 5.689237e-02
vertex -8.948746e-02 5.003069e-01 7.163089e-02
endloop
endfacet
facet normal 0 0 0
outer loop
vertex -1.338743e-01 4.606720e-01 6.753230e-02
vertex -1.048369e-01 4.317095e-01 6.627436e-02
vertex -1.086949e-01 4.675802e-01 5.509948e-02
endloop
endfacet
facet normal 0 0 0
outer loop
vertex -1.215553e-01 4.273044e-01 5.167633e-02
vertex -1.086949e-01 4.675802e-01 5.509948e-02
vertex -1.502070e-01 4.522580e-01 5.503300e-02
endloop
endfacet
facet normal 0 0 0
outer loop
vertex 1.630740e-01 1.041975e+00 4.040221e-03
vertex 1.765954e-01 1.070809e+00 -2.825045e-03
vertex 1.700406e-01 1.077421e+00 4.297900e-03
endloop
endfacet
facet normal 0 0 0
outer loop
vertex 6.236711e-02 1.101759e+00 -3.408170e-03
vertex 9.492689e-02 1.099439e+00 -4.007085e-03
vertex 6.370464e-02 1.081477e+00 -4.069751e-03
endloop
endfacet
facet normal 0 0 0
outer loop
vertex -1.212507e-01 6.214701e-02 -5.825947e-02
vertex -1.237815e-01 5.061224e-02 -5.983460e-02
vertex -1.399879e-01 6.933863e-02 -6.097060e-02
endloop
endfacet
facet normal 0 0 0
outer loop
vertex 3.524214e-01 4.089987e-01 -3.571659e-03
vertex 3.293270e-01 3.807040e-01 -5.450000e-03
vertex 3.105377e-01 4.153689e-01 -4.294744e-03
endloop
endfacet
facet normal 0 0 0
outer loop
vertex 3.524214e-01 4.089987e-01 -3.571659e-03
vertex 3.568685e-01 3.657353e-01 5.040349e-03
vertex 3.656902e-01 3.754719e-01 -3.557695e-03
endloop
endfacet
facet normal 0 0 0
outer loop
vertex -7.532858e-02 5.114848e-01 -6.252436e-02
vertex -8.935584e-02 5.459362e-01 -5.480743e-02
vertex -4.845935e-02 5.413531e-01 -5.223988e-02
endloop
endfacet
facet normal 0 0 0
outer loop
vertex -5.525916e-02 5.356303e-01 -7.172790e-02
vertex -8.935584e-02 5.459362e-01 -5.480743e-02
vertex -7.532858e-02 5.114848e-01 -6.252436e-02
endloop
endfacet
facet normal 0 0 0
outer loop
vertex -8.112864e-02 5.768209e-01 -5.391129e-02
vertex -6.340154e-02 5.614887e-01 -5.310477e-02
vertex -8.935584e-02 5.459362e-01 -5.480743e-02
endloop
endfacet
facet normal 0 0 0
outer loop
vertex 7.749268e-02 2.708401e-01 5.046765e-03
vertex 3.414200e-02 2.760890e-01 5.348000e-03
vertex 5.345639e-02 2.483967e-01 5.257050e-03
endloop
endfacet
facet normal 0 0 0
outer loop
vertex 3.414200e-02 2.760890e-01 5.348000e-03
vertex 1.525445e-02 2.251061e-01 5.641173e-03
vertex 5.345639e-02 2.483967e-01 5.257050e-03
endloop
endfacet
facet normal 0 0 0
outer loop
vertex -7.853685e-02 7.869261e-02 -4.555128e-02
vertex -6.886330e-02 1.012289e-01 -4.814388e-02
vertex -8.220321e-02 1.028133e-01 -4.298299e-02
endloop
endfacet
facet normal 0 0 0
outer loop
vertex -1.650740e-01 1.223065e-01 5.333868e-02
vertex -1.604304e-01 9.968802e-02 6.059825e-02
vertex -1.407903e-01 8.557758e-02 5.442628e-02
endloop
endfacet
facet normal 0 0 0
outer loop
vertex -2.445810e-01 4.938830e-01 5.605200e-02
vertex -2.212250e-01 4.715150e-01 5.212612e-02
vertex -2.083640e-01 4.622270e-01 6.070700e-02
endloop
endfacet
facet normal 0 0 0
outer loop
vertex -3.083631e-02 5.940380e-01 -5.011320e-02
vertex -2.221430e-02 5.626349e-01 -4.987495e-02
vertex -4.944352e-02 5.799959e-01 -5.185824e-02
endloop
endfacet
facet normal 0 0 0
outer loop
vertex -8.792797e-02 3.412493e-02 -5.897386e-02
vertex -1.038581e-01 4.858984e-02 -5.217756e-02
vertex -1.106563e-01 3.915530e-02 -5.183327e-02
endloop
endfacet
facet normal 0 0 0
outer loop
vertex -1.553853e-01 2.416084e-01 -4.003072e-02
vertex -1.445520e-01 1.935280e-01 -4.998200e-02
vertex -1.800236e-01 2.290829e-01 -4.716437e-02
endloop
endfacet
facet normal 0 0 0
outer loop
vertex 9.492604e-02 1.010770e-01 -5.627682e-03
vertex 8.495737e-02 1.321480e-01 -4.267243e-03
vertex 1.135157e-01 1.098042e-01 -4.120982e-03
endloop
endfacet
facet normal 0 0 0
outer loop
vertex 4.002530e-02 1.013893e+00 -4.080301e-03
vertex 4.728987e-02 1.042840e+00 5.089985e-03
vertex 1.555693e-02 1.027214e+00 5.184484e-03
endloop
endfacet
facet normal 0 0 0
outer loop
vertex -1.327956e-01 1.825410e-01 3.866921e-02
vertex -1.470000e-01 1.688066e-01 4.170691e-02
vertex -1.471631e-01 2.058042e-01 3.621795e-02
endloop
endfacet
facet normal 0 0 0
outer loop
vertex -1.327956e-01 1.825410e-01 3.866921e-02
vertex -1.471631e-01 2.058042e-01 3.621795e-02
vertex -1.261331e-01 1.862135e-01 4.781479e-02
endloop
endfacet
facet normal 0 0 0
outer loop
vertex -2.176225e-01 1.633882e-01 5.171600e-02
vertex -2.355233e-01 2.002625e-01 4.526595e-02
vertex -2.179477e-01 1.650289e-01 4.274273e-02
endloop
endfacet
facet normal 0 0 0
outer loop
vertex 3.908170e-01 4.042782e-01 -3.000455e-03
vertex 3.524214e-01 4.089987e-01 -3.571659e-03
vertex 3.660200e-01 4.414675e-01 4.821969e-03
endloop
endfacet
facet normal 0 0 0
outer loop
vertex -1.086949e-01 4.675802e-01 5.509948e-02
vertex -1.352327e-01 4.940196e-01 5.689237e-02
vertex -1.338743e-01 4.606720e-01 6.753230e-02
endloop
endfacet
facet normal 0 0 0
outer loop
vertex -1.352327e-01 4.940196e-01 5.689237e-02
vertex -1.555500e-01 4.753890e-01 5.723100e-02
vertex -1.086949e-01 4.675802e-01 5.509948e-02
endloop
endfacet
facet normal 0 0 0
outer loop
vertex -1.513711e-01 5.439647e-01 7.380016e-02
vertex -1.179218e-01 5.530115e-01 5.687714e-02
vertex -1.494687e-01 5.272557e-01 5.738071e-02
endloop
endfacet
facet normal 0 0 0
outer loop
vertex -1.494687e-01 5.272557e-01 5.738071e-02
vertex -1.179218e-01 5.530115e-01 5.687714e-02
vertex -1.677513e-01 5.631473e-01 5.721721e-02
endloop
endfacet
facet normal 0 0 0
outer loop
vertex 1.520767e-01 3.182268e-01 4.483554e-03
vertex 1.224585e-01 2.675830e-01 -3.678244e-03
vertex 1.226752e-01 3.115124e-01 -3.799558e-03
endloop
endfacet
facet normal 0 0 0
outer loop
vertex 1.623983e-01 2.630396e-01 -3.340048e-03
vertex 1.224585e-01 2.675830e-01 -3.678244e-03
vertex 1.520767e-01 3.182268e-01 4.483554e-03
endloop
endfacet
facet normal 0 0 0
outer loop
vertex 1.765954e-01 1.070809e+00 -2.825045e-03
vertex 1.376332e-01 1.085481e+00 -3.793186e-03
vertex 1.639206e-01 1.104679e+00 -3.688197e-03
endloop
endfacet
facet normal 0 0 0
outer loop
vertex 1.376332e-01 1.085481e+00 -3.793186e-03
vertex 1.700406e-01 1.077421e+00 4.297900e-03
vertex 1.639206e-01 1.104679e+00 -3.688197e-03
endloop
endfacet
facet normal 0 0 0
outer loop
vertex 1.727696e-01 1.133727e+00 5.678793e-03
vertex 1.639206e-01 1.104679e+00 -3.688197e-03
vertex 1.918393e-01 1.130348e+00 -3.785611e-03
endloop
endfacet
facet normal 0 0 0
outer loop
vertex 9.346891e-02 2.963979e-01 -3.997419e-03
vertex 5.495825e-02 3.043136e-01 -9.478309e-03
vertex 8.716012e-02 3.340104e-01 -1.045104e-02
endloop
endfacet
facet normal 0 0 0
outer loop
vertex -3.591838e-01 7.356255e-01 1.438086e-02
vertex -3.305837e-01 7.333511e-01 2.423458e-02
vertex -3.349263e-01 7.669995e-01 1.500502e-02
endloop
endfacet
facet normal 0 0 0
outer loop
vertex 2.728278e-01 4.325208e-01 -5.854020e-03
vertex 2.946994e-01 3.950333e-01 1.344000e-03
vertex 2.611636e-01 4.323887e-01 4.326846e-03
endloop
endfacet
facet normal 0 0 0
outer loop
vertex 2.946994e-01 3.950333e-01 1.344000e-03
vertex 2.998138e-01 4.333929e-01 5.839683e-03
vertex 2.611636e-01 4.323887e-01 4.326846e-03
endloop
endfacet
facet normal 0 0 0
outer loop
vertex -4.843607e-02 5.093744e-02 -4.966674e-02
vertex -1.388601e-02 3.186283e-02 -4.879080e-02
vertex -2.108965e-02 4.970788e-02 -4.274467e-02
endloop
endfacet
facet normal 0 0 0
outer loop
vertex -8.146451e-02 4.610007e-01 -5.208591e-02
vertex -9.479823e-02 4.862697e-01 -6.181577e-02
vertex -5.085513e-02 4.674228e-01 -5.073066e-02
endloop
endfacet
facet normal 0 0 0
outer loop
vertex -3.489000e-01 7.530448e-01 -1.171178e-02
vertex -3.261106e-01 7.813427e-01 -1.071445e-02
vertex -2.996935e-01 7.611744e-01 -2.710140e-02
endloop
endfacet
facet normal 0 0 0
outer loop
vertex -4.136489e-02 1.037482e+00 1.387913e-03
vertex -5.894015e-02 1.020517e+00 4.039308e-03
vertex -3.597800e-02 1.022533e+00 6.496000e-03
endloop
endfacet
facet normal 0 0 0
outer loop
vertex 3.608592e-02 1.979634e-01 6.123607e-03
vertex 1.802736e-02 1.757136e-01 6.937451e-03
vertex 5.250102e-02 1.745248e-01 5.478234e-03
endloop
endfacet
facet normal 0 0 0
outer loop
vertex 1.802736e-02 1.757136e-01 6.937451e-03
vertex 3.608592e-02 1.979634e-01 6.123607e-03
vertex 1.525445e-02 2.251061e-01 5.641173e-03
endloop
endfacet
facet normal 0 0 0
outer loop
vertex -1.701536e-01 2.059290e-01 3.764787e-02
vertex -1.470000e-01 1.688066e-01 4.170691e-02
vertex -1.726843e-01 1.911431e-01 5.015567e-02
endloop
endfacet
facet normal 0 0 0
outer loop
vertex 7.045046e-02 2.388650e-01 -4.102696e-03
vertex 7.749268e-02 2.708401e-01 5.046765e-03
vertex 5.345639e-02 2.483967e-01 5.257050e-03
endloop
endfacet
facet normal 0 0 0
outer loop
vertex -2.108965e-02 4.970788e-02 -4.274467e-02
vertex -3.426100e-02 6.631000e-02 -4.905000e-02
vertex -4.403267e-02 5.682344e-02 -4.369444e-02
endloop
endfacet
facet normal 0 0 0
outer loop
vertex -1.253608e-01 5.739268e-01 7.499705e-02
vertex -1.179218e-01 5.530115e-01 5.687714e-02
vertex -1.513711e-01 5.439647e-01 7.380016e-02
endloop
endfacet
facet normal 0 0 0
outer loop
vertex -1.513711e-01 5.439647e-01 7.380016e-02
vertex -1.677513e-01 5.631473e-01 5.721721e-02
vertex -1.253608e-01 5.739268e-01 7.499705e-02
endloop
endfacet
facet normal 0 0 0
outer loop
vertex -1.677513e-01 5.631473e-01 5.721721e-02
vertex -1.179218e-01 5.530115e-01 5.687714e-02
vertex -1.346251e-01 6.045486e-01 5.589284e-02
endloop
endfacet
facet normal 0 0 0
outer loop
vertex 1.620961e-01 8.605612e-01 3.468655e-03
vertex 1.541028e-01 8.223989e-01 4.048134e-03
vertex 1.642050e-01 8.404460e-01 -2.975000e-03
endloop
endfacet
facet normal 0 0 0
outer loop
vertex 3.273691e-01 7.039021e-01 -4.653699e-03
vertex 3.527652e-01 7.062269e-01 4.675890e-03
vertex 3.488573e-01 6.722025e-01 -3.543939e-03
endloop
endfacet
facet normal 0 0 0
outer loop
vertex -1.294907e-01 5.730699e-02 5.019386e-02
vertex -1.201264e-01 4.363179e-02 5.715432e-02
vertex -1.362889e-01 5.457748e-02 5.679473e-02
endloop
endfacet
facet normal 0 0 0
outer loop
vertex -2.145987e-01 2.298794e-01 -2.556089e-02
vertex -2.001157e-01 2.152963e-01 -3.547981e-02
vertex -2.020153e-01 2.388605e-01 -4.208021e-02
endloop
endfacet
facet normal 0 0 0
outer loop
vertex -1.847540e-01 2.319897e-01 -3.270467e-02
vertex -2.016236e-01 2.581840e-01 -2.779467e-02
vertex -2.020153e-01 2.388605e-01 -4.208021e-02
endloop
endfacet
facet normal 0 0 0
outer loop
vertex -2.016236e-01 2.581840e-01 -2.779467e-02
vertex -2.145987e-01 2.298794e-01 -2.556089e-02
vertex -2.020153e-01 2.388605e-01 -4.208021e-02
endloop
endfacet
facet normal 0 0 0
outer loop
vertex -2.020153e-01 2.388605e-01 -4.208021e-02
vertex -1.800236e-01 2.290829e-01 -4.716437e-02
vertex -1.853105e-01 2.111177e-01 -4.155494e-02
endloop
endfacet
facet normal 0 0 0
outer loop
vertex -2.016236e-01 2.581840e-01 -2.779467e-02
vertex -2.211119e-01 2.662962e-01 -1.849621e-02
vertex -2.145987e-01 2.298794e-01 -2.556089e-02
endloop
endfacet
facet normal 0 0 0
outer loop
vertex 1.381421e-01 2.076095e-01 4.430334e-03
vertex 9.082090e-02 1.916466e-01 5.082540e-03
vertex 1.197455e-01 2.318375e-01 4.596387e-03
endloop
endfacet
facet normal 0 0 0
outer loop
vertex 1.197455e-01 2.318375e-01 4.596387e-03
vertex 9.082090e-02 1.916466e-01 5.082540e-03
vertex 7.045046e-02 2.388650e-01 -4.102696e-03
endloop
endfacet
facet normal 0 0 0
outer loop
vertex 6.057800e-02 1.102333e+00 4.218000e-03
vertex 2.808393e-02 1.083400e+00 4.739745e-03
vertex 5.637501e-02 1.075089e+00 5.134555e-03
endloop
endfacet
facet normal 0 0 0
outer loop
vertex 2.945005e-01 6.780678e-01 6.550087e-03
vertex 2.731414e-01 6.711450e-01 -2.680703e-03
vertex 2.732908e-01 6.518874e-01 7.316560e-03
endloop
endfacet
facet normal 0 0 0
outer loop
vertex -1.417451e-01 2.706629e-01 4.464361e-03
vertex -1.490578e-01 2.814462e-01 2.280508e-02
vertex -1.771955e-01 2.884091e-01 2.972420e-02
endloop
endfacet
facet normal 0 0 0
outer loop
vertex -1.388291e-01 3.721214e-01 -4.081567e-02
vertex -1.728260e-01 3.851430e-01 -4.220800e-02
vertex -1.490342e-01 4.047639e-01 -4.812358e-02
endloop
endfacet
facet normal 0 0 0
outer loop
vertex -1.038581e-01 4.858984e-02 -5.217756e-02
vertex -1.339188e-01 5.500185e-02 -5.109519e-02
vertex -1.106563e-01 3.915530e-02 -5.183327e-02
endloop
endfacet
facet normal 0 0 0
outer loop
vertex -1.677513e-01 5.631473e-01 5.721721e-02
vertex -1.796964e-01 5.193115e-01 7.138479e-02
vertex -1.494687e-01 5.272557e-01 5.738071e-02
endloop
endfacet
facet normal 0 0 0
outer loop
vertex -1.513711e-01 5.439647e-01 7.380016e-02
vertex -1.494687e-01 5.272557e-01 5.738071e-02
vertex -1.796964e-01 5.193115e-01 7.138479e-02
endloop
endfacet
facet normal 0 0 0
outer loop
vertex -4.843607e-02 5.093744e-02 -4.966674e-02
vertex -2.108965e-02 4.970788e-02 -4.274467e-02
vertex -4.403267e-02 5.682344e-02 -4.369444e-02
endloop
endfacet
facet normal 0 0 0
outer loop
vertex -4.489413e-02 5.059931e-01 5.270954e-02
vertex -4.722311e-02 5.413227e-01 5.330780e-02
vertex -7.021578e-02 5.092165e-01 5.465233e-02
endloop
endfacet
facet normal 0 0 0
outer loop
vertex -4.722311e-02 5.413227e-01 5.330780e-02
vertex -4.489413e-02 5.059931e-01 5.270954e-02
vertex -1.369911e-02 5.220925e-01 5.012549e-02
endloop
endfacet
facet normal 0 0 0
outer loop
vertex -2.240600e-02 8.958630e-01 -4.004000e-03
vertex -5.315213e-02 9.100364e-01 5.590246e-04
vertex -3.634500e-02 9.264674e-01 5.082763e-03
endloop
endfacet
facet normal 0 0 0
outer loop
vertex -1.796120e-01 1.403720e-01 4.427300e-02
vertex -1.650740e-01 1.223065e-01 5.333868e-02
vertex -1.631325e-01 9.698647e-02 4.763560e-02
endloop
endfacet
facet normal 0 0 0
outer loop
vertex 3.293270e-01 3.807040e-01 -5.450000e-03
vertex 3.524214e-01 4.089987e-01 -3.571659e-03
vertex 3.656902e-01 3.754719e-01 -3.557695e-03
endloop
endfacet
facet normal 0 0 0
outer loop
vertex -7.424220e-02 5.675209e-01 -7.303118e-02
vertex -6.910036e-02 5.912860e-01 -7.352885e-02
vertex -9.948879e-02 5.719650e-01 -7.347775e-02
endloop
endfacet
facet normal 0 0 0
outer loop
vertex 9.346891e-02 2.963979e-01 -3.997419e-03
vertex 7.749268e-02 2.708401e-01 5.046765e-03
vertex 5.495825e-02 3.043136e-01 -9.478309e-03
endloop
endfacet
facet normal 0 0 0
outer loop
vertex 1.068419e-01 7.797526e-01 -8.358160e-03
vertex 8.913681e-02 8.004361e-01 -8.260074e-03
vertex 1.269460e-01 8.150588e-01 -3.219606e-03
endloop
endfacet
facet normal 0 0 0
outer loop
vertex 1.001407e-01 3.251227e-01 4.987158e-03
vertex 1.237407e-01 3.386718e-01 4.786047e-03
vertex 1.089417e-01 3.589979e-01 1.250154e-02
endloop
endfacet
facet normal 0 0 0
outer loop
vertex 1.237407e-01 3.386718e-01 4.786047e-03
vertex 1.226752e-01 3.115124e-01 -3.799558e-03
vertex 1.520767e-01 3.182268e-01 4.483554e-03
endloop
endfacet
facet normal 0 0 0
outer loop
vertex 1.555693e-02 1.027214e+00 5.184484e-03
vertex 4.002530e-02 1.013893e+00 -4.080301e-03
vertex -1.138270e-02 1.008613e+00 -4.130621e-03
endloop
endfacet
facet normal 0 0 0
outer loop
vertex 2.424490e-02 1.041418e+00 -4.160751e-03
vertex 4.002530e-02 1.013893e+00 -4.080301e-03
vertex 1.555693e-02 1.027214e+00 5.184484e-03
endloop
endfacet
facet normal 0 0 0
outer loop
vertex 4.263361e-01 3.102729e-01 -4.780211e-03
vertex 3.860316e-01 3.347235e-01 -4.997655e-03
vertex 4.309793e-01 3.365071e-01 4.189076e-03
endloop
endfacet
facet normal 0 0 0
outer loop
vertex 1.315737e-01 6.154952e-02 -1.746874e-03
vertex 1.184536e-01 8.415040e-02 6.897368e-03
vertex 9.443481e-02 8.426600e-02 2.457132e-03
endloop
endfacet
facet normal 0 0 0
outer loop
vertex 3.208050e-01 6.657064e-01 5.164583e-03
vertex 3.488573e-01 6.722025e-01 -3.543939e-03
vertex 3.157103e-01 7.042483e-01 5.783613e-03
endloop
endfacet
facet normal 0 0 0
outer loop
vertex 3.488573e-01 6.722025e-01 -3.543939e-03
vertex 3.527652e-01 7.062269e-01 4.675890e-03
vertex 3.157103e-01 7.042483e-01 5.783613e-03
endloop
endfacet
facet normal 0 0 0
outer loop
vertex 2.017207e-02 1.067535e+00 -5.240846e-03
vertex 2.808393e-02 1.083400e+00 4.739745e-03
vertex 3.957177e-02 1.089430e+00 -3.513556e-03
endloop
endfacet
facet normal 0 0 0
outer loop
vertex 3.957177e-02 1.089430e+00 -3.513556e-03
vertex 6.370464e-02 1.081477e+00 -4.069751e-03
vertex 2.017207e-02 1.067535e+00 -5.240846e-03
endloop
endfacet
facet normal 0 0 0
outer loop
vertex 1.642050e-01 8.404460e-01 -2.975000e-03
vertex 1.541028e-01 8.223989e-01 4.048134e-03
vertex 1.269460e-01 8.150588e-01 -3.219606e-03
endloop
endfacet
facet normal 0 0 0
outer loop
vertex -1.816827e-01 2.540717e-01 -2.768028e-02
vertex -1.666432e-01 2.736155e-01 -2.788430e-02
vertex -1.796120e-01 2.847810e-01 -1.819700e-02
endloop
endfacet
facet normal 0 0 0
outer loop
vertex -6.886330e-02 1.012289e-01 -4.814388e-02
vertex -5.572110e-02 7.550201e-02 -4.337928e-02
vertex -5.653388e-02 8.556899e-02 -5.239123e-02
endloop
endfacet
facet normal 0 0 0
outer loop
vertex 1.291440e-01 1.114142e+00 -3.951000e-03
vertex 9.558950e-02 1.119540e+00 1.350460e-03
vertex 1.215605e-01 1.127295e+00 1.012102e-03
endloop
endfacet
facet normal 0 0 0
outer loop
vertex 3.074892e-01 4.922478e-01 -5.623010e-03
vertex 3.289752e-01 4.446699e-01 -3.931185e-03
vertex 2.959659e-01 4.574762e-01 -4.848549e-03
endloop
endfacet
facet normal 0 0 0
outer loop
vertex 3.715458e-01 5.361401e-01 4.470518e-03
vertex 3.722047e-01 4.905164e-01 4.483405e-03
vertex 3.400500e-01 5.079949e-01 -3.621109e-03
endloop
endfacet
facet normal 0 0 0
outer loop
vertex 6.401637e-02 1.151520e-01 6.535040e-03
vertex 9.443481e-02 8.426600e-02 2.457132e-03
vertex 9.858341e-02 1.203059e-01 5.448033e-03
endloop
endfacet
facet normal 0 0 0
outer loop
vertex 9.443481e-02 8.426600e-02 2.457132e-03
vertex 6.401637e-02 1.151520e-01 6.535040e-03
vertex 6.266944e-02 1.106879e-01 -3.878272e-03
endloop
endfacet
facet normal 0 0 0
outer loop
vertex -2.520978e-01 2.650159e-01 1.997020e-02
vertex -2.663034e-01 2.848949e-01 2.149651e-02
vertex -2.409256e-01 2.814228e-01 1.331400e-02
endloop
endfacet
facet normal 0 0 0
outer loop
vertex -2.520978e-01 2.650159e-01 1.997020e-02
vertex -2.541144e-01 2.476996e-01 3.415662e-02
vertex -2.663034e-01 2.848949e-01 2.149651e-02
endloop
endfacet
facet normal 0 0 0
outer loop
vertex -1.629644e-01 2.350826e-01 3.182853e-02
vertex -1.629349e-01 2.594870e-01 2.889915e-02
vertex -1.474096e-01 2.295538e-01 4.135562e-02
endloop
endfacet
facet normal 0 0 0
outer loop
vertex 5.209961e-02 1.052394e+00 -4.083626e-03
vertex 5.637501e-02 1.075089e+00 5.134555e-03
vertex 4.728987e-02 1.042840e+00 5.089985e-03
endloop
endfacet
facet normal 0 0 0
outer loop
vertex 1.237407e-01 3.386718e-01 4.786047e-03
vertex 1.001407e-01 3.251227e-01 4.987158e-03
vertex 1.226752e-01 3.115124e-01 -3.799558e-03
endloop
endfacet
facet normal 0 0 0
outer loop
vertex 1.269460e-01 8.150588e-01 -3.219606e-03
vertex 9.124017e-02 8.369281e-01 -3.572514e-03
vertex 9.917300e-02 8.048200e-01 4.412000e-03
endloop
endfacet
facet normal 0 0 0
outer loop
vertex -2.083640e-01 4.622270e-01 6.070700e-02
vertex -1.941314e-01 4.931827e-01 6.698139e-02
vertex -2.168261e-01 5.065923e-01 6.668814e-02
endloop
endfacet
facet normal 0 0 0
outer loop
vertex -2.728901e-01 8.353786e-01 1.047735e-02
vertex -2.464753e-01 8.365601e-01 1.326638e-02
vertex -2.412421e-01 8.716205e-01 3.111728e-03
endloop
endfacet
facet normal 0 0 0
outer loop
vertex -2.606981e-01 8.045689e-01 2.422570e-02
vertex -2.464753e-01 8.365601e-01 1.326638e-02
vertex -2.728901e-01 8.353786e-01 1.047735e-02
endloop
endfacet
facet normal 0 0 0
outer loop
vertex -8.935584e-02 5.459362e-01 -5.480743e-02
vertex -7.424220e-02 5.675209e-01 -7.303118e-02
vertex -9.948879e-02 5.719650e-01 -7.347775e-02
endloop
endfacet
facet normal 0 0 0
outer loop
vertex 2.094862e-01 6.339132e-01 -6.062238e-03
vertex 2.420997e-01 6.454496e-01 -1.371313e-03
vertex 2.400869e-01 6.186264e-01 -1.082835e-02
endloop
endfacet
facet normal 0 0 0
outer loop
vertex -2.663034e-01 2.848949e-01 2.149651e-02
vertex -2.535008e-01 2.958462e-01 3.282173e-02
vertex -2.699929e-01 3.189854e-01 2.466038e-02
endloop
endfacet
facet normal 0 0 0
outer loop
vertex -2.699929e-01 3.189854e-01 2.466038e-02
vertex -2.535008e-01 2.958462e-01 3.282173e-02
vertex -2.286568e-01 2.987080e-01 3.192841e-02
endloop
endfacet
facet normal 0 0 0
outer loop
vertex -1.393880e-01 2.123990e-01 -3.760300e-02
vertex -1.417334e-01 1.845098e-01 -3.803294e-02
vertex -1.183360e-01 1.711841e-01 -4.174651e-02
endloop
endfacet
facet normal 0 0 0
outer loop
vertex 3.646236e-01 7.356421e-01 -4.707172e-03
vertex 3.738587e-01 7.240136e-01 4.496295e-03
vertex 3.527652e-01 7.062269e-01 4.675890e-03
endloop
endfacet
facet normal 0 0 0
outer loop
vertex -2.168261e-01 5.065923e-01 6.668814e-02
vertex -1.941314e-01 4.931827e-01 6.698139e-02
vertex -1.796964e-01 5.193115e-01 7.138479e-02
endloop
endfacet
facet normal 0 0 0
outer loop
vertex -1.589392e-01 5.417086e-01 -5.640459e-02
vertex -1.843842e-01 5.549431e-01 -5.598269e-02
vertex -1.502770e-01 5.722658e-01 -5.608290e-02
endloop
endfacet
facet normal 0 0 0
outer loop
vertex 3.916135e-01 3.526356e-01 4.662047e-03
vertex 3.656902e-01 3.754719e-01 -3.557695e-03
vertex 3.568685e-01 3.657353e-01 5.040349e-03
endloop
endfacet
facet normal 0 0 0
outer loop
vertex 1.094340e-02 2.320505e-02 -4.143785e-02
vertex -1.388601e-02 3.186283e-02 -4.879080e-02
vertex 1.703847e-02 2.328561e-02 -5.017390e-02
endloop
endfacet
facet normal 0 0 0
outer loop
vertex 3.498982e-01 7.372156e-01 5.133454e-03
vertex 3.270964e-01 7.239056e-01 2.568241e-03
vertex 3.527652e-01 7.062269e-01 4.675890e-03
endloop
endfacet
facet normal 0 0 0
outer loop
vertex 3.646236e-01 7.356421e-01 -4.707172e-03
vertex 3.270964e-01 7.239056e-01 2.568241e-03
vertex 3.498982e-01 7.372156e-01 5.133454e-03
endloop
endfacet
facet normal 0 0 0
outer loop
vertex 9.858341e-02 1.203059e-01 5.448033e-03
vertex 9.443481e-02 8.426600e-02 2.457132e-03
vertex 1.184536e-01 8.415040e-02 6.897368e-03
endloop
endfacet
facet normal 0 0 0
outer loop
vertex -6.477469e-02 4.753979e-01 5.259937e-02
vertex -4.489413e-02 5.059931e-01 5.270954e-02
vertex -7.021578e-02 5.092165e-01 5.465233e-02
endloop
endfacet
facet normal 0 0 0
outer loop
vertex -6.391208e-02 5.319602e-01 7.283592e-02
vertex -8.058875e-02 5.441231e-01 5.545960e-02
vertex -7.571306e-02 5.638114e-01 7.402533e-02
endloop
endfacet
facet normal 0 0 0
outer loop
vertex 9.124017e-02 8.369281e-01 -3.572514e-03
vertex 4.771400e-02 8.540170e-01 4.765000e-03
vertex 6.206276e-02 8.118256e-01 1.268210e-02
endloop
endfacet
facet normal 0 0 0
outer loop
vertex -2.068538e-01 4.352689e-01 -4.927066e-02
vertex -2.050980e-01 4.725139e-01 -6.161614e-02
vertex -1.715192e-01 4.667480e-01 -6.458563e-02
endloop
endfacet
facet normal 0 0 0
outer loop
vertex -1.811003e-01 4.987592e-01 5.785927e-02
vertex -1.352327e-01 4.940196e-01 5.689237e-02
vertex -1.494687e-01 5.272557e-01 5.738071e-02
endloop
endfacet
facet normal 0 0 0
outer loop
vertex 9.082090e-02 1.916466e-01 5.082540e-03
vertex 5.544954e-02 2.162228e-01 5.308458e-03
vertex 7.045046e-02 2.388650e-01 -4.102696e-03
endloop
endfacet
facet normal 0 0 0
outer loop
vertex -1.497050e-01 6.098400e-01 -5.494864e-02
vertex -1.064732e-01 6.103725e-01 -5.402392e-02
vertex -1.178941e-01 5.783333e-01 -5.539446e-02
endloop
endfacet
facet normal 0 0 0
outer loop
vertex -1.853378e-01 5.245131e-01 -5.577372e-02
vertex -1.745010e-01 5.673000e-01 -6.936400e-02
vertex -2.020070e-01 5.449510e-01 -6.796500e-02
endloop
endfacet
facet normal 0 0 0
outer loop
vertex -1.064732e-01 6.103725e-01 -5.402392e-02
vertex -8.112864e-02 5.768209e-01 -5.391129e-02
vertex -1.178941e-01 5.783333e-01 -5.539446e-02
endloop
endfacet
facet normal 0 0 0
outer loop
vertex -1.992715e-01 2.653733e-01 2.680877e-02
vertex -1.999406e-01 2.340655e-01 4.121880e-02
vertex -2.212420e-01 2.580400e-01 4.037110e-02
endloop
endfacet
facet normal 0 0 0
outer loop
vertex -1.992715e-01 2.653733e-01 2.680877e-02
vertex -2.206251e-01 2.508469e-01 2.220180e-02
vertex -2.221250e-01 2.828750e-01 1.781700e-02
endloop
endfacet
facet normal 0 0 0
outer loop
vertex -2.085760e-01 2.862394e-01 -2.899811e-03
vertex -2.215291e-01 2.879453e-01 -1.779785e-02
vertex -2.118390e-01 2.936210e-01 -1.844800e-02
endloop
endfacet
facet normal 0 0 0
outer loop
vertex -2.215291e-01 2.879453e-01 -1.779785e-02
vertex -2.110288e-01 2.833864e-01 -2.132508e-02
vertex -2.118390e-01 2.936210e-01 -1.844800e-02
endloop
endfacet
facet normal 0 0 0
outer loop
vertex -7.252342e-02 4.296682e-01 4.958767e-02
vertex -1.086949e-01 4.675802e-01 5.509948e-02
vertex -1.215553e-01 4.273044e-01 5.167633e-02
endloop
endfacet
facet normal 0 0 0
outer loop
vertex 1.905054e-01 4.338488e-02 6.056481e-03
vertex 2.128184e-01 6.166431e-02 -2.865099e-03
vertex 2.150980e-01 6.007300e-02 4.298000e-03
endloop
endfacet
facet normal 0 0 0
outer loop
vertex -3.985910e-01 4.625355e-01 2.973478e-02
vertex -4.467752e-01 4.863001e-01 2.317346e-02
vertex -4.328366e-01 4.587370e-01 8.130000e-03
endloop
endfacet
facet normal 0 0 0
outer loop
vertex -1.502070e-01 4.522580e-01 5.503300e-02
vertex -1.086949e-01 4.675802e-01 5.509948e-02
vertex -1.555500e-01 4.753890e-01 5.723100e-02
endloop
endfacet
facet normal 0 0 0
outer loop
vertex -1.086949e-01 4.675802e-01 5.509948e-02
vertex -1.502070e-01 4.522580e-01 5.503300e-02
vertex -1.338743e-01 4.606720e-01 6.753230e-02
endloop
endfacet
facet normal 0 0 0
outer loop
vertex -1.555500e-01 4.753890e-01 5.723100e-02
vertex -1.352327e-01 4.940196e-01 5.689237e-02
vertex -1.811003e-01 4.987592e-01 5.785927e-02
endloop
endfacet
facet normal 0 0 0
outer loop
vertex -2.517600e-02 5.502140e-01 7.208400e-02
vertex -1.449000e-02 5.859760e-01 6.554100e-02
vertex -4.197767e-02 5.726539e-01 6.534968e-02
endloop
endfacet
facet normal 0 0 0
outer loop
vertex -5.094080e-02 6.392892e-01 5.088040e-02
vertex -5.693167e-02 5.872658e-01 5.344422e-02
vertex -2.412832e-02 6.066982e-01 5.023272e-02
endloop
endfacet
facet normal 0 0 0
outer loop
vertex 3.498982e-01 7.372156e-01 5.133454e-03
vertex 3.681424e-01 7.561241e-01 1.562350e-04
vertex 3.646236e-01 7.356421e-01 -4.707172e-03
endloop
endfacet
facet normal 0 0 0
outer loop
vertex -1.509279e-01 2.794666e-01 -1.627415e-02
vertex -1.796120e-01 2.847810e-01 -1.819700e-02
vertex -1.739570e-01 2.937890e-01 -2.516600e-02
endloop
endfacet
facet normal 0 0 0
outer loop
vertex -1.796120e-01 2.847810e-01 -1.819700e-02
vertex -1.666432e-01 2.736155e-01 -2.788430e-02
vertex -1.739570e-01 2.937890e-01 -2.516600e-02
endloop
endfacet
facet normal 0 0 0
outer loop
vertex -1.509279e-01 2.794666e-01 -1.627415e-02
vertex -1.417451e-01 2.706629e-01 4.464361e-03
vertex -1.852171e-01 2.792787e-01 8.072461e-04
endloop
endfacet
facet normal 0 0 0
outer loop
vertex -2.127194e-01 1.589633e-01 -4.077682e-02
vertex -2.337475e-01 1.942911e-01 -3.900803e-02
vertex -2.204423e-01 1.752958e-01 -5.129148e-02
endloop
endfacet
facet normal 0 0 0
outer loop
vertex -1.852670e-01 5.543090e-01 7.452100e-02
vertex -2.050966e-01 5.319221e-01 5.552398e-02
vertex -2.130670e-01 5.334750e-01 7.097200e-02
endloop
endfacet
facet normal 0 0 0
outer loop
vertex -2.369164e-01 2.372910e-01 2.449184e-02
vertex -2.206251e-01 2.508469e-01 2.220180e-02
vertex -2.061239e-01 2.068926e-01 3.214394e-02
endloop
endfacet
facet normal 0 0 0
outer loop
vertex -1.559860e-01 1.747360e-01 -4.121800e-02
vertex -1.698704e-01 1.886416e-01 -5.059485e-02
vertex -1.468715e-01 1.565533e-01 -5.229092e-02
endloop
endfacet
facet normal 0 0 0
outer loop
vertex -1.670168e-01 1.976152e-01 -3.805750e-02
vertex -1.698704e-01 1.886416e-01 -5.059485e-02
vertex -1.559860e-01 1.747360e-01 -4.121800e-02
endloop
endfacet
facet normal 0 0 0
outer loop
vertex -1.916780e-01 1.597838e-01 -5.479967e-02
vertex -1.891761e-01 1.798472e-01 -4.179434e-02
vertex -1.781209e-01 1.476158e-01 -4.495655e-02
endloop
endfacet
facet normal 0 0 0
outer loop
vertex -1.916780e-01 1.597838e-01 -5.479967e-02
vertex -2.001063e-01 1.818330e-01 -5.232022e-02
vertex -1.891761e-01 1.798472e-01 -4.179434e-02
endloop
endfacet
facet normal 0 0 0
outer loop
vertex -1.816827e-01 2.540717e-01 -2.768028e-02
vertex -1.603850e-01 2.382408e-01 -3.049733e-02
vertex -1.666432e-01 2.736155e-01 -2.788430e-02
endloop
endfacet
facet normal 0 0 0
outer loop
vertex -2.043544e-01 2.892199e-01 1.668492e-02
vertex -1.773461e-01 2.824781e-01 1.642077e-02
vertex -1.992715e-01 2.653733e-01 2.680877e-02
endloop
endfacet
facet normal 0 0 0
outer loop
vertex -1.773461e-01 2.824781e-01 1.642077e-02
vertex -2.043544e-01 2.892199e-01 1.668492e-02
vertex -1.852171e-01 2.792787e-01 8.072461e-04
endloop
endfacet
facet normal 0 0 0
outer loop
vertex -1.403841e-01 8.456136e-02 -5.542031e-02
vertex -1.565083e-01 1.073748e-01 -5.204603e-02
vertex -1.518031e-01 8.954170e-02 -4.707907e-02
endloop
endfacet
facet normal 0 0 0
outer loop
vertex -2.673439e-01 3.071668e-01 -1.006489e-02
vertex -2.467623e-01 2.694733e-01 -1.606282e-02
vertex -2.518774e-01 3.014507e-01 -8.510967e-03
endloop
endfacet
facet normal 0 0 0
outer loop
vertex -1.834068e-01 1.608365e-01 5.144734e-02
vertex -1.893864e-01 1.791150e-01 4.256314e-02
vertex -2.055560e-01 1.911797e-01 5.276883e-02
endloop
endfacet
facet normal 0 0 0
outer loop
vertex -1.694642e-01 2.233035e-01 4.775882e-02
vertex -1.999406e-01 2.340655e-01 4.121880e-02
vertex -1.726843e-01 1.911431e-01 5.015567e-02
endloop
endfacet
facet normal 0 0 0
outer loop
vertex -2.507995e-01 5.210178e-01 5.748736e-02
vertex -2.542408e-01 4.708998e-01 4.279050e-02
vertex -2.445810e-01 4.938830e-01 5.605200e-02
endloop
endfacet
facet normal 0 0 0
outer loop
vertex -2.215291e-01 2.879453e-01 -1.779785e-02
vertex -2.518774e-01 3.014507e-01 -8.510967e-03
vertex -2.467623e-01 2.694733e-01 -1.606282e-02
endloop
endfacet
facet normal 0 0 0
outer loop
vertex -2.215291e-01 2.879453e-01 -1.779785e-02
vertex -2.270637e-01 2.940119e-01 7.380891e-03
vertex -2.518774e-01 3.014507e-01 -8.510967e-03
endloop
endfacet
facet normal 0 0 0
outer loop
vertex -1.213022e-01 4.100894e-01 -4.851875e-02
vertex -1.490342e-01 4.047639e-01 -4.812358e-02
vertex -1.474619e-01 4.321630e-01 -5.491160e-02
endloop
endfacet
facet normal 0 0 0
outer loop
vertex -9.479823e-02 4.862697e-01 -6.181577e-02
vertex -1.230722e-01 5.064796e-01 -5.591192e-02
vertex -1.311913e-01 4.652005e-01 -6.710806e-02
endloop
endfacet
facet normal 0 0 0
outer loop
vertex -1.311913e-01 4.652005e-01 -6.710806e-02
vertex -1.120739e-01 4.545786e-01 -5.344116e-02
vertex -9.479823e-02 4.862697e-01 -6.181577e-02
endloop
endfacet
facet normal 0 0 0
outer loop
vertex -1.120739e-01 4.545786e-01 -5.344116e-02
vertex -1.230722e-01 5.064796e-01 -5.591192e-02
vertex -9.479823e-02 4.862697e-01 -6.181577e-02
endloop
endfacet
facet normal 0 0 0
outer loop
vertex -1.185480e-01 4.262530e-01 -6.076400e-02
vertex -1.311913e-01 4.652005e-01 -6.710806e-02
vertex -1.120739e-01 4.545786e-01 -5.344116e-02
endloop
endfacet
facet normal 0 0 0
outer loop
vertex 1.993039e-01 6.378952e-01 8.084436e-03
vertex 2.345393e-01 6.339476e-01 7.693314e-03
vertex 2.094862e-01 6.339132e-01 -6.062238e-03
endloop
endfacet
facet normal 0 0 0
outer loop
vertex 2.094862e-01 6.339132e-01 -6.062238e-03
vertex 1.887878e-01 6.499713e-01 -2.884837e-06
vertex 1.993039e-01 6.378952e-01 8.084436e-03
endloop
endfacet
facet normal 0 0 0
outer loop
vertex -2.204423e-01 1.752958e-01 -5.129148e-02
vertex -2.065570e-01 2.058890e-01 -4.861241e-02
vertex -2.001063e-01 1.818330e-01 -5.232022e-02
endloop
endfacet
facet normal 0 0 0
outer loop
vertex -1.417451e-01 2.706629e-01 4.464361e-03
vertex -1.771955e-01 2.884091e-01 2.972420e-02
vertex -1.773461e-01 2.824781e-01 1.642077e-02
endloop
endfacet
facet normal 0 0 0
outer loop
vertex -1.773461e-01 2.824781e-01 1.642077e-02
vertex -1.771955e-01 2.884091e-01 2.972420e-02
vertex -1.629349e-01 2.594870e-01 2.889915e-02
endloop
endfacet
facet normal 0 0 0
outer loop
vertex -6.886330e-02 1.012289e-01 -4.814388e-02
vertex -8.602139e-02 1.238640e-01 -4.811492e-02
vertex -8.220321e-02 1.028133e-01 -4.298299e-02
endloop
endfacet
facet normal 0 0 0
outer loop
vertex -2.179477e-01 1.650289e-01 4.274273e-02
vertex -2.247526e-01 1.984435e-01 3.318179e-02
vertex -2.061239e-01 2.068926e-01 3.214394e-02
endloop
endfacet
facet normal 0 0 0
outer loop
vertex 1.639206e-01 1.104679e+00 -3.688197e-03
vertex 1.700406e-01 1.077421e+00 4.297900e-03
vertex 1.916670e-01 1.096963e+00 -2.049000e-03
endloop
endfacet
facet normal 0 0 0
outer loop
vertex -2.445810e-01 4.938830e-01 5.605200e-02
vertex -2.542408e-01 4.708998e-01 4.279050e-02
vertex -2.212250e-01 4.715150e-01 5.212612e-02
endloop
endfacet
facet normal 0 0 0
outer loop
vertex -2.212250e-01 4.715150e-01 5.212612e-02
vertex -2.542408e-01 4.708998e-01 4.279050e-02
vertex -2.393005e-01 4.424816e-01 4.713310e-02
endloop
endfacet
facet normal 0 0 0
outer loop
vertex -1.852171e-01 2.792787e-01 8.072461e-04
vertex -2.043544e-01 2.892199e-01 1.668492e-02
vertex -2.085760e-01 2.862394e-01 -2.899811e-03
endloop
endfacet
facet normal 0 0 0
outer loop
vertex -1.796964e-01 5.193115e-01 7.138479e-02
vertex -2.050966e-01 5.319221e-01 5.552398e-02
vertex -1.852670e-01 5.543090e-01 7.452100e-02
endloop
endfacet
facet normal 0 0 0
outer loop
vertex -2.152671e-01 5.757654e-01 5.837225e-02
vertex -2.050966e-01 5.319221e-01 5.552398e-02
vertex -1.677513e-01 5.631473e-01 5.721721e-02
endloop
endfacet
facet normal 0 0 0
outer loop
vertex -3.452061e-01 4.265916e-01 3.007493e-02
vertex -3.867407e-01 4.148310e-01 1.484041e-02
vertex -3.627352e-01 3.923866e-01 1.329212e-02
endloop
endfacet
facet normal 0 0 0
outer loop
vertex -8.792797e-02 3.412493e-02 -5.897386e-02
vertex -1.237815e-01 5.061224e-02 -5.983460e-02
vertex -1.038581e-01 4.858984e-02 -5.217756e-02
endloop
endfacet
facet normal 0 0 0
outer loop
vertex -5.693167e-02 5.872658e-01 5.344422e-02
vertex -2.395763e-02 5.654411e-01 5.114844e-02
vertex -2.412832e-02 6.066982e-01 5.023272e-02
endloop
endfacet
facet normal 0 0 0
outer loop
vertex -5.094080e-02 6.392892e-01 5.088040e-02
vertex 9.360754e-03 6.387737e-01 4.556129e-02
vertex -2.663605e-02 7.118564e-01 4.273285e-02
endloop
endfacet
facet normal 0 0 0
outer loop
vertex -1.213022e-01 4.100894e-01 -4.851875e-02
vertex -1.474619e-01 4.321630e-01 -5.491160e-02
vertex -1.325917e-01 4.411771e-01 -5.278494e-02
endloop
endfacet
facet normal 0 0 0
outer loop
vertex -1.474619e-01 4.321630e-01 -5.491160e-02
vertex -1.373190e-01 4.259300e-01 -5.918200e-02
vertex -1.325917e-01 4.411771e-01 -5.278494e-02
endloop
endfacet
facet normal 0 0 0
outer loop
vertex -1.325917e-01 4.411771e-01 -5.278494e-02
vertex -1.373190e-01 4.259300e-01 -5.918200e-02
vertex -1.185480e-01 4.262530e-01 -6.076400e-02
endloop
endfacet
facet normal 0 0 0
outer loop
vertex -1.120739e-01 4.545786e-01 -5.344116e-02
vertex -1.325917e-01 4.411771e-01 -5.278494e-02
vertex -1.185480e-01 4.262530e-01 -6.076400e-02
endloop
endfacet
facet normal 0 0 0
outer loop
vertex -1.325917e-01 4.411771e-01 -5.278494e-02
vertex -1.120739e-01 4.545786e-01 -5.344116e-02
vertex -1.213022e-01 4.100894e-01 -4.851875e-02
endloop
endfacet
facet normal 0 0 0
outer loop
vertex -4.717932e-01 5.929464e-01 -1.281553e-02
vertex -4.552080e-01 6.091937e-01 1.259111e-02
vertex -4.410997e-01 6.217481e-01 -1.517926e-02
endloop
endfacet
facet normal 0 0 0
outer loop
vertex -4.211622e-01 6.523290e-01 1.479081e-02
vertex -4.410997e-01 6.217481e-01 -1.517926e-02
vertex -4.552080e-01 6.091937e-01 1.259111e-02
endloop
endfacet
facet normal 0 0 0
outer loop
vertex -2.105852e-01 5.521474e-01 -5.363275e-02
vertex -1.843842e-01 5.549431e-01 -5.598269e-02
vertex -1.853378e-01 5.245131e-01 -5.577372e-02
endloop
endfacet
facet normal 0 0 0
outer loop
vertex -1.559860e-01 1.747360e-01 -4.121800e-02
vertex -1.417334e-01 1.845098e-01 -3.803294e-02
vertex -1.670168e-01 1.976152e-01 -3.805750e-02
endloop
endfacet
facet normal 0 0 0
outer loop
vertex -2.673439e-01 3.071668e-01 -1.006489e-02
vertex -2.663225e-01 2.859538e-01 -2.665466e-02
vertex -2.467623e-01 2.694733e-01 -1.606282e-02
endloop
endfacet
facet normal 0 0 0
outer loop
vertex -2.369164e-01 2.372910e-01 2.449184e-02
vertex -2.541144e-01 2.476996e-01 3.415662e-02
vertex -2.520978e-01 2.650159e-01 1.997020e-02
endloop
endfacet
facet normal 0 0 0
outer loop
vertex -2.270637e-01 2.940119e-01 7.380891e-03
vertex -2.521725e-01 3.030272e-01 8.583524e-03
vertex -2.518774e-01 3.014507e-01 -8.510967e-03
endloop
endfacet
facet normal 0 0 0
outer loop
vertex -2.521725e-01 3.030272e-01 8.583524e-03
vertex -2.270637e-01 2.940119e-01 7.380891e-03
vertex -2.409256e-01 2.814228e-01 1.331400e-02
endloop
endfacet
facet normal 0 0 0
outer loop
vertex 4.799674e-01 7.614974e-01 4.130207e-03
vertex 4.718300e-01 7.771110e-01 -2.899000e-03
vertex 4.783098e-01 7.909687e-01 -2.933950e-03
endloop
endfacet
facet normal 0 0 0
outer loop
vertex -1.213022e-01 4.100894e-01 -4.851875e-02
vertex -1.120739e-01 4.545786e-01 -5.344116e-02
vertex -7.244332e-02 4.240264e-01 -4.821925e-02
endloop
endfacet
facet normal 0 0 0
outer loop
vertex 1.326463e-01 1.052745e+00 4.541647e-03
vertex 1.630740e-01 1.041975e+00 4.040221e-03
vertex 1.490943e-01 1.061104e+00 -3.389220e-03
endloop
endfacet
facet normal 0 0 0
outer loop
vertex 1.630740e-01 1.041975e+00 4.040221e-03
vertex 1.700406e-01 1.077421e+00 4.297900e-03
vertex 1.490943e-01 1.061104e+00 -3.389220e-03
endloop
endfacet
facet normal 0 0 0
outer loop
vertex -1.690890e-01 4.418250e-01 5.391200e-02
vertex -1.502070e-01 4.522580e-01 5.503300e-02
vertex -1.656140e-01 4.349380e-01 6.191200e-02
endloop
endfacet
facet normal 0 0 0
outer loop
vertex -4.211622e-01 6.523290e-01 1.479081e-02
vertex -4.198920e-01 6.577210e-01 -1.042800e-02
vertex -4.410997e-01 6.217481e-01 -1.517926e-02
endloop
endfacet
facet normal 0 0 0
outer loop
vertex -1.848736e-01 4.634524e-01 6.398526e-02
vertex -2.008706e-01 4.397896e-01 5.119228e-02
vertex -1.656140e-01 4.349380e-01 6.191200e-02
endloop
endfacet
facet normal 0 0 0
outer loop
vertex -2.337475e-01 1.942911e-01 -3.900803e-02
vertex -2.027270e-01 1.761575e-01 -3.548696e-02
vertex -2.142895e-01 1.960891e-01 -3.134861e-02
endloop
endfacet
facet normal 0 0 0
outer loop
vertex -2.337475e-01 1.942911e-01 -3.900803e-02
vertex -2.145987e-01 2.298794e-01 -2.556089e-02
vertex -2.495156e-01 2.381167e-01 -2.893442e-02
endloop
endfacet
facet normal 0 0 0
outer loop
vertex -2.206251e-01 2.508469e-01 2.220180e-02
vertex -2.409256e-01 2.814228e-01 1.331400e-02
vertex -2.221250e-01 2.828750e-01 1.781700e-02
endloop
endfacet
facet normal 0 0 0
outer loop
vertex -1.017485e-01 3.791486e-01 4.238601e-02
vertex -3.806975e-02 3.797876e-01 3.869468e-02
vertex -7.252342e-02 4.296682e-01 4.958767e-02
endloop
endfacet
facet normal 0 0 0
outer loop
vertex -6.201461e-02 6.095702e-01 -5.186901e-02
vertex -7.540617e-02 6.537282e-01 -5.025167e-02
vertex -2.743264e-02 6.344353e-01 -4.823164e-02
endloop
endfacet
facet normal 0 0 0
outer loop
vertex -4.706590e-01 5.488371e-01 -2.273413e-02
vertex -4.899860e-01 5.401550e-01 -1.276300e-02
vertex -5.081370e-01 5.515548e-01 -1.483987e-02
endloop
endfacet
facet normal 0 0 0
outer loop
vertex -2.212250e-01 4.715150e-01 5.212612e-02
vertex -2.008706e-01 4.397896e-01 5.119228e-02
vertex -2.083640e-01 4.622270e-01 6.070700e-02
endloop
endfacet
facet normal 0 0 0
outer loop
vertex -2.008706e-01 4.397896e-01 5.119228e-02
vertex -2.212250e-01 4.715150e-01 5.212612e-02
vertex -2.393005e-01 4.424816e-01 4.713310e-02
endloop
endfacet
facet normal 0 0 0
outer loop
vertex -8.058875e-02 5.441231e-01 5.545960e-02
vertex -6.391208e-02 5.319602e-01 7.283592e-02
vertex -8.948746e-02 5.003069e-01 7.163089e-02
endloop
endfacet
facet normal 0 0 0
outer loop
vertex -2.085760e-01 2.862394e-01 -2.899811e-03
vertex -2.270637e-01 2.940119e-01 7.380891e-03
vertex -2.215291e-01 2.879453e-01 -1.779785e-02
endloop
endfacet
facet normal 0 0 0
outer loop
vertex -2.409256e-01 2.814228e-01 1.331400e-02
vertex -2.270637e-01 2.940119e-01 7.380891e-03
vertex -2.221250e-01 2.828750e-01 1.781700e-02
endloop
endfacet
facet normal 0 0 0
outer loop
vertex -7.540617e-02 6.537282e-01 -5.025167e-02
vertex -6.201461e-02 6.095702e-01 -5.186901e-02
vertex -1.064732e-01 6.103725e-01 -5.402392e-02
endloop
endfacet
facet normal 0 0 0
outer loop
vertex 7.743397e-04 3.851261e-02 -4.243179e-02
vertex 1.703847e-02 2.328561e-02 -5.017390e-02
vertex -1.766565e-03 3.723209e-02 -5.184320e-02
endloop
endfacet
endsolid /Users/dianne/Desktop/MIT/Graphics_final_project/fast_cody/outputs/converted/20251121_122631/model.msh__tracked_surface.stl
