v -0.598260150199076 0.480057140072779 -0.00630434364995398
v -0.595841567951181 0.456590654840318 0.00569407885938388
v -0.590185165016639 0.474224246728632 0.0220037519630633
v -0.589189 0.514657 0.015023
v -0.58515015374153 0.441291810486017 0.0129317132807454
v -0.587191868606454 0.445643212621919 -0.0167008420213223
v -0.586958212450408 0.518704680648573 -0.0166126496752155
v -0.582255419297176 0.479136946830799 -0.0274204223175408
v -0.568237488856557 0.447040913021277 0.0321038436222034
v -0.578456919712142 0.43362449749682 -0.0105602884944212
v -0.566063403019791 0.551214550463951 0.0142281754355363
v -0.555881503138389 0.513291405584466 0.0381204056684673
v -0.55363509625986 0.563193804207154 -0.0212802462959134
v -0.555523 0.560558 -0.010358
v -0.545373804904936 0.526924047751332 -0.0403492405628602
v -0.552907313577209 0.473233048872148 -0.0413322721846395
v -0.546120389061459 0.576296204018289 -0.00049194039702771
v -0.537071599505139 0.421998808733405 0.0372207359030087
v -0.555694613268649 0.440870367132038 -0.0351985788144792
v -0.539900106156993 0.396326510866083 -0.0134202361167207
v -0.538497866435615 0.47208635986573 0.0462823809222865
v -0.526149721727018 0.411751103789589 -0.0381060101447569
v -0.534479 0.58239 -0.011911
v -0.514788349956206 0.529982348431358 0.0510064695612372
v -0.490575299732228 0.394641651137169 -0.0445202864333426
v -0.50297187687621 0.373284277576387 -0.0163726248192138
v -0.499018361507028 0.58338325966633 -0.0446153607197213
v -0.49626334605434 0.541648657459942 -0.0549178951032079
v -0.487852486298369 0.434259498557318 0.0581982732962817
v -0.495117838808625 0.368950470650847 0.0165026346645629
v -0.484989512519988 0.622777715840981 0.0289471551631398
v -0.473532780885696 0.627411189138338 -0.0332282411619751
v -0.480841960248192 0.39276349462227 0.0466189530295805
v -0.502442999649973 0.583255821473398 0.0430250235385267
v -0.485804 0.534603 0.054796
v -0.483404316514733 0.493476957712316 0.0560543008642074
v -0.49183654569449 0.492865748644745 -0.0588402627214235
v -0.502755034584354 0.44443399732468 -0.0548685702539665
v -0.48040509404324 0.572844835032536 0.0540067467889472
v -0.470470770361759 0.539020204672976 -0.0690755722731701
v -0.465725676083553 0.532645289098542 0.0739322839696467
v -0.461580973061708 0.355794626770892 -0.0236783833497934
v -0.465187408913211 0.562427525971438 -0.0569108247765411
v -0.453189860962619 0.462025674695046 -0.0666278504574744
v -0.451604705163245 0.595175253437947 -0.0558543729927928
v -0.459519 0.567044 0.054879
v -0.440295159659913 0.394022093623613 -0.0585111963830676
v -0.459605605435111 0.509700038809429 -0.0776421973225646
v -0.454703066110509 0.498312235189048 0.0775914067356382
v -0.456044712503701 0.55713279536234 0.0755633144963066
v -0.452228822546853 0.551488234044725 -0.0821146455425981
v -0.463493153098199 0.650315544657316 -0.00400650308210697
v -0.445854639340926 0.545975695872439 0.0810417216071238
v -0.460543710633693 0.459812630146542 0.0655601329876149
v -0.445961706764231 0.657541349054566 0.0253118850093429
v -0.436254229994011 0.55898814771486 0.0694221165737197
v -0.44745272421135 0.338580378562334 0.00738459615461159
v -0.428989472287899 0.564642749978449 -0.0641133579485082
v -0.436538079311867 0.625576388988971 0.0496331902235228
v -0.422943818899814 0.459982056417821 0.0717013127869231
v -0.429480989512973 0.523227247996656 0.0821456052861085
v -0.429633956762747 0.529746116972337 -0.0811509644811673
v -0.405042854247449 0.343057611930121 0.0337390152824654
v -0.427658183209863 0.663893145240323 -0.0312547592755769
v -0.423666556567724 0.678360613206009 0.000241076240302654
v -0.420380459141801 0.39989168050775 0.0639843552398082
v -0.407533653110674 0.494717359336938 0.0716740593115417
v -0.403899047609566 0.549437312778867 -0.0686285127785739
v -0.387074753846254 0.694302735569175 0.0226637844440679
v -0.380043448470675 0.697518692197205 -0.0232557392581959
v -0.384590266834176 0.317832074093529 -0.0217087013984534
v -0.381730763698726 0.605966685022627 0.065721420680948
v -0.389289295057638 0.421944813026946 -0.0724250464951359
v -0.379119608559158 0.594434276298054 -0.068170432152282
v -0.374713178345039 0.316006894348473 0.0250163055634955
v -0.363931867426152 0.303415920656657 0.00949268648642023
v -0.365563726689729 0.36063416590527 -0.0507953678969859
v -0.364905 0.312285 0.014406
v -0.376815544955141 0.362108260351499 0.0499290169785108
v -0.356897633739128 0.656279125513027 -0.0559401286129913
v -0.344424176236061 0.304724789747318 -0.0210634549760592
v -0.366053742043605 0.412389863678347 0.0710553426398293
v -0.344053960877605 0.307475063498375 0.027507365864127
v -0.340872 0.373513 0.055533
v -0.337043 0.381386 -0.056789
v -0.331659514815009 0.294378216293546 0.0055454032623806
v -0.343293616969193 0.718017099957316 0.00619813442756456
v -0.329242080944019 0.331053282178026 0.0478357577810807
v -0.335105355682893 0.715525017919562 -0.0213199608985589
v -0.301133632799155 0.352458975325222 -0.0630941562444744
v -0.316900734848228 0.697660518913172 -0.0435404104948651
v -0.323906833909601 0.409294137350384 0.0697196487576687
v -0.333834737131646 0.526237515784785 -0.0784680610939224
v -0.304388748927017 0.623194950990483 0.0699554856039575
v -0.30980226378536 0.292786704777992 0.013162072723755
v -0.312672989965648 0.263487118815845 -0.0352965339229501
v -0.312504657853328 0.257359848975203 0.0295385671868508
v -0.311292166887899 0.295275585819764 -0.0198438611065246
v -0.307797715570892 0.22061705436302 -0.0526399369514609
v -0.346590810409624 0.457861377076102 -0.0788283872152928
v -0.305092835185377 0.289487806537247 0.0307949646957801
v -0.312403576158073 0.485303025799202 0.0809762253394517
v -0.303781866289087 0.253630259853035 -0.0465112016226207
v -0.297448347149007 0.269893011423674 -0.0235526133011001
v -0.304198828244121 0.300777994469368 -0.0345659893405598
v -0.304577007506108 0.223195035911823 0.0512897725318646
v -0.305920802071069 0.5914922811988 -0.0754749615480066
v -0.29991625 0.4359025 -0.077457
v -0.29963523109174 0.403271014629682 0.0779767028978382
v -0.299141087417464 0.19812926736193 -0.0443137664503433
v -0.297199863542579 0.45682422844428 0.0726970947271521
v -0.296586206403842 0.163738751207578 -0.0590223710488615
v -0.262418627966 0.537822575459674 -0.0818116553376841
v -0.293507915860295 0.187167796120874 -0.0649464231229787
v -0.292473766805516 0.172450775198126 0.0462955232809375
v -0.281985004474803 0.246078382871967 -0.0286100432567954
v -0.285205103815417 0.408683362714792 -0.0841305628000051
v -0.293868676102294 0.390703404281968 -0.0749639994743836
v -0.284859344401503 0.382537171642896 0.0736703147947931
v -0.278219137303902 0.285978056662998 -0.0132415973116856
v -0.283773 0.733969 -0.012028
v -0.28518174419851 0.13487186372649 0.0614825082941732
v -0.282517593865064 0.377650751970872 -0.0816753836438928
v -0.287249857150361 0.292118674313109 0.029705285665903
v -0.27894060803271 0.126743850239471 -0.0636707993092532
v -0.255898013605466 0.209691901219711 0.0537576294344725
v -0.274383090293205 0.283156888354298 0.0101752666413888
v -0.27558 0.219867 0.031653
v -0.251922448346321 0.443878885525438 -0.093912083894088
v -0.264386799974492 0.37712539324635 -0.0722780607417785
v -0.275715673233502 0.438787472037711 0.0863390844187873
v -0.275494322598146 0.335064004730896 0.0587222121543448
v -0.26600559410326 0.140226960799328 0.0540323182802361
v -0.256698856739394 0.355215082952907 -0.0855181007737572
v -0.267609792928994 0.115179335761557 -0.0810930406494483
v -0.258417448022356 0.474038551977644 0.0934227958943558
v -0.26110982492663 0.261793773327931 -0.0402826822998187
v -0.249508897112423 0.524497538534863 0.08224020776252
v -0.25160248780991 0.375446184488407 0.0722806753905957
v -0.261016876117878 0.366584151803614 0.0914847287947132
v -0.247659707872346 0.326435188610549 -0.0566661767329754
v -0.259557478089469 0.0968758380513376 0.0667315845901121
v -0.254195334959519 0.0976422719193323 0.0809747340033564
v -0.270043429984084 0.659756955679571 -0.0637636566573636
v -0.262687032745423 0.689463219187717 0.0541764824306984
v -0.256021481613648 0.287066962461233 0.0306176339187469
v -0.257715 0.363978 -0.093523
v -0.250512378837984 0.351905719140964 0.083726721424972
v -0.254018007850818 0.252674668700199 -0.0238811051260426
v -0.253978850870631 0.227371213339554 -0.0518156500899849
v -0.237690785779565 0.482780850472263 -0.0807178884771043
v -0.244055827987263 0.0791639039227781 -0.0744268785921118
v -0.253136688475998 0.483880704960527 -0.0937087709952741
v -0.226724630380029 0.419372069440178 -0.0778671273148899
v -0.237776953971232 0.347104111612723 -0.084225697679041
v -0.230366462956551 0.422162640021862 0.0785499056401116
v -0.237300713038385 0.737695428041476 -0.025075801128596
v -0.239103304241298 0.493487558008322 0.0893925118184795
v -0.236242979549293 0.138370140190531 0.0715524161746681
v -0.238876070289974 0.27883024634289 -0.0135170411674169
v -0.231125530789604 0.341586038301152 -0.0999114431697185
v -0.227815486767261 0.422337 0.100543398337133
v -0.239463760555676 0.0749218155511115 0.0703133218121252
v -0.235776418995214 0.275900331197744 -0.0324061097215248
v -0.230955593561828 0.257987394077919 -0.039861130631927
v -0.236115155677297 0.0742493000291422 -0.0892037543464622
v -0.227750894259677 0.0645577761505507 -0.0778361396460397
v -0.233266668747643 0.739625458037791 0.022327573625989
v -0.224577110407354 0.0649610363807373 0.085190217872544
v -0.219603 0.231777 0.026709
v -0.221389657951689 0.0657081962068599 0.0717196603051404
v -0.204452168145474 0.311474980021754 0.0493983503151812
v -0.222189188547664 0.498792219082745 0.102956298394129
v -0.218791071933284 0.340112738792679 0.087822898041298
v -0.216677 0.065695 -0.087922
v -0.217132132387623 0.0788666057149289 -0.0729862884231561
v -0.215036932659135 0.749557591647332 -0.0020424241903995
v -0.215329385256602 0.108655535755533 -0.0659223498888795
v -0.213878904032757 0.0709881396532892 0.0815781994979148
v -0.202466171308679 0.715515998925385 0.0461688736787901
v -0.213755229130564 0.271146960657939 0.0299183440493841
v -0.224570399622338 0.33595015958283 0.0989771859111795
v -0.213989929314402 0.275608606956193 0.0133633927551589
v -0.213956256482119 0.271396019095179 -0.0205010907455668
v -0.215332911896138 0.0817813630553794 -0.0877998452128194
v -0.2129766490536 0.109916058771421 -0.0828300568307289
v -0.211545193348538 0.330483369840009 -0.0959458955084304
v -0.19229136257478 0.185814666542921 0.041178748950585
v -0.218374835991553 0.226484810311723 -0.0322862300529335
v -0.222038997661018 0.0979628484728916 0.0798833042443374
v -0.210950725186824 0.103021014271385 0.0631781627456526
v -0.198907406286782 0.512650882419975 0.094749714872094
v -0.206330679542167 0.362471506588351 0.0692271531587254
v -0.198706333775175 0.766643332449651 -0.0101436361630574
v -0.201183041425242 0.753898204862788 0.00805083056644069
v -0.196222916844757 0.142891916844757 -0.0564649195510941
v -0.200450616300733 0.20072655698885 -0.0593145128913161
v -0.19798633698906 0.781421900953011 0.00513608841058513
v -0.199926905444215 0.366675370846418 0.108177057984712
v -0.199954345356501 0.556703912909328 -0.0807116052503391
v -0.197922703715227 0.262180500488032 -0.0369190062846312
v -0.193401 0.422789 0.107099
v -0.192190968144766 0.0842937602995051 -0.072968098828627
v -0.19327756891232 0.129949625285695 0.0562567355269658
v -0.192197535864422 0.361365072320453 -0.0942895937174368
v -0.189106586244516 0.249650295284935 -0.0263350112523302
v -0.183235279794572 0.80937990078495 -0.0076299928949841
v -0.186800889247218 0.664591751986784 0.0654510863463385
v -0.178097003668703 0.571664759995801 0.0794452028876418
v -0.204917209404523 0.702477343856989 -0.0524823248990959
v -0.187455652543272 0.327447407040366 -0.108044827634894
v -0.187587779741049 0.21153 0.0520344534993669
v -0.183509293365036 0.323105669602393 -0.0553758698041536
v -0.184762551364526 0.268807711682942 0.00494534402116381
v -0.185122799887844 0.466960619005814 0.110738568797427
v -0.1803 0.38466 -0.110417
v 0.406474891608095 0.52649829391658 -0.0351488436567272
v -0.179608460625022 0.326151142809606 0.102317107432152
v -0.179205618441912 0.0733611344701532 -0.0872263269620927
v -0.177583452058852 0.516807607215664 -0.0967264430333166
v -0.180390873067326 0.270594378386378 -0.0144596756487439
v -0.177284679560226 0.523698141717037 -0.111243941243969
v -0.162736587932488 0.395587438269612 0.117905824517832
v -0.168576450025446 0.779272533826061 0.0124236894195227
v -0.172513371698005 0.7486094629986 -0.0154441237367368
v -0.174699071179034 0.333200886660589 0.115840667767643
v -0.181040592328264 0.146053693746129 0.0699280185631855
v -0.171084265341895 0.239736629637958 -0.0474206054110137
v -0.179109 0.23969 0.026467
v -0.171574812144952 0.525383897328714 0.114044952982187
v -0.170177 0.459952 -0.111709
v -0.167284539872834 0.233808673667437 0.045193996362674
v -0.167217294693459 0.27992109914598 0.0215576432421631
v -0.171159769873547 0.826099286927194 0.00792864192345151
v -0.167640562879425 0.184301367040633 -0.0488311614139004
v -0.163449292717281 0.239650180265067 0.0340457152814707
v -0.128602395283133 0.703830051041325 0.0535519528075958
v -0.173756558938903 0.10908591705165 -0.0661431184783938
v -0.163106422419349 0.116989323544783 0.0622581912764019
v -0.166825755516368 0.236409735809266 -0.0325654839466658
v -0.169012229198517 0.070048407830502 0.0869557211593825
v -0.164069466436957 0.0681989970468574 -0.0752815044349037
v -0.159209705557737 0.322504794790223 0.0540613422648465
v -0.158801834522121 0.327087386150792 -0.108197399850384
v -0.153951818528664 0.327516443023113 0.115455189714423
v -0.154844898032833 0.291846111718241 -0.035826124509338
v -0.152598744645239 0.422416007629997 -0.0761151999165616
v -0.154347940597149 0.85400998551544 -0.00676199897649846
v -0.149544865207748 0.223145663019371 -0.0489692581251254
v -0.148845944326901 0.745931781905314 0.0267292427479464
v -0.150402256709767 0.222248218082359 0.0365475045912077
v -0.149449816733854 0.222503943381914 0.0449679999289345
v -0.151162801286911 0.205977401524293 -0.0419597211776092
v -0.148160592463043 0.188338012482459 -0.0628597070271018
v -0.148692348418185 0.144584899363294 0.0700851154625918
v -0.146254628681446 0.186666163042406 0.0580457481265727
v -0.145523348256242 0.170667692625309 -0.0506984626903026
v -0.125606348247969 0.644108268431554 -0.0684260733255386
v -0.144678980226565 0.153046949198134 -0.0725140653611558
v -0.143947724135514 0.137504731971025 0.0573486429067519
v -0.145761 0.0972808891978837 0.06516991503444
v -0.144857229164837 0.0513437346946995 0.0865413654671406
v -0.141058554581266 0.104221449159575 0.0765497811629262
v -0.146895392161316 0.0511592220372802 -0.0850877375521724
v -0.142414376644412 0.0827573418199081 -0.0883068953677325
v -0.143082693753053 0.134570902320437 -0.0619055302433535
v -0.147141160770605 0.270004920002805 0.00275913719800528
v -0.141032678972404 0.0886167226116648 -0.071865813343391
v -0.137467519693917 0.538799833956861 0.107136071053945
v -0.13802130166206 0.160760271022132 0.0497484763502508
v -0.136694262635237 0.0535925554860124 -0.0946645194915949
v -0.135396983596213 0.110674959506694 -0.0788765526119121
v 0.124865527815415 0.248585379844623 0.0195006196925207
v -0.136360280266677 0.116312956459527 0.069809
v -0.135339835766362 0.162902520496612 -0.0695861444317039
v -0.133613834546245 0.711021980459117 -0.050865846396146
v -0.132831500569459 0.334704819344571 -0.123545330708804
v -0.1326416665904 0.875779536782389 0.00492225597925268
v -0.135382545671288 0.073639420321332 0.0725149117804975
v -0.13194230484122 0.165549118128924 0.060076984742023
v -0.132109 0.16438 -0.057746
v -0.137289198647768 0.0521551982746946 0.074732389937036
v -0.137258349543625 0.0656212166582301 -0.0761419498326769
v -0.130813487812806 0.339428019288446 0.126463488332107
v -0.129293350860065 0.0504360093209629 -0.0808185063951847
v -0.132935151779971 0.0697178788336964 -0.0880619143709964
v -0.132520952403285 0.0646454249572907 0.0867303607526777
v -0.126671517347398 0.645395343521227 0.0684312690353922
v -0.132794153105896 0.336172498315112 0.1111116584638
v -0.127313604767367 0.0566148898958193 -0.0912816502202437
v -0.121090795387667 0.383488114701462 -0.12741291559232
v -0.125469481813087 0.053127 0.0835346117694079
v -0.117245483135667 0.548291938503645 0.120487497765392
v -0.122313975222451 0.276055502542834 -0.0154746577383214
v -0.111589097039669 0.546799957584882 -0.112050859017429
v -0.131427940564578 0.531942185170784 -0.0790618484218937
v -0.120214 0.53429 -0.122309
v -0.117093395479574 0.543947189053521 -0.124942199084577
v -0.11574687958198 0.506948490695989 0.124854302536855
v -0.121480539348497 0.80043159358563 -0.0236909882635088
v -0.120085175978394 0.274278069552912 0.0134716106538005
v -0.110455981978143 0.343680390631064 -0.117509926939936
v -0.103214909543205 0.898154626725503 0.00530814300870524
v -0.10058138753558 0.349654401443009 0.128224407337523
v -0.108256 0.746904 -0.024825
v -0.100503 0.761771 0.027186
v -0.103492322071034 0.371005741881207 0.131217582404763
v -0.0820907849541829 0.799386019395824 0.0277086104578684
v -0.0981798012922523 0.273719745234484 -0.000908828357739952
v -0.0964166330114136 0.353503642917817 -0.129266911198481
v -0.0957456582559087 0.359885603206893 0.118757202463362
v -0.0872735938399251 0.245703518295609 -0.00596887716092009
v -0.0872346215473053 0.908125097998713 -0.00732746154498445
v -0.0865981370832608 0.272947288231795 0.00827418960600635
v -0.0886259140812939 0.367169303453096 -0.119622695306235
v -0.106481241804306 0.430715937911042 -0.12889679673753
v -0.084440451078131 0.275261879671534 -0.00909442759760207
v -0.0777613882409135 0.377635147035745 0.130829949034011
v -0.0824420413752995 0.865413434923197 -0.015382450657822
v -0.082654 0.399635 0.133398
v -0.0783175891278484 0.379960832976066 -0.133402618395261
v -0.0811745232640707 0.721894131398796 -0.0434787451137074
v -0.0747536064983344 0.740185977837964 0.0283538744640009
v -0.0924653446927066 0.474477988999325 -0.129918018171413
v -0.0750121029843957 0.201985986560827 0.00608425059984384
v -0.0696567404982703 0.584226823603409 -0.0721314312666022
v -0.0753280389896797 0.553871712450403 -0.128937761047377
v -0.0735840719891687 0.551509497857098 0.11974590369095
v -0.0761162970139233 0.2131748900152 -0.0094362113484975
v -0.0729030833809142 0.552228373813622 0.13197099741843
v -0.071919 0.734378 -0.028293
v 0.477220720454251 0.438087103793626 0.0283842102963519
v -0.0820806903010561 0.464587453534646 -0.0745393231646454
v -0.0667025963719299 0.409928818246926 0.13608975109187
v -0.0494049823819088 0.881873776709284 -0.0208010171076737
v -0.0660847455819381 0.400124593533366 -0.127761373479947
v -0.0999157537876244 0.332109220727492 0.0543932688753227
v -0.0798891209093766 0.506834355650885 0.117361083047198
v -0.067705149529454 0.407751451658719 0.121964789433172
v -0.0698713386446045 0.866919756774884 0.0209321810790879
v -0.0619179106905564 0.663328718716195 -0.0605448407895901
v -0.0634221480616745 0.165351700202283 -0.00949758426205882
v -0.0617011446499841 0.201969506274944 -0.0101421584472712
v -0.0494892644587777 0.164760225156303 0.00848042897245518
v -0.0621925629092521 0.434494660346095 -0.121413500792308
v -0.056824 0.549885 0.12578
v -0.0750790706942165 0.497511306172793 0.132565585800525
v -0.0579893617789771 0.307885602619131 -0.0373786830204809
v -0.0479861081342488 0.394375467287533 0.0654474548615016
v -0.0857183997500681 0.825992395875815 -0.025330471724356
v -0.0622547312543335 0.546658731254333 -0.119607402203637
v -0.0576314649776103 0.511459290015754 -0.136177932530583
v -0.0558982663611489 0.456164467277702 0.121990609762491
v -0.0518796829340659 0.450354446414732 -0.130160926393559
v -0.0539144722378246 0.452819768742785 0.135333530132448
v -0.0538293229988035 0.706670620491764 0.046790968143464
v -0.0552573643465094 0.530840391674184 0.136248117024945
v -0.0515383811288077 0.933649925305631 0.00250846889647952
v -0.0524424683429295 0.571103510258641 0.0708869074123946
v -0.0509244370438639 0.542647967200924 -0.131304344811433
v -0.0505002833620634 0.740048440455733 -0.0270643048810059
v -0.050481 0.816557 -0.028878
v -0.049963157802113 0.123586073026715 0.00202549144089036
v -0.0500205585940031 0.500489062423178 0.133771965492366
v -0.0492479554549143 0.514476740016228 -0.123992533006781
v -0.0482556273343794 0.531855918576897 0.127335285491186
v -0.0484199941020885 0.390166567124929 -0.0650616499207048
v -0.0469498724816084 0.71074649095457 -0.0439844967572222
v -0.0448849156690955 0.927281790046792 -0.0096367920207898
v -0.0330282671032977 0.721688267103298 0.0267334577960272
v -0.0125877157830881 0.715259182452932 -0.0232340232259462
v -0.031426 0.291327 -0.017106
v 0.084984749287211 0.20806764336537 -0.0239991565107268
v -0.0273953671859833 0.106053500972763 -0.00960031422717924
v -0.0348151682925369 0.29327767218622 0.0203114392833651
v -0.0130334675402301 0.949932811879909 -0.00822026348070135
v -0.0227425064814058 0.100199595470307 0.0060935784199951
v -0.0489183460382911 0.235595429941231 0.012277439393414
v -0.0057497002513234 0.347875467151793 0.0470649508996521
v 0.0100937736014414 0.1277693491076 -0.0176316727627289
v 0.0102613929681353 0.116765593812991 0.0142755621277588
v -0.0103218428795339 0.683842869705534 0.0467901714317117
v -0.0199840413687995 0.846966120861046 -0.0286238508412422
v -0.0116177539031454 0.787203127052732 0.0312182220937727
v 0.00069402289984384 0.604154157947492 -0.061587707425867
v 0.00247297705091042 0.957484889626434 0.00620563367143815
v 0.00355758095383777 0.0819768456290778 0.00458415141469953
v -0.0124215443047503 0.231173551282646 -0.0189206272391267
v 0.0239779374022563 0.636356962382851 0.0516621127058499
v 0.0139127903404574 0.40827370406556 0.0598935668813012
v 0.00728453957339295 0.0823758616008468 -0.00913607213292633
v -0.020039564155155 0.541760473939844 -0.0690634448486966
v -0.0102419235400643 0.510472207411225 0.0680085905837166
v 0.0142924344780052 0.704543273071469 0.0224541220293774
v 0.015023 0.172823 0.018921
v 0.0186742323783277 0.423951191711449 -0.0615673676316604
v 0.0191695882861463 0.317107828150149 -0.0204797256135257
v 0.0259565181848527 0.963090232609624 -0.00810202452882334
v 0.0277192756203608 0.675797811371347 0.0384211856811573
v 0.0137274195655018 0.858626970700663 0.0269036189774974
v 0.022742357372322 0.318760229141497 0.017405
v 0.0417142693135268 0.689913783008117 -0.0176366455227215
v 0.0169672302913802 0.64399987951423 -0.0520154725919317
v 0.0146968504353214 0.746239844076748 -0.0279841758981379
v 0.0544664074918715 0.129815455889507 0.0199458062325253
v 0.0458343892443562 0.0949495080247292 -0.0180991345316695
v 0.0527781035185393 0.0743018542807276 0.0116857061945625
v 0.0474088475745853 0.757841078310833 0.0257501996611127
v 0.0419934934376798 0.34872506676024 0.0338548543134392
v 0.0495755619326414 0.681083651308148 0.0170100668519081
v 0.0662430121477515 0.598010686250297 0.0484768457912486
v 0.0447167837203031 0.0630479697044088 -0.00503390600846732
v 0.122490939048289 0.824433833993058 -0.0322864730226035
v 0.0698043909064729 0.907650237178944 0.0247362219093403
v 0.0571580592073896 0.227424854498655 0.0205407651669774
v 0.0584230386642992 0.663699219777786 -0.0308304527999957
v 0.0615874328512122 0.807814429108214 0.0320241596676456
v 0.0410790136197733 0.369868892519235 -0.0445372764714177
v 0.100570576442293 0.131723434143579 -0.0251753908517397
v 0.0515395435351883 0.966877349439277 0.0071808648463807
v 0.0677308808434628 0.967397131715145 -0.00867776269893121
v 0.069791 0.655993 0.01379
v 0.0717167756575305 0.0477860185344469 -0.0106441813392797
v 0.072191 0.347304 0.01512
v -0.180130901522494 0.501145664244244 -0.0793021877109507
v 0.083182 0.643862 -0.011523
v 0.0834434468706591 0.953448384711742 0.00780521280872576
v 0.0846687042241336 0.0244000984824808 -0.0028827887204891
v 0.067365370129854 0.558124792063183 -0.0544480362462887
v 0.0865792786603331 0.9712464502515 -0.00046
v 0.0886437476282957 0.349122091823982 -0.0168481841920476
v -0.122186267464132 0.439574969856946 0.125792956487478
v 0.10563523396762 0.96005906503671 0.00617900747977733
v 0.100890658424711 0.954955053036061 -0.00978738691069979
v 0.115781104489724 0.604255497848634 0.0297519163440207
v 0.103854316283754 0.0197284506737616 -0.00998852893831383
v 0.108931149821293 0.643542100134801 -0.00957592187425753
v 0.105408794302114 0.674228425386501 -0.0155006795435944
v 0.111223409889008 0.894124427197172 -0.0264049699641396
v 0.102257085467012 0.387876376988147 -0.0332759454212161
v 0.106930767089842 0.0170598432181882 0.00607591928393123
v 0.109846936643657 0.632327285630014 -0.0105380685027677
v 0.105794689392415 0.636385817339153 0.00934963653216936
v 0.10673 0.369933 -0.013768
v 0.107670050288091 0.368674818220213 0.0126183799274256
v 0.102180883012742 0.693109948218078 0.0176765183775133
v 0.108561179270775 0.290658328893636 -0.0200410463900212
v 0.115661041153735 0.908826459432969 0.018993820435072
v 0.131298309066427 0.446933623188311 -0.0439112386802545
v 0.108203348245616 0.779681990832399 0.0295428905771805
v 0.131670106427339 0.48947993100395 0.0459517340042278
v 0.137532167085391 0.0285685592452247 0.0115546204790102
v 0.13008828630407 0.0603602303451109 -0.0207550075466736
v 0.121045123315293 0.164922821780089 0.0235644986714133
v 0.129606848991883 0.376038450661043 -0.012491588388999
v 0.129359 0.075756 0.020228
v 0.129413034182193 0.964891096258182 0.00111607536881069
v 0.137660666718977 0.0241880651226243 -0.0137773198332341
v 0.139683409912317 0.00276475451707598 -0.000572628394186245
v 0.141678418190584 0.884245874531761 0.0278540889258562
v 0.144587786130001 0.380714698960833 0.00551603304693724
v 0.142294865725703 0.582648957414346 -0.0283504990667853
v 0.139369900144094 0.642574500789463 -0.00808836632817393
v 0.148415 0.336585 -0.013945
v 0.154642239398311 0.0157004354107479 0.00594464902648045
v 0.155942938359075 0.00352195452500942 -0.00902352930439474
v 0.137256683518034 0.7634046769836 -0.028399885510585
v 0.159500600320876 0.00631639715185259 0.0064047542376042
v 0.159348199323638 0.257727097440378 -0.0195011405431927
v 0.159134 0.325866 0.011388
v 0.152671826102768 0.930751930455731 0.0131023067655186
v 0.169656718134345 0.300984596074117 -0.0151373147411008
v 0.164456818596165 0.0111437607998947 -0.00904122158544913
v 0.168565504111777 0.389682326291241 -0.00641343909180534
v 0.173971624753213 0.179882310633838 -0.0244701572147843
v 0.153587454869559 0.948805463984895 0.00944560413938408
v 0.178537466295657 0.120320684171164 0.0238328524132693
v 0.164583214459247 0.0962288280338258 -0.0260732701703524
v 0.15498900553893 0.727411385186468 0.020333730878394
v 0.172767075387327 0.362931986603261 -0.00490407949379478
v 0.165241571361022 0.566916136243201 0.026307647162007
v 0.171087986708316 0.959814704816069 -0.00924024822202602
v 0.174445604269387 0.344337976061244 0.00772040923669292
v 0.18283709220264 0.792503894369683 0.0283387822576757
v 0.172786178675634 0.963442025370535 0.00490714311873655
v 0.178641 0.300115 0.009323
v 0.167618070376909 0.590433796239804 0.000609142728344874
v 0.175045443733823 0.407295706324891 -0.0221205764345067
v 0.198729972767007 0.271418730218543 0.00933254636265336
v 0.188734447385922 0.319226367489523 0.00734666472409131
v 0.185688 0.231777 0.01464
v 0.182406934275562 0.932275898225862 -0.00968499629065764
v 0.181763 0.948158092930055 0.00799874738712891
v 0.190995 0.953945 -0.002842
v 0.191572220064029 0.939847125133874 0.00185718813778226
v 0.186164913929612 0.323925626223702 -0.0106971706296113
v 0.191979163888415 0.647308617396046 0.00658193034581977
v 0.197005176722305 0.649141822946891 -0.00872986628706822
v 0.208529753494842 0.179194448914799 0.0179390396547175
v 0.205127548680842 0.561844573212415 0.0201224215352938
v 0.204280762041122 0.29935569349885 -0.00148860610967541
v 0.201920717768828 0.584763387621854 0.00165908179360055
v 0.202230442937113 0.387449552472891 -0.00219964775807535
v 0.182385981524522 0.539646282362016 -0.0302721976225709
v 0.210662495479898 0.575400035770415 -0.0134374225879816
v 0.211285 0.395652 0.008081
v 0.21184909745114 0.654692051847038 0.00298665984852045
v 0.212441163395069 0.270524481851127 -0.0100919734901829
v 0.191254262974136 0.50920725939466 0.0324850078298865
v 0.231047742961587 0.129003198598208 -0.0242413470918037
v -0.209272699052529 0.374251438071411 -0.0718873170133512
v 0.216434098596584 0.661312143307595 -0.00801888904279398
v 0.217421852681478 0.795941399258217 -0.0252771106795497
v 0.237802343733547 0.858760137815609 0.0177532140895379
v 0.228702799052033 0.601286407211096 0.00529153045059879
v 0.22271221226505 0.0514036971515709 -0.0195683165284948
v 0.209614855902783 0.437404314360113 -0.0275396284038142
v 0.214743370106564 0.927648887160706 -0.00992556062411097
v 0.227143542072301 0.676572040802856 0.00404326068689055
v 0.228658273801497 0.931242120604685 0.00212135700998148
v 0.235204541218639 0.382893015561093 0.010417174800419
v 0.228863405445 0.716711937961792 -0.00945125365354496
v 0.23436094528189 0.397602198922175 -0.0161470647121316
v 0.233961083970962 0.358527233772193 -0.00281034312745572
v 0.236506 0.371026 -0.009532
v 0.231795621387105 0.0111027297533263 0.00597739258117182
v 0.228141288093765 0.2440612493936 0.00622390035840159
v 0.241274819512281 0.545121643616018 0.0215781657955627
v 0.253071776065483 0.736712476253944 0.00717526166980769
v 0.242744887096975 0.915532696920486 -0.00947010439884974
v 0.216707295463699 0.903899158459553 0.0131967680728132
v 0.253292 0.631861 0.006039
v 0.240779323532534 0.225446026244838 -0.00821744414025082
v 0.246130440327425 0.348327680308893 0.00725677073091622
v 0.246391055816142 0.618484702740831 -0.0100204867321413
v 0.247307844586431 0.915863599484226 0.00347269115449912
v 0.243231646021599 0.494126568282544 0.0287707314812717
v 0.269735998876721 0.485643490478175 -0.0279432962179757
v 0.255278910554282 0.557219178035146 -0.0242731549960901
v 0.250577189768627 0.898623628450852 -0.00756496749466477
v 0.258248919993071 0.807282463910044 0.0169046408929356
v 0.247884529947437 0.084571966987892 0.0201759232213651
v 0.254080468545196 0.896184723069833 0.00722310592554634
v 0.254100742900906 0.432677011677979 0.023309777373093
v 0.277333919087292 0.297784353015172 -0.00978928283427673
v 0.264653 0.894634 -0.007084
v 0.263148785240935 0.73996406276814 -0.00596172978760858
v 0.268706 0.87183276526156 0.00794725997767663
v 0.296836957109876 0.528997022766786 0.0290720952189696
v 0.271716543208416 0.379997007415038 0.020809410505391
v 0.27198786941025 0.00842182840091306 -0.0063399850360595
v 0.275163682600332 0.654614887919436 -0.00985218092082929
v 0.278234 0.39018 -0.025642
v 0.274045257403976 0.86472776707652 -0.00938532544670035
v 0.271935082325288 0.84202801903333 -0.00967343612724779
v 0.273861250035454 0.888852957345697 0.00165804215749281
v 0.275017652607303 0.848201843899183 0.00632438867454872
v 0.278594661852367 0.871535813859524 0.001922
v 0.284002269057425 0.666378258007235 0.00616518336544062
v 0.279473734339234 0.34481645294382 0.0172416090778922
v -0.383960825989327 0.662347537326443 0.0477602058015519
v 0.283108565973188 0.614874399727906 0.0216516581589701
v 0.285540904616234 0.832220829904616 0.00671521683986407
v 0.285782872322994 0.772726655953341 -0.00964743776387156
v 0.285424147888316 0.764881253564922 0.00433280715153549
v 0.287814 0.136535 0.005631
v 0.291188668120794 0.279115090478719 0.00637591748201236
v 0.288421421575857 0.0159304032777712 0.0064080825286508
v 0.300921915749134 0.334431498160401 -0.0252137444278942
v 0.305344904962801 0.614249768547891 -0.0272729857796147
v 0.291810582543544 0.803819002241012 0.00724263662269443
v 0.290735 0.830247 -0.005811
v 0.294764093067131 0.797730023966767 -0.00656756553112465
v 0.296672995239526 0.13686676526661 -0.0097540320432783
v 0.295669 0.664527 -0.009177
v 0.299043 0.018019 -0.006971
v 0.31652234774312 0.546245595611285 -0.0317553626110014
v 0.302233449985368 0.041217 -0.0106686920488813
v 0.310252 0.107752 -0.009831
v 0.311944762929168 0.0346747407939402 0.00166098163712733
v 0.314487 0.310904 0.020534
v 0.277740030283371 0.0575652186862117 -0.0158399728094229
v 0.316931606874684 0.247327190191348 0.00578001409464504
v 0.327418908932108 0.103065938103696 -0.00947181657412198
v 0.320664657204251 0.660751237083055 0.0201122387973712
v 0.326704380272654 0.461288521271473 0.030963767594777
v 0.330196868556921 0.0642987026792763 0.00961146436650056
v 0.324953918836606 0.703349573091929 0.00731543137432621
v 0.331949302543797 0.232766043291745 -0.00942677600475708
v 0.331173 0.246604 -0.009455
v 0.342939944560884 0.276828151646457 0.0234145817894021
v 0.33299106792491 0.0984793735447775 0.00508275866825636
v 0.352076 0.661727 -0.027622
v 0.344460543613609 0.597773771806804 0.0291427205295534
v 0.342645229736059 0.0411416968337134 -0.0104714388552425
v 0.173257859550588 0.837270774623583 -0.0293697955046262
v 0.347553092438477 0.481410277823549 -0.0318434072285243
v 0.357190200269896 0.0826606786816686 -0.00523656234262038
v 0.354806716432667 0.209601119536052 -0.000965363124118773
v 0.361042597406485 0.539451870765177 0.0324840357945107
v 0.35938138173906 0.733073574165852 -0.00470474380072036
v 0.356009631407225 0.242317667909552 0.0166466810336172
v 0.362446267874641 0.0406207599647402 0.00266210363830411
v 0.359666783394752 0.259980034109754 -0.0267427727313931
v 0.378101076737305 0.223914707957286 -0.0190858065537777
v 0.376296702689756 0.0509396380972256 0.00496975175130398
v 0.371891651131237 0.0698894054310981 -0.0105081751248737
v 0.369798553375642 0.0687049378453333 0.00668377522602631
v 0.373976606901686 0.048321660689466 -0.00826467279252454
v 0.382844455234262 0.0676974929866023 -0.00221735753852477
v 0.378010993739319 0.736631572707768 0.00714241841780402
v 0.38510055135888 0.399033867814823 -0.0328724646092087
v 0.398025046970647 0.584089156772956 -0.0338504968675503
v 0.395533059197626 0.627921244150771 0.028743408141281
v 0.400298659726924 0.249105149286086 0.0245181142247395
v 0.389353980500472 0.196213186396748 0.00673851750211545
v 0.378715888709884 0.328212156421619 -0.0322355067650522
v 0.415811215335945 0.268995194613987 -0.0295931446528784
v 0.395204592788764 0.190976877365801 -0.00919724127249723
v 0.410522045480151 0.31259638609185 0.0286406020490431
v 0.426165316884194 0.720156024036303 0.0183022688767053
v 0.40710835440336 0.754227183688764 -0.00694210211428183
v 0.442499694026229 0.670769970043107 -0.027476596090444
v 0.40964326450443 0.211599916649964 -0.0201344133844258
v 0.418924284795503 0.717672718536877 -0.0226029417805582
v 0.418544886918649 0.180669977505575 -0.0025675989145413
v 0.429119800384468 0.756152275002492 0.00665770556476097
v 0.430639646917362 0.201902232735757 0.0133751114678465
v 0.434851 0.221654 -0.021301
v 0.438128 0.508675 0.029892
v 0.448073725927673 0.268441807195705 0.0237709491701972
v 0.466295698867148 0.545101997426413 -0.0321278634969206
v 0.442418825843236 0.184137 -0.010957268112962
v 0.449206086192962 0.743202018716396 -0.0141144502887884
v 0.455383366908184 0.178615324137227 0.00308643897238592
v 0.453669344882649 0.326346977930785 -0.0307525731605425
v 0.447878998957605 0.762389698444112 -0.00822522631222419
v 0.469708815466124 0.758369553646761 0.00628838716371995
v 0.475897482896306 0.395067110603469 -0.0309685632904227
v 0.485074704746329 0.272068295253671 -0.0242355724777042
v 0.475082184118412 0.225237291031226 0.0151386206969146
v 0.487304206282165 0.633262741104935 -0.026366949483061
v 0.485372933465005 0.185419031551491 -0.00704751259529013
v 0.484046884011902 0.754913990125923 -0.00938737843194326
v 0.498116264114099 0.630834073928006 0.0209716324448524
v 0.49016433990015 0.31779418128728 0.0214400272601876
v 0.502024032445443 0.745939223725393 0.000173542403643392
v 0.503490276669601 0.200903673653616 0.00603707580029577
v 0.508410589088565 0.731951394403566 -0.0107938405587325
v 0.51049967584461 0.206021703306294 -0.0101508795603058
v 0.527900541156782 0.232070496738641 0.00358273429597051
v 0.516570496024673 0.493202681367762 0.0241354261807363
v 0.53024457628304 0.706411002610378 0.00353534490614973
v 0.536218185846054 0.370380318452589 0.0150177483028084
v 0.51675818225907 0.339815793767173 -0.0228629483449781
v 0.532573852754404 0.29278084178624 -0.0111477376127571
v 0.539063 0.450595 -0.021944
v 0.528681502673812 0.583187543699263 -0.0235039152868792
v 0.536368856982988 0.300344542301988 0.00484713611440397
v 0.550261207432022 0.520479674524019 0.0153990235720573
v 0.55405981397813 0.665045975553689 0.000821087322853125
v 0.555171331393363 0.525953 -0.0206793422673691
v 0.557784762985692 0.336413014032124 -0.00818544741209512
v 0.559314528125069 0.643351871707177 -0.0107536410863863
v 0.573394360821547 0.597901602856093 0.00613532564295331
v 0.580784997107863 0.375711653627628 0.00444677250862149
v 0.575395722266849 0.370789133898272 -0.0112465791438057
v 0.586215625364891 0.558407499556041 -0.00841548145063876
v 0.586947693005926 0.542336184082049 0.00553125942936696
v 0.595069691934726 0.433637319745561 0.00394235749638629
v 0.589006359239844 0.408865129906509 -0.0107539564173623
v 0.0724837510386066 0.422909407164134 -0.0519135204371522
v 0.565542272681583 0.480307358704402 -0.0191304485263474
v 0.0381785909563423 0.925827774070863 -0.0178266581063583
v -0.160434328001615 0.785178940867647 -0.0141455757298629
v -0.425133270105987 0.334161978483159 -0.020209193557453
v 0.319315473497734 0.425552882929842 -0.0293420516485993
v -0.000218947820330694 0.467122782134541 0.0662794843527681
v 0.371201347952199 0.685765266947485 0.0203928284676359
v 0.0158633352989116 0.569325369141963 0.0621025836907348
v -0.307188558435443 0.220122968902555 0.0366493067373348
v -0.202512360053861 0.625702833373396 -0.0731742640023182
v -0.0101392947896812 0.354896696959154 -0.0513204620103359
v -0.147951578499529 0.37940289387179 -0.105282740630184
v -0.404762195995063 0.540704456655343 0.0691354629315641
v 0.0933702613619133 0.635525250123164 -0.0309702999848874
v 0.0700763015189976 0.651677445091607 0.0308817102465605
v -0.107298601615814 0.377907463194255 -0.0679928179501701
v 0.149030206484067 0.398709675617662 0.0230894395235603
v 0.554488226185714 0.401863982247135 -0.0197811024196705
v -0.181445328469897 0.252819480522439 -0.0337247533145846
v -0.0681331330489225 0.168812257640981 0.00422801328517881
v 0.302278257807235 0.262095130633702 -0.00868067462126296
v 0.118491376179773 0.492067433468256 -0.0489214530086964
v -0.104973440031557 0.529240047098615 0.077177952664005
v -0.0424002969974936 0.442710767363916 0.0695296893568303
v 0.0560907279679965 0.453000280954906 0.0583488273993506
v -0.14067519255414 0.752730931906399 -0.0242145073511393
v -0.394805146527065 0.314379012746883 0.00795860938880624
v -0.330575306943983 0.544409778378328 0.0774388169855359
v -0.532592645034739 0.555538785935098 0.0393271322363428
v -0.235381833071788 0.628929078982207 0.0722009087037504
v 0.232774456120953 0.138646492080847 0.0190130129378573
v -0.280252245445957 0.146024298855882 0.0697068863187738
v 0.401608113721797 0.443935132933475 0.0322605561220206
v 0.215788075153768 0.750442060747363 0.0171103891439399
v -0.566564469527501 0.421106341902896 -0.0183713322750142
v -0.0719047049278623 0.527584474989543 -0.0748087822133396
v -0.0551059245931709 0.636673340753283 0.0643639024398138
v -0.138039542015619 0.589183071657778 -0.0763739737900213
v 0.090173331870647 0.041007457437187 0.0106340684424614
v -0.120566559862302 0.409503132602216 0.111115574602614
v 0.43388244350511 0.381474948537776 0.0298929220049496
v -0.263960335531817 0.574531878426286 0.0790060386633087
v 0.0578982495742874 0.288027905385095 0.018474208138262
v -0.110957759522551 0.579445813997218 0.0755458989798651
v 0.464451665901706 0.579308961760452 0.0277909003025393
v -0.129189078866141 0.476222095787817 0.0781956505400126
v 0.516098111469968 0.496692920010784 -0.0280806955412735
v -0.211821300303732 0.742550299234016 -0.0138535374882261
v -0.0130756388622271 0.900330343926565 0.0204682555859767
v 0.0645226774302246 0.495450407069717 -0.0583705647708665
v -0.0915602584502096 0.438158831197772 0.0734891137179999
v 0.459956459882393 0.47534037796214 -0.0338156700489677
v -0.0815875594205947 0.300656428733827 0.0353044117902426
v 0.468102038870584 0.693622160658849 0.0190946303440925
v 0.180501177456295 0.702155878966201 -0.0156458176577184
v -0.0260125440093323 0.477169227582309 -0.0698454644288866
v -0.190732100607721 0.336327587120139 -0.0953911895188059
v 0.0706377377808236 0.808716961357125 -0.0321938634646819
v 0.0976413295886932 0.302787153304224 0.0174361003923142
v -0.205737012614875 0.509340444923789 -0.102574207452529
v -0.315423685696208 0.718148669266028 0.0274227358963908
v 0.164828447072765 0.4825078167358 -0.0395223793833186
v -0.124002196198373 0.323016106921346 -0.052665120009856
v 0.0512267953040152 0.261725745914463 -0.0213144115783128
v -0.187807772478416 0.256574009789237 0.032328503305622
v 0.400613034289858 0.468786 -0.0351368780225911
v -0.198749096798517 0.450677444409258 -0.0780297006513083
v 0.129005157409128 0.828412977913057 0.0318366782543553
v -0.350423281012695 0.650090206859411 0.0588072521242633
v 0.334806492161431 0.379394841311027 -0.0317510889699856
v 0.407327297159143 0.566013083958647 0.0314560620218458
v 0.0710182254768224 0.521079107905089 0.0561131339691054
v 0.0909100149304762 0.851872586762626 -0.0293164309665118
v 0.142965375784668 0.868162849859956 -0.0282301680852865
v -0.100542340531424 0.558084504387097 -0.0755966398442479
v 0.598354153890943 0.517966392456922 -0.00446285860545617
v -0.280752259883958 0.31665437417678 -0.049257580195854
v 0.145554168291339 0.898740874269035 -0.024287061166118
v 0.134534193747565 0.400186388431 -0.0291170770760005
v -0.120599405682753 0.427334689000433 -0.109972022976066
v -0.235737155906635 0.300148864553535 -0.0426532795753622
v 0.0985680799457588 0.32175915589708 -0.0185299955216804
v 0.108874408069491 0.928862327794821 -0.019306810216421
v 0.161044713518434 0.669556913953189 -0.012337423009145
v -0.198266976603838 0.29967045438738 -0.0404322667739788
v 0.11782185996596 0.350238595325768 -0.0152785953633919
v 0.115668458917847 0.41638777166684 -0.04027919676139
v 0.0854997539884864 0.605836707426772 -0.0418224249200679
v 0.0742906641920418 0.381633053383854 -0.0393522045543544
v -0.100629432161759 0.527867107585574 -0.0768593095325216
v -0.227816648814381 0.21329467940228 -0.0561560726947797
v 0.148195261305333 0.0523160643899016 0.0161401377620286
v 0.422327297686508 0.435616195458385 -0.0333480281096567
v -0.229910803544474 0.188065008092173 -0.0629746661353845
v -0.238966113259512 0.17432460837172 -0.04754682799123
v 0.27956866458658 0.160885588220394 0.00616342983098877
v -0.187756808276064 0.282956662901393 -0.0302689387238611
v 0.357390209074057 0.379638877599476 0.030143681500827
v -0.244937333992151 0.717267858982453 0.037348413821978
v -0.287478750872648 0.278194786224019 -0.0368641659020332
v -0.277601853968463 0.206507818598476 -0.0580795781864565
v -0.230664901302933 0.297253062055872 0.0388598140143284
v -0.155508041036254 0.505963532816454 -0.116230740743259
v 0.144762995842446 0.93157299456442 -0.0155167400326255
v -0.23212072940338 0.202520735157768 -0.0394894469947151
v 0.135778002451747 0.856930470011755 0.0298255290876733
v 0.0685722259672153 0.360254045096424 -0.0316137569130249
v -0.251619644570191 0.226785415690308 0.0280362471130492
v -0.226459344848926 0.235045197953328 -0.0490423592050633
v -0.135944062522522 0.472276852453273 -0.0784547923836045
v 0.209615399713252 0.0108402495390388 -0.00939657229172408
v 0.15839531886341 0.0435982583948744 -0.0186951064105134
v 0.21113380556847 0.0452531355968157 0.0160598339516808
v 0.068963230410441 0.181540131592146 0.0216098239115047
v -0.356856880642554 0.488817636787015 0.0764622307821951
v 0.457780563018698 0.601001746958552 -0.0311778068820004
v -0.323335641640756 0.692299217740181 0.045064558953975
v -0.242936321555781 0.375976778360981 -0.0687282640181967
v -0.186262807842839 0.293680130398245 0.0343298186760365
v 0.270325639811442 0.176575274067786 -0.00947490311296446
v 0.184229735118071 0.664188497619263 -0.0109914713657361
v -0.391000667628271 0.48866952284988 -0.0754218259247076
v -0.571768155058671 0.540312237644912 -0.0175625011451951
v -0.0532694639524149 0.433774449611353 -0.0703097524940457
v 0.139174740706831 0.354093742317667 0.0102168693944928
v 0.0498381164049033 0.160403956990707 -0.022732138858179
v -0.512670528397776 0.605773618922879 0.0165389218050012
v 0.12334664833218 0.329221172845674 -0.0161057581083427
v -0.305008700637387 0.275750735797511 -0.0412862589661551
v -0.248610394156742 0.243590934358349 0.0229528727400832
v 0.118356044514873 0.0358010504985711 -0.0135653015409394
v 0.222257 0.705370418144558 0.00832349625230398
v 0.21696784443253 0.508702886670328 -0.0301461081297831
v -0.286891407446139 0.262640446071888 -0.0377896081113844
v 0.192451052396806 0.875317857490265 0.0188862740537384
v 0.145624894307904 0.673828705192209 0.0117297762782084
v -0.269287010014062 0.186525947939924 -0.0446819142716746
v 0.49761178535549 0.683290706510218 -0.0185636968587664
v -0.196549464657201 0.257649303478097 0.0199151963775794
v 0.487713758479741 0.375118798035111 0.0226318891931126
v -0.253743458127608 0.202634344237263 -0.0591906474584884
v -0.16893608134716 0.370213458220294 -0.0655547356324615
v 0.122897701172246 0.188864291738941 -0.0255409787428843
v 0.165787583826725 0.877275069011296 0.0254292109433662
v 0.011452902028377 0.254334131817411 0.0186665209146554
v 0.170199608763539 0.643490239026784 -0.00652225558246078
v 0.17009574846314 0.659373618294196 0.00902756563563106
v 0.00352200910270319 0.797440463968887 -0.0315267966630022
v 0.0557864454011732 0.867574759970515 -0.0266048429989303
v 0.595714196031819 0.456480062057997 -0.00946967775981527
v -0.524538845388398 0.59844999695896 -0.0161528388637017
v -0.192753571658608 0.400464943134806 -0.0929930194871796
v 0.147175122146676 0.907498902493746 0.0204781978456874
v -0.286981870282332 0.217636468604605 -0.0378893250698758
v -0.0987461077244047 0.539163983781974 -0.126471276399261
v -0.263136201658909 0.267211 -0.021567
v 0.115942973824978 0.0376036292729084 0.0125361737551235
v 0.0161867991899171 0.681447889922063 -0.0402954696896025
v -0.0577386478077107 0.278245086985352 -0.0140037859033291
v -0.540558471527666 0.580184895800105 -0.0173325957394382
v 0.124765360079549 0.622066604968006 -0.000552608574803813
v -0.260536856519192 0.735832214020738 -0.018551900564298
v -0.111990382145888 0.500926573780048 -0.125315576772058
v -0.191005351649862 0.277350392352109 0.0243542106011459
v -0.132276839690036 0.515329447049163 -0.119261884727496
v -0.255776104005522 0.231084985366032 -0.0307240183714104
v 0.300191483145389 0.413722508045197 0.0275243114956833
v 0.483184684625539 0.538599142104217 0.0272318444485079
v -0.0954504848796528 0.552906565234952 -0.121941
v -0.189923409588823 0.278226 0.0150119421770598
v -0.280716593854806 0.267522492887804 -0.0212342187545046
v -0.224281975302796 0.272821102518083 -0.00351526609144184
v 0.120950968481344 0.942963845894028 -0.0129384091189489
v -0.241858837117423 0.21820227310674 -0.0349144728916158
v 0.356558497521461 0.319900299397056 0.0277182874681048
v 0.110215386119169 0.932665335825432 0.017471987068321
v 0.25089109869181 0.204287665134027 0.00651943959792377
v -0.294283643741348 0.269491489563599 0.0217842688136689
v 0.133331861250579 0.939654426101504 0.0137630906708788
v 0.0913521611525703 0.920279384430203 0.0212210981591638
v 0.451612 0.640903 0.022736
v -0.215156793698509 0.261921040133729 -0.0371267645341207
v -0.220003573991431 0.24788759225329 -0.026081308741518
v -0.550025050959365 0.567253829610013 0.0184952311574414
v 0.23607741278734 0.17762553128422 -0.0161439666370326
v 0.199626643121356 0.664287087153335 0.00768438642744676
v 0.149775034665173 0.365050171257816 -0.00982012853987309
v -0.172800589823066 0.507113836618704 0.0812682050947732
v -0.269662976615311 0.306878083555742 0.0435396650894766
v 0.261981799003101 0.434491665005634 -0.0258388570171809
v 0.534166592754115 0.690797853820832 -0.00908922227049405
v 0.00241758665816598 0.175022080221727 -0.0194457734354574
v -0.18262781887736 0.373922530978985 0.0964599796653831
v -0.233324583729523 0.263465951774426 0.0338588300110502
v 0.123462556742901 0.235334025133787 -0.0228721174656257
v -0.128758320313936 0.525533878873562 -0.107160049946281
v 0.00576602750773809 0.278414226285826 -0.0194922399621438
v -0.2157137990053 0.256207851643043 0.0204716062257611
v 0.160261495030172 0.895206513976039 0.0233325246047173
v 0.170788860687521 0.643212984292861 0.0068226082668293
v -0.317662125828939 0.309253055459476 0.0365504691639926
v -0.189596278707943 0.447692495498175 0.078926608114765
v 0.139010924495942 0.356311725330522 -0.0132182941944995
v 0.134242253795562 0.919808277727866 0.0160301532334463
v 0.0870139683422731 0.108140787479582 0.0208582565349776
v -0.235724694326189 0.281701506538115 0.028360773670211
v -0.263483874861617 0.712879968869326 -0.042025471267262
v -0.232629765683811 0.251949765683811 0.0212494981840496
v -0.528988077097736 0.593220796123881 0.00570088415440506
v -0.325728787464875 0.30213410003932 -0.0294446076638654
v 0.414922399963683 0.63641236842697 -0.0308224531697045
v -0.0312685466751025 0.83701785874252 0.0286793879232493
v 0.231754552045974 0.696648777231177 0.000752288584501305
v -0.253540497650483 0.610332089536937 -0.0747957432126884
v 0.572619813771268 0.604308741373015 -0.010606849442713
v 0.120436648284057 0.948057881800485 0.00954730979690795
v 0.177329465019897 0.0701888212796017 0.0209946056062848
v -0.27491773641504 0.730095385226066 0.0251013669036631
v 0.172122023083399 0.935299527794803 0.00747974745165045
v 0.124064263945361 0.207413158047162 0.0215925184119234
v -0.292106849882566 0.480385857689942 -0.0762201039897017
v 0.0887974204700908 0.368742277415068 -0.0285894700650649
v -0.189364583213702 0.407621301624548 0.0764580795345961
v -0.300672654093228 0.287610391515239 -0.00277914594635509
v -0.271043255434241 0.244905764578441 -0.0463394885547038
v -0.256409 0.178067 -0.066366
v -0.0231390847504907 0.678421303083673 -0.0514872670329985
v -0.0990640405669283 0.29906440694918 -0.0369944597951391
v -0.232548704900489 0.260448095319291 -0.0215478561473136
v -0.306057100513203 0.273111344861934 0.0344768762282259
v 0.123467898491766 0.00943405025593383 -0.00829409514606779
v -0.235183490969772 0.240129007901436 -0.0278664879375834
v -0.240461328903466 0.243989772117909 -0.0464617153039414
v -0.337766572934402 0.325147271260976 -0.0404944445179302
v 0.518924868272159 0.535146336340287 -0.0269725134933021
v -0.198959711575587 0.269478441805283 -0.0102565682120162
v 0.473256524123058 0.70202044437458 -0.0217138053706068
v 0.0701315168292164 0.725896918342793 -0.0254833182079879
v 0.17371997975431 0.84300222405113 0.0291019818918622
v 0.591079705515062 0.476625493735707 0.00640137250524816
v -0.167598645830013 0.268976821489767 0.00645982339265874
v -0.101537820748941 0.47189467422862 0.11345666755377
v 0.553465306781923 0.471674463255293 0.0173274668943258
v -0.344228543391875 0.446488079421657 0.0779307865281218
v -0.148333300138632 0.426624667846067 0.0764524916929866
v 0.0403652586132037 0.205910684293513 -0.0222188674394597
v -0.133270219392089 0.780803546827906 0.0237065819416468
v -0.200898850896409 0.266091308372715 0.0228459480303904
v -0.536729416989947 0.585702590464342 -0.00577940741885852
v -0.257729211410731 0.245474912729827 -0.0457501691373374
v 0.19506395995688 0.749279793889873 -0.0206708118664741
v 0.388468541906706 0.689713943132393 -0.0251884369345123
v 0.540911011690783 0.417661980128867 0.0181402057365787
v -0.161297816839433 0.425167361167762 -0.100240680512278
v 0.124069265373417 0.0102408798670865 0.00549354245714051
v -0.287495241799308 0.29420870897128 -0.0326515536964691
v -0.105216367652544 0.385678443953861 0.068963935987613
v 0.0940633690531592 0.457464918744546 -0.0525296740475093
v -0.266424182148124 0.476027413543098 0.0751888531234659
v -0.254621156510073 0.281567245039652 -0.0319722995080083
v 0.157876 0.267421 0.013811
v -0.117995876678711 0.305633648921824 0.0423002239205275
v 0.124583340033187 0.117855301281021 0.0232490626608377
v -0.137440953807173 0.483257215333064 -0.120598472475866
v -0.132026818985541 0.37103730081362 0.109779864990323
v -0.387302324114914 0.454091856209226 0.0715098720198498
v 0.125432606005226 0.719919707491142 -0.021370390087689
v -0.444164763450639 0.36758299848272 0.0389896525990994
v -0.0123539804821536 0.906029645815707 -0.0191110134313282
v 0.146629030826763 0.427493661751419 0.0360281374038824
v 0.328876 0.296706 -0.023642
v -0.131986822055276 0.543273260023666 -0.110509727908491
v -0.249635834356004 0.170621901497047 0.044682586699275
v 0.109705852614299 0.332497735905288 0.013154589170274
v 0.148516383703133 0.0174424781985386 0.00897968735830717
v -0.228641060464061 0.152046761038488 0.0498827275492179
v -0.246032709244229 0.259890583702925 -0.0400719064658728
v 0.0596301499415575 0.407898197450387 0.0508563929025084
v 0.429177756937952 0.668520130857167 0.0247884833776788
v -0.206772710691586 0.153006868980749 -0.0717379844880255
v 0.152281844848028 0.0287223440125139 0.0118034480015337
v -0.29761769875347 0.291058615581764 -0.0165123210043378
v -0.0944707261404326 0.419368329131146 -0.072364129495881
v 0.136453377539442 0.0156100690473765 0.00489239642893522
v -0.213024659842641 0.276235239172366 -0.0254886637438041
v -0.0303424430310542 0.182579392552714 -0.0148311243776177
v 0.0153442080235948 0.886816974025425 -0.0260503262708798
v 0.308647 0.371753 0.023909
v 0.170158212216377 0.436552696191233 -0.0351664230653018
v -0.171865759516556 0.417035946700566 0.0980743203470867
v 0.267141355129371 0.0904623145033528 -0.021995965322538
v -0.0843294959325337 0.343755248351738 -0.0576503610270552
v -0.165717667474172 0.545689667747285 -0.0798078280070634
v 0.156116989642097 0.199169485387486 0.0190834318806058
v -0.280976685941851 0.22801775582895 -0.0523962948095889
v -0.0275030788088656 0.638388855876827 -0.0609941227386465
v 0.0917494948453846 0.470900775101036 0.053243700363732
v 0.575135142229626 0.503697392341596 0.0104245401979949
v 0.198418332950722 0.238354404463897 -0.0158134091824595
v -0.214945254315095 0.411569926585647 -0.104091833166293
v 0.25382189148602 0.767464305003028 0.0129281648465328
v 0.0234457646078249 0.832308393954829 -0.0322176149168019
v 0.0916057995598209 0.268144958067993 0.0181351861743194
v 0.187410950514833 0.0418069936065404 -0.0152449725720933
v -0.23709756115242 0.177405865253842 0.0621659127052014
v 0.139571186712894 0.689116189730499 -0.0171423030637794
v -0.0490566060128107 0.336294290914634 0.0502611148222778
v -0.166981534622491 0.667158951090015 -0.0646363071304507
v -0.221571359325757 0.521735396152053 -0.0804398037170401
v 0.0680159739733893 0.30358340349309 -0.0197584796165109
v -0.191983964459349 0.438897722960812 -0.092201667930171
v -0.217559644363549 0.461465682470566 -0.086263733886009
v -0.146942344115993 0.347961065286825 -0.0632697655966694
v 0.189198457459215 0.333762163005129 -0.00287484601092022
v -0.0939026431554317 0.515379619271438 -0.12838173067689
v -0.202707255868872 0.179126348081359 -0.0466235716702552
v 0.467381932950332 0.729085806893242 -0.0179174549646444
v 0.0311436330999181 0.93706368867624 0.0119489055916089
v 0.136988856146609 0.295902165374249 0.0140281587315474
v 0.0194043781608313 0.511436900568243 -0.064696410249269
v -0.114852976757617 0.3749505590305 -0.113565720883116
v 0.0877858074119456 0.0710353902686418 0.0133419568396458
v 0.087542488431667 0.853344431528834 0.0316839431189525
v -0.186809955489617 0.214673676095748 -0.0376422683606804
v -0.167127446335154 0.145049803788352 0.0530929972627518
v -0.0539613790315865 0.347643668620427 -0.051073396149408
v 0.51815284261694 0.597169400552039 0.0195442019046545
v -0.195044085800028 0.414475192658877 -0.0769726153504731
v 0.148257759862234 0.645053 0.00816994572918061
v -0.0836869676771836 0.497222488217902 -0.116308700999116
v -0.105206921498081 0.494825037577238 -0.0772205167944934
v -0.243700494754992 0.128563518041065 -0.0600002797327667
v 0.300865460579629 0.0946404543029664 0.0104859018800383
v -0.242021408377739 0.39172068387711 0.0966531533301342
v -0.149334740248959 0.189221454444964 0.0422445151369816
v 0.0786785233502228 0.380318510727629 0.0364332659648958
v -0.0609785184166435 0.480854678847511 -0.121288148491201
v -0.341414917274615 0.417525446492051 -0.0682047414785055
v -0.0174700789010565 0.148204536513358 0.0104732457204452
v -0.237491998547484 0.452670215622916 -0.0792100078122288
v -0.0987284124758522 0.686181421240858 -0.0561349333228404
v 0.260318456222659 0.12585763377446 0.0155742194419261
v 0.148694583154545 0.420294972603966 -0.0333967109297046
v 0.0298392941808911 0.508633770403141 0.0629993680994827
v 0.504106914450927 0.269523508488661 0.0124934973879369
v 0.0439042864346678 0.603779570775944 -0.0535625584594439
v -0.212699949430519 0.456121244288098 -0.103915323300302
v 0.207375474142874 0.202664168439338 -0.0163438006775176
v 0.0937683648478006 0.0864592631172593 -0.0219720142533018
v -0.228269822138487 0.380445947903397 0.0843059121180909
v -0.193227330873134 0.398686757110626 0.110210701255841
v -0.0763068646904794 0.523378526400048 -0.117498818706229
v 0.555372664325924 0.339127272083326 0.00610351548033872
v 0.587680316039033 0.403609417568545 0.00386574066897772
v -0.0125878782401735 0.204828930529203 0.017062112719735
v 0.213470881075908 0.0982351188939247 0.0226078978798126
v 0.221111676650706 0.870967171245413 -0.019589173342043
v -0.196905315568466 0.436785889853697 0.0913234894917872
v 0.0352980922208749 0.374800487598931 0.0471322411847085
v 0.539119065772205 0.619820948171371 0.0139498334145448
v -0.252430993779957 0.399892690456569 -0.0940510460445566
v -0.174566878009846 0.123073140210447 -0.0791559523410988
v -0.239370185467736 0.202088384693099 0.0364370034330021
v -0.495285278975625 0.624255259142506 -0.00678788839611975
v 0.192368302933501 0.689018767659447 0.0109430779579149
v -0.220662908376684 0.457762279146914 0.102092118842716
v -0.314098687419801 0.379072534781323 0.06447148507733
v 0.308517428451883 0.125229821906684 0.00471857724422999
v -0.00612820585692686 0.304217414075074 -0.0187928628067628
v -0.0240159523629594 0.149931294244388 -0.0136256123294064
v -0.264321158357567 0.211423771361549 -0.0371596621891141
v 0.0241927457285115 0.566998741519582 -0.0614094470047958
v -0.169224899456753 0.211790812298094 -0.0549991355082456
v -0.290348501303104 0.175760586736655 0.0633744496434474
v -0.282593613584961 0.38628501832415 0.0846577058035013
v 0.493006817252553 0.720670158458716 0.0108028923995197
v -0.108308389206139 0.467752165052956 -0.111447917430172
v -0.304098668100529 0.191810793108137 -0.0547136981028624
v -0.0638657277210886 0.261581248131953 0.0106380485163974
v -0.169327619184826 0.47211326533538 -0.0973761664148753
v -0.0199080702013742 0.316309234354495 -0.0350136292633429
v -0.110125567113454 0.513189288522427 -0.110484949021452
v -0.198709257823972 0.479952130197141 -0.0908726652601443
v 0.531655780508776 0.259286487321275 -0.010507016109244
v 0.0339997204028258 0.897144159053044 0.0255552666779737
v 0.222413706384906 0.0937970473795177 -0.0253662883602302
v 0.179279489470629 0.908736537570983 0.0177516391517009
v -0.237994944605224 0.386311239862068 -0.0825080244912295
v -0.129710694750895 0.392219359791995 0.12565555744627
v -0.0616715607760753 0.53193927248145 0.0725826444942141
v 0.266851314373563 0.315429199040195 0.00659209679195657
v -0.232857858156811 0.142233243068281 -0.0743410167336273
v 0.056093 0.338383 -0.017717
v 0.280229354199733 0.0608672692396127 0.013380058433633
v -0.132902554306727 0.453001363360811 -0.122547928361753
v 0.0570975732268852 0.634688573868628 -0.0434053023191586
v -0.205520302345534 0.502867323998671 -0.090675980308284
v 0.523367789021039 0.642137165927484 -0.0168590785705279
v -0.220627120159231 0.370094849579284 -0.102587472713282
v -0.534491695013386 0.393465699825545 0.0175669505004822
v -0.17775629254135 0.729454502453552 -0.0395362282105397
v -0.147128547591566 0.423650714497075 -0.120241509452593
v 0.516583028035613 0.67147634037889 0.0116623934405387
v -0.186261251243675 0.426933052062953 -0.110879957628556
v -0.113381451804684 0.84824926624992 -0.0137193409067632
v -0.166954645232061 0.432681296250077 0.115990479334572
v 0.118190998724482 0.544654095903463 -0.0449464275764271
v 0.163489127511466 0.464006141486359 0.0385723533539866
v 0.244267627708579 0.173530905005434 0.0116981454296429
v 0.545506144342385 0.615258617860669 -0.0173433324476385
v -0.016364575403242 0.699287487082726 -0.0421714137530235
v 0.119097531749616 0.608597123199939 -0.0293886358082988
v -0.271711614136442 0.161245189095762 -0.0523416962367887
v -0.233334883965108 0.128011993199531 0.0568553334421957
v -0.0549111061711708 0.234783012703125 -0.0129055112691321
v -0.146696521256133 0.503908725509851 -0.102801502077608
v 0.531124008683473 0.26619052798839 0.0061512276349898
v -0.0780516997425999 0.23924131916716 0.00812910328144647
v -0.218114201906789 0.24342770812539 0.0414335152638404
v 0.105670074947939 0.888506250551854 0.0278552229552589
v -0.30739997818825 0.352150089349314 0.0614774970315824
v -0.303434492981247 0.25450067783587 0.0419706835905756
v -0.0744083518779507 0.771373721008772 -0.0299035208793006
v -0.12609251448338 0.355412533183773 0.06426803613669
v 0.119875427621993 0.446860924741493 0.0458395619661255
v 0.195750870073158 0.00823648007030634 0.00600480729835061
v -0.247216453657896 0.741942955718782 -0.00437252687629791
v -0.199391691161761 0.237787626813819 -0.0466658604060087
v 0.278274649038436 0.118132574431679 -0.0161729839047548
v -0.178752454815257 0.174156518266275 -0.0663246839781576
v -0.166836596635264 0.355706835004729 -0.116392630659141
v -0.180732367844968 0.390900828537529 -0.0738266495072686
v -0.253345375747825 0.248289061099099 0.041903334319
v -0.261664578751938 0.408684889041125 0.0894440589003263
v -0.0979697805692977 0.400538930423233 -0.116312926646592
v 0.135989322566513 0.957384878926065 -0.00951381756636291
v -0.202796635491109 0.400814040762975 0.0905969796062872
v 0.224033048543859 0.414638020864329 0.0202959812042848
v 0.563727087399838 0.631473789204891 0.00347820648290322
v 0.527833159090126 0.333644419408851 0.0142751825583356
v -0.0882383254997014 0.448199487150315 0.130447526266461
v 0.105245131300975 0.577970851570758 -0.0423009027382355
v 0.0805189501816157 0.934632167998568 -0.0168906008431039
v -0.153719625406993 0.816463247667851 -0.0117453290233903
v -0.0856064616796236 0.431993429464345 0.118245518583779
v -0.0709618135349362 0.417082781883201 -0.136684633933112
v 0.0977133426042008 0.421357272413804 0.0453543356543379
v 0.192625747011936 0.439373381321368 0.0289937002369777
v -0.0761542921119844 0.358365480054767 0.0611054840826241
v -0.258393 0.394369 0.075173
v -0.268687939178715 0.293911061059325 -0.0353094271178993
v 0.318231863681175 0.0731862498490465 -0.0137036905269394
v -0.24116978651753 0.329483886204881 0.0579523905733216
v 0.252430889302135 0.33024865150332 -0.0049069348214764
v -0.270439939924734 0.252572541316995 0.0211424660368702
v -0.141255287878187 0.455765449756928 -0.104244622467621
v 0.262659141050479 0.143158433781655 -0.0163593129481892
v -0.0488367875488962 0.484506793462612 -0.12860499342585
v -0.203087067251072 0.73600170936351 -0.0321753505355649
v -0.284425520263267 0.136103484243427 -0.071929536077507
v -0.16427835252112 0.332082282117131 -0.11805469699151
v -0.158204890948169 0.364064959462293 0.119082546355455
v -0.0513839148807105 0.199800240986107 0.0106226878490851
v -0.0595481313178674 0.47299757802887 -0.136690308019679
v -0.294104988018826 0.313793392847173 0.0449245347312959
v -0.148935062095536 0.534172873015504 -0.105660540585346
v -0.211633112895122 0.492589653112282 -0.0798139937763988
v -0.0906647149744835 0.544194098580507 -0.114924581810581
v -0.148989768134733 0.271478250023733 -0.0143636515806652
v 0.274487412284542 0.102627281693981 0.0152343769940728
v -0.17151295746949 0.494540608189525 -0.112413057218427
v -0.157710985991628 0.355047514647049 0.103785819064592
v 0.0620101695808691 0.940360703552036 0.0125429568347871
v -0.296570990987711 0.162909420226185 0.0571263838036127
v -0.257741516277426 0.145590287909555 -0.0730701117496934
v -0.221564168668193 0.392375685064891 0.0739688857724789
v -0.14842241162041 0.532837623075847 -0.117998097175888
v 0.216176842490189 0.272216232697997 0.00300607100836297
v -0.256471817324005 0.400026116470143 -0.0760912922058803
v 0.183200277290166 0.403821547274122 0.017801984168689
v -0.197145270310194 0.0932638780912278 0.0814049490481907
v 0.0654406595240124 0.0453574395098822 0.00178656247940122
v 0.224200761098346 0.688957268039822 -0.00772217546868347
v 0.569480420925898 0.440748448082986 0.0131504859436083
v -0.0818635049691278 0.38117412149041 0.120458212135387
v -0.20895571556264 0.120381421322932 0.0756594496298063
v -0.526964448490965 0.569277366890398 -0.0369497882221347
v -0.28482475270086 0.271721466543856 0.0359283499928731
v -0.0588307895787036 0.420725230986455 -0.131570651025834
v -0.574811876826744 0.416672838579981 0.00506742331067853
v -0.214072538748327 0.280895759406163 -0.0137248799310203
v -0.179885126110607 0.0744539819959009 0.069814277743178
v -0.434715853329811 0.59176499248677 0.0601817040007021
v -0.160732269471561 0.466808136083354 0.0997290372723034
v -0.155685218450433 0.378723212556069 0.0708698755837179
v -0.412468118231439 0.63063565451814 -0.0542491065692243
v -0.114657644216277 0.885577109103244 -0.00830928986699557
v -0.128979993063112 0.820697625338102 0.0146073294728638
v -0.0651464876485195 0.487721273878506 0.0735511913275697
v -0.531394311445374 0.582552802072272 0.0258089383584283
v -0.306309155932395 0.194406325792431 0.0584390386341912
v -0.224918071599753 0.478808717416997 0.0829857817963568
v -0.0385174060595442 0.786206195521628 -0.0312360158683135
v 0.305069711792508 0.689408430775042 -0.00828465832839476
v 0.117682768499603 0.399553269866387 0.0328149171177866
v -0.306445585016324 0.239290141732307 -0.0335981527702154
v 0.533384205445694 0.557797122956675 0.0192989618343812
v 0.111737632639975 0.555163544237448 0.0443042282756414
v -0.283295041196782 0.464763146443638 -0.0819080904348877
v -0.055245 0.502213521770386 0.121242412888735
v -0.243423 0.270776130419698 0.0161291848327114
f 1 2 3
f 1 6 2
f 1 3 4
f 1 4 7
f 1 8 6
f 1 7 8
f 2 5 3
f 2 6 5
f 3 12 4
f 3 5 9
f 3 9 21
f 3 21 12
f 4 11 7
f 4 12 11
f 5 6 10
f 5 1162 9
f 5 10 1162
f 6 8 16
f 6 707 10
f 6 16 19
f 6 19 707
f 7 16 8
f 7 11 795
f 7 15 16
f 7 795 15
f 9 18 21
f 9 1162 18
f 10 707 1162
f 11 12 701
f 11 14 795
f 11 856 14
f 11 701 856
f 12 21 24
f 12 24 701
f 13 14 17
f 13 795 14
f 13 15 795
f 13 1159 15
f 13 17 23
f 13 23 832
f 13 832 1159
f 14 856 17
f 15 37 16
f 15 28 37
f 15 1159 28
f 16 38 19
f 16 37 38
f 17 921 23
f 17 856 1172
f 17 881 921
f 17 1172 881
f 18 29 21
f 18 33 29
f 18 1072 33
f 18 1162 1072
f 19 38 22
f 19 22 707
f 20 22 26
f 20 707 22
f 20 26 1072
f 20 1162 707
f 20 1072 1162
f 21 36 24
f 21 29 36
f 22 25 26
f 22 38 25
f 23 823 832
f 23 921 823
f 24 39 34
f 24 34 701
f 24 36 35
f 24 35 39
f 25 42 26
f 25 38 47
f 25 47 42
f 26 57 30
f 26 30 1072
f 26 42 57
f 27 43 28
f 27 28 1159
f 27 32 45
f 27 823 32
f 27 45 43
f 27 1159 823
f 28 40 37
f 28 43 40
f 29 33 66
f 29 54 36
f 29 66 54
f 30 940 33
f 30 33 1072
f 30 57 940
f 31 34 59
f 31 799 34
f 31 55 52
f 31 52 1036
f 31 59 55
f 31 1036 799
f 32 1168 45
f 32 52 64
f 32 1036 52
f 32 64 1168
f 32 823 1036
f 33 940 66
f 34 39 59
f 34 1172 701
f 34 799 1172
f 35 36 41
f 35 46 39
f 35 41 46
f 36 49 41
f 36 54 49
f 37 44 38
f 37 40 48
f 37 48 44
f 38 44 47
f 39 46 1165
f 39 1165 59
f 40 43 51
f 40 51 48
f 41 50 46
f 41 49 61
f 41 53 50
f 41 61 53
f 42 47 676
f 42 676 57
f 43 45 58
f 43 58 51
f 44 73 47
f 44 48 794
f 44 794 73
f 45 74 58
f 45 1168 74
f 46 50 56
f 46 56 1165
f 47 73 77
f 47 77 676
f 48 51 62
f 48 62 794
f 49 54 60
f 49 60 61
f 50 53 56
f 51 58 62
f 52 55 65
f 52 65 64
f 53 61 56
f 54 66 60
f 55 59 69
f 55 69 65
f 56 61 685
f 56 685 1165
f 57 699 63
f 57 63 940
f 57 676 699
f 58 68 62
f 58 74 68
f 59 561 69
f 59 72 561
f 59 1165 72
f 60 67 61
f 60 66 938
f 60 938 67
f 61 67 685
f 62 68 794
f 63 79 66
f 63 66 940
f 63 75 79
f 63 699 75
f 64 65 70
f 64 70 80
f 64 80 1168
f 65 69 70
f 66 79 82
f 66 82 938
f 67 700 685
f 67 787 700
f 67 938 787
f 68 74 93
f 68 93 794
f 69 87 70
f 69 733 87
f 69 561 789
f 69 789 733
f 70 91 80
f 70 87 89
f 70 89 91
f 71 81 76
f 71 76 699
f 71 676 77
f 71 77 906
f 71 906 81
f 71 699 676
f 72 700 94
f 72 94 741
f 72 741 561
f 72 685 700
f 72 1165 685
f 73 85 77
f 73 1010 85
f 73 794 100
f 73 100 1010
f 74 80 107
f 74 1168 80
f 74 107 93
f 75 76 83
f 75 699 76
f 75 88 79
f 75 83 88
f 76 78 83
f 76 86 78
f 76 81 86
f 77 85 90
f 77 90 906
f 78 86 83
f 79 84 82
f 79 88 84
f 80 91 144
f 80 144 107
f 81 882 86
f 81 906 882
f 82 84 92
f 82 92 916
f 82 916 938
f 83 86 95
f 83 873 88
f 83 95 101
f 83 101 873
f 84 88 1093
f 84 1039 92
f 84 1093 1039
f 85 118 90
f 85 108 117
f 85 1010 108
f 85 117 118
f 86 896 95
f 86 882 98
f 86 98 896
f 87 121 89
f 87 733 121
f 88 132 1093
f 88 1137 132
f 88 873 1137
f 89 121 91
f 90 118 130
f 90 130 141
f 90 141 749
f 90 749 906
f 91 121 879
f 91 879 144
f 92 111 102
f 92 102 916
f 92 109 111
f 92 119 109
f 92 1039 119
f 93 100 794
f 93 893 100
f 93 107 113
f 93 113 893
f 94 702 145
f 94 145 789
f 94 700 714
f 94 714 702
f 94 789 741
f 95 850 97
f 95 97 902
f 95 902 101
f 95 127 850
f 95 896 127
f 96 104 98
f 96 98 105
f 96 103 99
f 96 99 1178
f 96 801 103
f 96 1178 104
f 96 105 801
f 97 681 106
f 97 106 1094
f 97 128 681
f 97 1127 128
f 97 850 1127
f 97 1094 902
f 98 104 954
f 98 882 105
f 98 954 896
f 99 103 967
f 99 1050 110
f 99 110 1178
f 99 773 114
f 99 114 1050
f 99 967 773
f 100 893 108
f 100 108 1010
f 101 124 1137
f 101 1160 124
f 101 1137 873
f 101 902 1160
f 102 111 931
f 102 138 700
f 102 931 138
f 102 700 787
f 102 787 916
f 103 801 772
f 103 772 806
f 103 806 967
f 104 116 843
f 104 1178 116
f 104 843 120
f 104 120 954
f 105 906 749
f 105 749 928
f 105 772 801
f 105 928 772
f 105 882 906
f 106 126 1105
f 106 1173 126
f 106 681 1173
f 106 1105 1094
f 107 886 113
f 107 144 886
f 108 129 117
f 108 1181 129
f 108 893 1181
f 109 131 111
f 109 119 1047
f 109 1106 131
f 109 1047 1106
f 110 1050 112
f 110 112 1085
f 110 809 1043
f 110 1085 809
f 110 1043 826
f 110 826 1178
f 111 131 136
f 111 136 931
f 112 1050 114
f 112 114 1132
f 112 125 1085
f 112 1132 125
f 113 151 893
f 113 981 151
f 113 886 200
f 113 200 981
f 114 773 898
f 114 898 1132
f 115 133 122
f 115 122 1146
f 115 681 128
f 115 128 945
f 115 945 133
f 115 1173 681
f 115 1146 1173
f 116 149 828
f 116 838 149
f 116 826 1043
f 116 1178 826
f 116 828 843
f 116 1043 838
f 117 123 118
f 117 1033 123
f 117 129 1033
f 118 123 130
f 119 132 139
f 119 1093 132
f 119 139 148
f 119 148 140
f 119 140 1047
f 119 1039 1093
f 120 160 127
f 120 127 896
f 120 828 160
f 120 843 828
f 120 896 954
f 121 733 890
f 121 834 879
f 121 1099 834
f 121 890 1099
f 122 133 142
f 122 142 143
f 122 143 704
f 122 704 1146
f 123 134 130
f 123 147 134
f 123 1033 147
f 124 146 861
f 124 1160 146
f 124 861 1137
f 125 135 152
f 125 1132 135
f 125 152 1004
f 125 1004 1085
f 126 977 212
f 126 212 1091
f 126 704 977
f 126 1046 704
f 126 1173 1046
f 126 1091 1105
f 127 160 1183
f 127 1127 850
f 127 1183 1127
f 128 780 1035
f 128 1127 780
f 128 1035 945
f 129 153 1019
f 129 1181 153
f 129 1019 972
f 129 972 1033
f 130 134 155
f 130 790 141
f 130 155 1060
f 130 1151 790
f 130 1060 1151
f 131 162 136
f 131 1106 162
f 132 1125 139
f 132 861 1125
f 132 1137 861
f 133 1086 142
f 133 945 948
f 133 948 1086
f 134 147 161
f 134 161 155
f 135 166 152
f 135 186 166
f 135 1064 186
f 135 1147 1064
f 135 1132 1147
f 136 173 158
f 136 158 931
f 136 162 1038
f 136 1038 173
f 137 806 772
f 137 772 1123
f 137 897 806
f 137 922 897
f 137 949 922
f 137 932 949
f 137 1123 932
f 138 209 714
f 138 860 209
f 138 714 700
f 138 1174 860
f 138 931 1174
f 139 1022 148
f 139 1125 193
f 139 193 1148
f 139 1122 1022
f 139 1148 1122
f 140 148 182
f 140 182 199
f 140 199 1006
f 140 1006 1106
f 140 1106 1047
f 141 511 213
f 141 213 753
f 141 790 511
f 141 1123 749
f 141 753 1123
f 142 163 143
f 142 191 163
f 142 1086 191
f 143 190 159
f 143 159 704
f 143 163 169
f 143 169 190
f 144 210 682
f 144 879 210
f 144 682 886
f 145 208 180
f 145 180 771
f 145 702 208
f 145 733 789
f 145 890 733
f 145 771 890
f 146 878 774
f 146 774 1125
f 146 1125 861
f 146 866 878
f 146 1105 866
f 146 1160 1105
f 147 1071 161
f 147 1033 1071
f 148 174 182
f 148 1022 174
f 149 160 828
f 149 901 160
f 149 838 904
f 149 904 901
f 150 781 763
f 150 763 813
f 150 813 773
f 150 773 967
f 150 905 781
f 150 897 922
f 150 967 897
f 150 922 905
f 151 732 153
f 151 153 1181
f 151 1069 732
f 151 739 1012
f 151 1139 739
f 151 1181 893
f 151 981 1139
f 151 1012 984
f 151 984 1055
f 151 1055 1069
f 152 166 167
f 152 167 176
f 152 176 178
f 152 178 1004
f 153 732 1019
f 154 511 790
f 154 1000 511
f 154 739 1000
f 154 1012 739
f 154 790 1151
f 154 824 983
f 154 1060 824
f 154 983 984
f 154 984 1012
f 154 1151 1060
f 155 161 187
f 155 187 205
f 155 205 1060
f 156 895 874
f 156 874 1174
f 156 1148 895
f 156 1109 1022
f 156 1022 1122
f 156 1030 1109
f 156 1174 1030
f 156 1122 1148
f 157 177 720
f 157 1099 177
f 157 210 879
f 157 1131 210
f 157 720 1131
f 157 879 834
f 157 834 1099
f 158 173 192
f 158 192 1174
f 158 1174 931
f 159 190 1158
f 159 227 977
f 159 1158 227
f 159 977 704
f 160 184 844
f 160 901 184
f 160 844 1183
f 161 211 187
f 161 1071 211
f 162 1006 199
f 162 199 1023
f 162 1023 202
f 162 202 1038
f 162 1106 1006
f 163 171 169
f 163 191 171
f 164 854 165
f 164 165 949
f 164 932 753
f 164 753 957
f 164 957 854
f 164 949 932
f 165 781 905
f 165 1100 781
f 165 854 1100
f 165 905 949
f 166 175 167
f 166 185 175
f 166 186 185
f 167 175 176
f 168 195 177
f 168 177 1099
f 168 180 195
f 168 771 180
f 168 890 771
f 168 1099 890
f 169 171 179
f 169 179 190
f 170 229 188
f 170 188 1035
f 170 811 229
f 170 780 802
f 170 1035 780
f 170 802 880
f 170 870 811
f 170 880 870
f 171 191 179
f 172 774 181
f 172 181 791
f 172 243 193
f 172 193 1125
f 172 791 243
f 172 1125 774
f 173 230 192
f 173 215 230
f 173 1038 215
f 174 218 182
f 174 865 218
f 174 1022 865
f 175 185 176
f 176 185 178
f 177 198 194
f 177 194 720
f 177 195 198
f 178 185 186
f 178 186 203
f 178 238 196
f 178 196 1004
f 178 203 238
f 179 191 190
f 180 250 195
f 180 208 237
f 180 237 250
f 181 183 836
f 181 920 183
f 181 737 920
f 181 1091 737
f 181 774 878
f 181 836 791
f 181 878 866
f 181 866 1091
f 182 226 199
f 182 218 226
f 183 214 842
f 183 908 214
f 183 811 870
f 183 920 811
f 183 842 836
f 183 844 908
f 183 1183 844
f 183 870 1183
f 184 206 201
f 184 201 957
f 184 855 206
f 184 908 844
f 184 901 855
f 184 1163 908
f 184 957 1163
f 186 219 203
f 186 1034 219
f 186 952 1034
f 186 1064 952
f 187 729 205
f 187 211 729
f 188 204 948
f 188 997 204
f 188 229 251
f 188 251 1007
f 188 270 997
f 188 1007 270
f 188 948 945
f 188 945 1035
f 189 206 855
f 189 996 206
f 189 846 777
f 189 777 996
f 189 904 846
f 189 855 904
f 190 191 1153
f 190 1153 1158
f 191 1086 204
f 191 204 1164
f 191 1164 1153
f 192 230 269
f 192 269 1166
f 192 1166 1174
f 193 243 1167
f 193 895 1148
f 193 1167 895
f 194 198 207
f 194 207 675
f 194 675 225
f 194 225 720
f 195 224 198
f 195 250 224
f 196 266 235
f 196 235 988
f 196 238 266
f 196 988 767
f 196 767 1004
f 197 228 1045
f 197 1100 228
f 197 1045 254
f 197 254 1102
f 197 766 763
f 197 763 1100
f 197 952 766
f 197 1102 952
f 198 234 207
f 198 224 234
f 199 223 1023
f 199 1134 223
f 199 226 1134
f 200 965 425
f 200 425 981
f 200 682 710
f 200 886 682
f 200 710 965
f 201 206 691
f 201 691 228
f 201 228 1100
f 201 854 957
f 201 1100 854
f 202 215 1038
f 202 1078 215
f 202 1023 223
f 202 223 1078
f 203 219 242
f 203 242 238
f 204 260 239
f 204 239 1164
f 204 997 260
f 204 1086 948
f 205 244 684
f 205 729 244
f 205 684 824
f 205 824 1060
f 206 240 691
f 206 996 240
f 207 234 248
f 207 248 1116
f 207 1116 675
f 208 209 288
f 208 702 209
f 208 288 237
f 209 716 288
f 209 695 716
f 209 860 695
f 209 702 714
f 210 276 980
f 210 1073 276
f 210 980 682
f 210 1131 1073
f 211 244 729
f 211 1133 244
f 211 1071 1103
f 211 1103 1133
f 212 227 256
f 212 977 227
f 212 252 232
f 212 232 737
f 212 256 252
f 212 737 1091
f 213 735 246
f 213 246 757
f 213 511 814
f 213 985 735
f 213 757 753
f 213 814 985
f 214 908 221
f 214 221 913
f 214 233 842
f 214 913 233
f 215 299 230
f 215 432 299
f 215 1078 432
f 216 1074 291
f 216 291 1103
f 216 1071 972
f 216 972 1076
f 216 1103 1071
f 216 1076 1074
f 217 597 577
f 217 577 613
f 217 738 597
f 217 613 632
f 217 632 724
f 217 724 738
f 218 245 226
f 218 289 245
f 218 1144 289
f 218 865 1144
f 219 264 242
f 219 271 264
f 219 265 271
f 219 272 265
f 219 1034 272
f 220 222 732
f 220 1138 222
f 220 732 1069
f 220 1055 1052
f 220 1052 1088
f 220 1069 1055
f 220 1088 1138
f 221 769 246
f 221 246 1141
f 221 267 913
f 221 1141 267
f 221 908 769
f 222 1143 732
f 222 775 1143
f 222 1149 775
f 222 1138 1149
f 223 1061 432
f 223 432 1078
f 223 1134 1061
f 224 1170 234
f 224 250 919
f 224 919 1170
f 225 675 698
f 225 698 1073
f 225 1131 720
f 225 1073 1131
f 226 245 284
f 226 284 1134
f 227 255 256
f 227 263 255
f 227 1153 263
f 227 1158 1153
f 228 240 249
f 228 691 240
f 228 249 1045
f 229 236 251
f 229 737 236
f 229 811 737
f 230 293 269
f 230 299 293
f 231 1019 732
f 231 732 1143
f 231 936 1067
f 231 1143 936
f 231 1076 1019
f 231 1067 1074
f 231 1074 1076
f 232 252 236
f 232 236 737
f 233 243 791
f 233 934 243
f 233 267 301
f 233 913 267
f 233 301 934
f 233 791 836
f 233 836 842
f 234 278 248
f 234 1170 278
f 235 257 253
f 235 253 996
f 235 266 257
f 235 996 988
f 236 252 251
f 237 323 250
f 237 288 356
f 237 356 323
f 238 242 268
f 238 268 266
f 239 260 261
f 239 261 1164
f 240 253 249
f 240 996 253
f 241 262 263
f 241 1164 262
f 241 263 1153
f 241 1153 1164
f 242 264 283
f 242 283 268
f 243 934 337
f 243 337 1096
f 243 1096 1167
f 244 277 302
f 244 1133 277
f 244 302 684
f 245 289 284
f 246 900 294
f 246 294 1141
f 246 735 900
f 246 769 757
f 247 782 333
f 247 333 955
f 247 688 814
f 247 955 688
f 247 739 782
f 247 1000 739
f 247 814 1104
f 247 1104 1000
f 248 278 1169
f 248 1077 300
f 248 300 1116
f 248 1169 1077
f 249 253 254
f 249 254 1045
f 250 323 306
f 250 306 919
f 251 252 256
f 251 256 1007
f 253 257 254
f 254 257 281
f 254 275 259
f 254 259 1102
f 254 281 275
f 255 280 256
f 255 274 260
f 255 260 280
f 255 263 274
f 256 280 270
f 256 270 1007
f 257 266 281
f 258 980 276
f 258 276 1013
f 258 341 326
f 258 326 710
f 258 1013 341
f 258 710 682
f 258 682 980
f 259 266 272
f 259 275 266
f 259 272 1034
f 259 1034 952
f 259 952 1102
f 260 274 261
f 260 270 280
f 260 997 270
f 261 274 263
f 261 263 279
f 261 279 1164
f 262 287 263
f 262 282 292
f 262 1164 282
f 262 292 287
f 263 287 279
f 264 271 285
f 264 285 283
f 265 272 268
f 265 268 286
f 265 286 271
f 266 268 272
f 266 275 281
f 267 294 301
f 267 1141 294
f 268 283 286
f 269 293 328
f 269 328 338
f 269 338 914
f 269 914 1166
f 271 290 285
f 271 286 290
f 273 415 892
f 273 975 415
f 273 491 933
f 273 966 491
f 273 731 975
f 273 991 731
f 273 892 966
f 273 933 991
f 276 305 322
f 276 698 305
f 276 322 1013
f 276 1073 698
f 277 291 310
f 277 1103 291
f 277 310 302
f 277 1133 1103
f 278 340 303
f 278 303 1169
f 278 1170 340
f 279 292 282
f 279 282 1164
f 279 287 292
f 283 285 290
f 283 290 286
f 284 289 304
f 284 304 307
f 284 307 1061
f 284 1061 1134
f 288 709 356
f 288 716 709
f 289 311 304
f 289 937 311
f 289 1144 937
f 291 321 310
f 291 1074 316
f 291 316 1118
f 291 1118 321
f 293 299 330
f 293 330 328
f 294 309 301
f 294 317 309
f 294 900 317
f 295 841 298
f 295 298 944
f 295 1140 841
f 295 944 868
f 295 868 1054
f 295 1054 1140
f 296 782 425
f 296 425 965
f 296 710 747
f 296 965 710
f 296 747 762
f 296 762 1003
f 296 1003 782
f 297 298 827
f 297 1149 298
f 297 827 987
f 297 835 837
f 297 987 835
f 297 837 1149
f 298 841 827
f 298 1149 944
f 299 347 330
f 299 1113 347
f 299 432 1113
f 300 305 698
f 300 1095 305
f 300 1077 350
f 300 350 1095
f 300 698 675
f 300 675 1116
f 301 309 314
f 301 314 725
f 301 725 934
f 302 310 315
f 302 315 993
f 302 993 684
f 303 358 313
f 303 313 1169
f 303 340 358
f 304 318 307
f 304 311 318
f 305 331 322
f 305 1095 331
f 306 323 308
f 306 308 919
f 307 318 320
f 307 320 1061
f 308 323 384
f 308 884 340
f 308 340 1170
f 308 384 884
f 308 1170 919
f 309 312 314
f 309 317 312
f 310 321 315
f 311 1157 318
f 311 937 712
f 311 712 1157
f 312 1090 314
f 312 317 831
f 312 329 325
f 312 325 1090
f 312 1087 329
f 312 831 1087
f 313 335 319
f 313 319 1169
f 313 369 335
f 313 358 369
f 314 375 725
f 314 1051 375
f 314 1090 1051
f 315 321 336
f 315 336 1107
f 315 1107 993
f 316 1067 324
f 316 324 1118
f 316 1074 1067
f 317 348 831
f 317 900 348
f 318 334 320
f 318 339 334
f 318 1157 339
f 319 335 350
f 319 350 1077
f 319 1077 1169
f 320 334 1113
f 320 432 1061
f 320 1113 432
f 321 1118 336
f 322 331 368
f 322 368 341
f 322 341 1013
f 323 356 370
f 323 370 384
f 324 987 352
f 324 352 1136
f 324 936 835
f 324 835 987
f 324 1067 936
f 324 1136 1118
f 325 329 342
f 325 342 692
f 325 692 344
f 325 344 1135
f 325 378 1090
f 325 1135 378
f 326 341 968
f 326 385 392
f 326 968 385
f 326 392 708
f 326 708 747
f 326 747 710
f 327 351 360
f 327 1140 351
f 327 360 352
f 327 352 987
f 327 827 841
f 327 987 827
f 327 841 1140
f 328 330 346
f 328 366 338
f 328 346 366
f 329 343 342
f 329 1087 343
f 330 357 346
f 330 347 357
f 331 361 368
f 331 1095 361
f 332 652 630
f 332 630 705
f 332 925 652
f 332 705 713
f 332 713 812
f 332 812 925
f 333 708 728
f 333 1003 708
f 333 728 796
f 333 782 1003
f 333 796 955
f 334 339 355
f 334 355 1113
f 335 383 350
f 335 369 941
f 335 941 383
f 336 345 1107
f 336 1161 345
f 336 1118 1161
f 337 934 725
f 337 725 979
f 337 929 1096
f 337 1121 929
f 337 979 1121
f 338 353 914
f 338 1182 353
f 338 366 1182
f 339 353 355
f 339 1117 353
f 339 712 1117
f 339 1157 712
f 340 721 358
f 340 884 721
f 341 368 899
f 341 899 968
f 342 343 958
f 342 374 363
f 342 363 692
f 342 1042 374
f 342 958 1042
f 343 388 958
f 343 1087 388
f 344 692 363
f 344 363 1011
f 344 1011 1027
f 344 1027 1135
f 345 354 1009
f 345 1161 354
f 345 1049 752
f 345 752 1107
f 345 1009 1049
f 346 357 366
f 347 355 364
f 347 1113 355
f 347 364 357
f 348 372 831
f 348 1053 372
f 348 998 683
f 348 683 1053
f 348 900 964
f 348 964 998
f 349 379 390
f 349 979 379
f 349 390 696
f 349 696 723
f 349 723 929
f 349 929 1121
f 349 1121 979
f 350 383 362
f 350 362 1175
f 350 1175 1095
f 351 365 360
f 351 1024 365
f 351 1140 1024
f 352 360 365
f 352 365 1130
f 352 1130 1136
f 353 364 355
f 353 1182 364
f 353 1117 914
f 354 1130 1009
f 354 1118 1136
f 354 1161 1118
f 354 1136 1130
f 356 382 370
f 356 709 382
f 357 364 366
f 358 376 369
f 358 386 376
f 358 721 386
f 359 393 680
f 359 1062 393
f 359 680 709
f 359 716 695
f 359 695 1062
f 359 709 716
f 361 371 368
f 361 404 371
f 361 1175 404
f 361 1095 1175
f 362 383 1175
f 363 374 377
f 363 377 381
f 363 381 1011
f 364 1182 366
f 365 1002 1009
f 365 1024 1002
f 365 1009 1130
f 367 396 683
f 367 796 396
f 367 683 998
f 367 688 955
f 367 964 688
f 367 955 796
f 367 998 964
f 368 371 1083
f 368 1083 899
f 369 376 941
f 370 382 394
f 370 394 384
f 371 404 402
f 371 402 830
f 371 830 1083
f 372 388 831
f 372 869 388
f 372 1041 869
f 372 1053 1041
f 373 419 798
f 373 815 419
f 373 736 867
f 373 918 736
f 373 798 918
f 373 867 815
f 374 387 377
f 374 380 391
f 374 1042 380
f 374 391 387
f 375 378 817
f 375 1051 378
f 375 401 379
f 375 379 979
f 375 817 401
f 375 979 725
f 376 386 398
f 376 398 674
f 376 674 941
f 377 387 381
f 378 1027 817
f 378 1135 1027
f 378 1051 1090
f 379 1031 390
f 379 401 409
f 379 409 1031
f 380 406 391
f 380 798 406
f 380 864 798
f 380 1042 864
f 381 387 407
f 381 405 395
f 381 395 1011
f 381 407 405
f 382 389 399
f 382 709 389
f 382 399 394
f 383 974 820
f 383 820 1175
f 383 959 821
f 383 821 974
f 383 941 959
f 384 394 408
f 384 417 400
f 384 400 884
f 384 408 417
f 385 1044 392
f 385 968 403
f 385 403 1018
f 385 1018 1044
f 386 420 398
f 386 990 420
f 386 721 990
f 387 391 412
f 387 412 407
f 388 869 736
f 388 736 918
f 388 1087 831
f 388 918 864
f 388 864 958
f 389 687 399
f 389 680 411
f 389 411 687
f 389 709 680
f 390 678 696
f 390 697 678
f 390 950 697
f 390 1031 950
f 391 406 412
f 392 728 708
f 392 992 728
f 392 1044 992
f 393 678 1016
f 393 1171 678
f 393 1016 680
f 393 1062 1171
f 394 399 410
f 394 410 408
f 395 405 786
f 395 786 415
f 395 415 1027
f 395 1027 1011
f 396 672 418
f 396 418 683
f 396 722 672
f 396 992 722
f 396 796 728
f 396 728 992
f 397 683 418
f 397 418 1065
f 397 1053 683
f 397 736 869
f 397 982 736
f 397 869 1041
f 397 1065 982
f 397 1041 1053
f 398 420 421
f 398 421 674
f 399 687 410
f 400 417 995
f 400 721 884
f 400 1057 721
f 400 995 1057
f 401 424 409
f 401 715 424
f 401 817 715
f 402 404 910
f 402 426 416
f 402 416 830
f 402 438 426
f 402 910 438
f 403 830 416
f 403 416 1068
f 403 899 830
f 403 968 899
f 403 1068 1018
f 404 820 730
f 404 730 910
f 404 1175 820
f 405 407 877
f 405 454 786
f 405 877 454
f 406 423 412
f 406 798 419
f 406 419 1021
f 406 1021 423
f 407 412 1154
f 407 711 994
f 407 1154 711
f 407 994 877
f 408 410 446
f 408 450 417
f 408 446 450
f 409 424 1008
f 409 1008 1031
f 410 422 446
f 410 687 422
f 411 435 687
f 411 1180 435
f 411 680 744
f 411 744 1180
f 412 423 1154
f 413 745 439
f 413 439 746
f 413 596 467
f 413 467 730
f 413 746 596
f 413 730 745
f 414 448 852
f 414 1092 448
f 414 852 1145
f 414 990 1057
f 414 1145 990
f 414 1057 995
f 414 995 1092
f 415 715 817
f 415 975 715
f 415 786 892
f 415 817 1027
f 416 426 686
f 416 686 1068
f 417 450 995
f 418 672 761
f 418 761 779
f 418 779 1065
f 419 475 478
f 419 815 475
f 419 478 1021
f 420 430 421
f 420 427 430
f 420 1145 427
f 420 990 1145
f 421 430 434
f 421 434 1115
f 421 1115 674
f 422 443 446
f 422 687 443
f 423 436 428
f 423 428 1154
f 423 803 436
f 423 453 803
f 423 1021 453
f 424 946 445
f 424 445 1008
f 424 715 731
f 424 731 946
f 425 782 739
f 425 739 1139
f 425 1139 981
f 426 438 437
f 426 437 442
f 426 442 686
f 427 433 430
f 427 848 433
f 427 852 848
f 427 1145 852
f 428 436 441
f 428 441 711
f 428 711 1154
f 429 722 992
f 429 1079 722
f 429 1018 760
f 429 760 1114
f 429 992 1044
f 429 1044 1018
f 429 1114 1079
f 430 433 434
f 431 444 758
f 431 894 444
f 431 758 754
f 431 754 982
f 431 779 894
f 431 1065 779
f 431 982 1065
f 433 457 434
f 433 888 457
f 433 848 888
f 434 457 1108
f 434 845 755
f 434 755 1115
f 434 1108 845
f 435 443 687
f 435 833 443
f 435 481 487
f 435 1180 481
f 435 487 833
f 436 903 441
f 436 803 458
f 436 458 903
f 437 438 463
f 437 443 442
f 437 463 443
f 438 978 463
f 438 910 939
f 438 939 978
f 439 821 674
f 439 674 1115
f 439 745 821
f 439 750 746
f 439 776 750
f 439 755 776
f 439 1115 755
f 440 455 444
f 440 444 894
f 440 751 455
f 440 672 759
f 440 761 672
f 440 759 751
f 440 894 761
f 441 452 829
f 441 927 452
f 441 829 711
f 441 903 927
f 442 443 833
f 442 1084 686
f 442 833 1084
f 443 808 446
f 443 463 1001
f 443 1001 808
f 444 455 758
f 445 797 461
f 445 461 1177
f 445 946 797
f 445 1177 1008
f 446 479 450
f 446 808 479
f 447 472 469
f 447 469 867
f 447 800 472
f 447 867 736
f 447 736 982
f 447 754 800
f 447 982 754
f 448 460 825
f 448 1092 460
f 448 825 876
f 448 848 852
f 448 876 848
f 449 694 734
f 449 930 694
f 449 734 961
f 449 759 930
f 449 1015 759
f 449 961 1015
f 450 479 484
f 450 484 740
f 450 740 995
f 451 509 481
f 451 481 1180
f 451 1080 509
f 451 744 969
f 451 1180 744
f 451 942 1080
f 451 1097 942
f 451 969 1097
f 452 947 465
f 452 465 953
f 452 764 829
f 452 953 764
f 452 927 956
f 452 956 947
f 453 784 458
f 453 458 803
f 453 478 784
f 453 1021 478
f 454 935 477
f 454 477 966
f 454 892 786
f 454 877 935
f 454 966 892
f 455 474 461
f 455 461 859
f 455 751 474
f 455 875 758
f 455 859 875
f 456 889 477
f 456 477 935
f 456 711 829
f 456 994 711
f 456 829 764
f 456 764 889
f 456 935 877
f 456 877 994
f 457 476 485
f 457 851 476
f 457 485 482
f 457 482 1108
f 457 888 851
f 458 466 459
f 458 459 903
f 458 473 466
f 458 784 473
f 459 466 468
f 459 468 947
f 459 927 903
f 459 956 927
f 459 947 956
f 460 778 816
f 460 1092 778
f 460 816 871
f 460 871 825
f 461 474 689
f 461 483 480
f 461 480 859
f 461 797 483
f 461 689 1177
f 462 487 505
f 462 833 487
f 462 505 504
f 462 504 1079
f 462 1084 833
f 462 1079 1114
f 462 1114 1084
f 463 756 818
f 463 978 756
f 463 818 1001
f 464 496 472
f 464 472 800
f 464 480 496
f 464 859 480
f 464 800 758
f 464 758 875
f 464 875 859
f 465 947 468
f 465 468 953
f 466 473 468
f 467 596 923
f 467 923 727
f 467 727 939
f 467 910 730
f 467 939 910
f 468 473 1098
f 468 1098 953
f 469 472 508
f 469 475 867
f 469 971 475
f 469 508 971
f 470 490 483
f 470 483 797
f 470 486 490
f 470 991 486
f 470 797 946
f 470 946 991
f 471 476 851
f 471 891 476
f 471 876 825
f 471 825 1059
f 471 851 876
f 471 1059 891
f 472 496 501
f 472 501 508
f 473 976 783
f 473 783 1098
f 473 784 976
f 474 488 503
f 474 751 488
f 474 503 1152
f 474 1152 689
f 475 510 478
f 475 857 510
f 475 815 867
f 475 1020 857
f 475 971 1020
f 476 493 485
f 476 891 493
f 477 703 499
f 477 499 966
f 477 1028 703
f 477 889 1028
f 478 510 1058
f 478 516 976
f 478 1058 516
f 478 976 784
f 479 706 484
f 479 1037 706
f 479 808 1037
f 480 483 986
f 480 986 496
f 481 500 487
f 481 509 500
f 482 485 494
f 482 494 492
f 482 492 776
f 482 776 1108
f 483 490 986
f 484 541 514
f 484 514 911
f 484 706 541
f 484 911 740
f 485 493 494
f 486 489 490
f 486 933 489
f 486 991 933
f 487 500 502
f 487 502 505
f 488 523 503
f 488 517 523
f 488 961 517
f 488 751 1015
f 488 1015 961
f 489 501 490
f 489 491 527
f 489 933 491
f 489 1150 501
f 489 527 1150
f 490 501 986
f 491 499 527
f 491 966 499
f 492 494 495
f 492 495 518
f 492 518 1029
f 492 750 776
f 492 1029 750
f 493 495 494
f 493 891 495
f 495 520 518
f 495 531 520
f 495 1059 531
f 495 891 1059
f 496 986 501
f 497 498 507
f 497 818 498
f 497 507 858
f 497 872 818
f 497 858 819
f 497 819 872
f 498 512 507
f 498 793 512
f 498 818 793
f 499 849 527
f 499 703 1081
f 499 1081 849
f 500 515 502
f 500 509 528
f 500 528 515
f 501 1150 508
f 502 515 505
f 503 521 506
f 503 506 1152
f 503 524 521
f 503 523 525
f 503 525 524
f 504 505 539
f 504 539 805
f 504 805 734
f 504 734 1079
f 505 515 535
f 505 535 539
f 506 521 1110
f 506 1110 1120
f 506 1120 1152
f 507 512 519
f 507 519 858
f 508 527 533
f 508 1150 527
f 508 533 971
f 509 537 528
f 509 1120 537
f 509 1080 1120
f 510 857 1129
f 510 963 1058
f 510 1101 963
f 510 1129 1101
f 511 1104 814
f 511 1000 1104
f 512 1155 519
f 512 793 727
f 512 727 1155
f 513 564 547
f 513 547 923
f 513 555 573
f 513 1029 555
f 513 573 564
f 513 923 596
f 513 596 1029
f 514 543 531
f 514 531 807
f 514 541 557
f 514 548 543
f 514 557 548
f 514 807 911
f 515 528 562
f 515 532 535
f 515 562 532
f 516 582 551
f 516 551 783
f 516 963 582
f 516 783 976
f 516 1058 963
f 517 862 523
f 517 805 538
f 517 538 862
f 517 734 805
f 517 961 734
f 518 520 530
f 518 530 1029
f 519 885 804
f 519 804 1037
f 519 1037 858
f 519 1155 885
f 520 536 530
f 520 531 536
f 521 524 534
f 521 534 550
f 521 550 544
f 521 544 1110
f 522 547 529
f 522 529 804
f 522 923 547
f 522 727 923
f 522 1155 727
f 522 804 885
f 522 885 1155
f 523 553 525
f 523 862 553
f 524 525 1126
f 524 1126 534
f 525 553 1126
f 526 542 785
f 526 1066 542
f 526 551 568
f 526 783 551
f 526 568 1066
f 526 1098 783
f 526 785 1098
f 527 849 533
f 528 537 549
f 528 549 562
f 529 547 565
f 529 565 973
f 529 706 804
f 529 973 706
f 530 536 540
f 530 540 1029
f 531 543 536
f 531 1059 807
f 532 552 535
f 532 559 552
f 532 562 559
f 533 849 792
f 533 792 857
f 533 857 1020
f 533 1020 971
f 534 560 550
f 534 1063 560
f 534 1126 1063
f 535 570 539
f 535 552 570
f 536 543 540
f 537 544 586
f 537 1120 544
f 537 586 549
f 538 539 577
f 538 805 539
f 538 577 597
f 538 597 677
f 538 677 862
f 539 570 577
f 540 543 546
f 540 546 554
f 540 554 1029
f 541 563 557
f 541 571 563
f 541 565 571
f 541 973 565
f 541 706 973
f 542 1014 703
f 542 703 1028
f 542 1028 785
f 542 1142 1014
f 542 1066 1142
f 543 556 546
f 543 548 556
f 544 550 839
f 544 839 586
f 544 1120 1110
f 545 693 567
f 545 567 1063
f 545 569 943
f 545 1126 569
f 545 943 693
f 545 1063 1126
f 546 556 554
f 547 564 565
f 548 558 556
f 548 557 558
f 549 594 562
f 549 586 600
f 549 600 594
f 550 560 960
f 550 960 839
f 551 576 568
f 551 578 576
f 551 582 578
f 552 559 1176
f 552 575 570
f 552 1176 575
f 553 742 569
f 553 569 1126
f 553 677 742
f 553 862 677
f 554 557 555
f 554 555 1029
f 554 556 558
f 554 558 557
f 555 557 563
f 555 563 572
f 555 572 573
f 559 562 585
f 559 585 588
f 559 588 1176
f 560 581 960
f 560 1063 581
f 561 741 789
f 562 594 585
f 563 571 572
f 564 573 565
f 565 573 571
f 566 768 1014
f 566 1040 768
f 566 1005 1040
f 566 1142 1005
f 566 1014 1142
f 567 591 581
f 567 581 1063
f 567 583 591
f 567 693 583
f 568 576 580
f 568 580 1066
f 569 742 617
f 569 617 943
f 570 575 593
f 570 613 577
f 570 593 613
f 571 573 572
f 574 584 579
f 574 579 1101
f 574 1040 584
f 574 792 768
f 574 768 1040
f 574 1129 792
f 574 1101 1129
f 575 1176 593
f 576 578 580
f 578 595 580
f 578 582 1124
f 578 1124 595
f 579 582 963
f 579 1124 582
f 579 584 1124
f 579 963 1101
f 580 603 587
f 580 587 1066
f 580 595 603
f 581 591 847
f 581 847 770
f 581 770 960
f 583 589 599
f 583 693 589
f 583 602 591
f 583 599 602
f 584 592 598
f 584 1040 592
f 584 598 1124
f 585 679 588
f 585 594 614
f 585 614 679
f 586 705 600
f 586 770 705
f 586 839 770
f 587 608 592
f 587 592 1005
f 587 603 608
f 587 1005 1066
f 588 611 601
f 588 601 1176
f 588 679 611
f 589 590 604
f 589 693 590
f 589 605 599
f 589 604 605
f 590 693 604
f 591 602 615
f 591 615 620
f 591 620 847
f 592 608 598
f 592 1040 1005
f 593 601 924
f 593 1176 601
f 593 883 613
f 593 924 883
f 594 600 743
f 594 743 614
f 595 598 607
f 595 1124 598
f 595 609 603
f 595 607 609
f 596 746 1029
f 597 612 677
f 597 738 612
f 598 610 607
f 598 608 610
f 599 616 602
f 599 605 619
f 599 619 616
f 600 705 630
f 600 630 743
f 601 611 622
f 601 622 625
f 601 625 924
f 602 616 615
f 603 606 608
f 603 609 606
f 604 618 605
f 604 617 618
f 604 943 617
f 604 693 943
f 605 618 624
f 605 624 619
f 606 610 608
f 606 609 610
f 607 610 609
f 611 621 627
f 611 679 621
f 611 627 622
f 612 639 617
f 612 617 742
f 612 765 639
f 612 742 677
f 612 738 765
f 613 788 632
f 613 883 788
f 614 951 679
f 614 743 717
f 614 717 853
f 614 853 951
f 615 616 628
f 615 631 620
f 615 628 631
f 616 619 626
f 616 626 628
f 617 636 618
f 617 639 636
f 618 629 624
f 618 640 629
f 618 636 640
f 619 624 626
f 620 631 646
f 620 646 713
f 620 713 770
f 620 770 847
f 621 638 627
f 621 726 638
f 621 679 951
f 621 951 726
f 622 634 625
f 622 627 637
f 622 637 634
f 623 625 909
f 623 924 625
f 623 642 788
f 623 810 642
f 623 788 883
f 623 909 810
f 623 883 924
f 624 633 626
f 624 629 633
f 625 634 989
f 625 989 909
f 626 635 628
f 626 633 635
f 627 638 637
f 628 641 631
f 628 635 641
f 629 643 633
f 629 640 650
f 629 650 643
f 630 652 840
f 630 717 743
f 630 840 717
f 631 641 1017
f 631 1017 646
f 632 788 658
f 632 658 907
f 632 719 724
f 632 907 719
f 633 643 635
f 634 637 644
f 634 644 989
f 635 648 641
f 635 643 648
f 636 639 655
f 636 655 640
f 637 638 644
f 638 647 644
f 638 1048 647
f 638 726 1048
f 639 690 655
f 639 657 690
f 639 724 657
f 639 765 724
f 640 1056 650
f 640 655 656
f 640 656 1056
f 641 648 651
f 641 651 1017
f 642 658 788
f 642 1070 658
f 642 810 1070
f 643 650 648
f 644 647 649
f 644 649 989
f 645 853 717
f 645 717 999
f 645 726 853
f 645 1075 726
f 645 999 1032
f 645 1032 1075
f 646 654 812
f 646 1112 654
f 646 1017 659
f 646 659 1112
f 646 812 713
f 647 653 649
f 647 1048 653
f 648 650 651
f 649 653 863
f 649 863 810
f 649 810 909
f 649 909 989
f 650 1056 651
f 651 1089 1017
f 651 1056 1089
f 652 915 660
f 652 660 1179
f 652 1179 840
f 652 925 915
f 653 661 863
f 653 1075 661
f 653 1048 726
f 653 726 1075
f 654 1025 666
f 654 666 1026
f 654 925 812
f 654 1026 925
f 654 1112 1025
f 655 663 656
f 655 690 663
f 656 663 659
f 656 659 1056
f 657 673 690
f 657 719 673
f 657 724 719
f 658 668 662
f 658 662 907
f 658 887 668
f 658 1082 887
f 658 1070 1082
f 659 663 1025
f 659 1017 1089
f 659 1025 1112
f 659 1089 1056
f 660 970 669
f 660 669 1179
f 660 915 970
f 661 664 863
f 661 1111 664
f 661 1075 1032
f 661 1032 1111
f 662 668 748
f 662 673 719
f 662 748 673
f 662 719 907
f 663 667 666
f 663 666 1025
f 663 690 667
f 664 1070 863
f 664 887 1082
f 664 1111 887
f 664 1082 1070
f 665 669 668
f 665 668 887
f 665 1179 669
f 665 887 1111
f 665 1032 999
f 665 999 1179
f 665 1111 1032
f 666 667 671
f 666 671 1026
f 667 690 671
f 668 669 748
f 669 970 748
f 670 671 822
f 670 1026 671
f 670 822 912
f 670 912 1156
f 670 1156 1026
f 671 690 822
f 672 722 930
f 672 930 759
f 673 822 690
f 673 748 822
f 674 821 959
f 674 959 941
f 678 1171 696
f 678 697 1016
f 680 1016 744
f 684 752 926
f 684 1107 752
f 684 926 824
f 684 993 1107
f 686 760 1068
f 686 1084 760
f 688 964 735
f 688 735 985
f 688 985 814
f 689 1120 942
f 689 942 1177
f 689 1152 1120
f 694 930 722
f 694 722 1079
f 694 1079 734
f 695 860 718
f 695 718 1171
f 695 1171 1062
f 696 1171 723
f 697 969 744
f 697 744 1016
f 697 950 1119
f 697 1119 969
f 701 1172 856
f 703 1014 768
f 703 768 1081
f 704 1046 1146
f 705 770 713
f 706 1037 804
f 708 762 747
f 708 1003 762
f 712 914 1117
f 712 1166 914
f 712 937 962
f 712 962 1166
f 715 975 731
f 717 840 1179
f 717 1179 999
f 718 917 723
f 718 723 1171
f 718 860 874
f 718 874 917
f 721 1057 990
f 723 917 929
f 724 765 738
f 726 951 853
f 727 793 756
f 727 756 978
f 727 978 939
f 730 821 745
f 730 820 974
f 730 974 821
f 731 991 946
f 735 964 900
f 737 811 920
f 740 911 778
f 740 778 995
f 746 750 1029
f 748 912 822
f 748 970 912
f 749 1123 928
f 751 759 1015
f 752 1128 926
f 752 1049 1128
f 753 757 957
f 753 932 1123
f 754 758 800
f 755 845 776
f 756 793 818
f 757 769 957
f 760 1018 1068
f 760 1084 1114
f 761 894 779
f 763 766 813
f 763 781 1100
f 764 953 889
f 766 898 813
f 766 952 898
f 767 988 777
f 767 777 1043
f 767 1043 809
f 767 809 1085
f 767 1085 1004
f 768 792 849
f 768 849 1081
f 769 908 957
f 770 839 960
f 772 928 1123
f 773 813 898
f 775 837 936
f 775 1149 837
f 775 936 1143
f 776 845 1108
f 777 846 1043
f 777 988 996
f 778 911 816
f 778 1092 995
f 780 1127 802
f 785 889 953
f 785 1028 889
f 785 953 1098
f 787 938 916
f 792 1129 857
f 798 864 918
f 799 823 881
f 799 1036 823
f 799 881 1172
f 802 1183 880
f 802 1127 1183
f 806 897 967
f 807 816 911
f 807 1059 816
f 808 1001 819
f 808 819 1037
f 810 863 1070
f 816 1059 871
f 818 872 1001
f 819 858 1037
f 819 1001 872
f 823 1159 832
f 823 921 881
f 824 926 983
f 825 871 1059
f 830 899 1083
f 835 936 837
f 838 846 904
f 838 1043 846
f 848 876 851
f 848 851 888
f 855 901 904
f 860 1174 874
f 864 1042 958
f 865 962 937
f 865 937 1144
f 865 1109 962
f 865 1022 1109
f 866 1105 1091
f 868 944 1138
f 868 1088 1054
f 868 1138 1088
f 870 880 1183
f 874 895 917
f 895 1167 917
f 898 952 1064
f 898 1064 1147
f 898 1147 1132
f 902 1094 1160
f 905 922 949
f 908 1163 957
f 912 970 915
f 912 915 1156
f 915 925 1156
f 917 1167 929
f 925 1026 1156
f 926 1052 983
f 926 1128 1052
f 929 1167 1096
f 942 1120 1080
f 942 1097 1119
f 942 1119 1177
f 944 1149 1138
f 950 1031 1008
f 950 1008 1119
f 962 1109 1030
f 962 1030 1166
f 969 1119 1097
f 972 1019 1076
f 972 1071 1033
f 983 1055 984
f 983 1052 1055
f 1002 1049 1009
f 1002 1024 1054
f 1002 1054 1049
f 1005 1142 1066
f 1008 1177 1119
f 1024 1140 1054
f 1030 1174 1166
f 1046 1173 1146
f 1049 1054 1088
f 1049 1088 1128
f 1052 1128 1088
f 1094 1105 1160
