solid /Users/dianne/Desktop/MIT/Graphics_final_project/fast_cody/outputs/converted/20251121_122103/model.msh__tracked_surface.stl
facet normal 0 0 0
outer loop
vertex 4.901643e-01 3.177942e-01 2.144003e-02
vertex 4.338824e-01 3.814749e-01 2.989292e-02
vertex 4.105220e-01 3.125964e-01 2.864060e-02
endloop
endfacet
facet normal 0 0 0
outer loop
vertex 2.552789e-01 5.572192e-01 -2.427316e-02
vertex 2.463911e-01 6.184847e-01 -1.002049e-02
vertex 3.053449e-01 6.142498e-01 -2.727299e-02
endloop
endfacet
facet normal 0 0 0
outer loop
vertex 2.740453e-01 8.647278e-01 -9.385325e-03
vertex 2.738613e-01 8.888530e-01 1.658042e-03
vertex 2.785947e-01 8.715358e-01 1.922000e-03
endloop
endfacet
facet normal 0 0 0
outer loop
vertex -7.358407e-02 5.515095e-01 1.197459e-01
vertex -1.374675e-01 5.387998e-01 1.071361e-01
vertex -1.172455e-01 5.482919e-01 1.204875e-01
endloop
endfacet
facet normal 0 0 0
outer loop
vertex 2.343609e-01 3.976022e-01 -1.614706e-02
vertex 2.365060e-01 3.710260e-01 -9.532000e-03
vertex 2.022304e-01 3.874496e-01 -2.199648e-03
endloop
endfacet
facet normal 0 0 0
outer loop
vertex -4.365381e-01 6.255764e-01 4.963319e-02
vertex -5.024430e-01 5.832558e-01 4.302502e-02
vertex -4.804051e-01 5.728449e-01 5.400675e-02
endloop
endfacet
facet normal 0 0 0
outer loop
vertex 8.657928e-02 9.712464e-01 -4.600000e-04
vertex 8.344345e-02 9.534484e-01 7.805213e-03
vertex 1.056352e-01 9.600590e-01 6.179008e-03
endloop
endfacet
facet normal 0 0 0
outer loop
vertex 2.112850e-01 3.956520e-01 8.081000e-03
vertex 2.240330e-01 4.146380e-01 2.029598e-02
vertex 1.926257e-01 4.393734e-01 2.899370e-02
endloop
endfacet
facet normal 0 0 0
outer loop
vertex 1.294130e-01 9.648911e-01 1.116075e-03
vertex 1.535875e-01 9.488055e-01 9.445604e-03
vertex 1.727862e-01 9.634420e-01 4.907143e-03
endloop
endfacet
facet normal 0 0 0
outer loop
vertex -5.682400e-02 5.498850e-01 1.257800e-01
vertex -7.290308e-02 5.522284e-01 1.319710e-01
vertex -5.525737e-02 5.308404e-01 1.362481e-01
endloop
endfacet
facet normal 0 0 0
outer loop
vertex -1.715748e-01 5.253839e-01 1.140449e-01
vertex -1.989074e-01 5.126509e-01 9.474971e-02
vertex -2.221892e-01 4.987922e-01 1.029563e-01
endloop
endfacet
facet normal 0 0 0
outer loop
vertex -6.342215e-02 1.653517e-01 -9.497584e-03
vertex -7.501210e-02 2.019860e-01 6.084251e-03
vertex -7.611629e-02 2.131749e-01 -9.436212e-03
endloop
endfacet
facet normal 0 0 0
outer loop
vertex -1.495449e-01 2.231457e-01 -4.896926e-02
vertex -1.668258e-01 2.364097e-01 -3.256549e-02
vertex -1.511628e-01 2.059774e-01 -4.195972e-02
endloop
endfacet
facet normal 0 0 0
outer loop
vertex -7.290308e-02 5.522284e-01 1.319710e-01
vertex -7.358407e-02 5.515095e-01 1.197459e-01
vertex -1.172455e-01 5.482919e-01 1.204875e-01
endloop
endfacet
facet normal 0 0 0
outer loop
vertex -1.410327e-01 8.861672e-02 -7.186581e-02
vertex -1.424144e-01 8.275734e-02 -8.830690e-02
vertex -1.353970e-01 1.106750e-01 -7.887655e-02
endloop
endfacet
facet normal 0 0 0
outer loop
vertex 1.696723e-02 6.439999e-01 -5.201547e-02
vertex -2.313909e-02 6.784213e-01 -5.148727e-02
vertex 1.618680e-02 6.814479e-01 -4.029547e-02
endloop
endfacet
facet normal 0 0 0
outer loop
vertex 5.753957e-01 3.707891e-01 -1.124658e-02
vertex 5.807850e-01 3.757116e-01 4.446772e-03
vertex 5.577847e-01 3.364130e-01 -8.185447e-03
endloop
endfacet
facet normal 0 0 0
outer loop
vertex -5.901852e-01 4.742242e-01 2.200375e-02
vertex -5.982602e-01 4.800572e-01 -6.304344e-03
vertex -5.958416e-01 4.565907e-01 5.694079e-03
endloop
endfacet
facet normal 0 0 0
outer loop
vertex -4.905753e-01 3.946416e-01 -4.452028e-02
vertex -5.029719e-01 3.732843e-01 -1.637262e-02
vertex -5.261497e-01 4.117511e-01 -3.810601e-02
endloop
endfacet
facet normal 0 0 0
outer loop
vertex -1.803909e-01 2.705944e-01 -1.445968e-02
vertex -1.877568e-01 2.829567e-01 -3.026894e-02
vertex -1.548449e-01 2.918461e-01 -3.582612e-02
endloop
endfacet
facet normal 0 0 0
outer loop
vertex -1.115891e-01 5.468000e-01 -1.120509e-01
vertex -1.319868e-01 5.432733e-01 -1.105097e-01
vertex -1.287583e-01 5.255339e-01 -1.071600e-01
endloop
endfacet
facet normal 0 0 0
outer loop
vertex -5.313943e-01 5.825528e-01 2.580894e-02
vertex -5.126705e-01 6.057736e-01 1.653892e-02
vertex -5.289881e-01 5.932208e-01 5.700884e-03
endloop
endfacet
facet normal 0 0 0
outer loop
vertex 6.624302e-02 5.980107e-01 4.847685e-02
vertex 7.007630e-02 6.516774e-01 3.088171e-02
vertex 2.397794e-02 6.363569e-01 5.166211e-02
endloop
endfacet
facet normal 0 0 0
outer loop
vertex -1.987063e-01 7.666433e-01 -1.014364e-02
vertex -1.725134e-01 7.486095e-01 -1.544412e-02
vertex -2.118213e-01 7.425503e-01 -1.385354e-02
endloop
endfacet
facet normal 0 0 0
outer loop
vertex -1.725134e-01 7.486095e-01 -1.544412e-02
vertex -2.030871e-01 7.360017e-01 -3.217535e-02
vertex -2.118213e-01 7.425503e-01 -1.385354e-02
endloop
endfacet
facet normal 0 0 0
outer loop
vertex 4.064749e-01 5.264983e-01 -3.514884e-02
vertex 4.599565e-01 4.753404e-01 -3.381567e-02
vertex 4.006130e-01 4.687860e-01 -3.513688e-02
endloop
endfacet
facet normal 0 0 0
outer loop
vertex 7.007630e-02 6.516774e-01 3.088171e-02
vertex 1.057947e-01 6.363858e-01 9.349637e-03
vertex 6.979100e-02 6.559930e-01 1.379000e-02
endloop
endfacet
facet normal 0 0 0
outer loop
vertex 1.057947e-01 6.363858e-01 9.349637e-03
vertex 1.021809e-01 6.931099e-01 1.767652e-02
vertex 6.979100e-02 6.559930e-01 1.379000e-02
endloop
endfacet
facet normal 0 0 0
outer loop
vertex 2.541007e-01 4.326770e-01 2.330978e-02
vertex 1.926257e-01 4.393734e-01 2.899370e-02
vertex 2.240330e-01 4.146380e-01 2.029598e-02
endloop
endfacet
facet normal 0 0 0
outer loop
vertex -3.568976e-01 6.562791e-01 -5.594013e-02
vertex -2.700434e-01 6.597570e-01 -6.376366e-02
vertex -3.059208e-01 5.914923e-01 -7.547496e-02
endloop
endfacet
facet normal 0 0 0
outer loop
vertex -1.999543e-01 5.567039e-01 -8.071160e-02
vertex -1.801309e-01 5.011457e-01 -7.930218e-02
vertex -2.215714e-01 5.217354e-01 -8.043981e-02
endloop
endfacet
facet normal 0 0 0
outer loop
vertex -1.693276e-01 4.721133e-01 -9.737617e-02
vertex -1.775835e-01 5.168076e-01 -9.672644e-02
vertex -1.987093e-01 4.799521e-01 -9.087267e-02
endloop
endfacet
facet normal 0 0 0
outer loop
vertex 6.452268e-02 4.954504e-01 -5.837056e-02
vertex 1.940438e-02 5.114369e-01 -6.469641e-02
vertex 6.736537e-02 5.581248e-01 -5.444803e-02
endloop
endfacet
facet normal 0 0 0
outer loop
vertex -1.851228e-01 4.669606e-01 1.107386e-01
vertex -1.669547e-01 4.326813e-01 1.159905e-01
vertex -1.221863e-01 4.395750e-01 1.257930e-01
endloop
endfacet
facet normal 0 0 0
outer loop
vertex 3.718916e-01 6.988940e-02 -1.050818e-02
vertex 3.828444e-01 6.769750e-02 -2.217358e-03
vertex 3.739766e-01 4.832166e-02 -8.264673e-03
endloop
endfacet
facet normal 0 0 0
outer loop
vertex -1.690122e-01 7.004841e-02 8.695572e-02
vertex -1.971453e-01 9.326388e-02 8.140495e-02
vertex -1.798851e-01 7.445398e-02 6.981428e-02
endloop
endfacet
facet normal 0 0 0
outer loop
vertex -4.458546e-01 5.459757e-01 8.104172e-02
vertex -4.294810e-01 5.232273e-01 8.214561e-02
vertex -4.362542e-01 5.589882e-01 6.942212e-02
endloop
endfacet
facet normal 0 0 0
outer loop
vertex -4.236666e-01 6.783606e-01 2.410762e-04
vertex -3.870748e-01 6.943027e-01 2.266379e-02
vertex -3.800434e-01 6.975187e-01 -2.325574e-02
endloop
endfacet
facet normal 0 0 0
outer loop
vertex -2.643868e-01 3.771254e-01 -7.227806e-02
vertex -2.825176e-01 3.776507e-01 -8.167538e-02
vertex -2.566988e-01 3.552151e-01 -8.551810e-02
endloop
endfacet
facet normal 0 0 0
outer loop
vertex -5.749700e-03 3.478755e-01 4.706495e-02
vertex 4.199350e-02 3.487251e-01 3.385485e-02
vertex 3.529809e-02 3.748005e-01 4.713224e-02
endloop
endfacet
facet normal 0 0 0
outer loop
vertex -3.839608e-01 6.623476e-01 4.776021e-02
vertex -3.870748e-01 6.943027e-01 2.266379e-02
vertex -4.365381e-01 6.255764e-01 4.963319e-02
endloop
endfacet
facet normal 0 0 0
outer loop
vertex -3.839608e-01 6.623476e-01 4.776021e-02
vertex -4.365381e-01 6.255764e-01 4.963319e-02
vertex -3.817308e-01 6.059667e-01 6.572142e-02
endloop
endfacet
facet normal 0 0 0
outer loop
vertex -1.927536e-01 4.004650e-01 -9.299302e-02
vertex -1.921975e-01 3.613651e-01 -9.428959e-02
vertex -1.479516e-01 3.794029e-01 -1.052827e-01
endloop
endfacet
facet normal 0 0 0
outer loop
vertex -1.921975e-01 3.613651e-01 -9.428959e-02
vertex -2.379949e-01 3.863112e-01 -8.250803e-02
vertex -2.377770e-01 3.471041e-01 -8.422570e-02
endloop
endfacet
facet normal 0 0 0
outer loop
vertex 4.016081e-01 4.439351e-01 3.226056e-02
vertex 3.610426e-01 5.394519e-01 3.248404e-02
vertex 3.267044e-01 4.612885e-01 3.096377e-02
endloop
endfacet
facet normal 0 0 0
outer loop
vertex -4.531898e-01 4.620257e-01 -6.662785e-02
vertex -3.892893e-01 4.219448e-01 -7.242505e-02
vertex -4.402952e-01 3.940221e-01 -5.851120e-02
endloop
endfacet
facet normal 0 0 0
outer loop
vertex 3.573902e-01 3.796389e-01 3.014368e-02
vertex 4.016081e-01 4.439351e-01 3.226056e-02
vertex 3.267044e-01 4.612885e-01 3.096377e-02
endloop
endfacet
facet normal 0 0 0
outer loop
vertex -3.791196e-01 5.944343e-01 -6.817044e-02
vertex -3.568976e-01 6.562791e-01 -5.594013e-02
vertex -3.059208e-01 5.914923e-01 -7.547496e-02
endloop
endfacet
facet normal 0 0 0
outer loop
vertex 1.145290e-02 2.543341e-01 1.866652e-02
vertex -1.258788e-02 2.048289e-01 1.706211e-02
vertex 5.715806e-02 2.274249e-01 2.054076e-02
endloop
endfacet
facet normal 0 0 0
outer loop
vertex 2.286583e-01 9.312421e-01 2.121357e-03
vertex 2.147434e-01 9.276489e-01 -9.925561e-03
vertex 1.915722e-01 9.398471e-01 1.857188e-03
endloop
endfacet
facet normal 0 0 0
outer loop
vertex 4.390429e-02 6.037796e-01 -5.356256e-02
vertex 5.709757e-02 6.346886e-01 -4.340530e-02
vertex 8.549976e-02 6.058367e-01 -4.182243e-02
endloop
endfacet
facet normal 0 0 0
outer loop
vertex 7.007630e-02 6.516774e-01 3.088171e-02
vertex 6.624302e-02 5.980107e-01 4.847685e-02
vertex 1.157811e-01 6.042555e-01 2.975192e-02
endloop
endfacet
facet normal 0 0 0
outer loop
vertex -3.169007e-01 6.976605e-01 -4.354041e-02
vertex -2.634839e-01 7.128800e-01 -4.202547e-02
vertex -2.700434e-01 6.597570e-01 -6.376366e-02
endloop
endfacet
facet normal 0 0 0
outer loop
vertex -1.032184e-02 6.838429e-01 4.679017e-02
vertex 1.429243e-02 7.045433e-01 2.245412e-02
vertex -3.302827e-02 7.216883e-01 2.673346e-02
endloop
endfacet
facet normal 0 0 0
outer loop
vertex -4.834043e-01 4.934770e-01 5.605430e-02
vertex -4.858040e-01 5.346030e-01 5.479600e-02
vertex -5.147883e-01 5.299823e-01 5.100647e-02
endloop
endfacet
facet normal 0 0 0
outer loop
vertex 2.505772e-01 8.986236e-01 -7.564967e-03
vertex 2.427449e-01 9.155327e-01 -9.470104e-03
vertex 2.473079e-01 9.158636e-01 3.472691e-03
endloop
endfacet
facet normal 0 0 0
outer loop
vertex 2.740453e-01 8.647278e-01 -9.385325e-03
vertex 2.646530e-01 8.946340e-01 -7.084000e-03
vertex 2.738613e-01 8.888530e-01 1.658042e-03
endloop
endfacet
facet normal 0 0 0
outer loop
vertex 4.381280e-01 5.086750e-01 2.989200e-02
vertex 4.772207e-01 4.380871e-01 2.838421e-02
vertex 5.165705e-01 4.932027e-01 2.413543e-02
endloop
endfacet
facet normal 0 0 0
outer loop
vertex -3.817308e-01 6.059667e-01 6.572142e-02
vertex -3.043888e-01 6.231949e-01 6.995548e-02
vertex -3.504233e-01 6.500902e-01 5.880725e-02
endloop
endfacet
facet normal 0 0 0
outer loop
vertex 1.676181e-01 5.904338e-01 6.091427e-04
vertex 2.106625e-01 5.754001e-01 -1.343742e-02
vertex 1.422949e-01 5.826489e-01 -2.835050e-02
endloop
endfacet
facet normal 0 0 0
outer loop
vertex 5.983542e-01 5.179664e-01 -4.462859e-03
vertex 5.655423e-01 4.803074e-01 -1.913045e-02
vertex 5.551713e-01 5.259530e-01 -2.067934e-02
endloop
endfacet
facet normal 0 0 0
outer loop
vertex 2.287028e-01 6.012864e-01 5.291530e-03
vertex 2.463911e-01 6.184847e-01 -1.002049e-02
vertex 2.106625e-01 5.754001e-01 -1.343742e-02
endloop
endfacet
facet normal 0 0 0
outer loop
vertex -1.210908e-01 3.834881e-01 -1.274129e-01
vertex -1.803000e-01 3.846600e-01 -1.104170e-01
vertex -1.471286e-01 4.236507e-01 -1.202415e-01
endloop
endfacet
facet normal 0 0 0
outer loop
vertex 2.854241e-01 7.648813e-01 4.332807e-03
vertex 2.857829e-01 7.727267e-01 -9.647437e-03
vertex 2.947641e-01 7.977300e-01 -6.567566e-03
endloop
endfacet
facet normal 0 0 0
outer loop
vertex 5.333842e-01 5.577971e-01 1.929896e-02
vertex 5.181528e-01 5.971694e-01 1.954420e-02
vertex 4.644517e-01 5.793090e-01 2.779090e-02
endloop
endfacet
facet normal 0 0 0
outer loop
vertex -2.189478e-04 4.671228e-01 6.627949e-02
vertex 1.391279e-02 4.082737e-01 5.989357e-02
vertex 5.609073e-02 4.530003e-01 5.834883e-02
endloop
endfacet
facet normal 0 0 0
outer loop
vertex 1.391279e-02 4.082737e-01 5.989357e-02
vertex -2.189478e-04 4.671228e-01 6.627949e-02
vertex -4.240030e-02 4.427108e-01 6.952969e-02
endloop
endfacet
facet normal 0 0 0
outer loop
vertex 4.478790e-01 7.623897e-01 -8.225227e-03
vertex 4.071084e-01 7.542272e-01 -6.942102e-03
vertex 4.291198e-01 7.561523e-01 6.657706e-03
endloop
endfacet
facet normal 0 0 0
outer loop
vertex 2.427449e-01 9.155327e-01 -9.470104e-03
vertex 2.147434e-01 9.276489e-01 -9.925561e-03
vertex 2.286583e-01 9.312421e-01 2.121357e-03
endloop
endfacet
facet normal 0 0 0
outer loop
vertex -4.038990e-01 5.494373e-01 -6.862851e-02
vertex -3.910007e-01 4.886695e-01 -7.542183e-02
vertex -4.296339e-01 5.297461e-01 -8.115096e-02
endloop
endfacet
facet normal 0 0 0
outer loop
vertex -3.910007e-01 4.886695e-01 -7.542183e-02
vertex -3.338347e-01 5.262375e-01 -7.846806e-02
vertex -3.465908e-01 4.578614e-01 -7.882839e-02
endloop
endfacet
facet normal 0 0 0
outer loop
vertex 2.740453e-01 8.647278e-01 -9.385325e-03
vertex 2.750176e-01 8.482019e-01 6.324389e-03
vertex 2.719351e-01 8.420280e-01 -9.673436e-03
endloop
endfacet
facet normal 0 0 0
outer loop
vertex 1.909950e-01 9.539450e-01 -2.842000e-03
vertex 1.727862e-01 9.634420e-01 4.907143e-03
vertex 1.817630e-01 9.481581e-01 7.998748e-03
endloop
endfacet
facet normal 0 0 0
outer loop
vertex -3.124036e-01 4.853030e-01 8.097623e-02
vertex -3.305753e-01 5.444098e-01 7.743882e-02
vertex -3.568569e-01 4.888176e-01 7.646223e-02
endloop
endfacet
facet normal 0 0 0
outer loop
vertex 2.785947e-01 8.715358e-01 1.922000e-03
vertex 2.750176e-01 8.482019e-01 6.324389e-03
vertex 2.740453e-01 8.647278e-01 -9.385325e-03
endloop
endfacet
facet normal 0 0 0
outer loop
vertex 2.738613e-01 8.888530e-01 1.658042e-03
vertex 2.646530e-01 8.946340e-01 -7.084000e-03
vertex 2.540805e-01 8.961847e-01 7.223106e-03
endloop
endfacet
facet normal 0 0 0
outer loop
vertex 2.147434e-01 9.276489e-01 -9.925561e-03
vertex 1.824069e-01 9.322759e-01 -9.684997e-03
vertex 1.915722e-01 9.398471e-01 1.857188e-03
endloop
endfacet
facet normal 0 0 0
outer loop
vertex 1.824069e-01 9.322759e-01 -9.684997e-03
vertex 1.909950e-01 9.539450e-01 -2.842000e-03
vertex 1.915722e-01 9.398471e-01 1.857188e-03
endloop
endfacet
facet normal 0 0 0
outer loop
vertex 2.795687e-01 1.608856e-01 6.163430e-03
vertex 2.508911e-01 2.042877e-01 6.519440e-03
vertex 2.442676e-01 1.735309e-01 1.169815e-02
endloop
endfacet
facet normal 0 0 0
outer loop
vertex -2.566988e-01 3.552151e-01 -8.551810e-02
vertex -2.825176e-01 3.776507e-01 -8.167538e-02
vertex -2.577150e-01 3.639780e-01 -9.352300e-02
endloop
endfacet
facet normal 0 0 0
outer loop
vertex -4.891835e-02 2.355954e-01 1.227744e-02
vertex -3.481517e-02 2.932777e-01 2.031144e-02
vertex -6.386573e-02 2.615812e-01 1.063805e-02
endloop
endfacet
facet normal 0 0 0
outer loop
vertex 8.344345e-02 9.534484e-01 7.805213e-03
vertex 8.657928e-02 9.712464e-01 -4.600000e-04
vertex 5.153954e-02 9.668773e-01 7.180865e-03
endloop
endfacet
facet normal 0 0 0
outer loop
vertex -2.440558e-01 7.916390e-02 -7.442688e-02
vertex -2.676098e-01 1.151793e-01 -8.109304e-02
vertex -2.361152e-01 7.424930e-02 -8.920375e-02
endloop
endfacet
facet normal 0 0 0
outer loop
vertex 1.054088e-01 6.742284e-01 -1.550068e-02
vertex 1.089311e-01 6.435421e-01 -9.575922e-03
vertex 8.318200e-02 6.438620e-01 -1.152300e-02
endloop
endfacet
facet normal 0 0 0
outer loop
vertex 5.165705e-01 4.932027e-01 2.413543e-02
vertex 5.333842e-01 5.577971e-01 1.929896e-02
vertex 4.831847e-01 5.385991e-01 2.723184e-02
endloop
endfacet
facet normal 0 0 0
outer loop
vertex 5.333842e-01 5.577971e-01 1.929896e-02
vertex 4.644517e-01 5.793090e-01 2.779090e-02
vertex 4.831847e-01 5.385991e-01 2.723184e-02
endloop
endfacet
facet normal 0 0 0
outer loop
vertex -3.910007e-01 4.886695e-01 -7.542183e-02
vertex -3.892893e-01 4.219448e-01 -7.242505e-02
vertex -4.531898e-01 4.620257e-01 -6.662785e-02
endloop
endfacet
facet normal 0 0 0
outer loop
vertex 5.341666e-01 6.907979e-01 -9.089222e-03
vertex 5.302446e-01 7.064110e-01 3.535345e-03
vertex 5.540598e-01 6.650460e-01 8.210873e-04
endloop
endfacet
facet normal 0 0 0
outer loop
vertex -3.870748e-01 6.943027e-01 2.266379e-02
vertex -3.154237e-01 7.181486e-01 2.742274e-02
vertex -3.432936e-01 7.180171e-01 6.198134e-03
endloop
endfacet
facet normal 0 0 0
outer loop
vertex 3.193155e-01 4.255529e-01 -2.934205e-02
vertex 2.782340e-01 3.901800e-01 -2.564200e-02
vertex 2.619818e-01 4.344917e-01 -2.583886e-02
endloop
endfacet
facet normal 0 0 0
outer loop
vertex -4.038990e-01 5.494373e-01 -6.862851e-02
vertex -3.791196e-01 5.944343e-01 -6.817044e-02
vertex -3.338347e-01 5.262375e-01 -7.846806e-02
endloop
endfacet
facet normal 0 0 0
outer loop
vertex -2.971999e-01 4.568242e-01 7.269710e-02
vertex -2.996352e-01 4.032710e-01 7.797670e-02
vertex -2.757157e-01 4.387875e-01 8.633909e-02
endloop
endfacet
facet normal 0 0 0
outer loop
vertex -5.153838e-02 9.336499e-01 2.508469e-03
vertex 2.472977e-03 9.574849e-01 6.205634e-03
vertex -1.303347e-02 9.499328e-01 -8.220264e-03
endloop
endfacet
facet normal 0 0 0
outer loop
vertex 4.261653e-01 7.201560e-01 1.830227e-02
vertex 3.712013e-01 6.857653e-01 2.039283e-02
vertex 4.291778e-01 6.685202e-01 2.478848e-02
endloop
endfacet
facet normal 0 0 0
outer loop
vertex -3.465908e-01 4.578614e-01 -7.882839e-02
vertex -3.892893e-01 4.219448e-01 -7.242505e-02
vertex -3.910007e-01 4.886695e-01 -7.542183e-02
endloop
endfacet
facet normal 0 0 0
outer loop
vertex -1.424144e-01 8.275734e-02 -8.830690e-02
vertex -1.366943e-01 5.359256e-02 -9.466452e-02
vertex -1.792056e-01 7.336114e-02 -8.722632e-02
endloop
endfacet
facet normal 0 0 0
outer loop
vertex 8.051895e-02 9.346322e-01 -1.689060e-02
vertex 1.112234e-01 8.941244e-01 -2.640497e-02
vertex 3.817859e-02 9.258278e-01 -1.782666e-02
endloop
endfacet
facet normal 0 0 0
outer loop
vertex 7.063774e-02 8.087170e-01 -3.219386e-02
vertex 1.224909e-01 8.244339e-01 -3.228647e-02
vertex 1.372567e-01 7.634047e-01 -2.839988e-02
endloop
endfacet
facet normal 0 0 0
outer loop
vertex 2.019207e-01 5.847634e-01 1.659082e-03
vertex 2.287028e-01 6.012864e-01 5.291530e-03
vertex 2.106625e-01 5.754001e-01 -1.343742e-02
endloop
endfacet
facet normal 0 0 0
outer loop
vertex -7.290308e-02 5.522284e-01 1.319710e-01
vertex -1.157469e-01 5.069485e-01 1.248543e-01
vertex -7.507907e-02 4.975113e-01 1.325656e-01
endloop
endfacet
facet normal 0 0 0
outer loop
vertex 1.316701e-01 4.894799e-01 4.595174e-02
vertex 1.652416e-01 5.669161e-01 2.630765e-02
vertex 1.117376e-01 5.551636e-01 4.430423e-02
endloop
endfacet
facet normal 0 0 0
outer loop
vertex 4.158112e-01 2.689952e-01 -2.959315e-02
vertex 3.787159e-01 3.282121e-01 -3.223551e-02
vertex 4.536693e-01 3.263470e-01 -3.075257e-02
endloop
endfacet
facet normal 0 0 0
outer loop
vertex 3.952046e-01 1.909769e-01 -9.197242e-03
vertex 3.548067e-01 2.096011e-01 -9.653631e-04
vertex 3.781011e-01 2.239147e-01 -1.908581e-02
endloop
endfacet
facet normal 0 0 0
outer loop
vertex -1.921910e-01 8.429376e-02 -7.296810e-02
vertex -2.129766e-01 1.099161e-01 -8.283006e-02
vertex -1.792056e-01 7.336114e-02 -8.722632e-02
endloop
endfacet
facet normal 0 0 0
outer loop
vertex -2.153294e-01 1.086555e-01 -6.592235e-02
vertex -2.129766e-01 1.099161e-01 -8.283006e-02
vertex -1.921910e-01 8.429376e-02 -7.296810e-02
endloop
endfacet
facet normal 0 0 0
outer loop
vertex -2.153329e-01 8.178136e-02 -8.779985e-02
vertex -2.129766e-01 1.099161e-01 -8.283006e-02
vertex -2.153294e-01 1.086555e-01 -6.592235e-02
endloop
endfacet
facet normal 0 0 0
outer loop
vertex 4.850747e-01 2.720683e-01 -2.423557e-02
vertex 4.158112e-01 2.689952e-01 -2.959315e-02
vertex 4.536693e-01 3.263470e-01 -3.075257e-02
endloop
endfacet
facet normal 0 0 0
outer loop
vertex 4.348510e-01 2.216540e-01 -2.130100e-02
vertex 4.096433e-01 2.115999e-01 -2.013441e-02
vertex 4.158112e-01 2.689952e-01 -2.959315e-02
endloop
endfacet
facet normal 0 0 0
outer loop
vertex 3.624463e-01 4.062076e-02 2.662104e-03
vertex 3.739766e-01 4.832166e-02 -8.264673e-03
vertex 3.762967e-01 5.093964e-02 4.969752e-03
endloop
endfacet
facet normal 0 0 0
outer loop
vertex 3.739766e-01 4.832166e-02 -8.264673e-03
vertex 3.828444e-01 6.769750e-02 -2.217358e-03
vertex 3.762967e-01 5.093964e-02 4.969752e-03
endloop
endfacet
facet normal 0 0 0
outer loop
vertex 5.316558e-01 2.592865e-01 -1.050702e-02
vertex 5.279005e-01 2.320705e-01 3.582734e-03
vertex 5.104997e-01 2.060217e-01 -1.015088e-02
endloop
endfacet
facet normal 0 0 0
outer loop
vertex 3.022335e-01 4.121700e-02 -1.066869e-02
vertex 3.119448e-01 3.467474e-02 1.660982e-03
vertex 2.990430e-01 1.801900e-02 -6.971000e-03
endloop
endfacet
facet normal 0 0 0
outer loop
vertex 3.119448e-01 3.467474e-02 1.660982e-03
vertex 3.022335e-01 4.121700e-02 -1.066869e-02
vertex 3.426452e-01 4.114170e-02 -1.047144e-02
endloop
endfacet
facet normal 0 0 0
outer loop
vertex 3.828444e-01 6.769750e-02 -2.217358e-03
vertex 3.697985e-01 6.870494e-02 6.683775e-03
vertex 3.762967e-01 5.093964e-02 4.969752e-03
endloop
endfacet
facet normal 0 0 0
outer loop
vertex 5.034903e-01 2.009037e-01 6.037076e-03
vertex 4.853729e-01 1.854190e-01 -7.047513e-03
vertex 5.104997e-01 2.060217e-01 -1.015088e-02
endloop
endfacet
facet normal 0 0 0
outer loop
vertex 4.064749e-01 5.264983e-01 -3.514884e-02
vertex 3.980250e-01 5.840892e-01 -3.385050e-02
vertex 4.662957e-01 5.451020e-01 -3.212786e-02
endloop
endfacet
facet normal 0 0 0
outer loop
vertex 2.719351e-01 8.420280e-01 -9.673436e-03
vertex 2.947641e-01 7.977300e-01 -6.567566e-03
vertex 2.174219e-01 7.959414e-01 -2.527711e-02
endloop
endfacet
facet normal 0 0 0
outer loop
vertex -1.979863e-01 7.814219e-01 5.136088e-03
vertex -1.711598e-01 8.260993e-01 7.928642e-03
vertex -1.832353e-01 8.093799e-01 -7.629993e-03
endloop
endfacet
facet normal 0 0 0
outer loop
vertex -1.798851e-01 7.445398e-02 6.981428e-02
vertex -1.372892e-01 5.215520e-02 7.473239e-02
vertex -1.448572e-01 5.134374e-02 8.654136e-02
endloop
endfacet
facet normal 0 0 0
outer loop
vertex 7.284540e-03 8.237586e-02 -9.136072e-03
vertex 4.471678e-02 6.304797e-02 -5.033906e-03
vertex 3.557581e-03 8.197685e-02 4.584151e-03
endloop
endfacet
facet normal 0 0 0
outer loop
vertex -2.206271e-01 3.700948e-01 -1.025875e-01
vertex -1.803000e-01 3.846600e-01 -1.104170e-01
vertex -1.668366e-01 3.557068e-01 -1.163926e-01
endloop
endfacet
facet normal 0 0 0
outer loop
vertex -3.432936e-01 7.180171e-01 6.198134e-03
vertex -3.800434e-01 6.975187e-01 -2.325574e-02
vertex -3.870748e-01 6.943027e-01 2.266379e-02
endloop
endfacet
facet normal 0 0 0
outer loop
vertex -1.319423e-01 1.655491e-01 6.007699e-02
vertex -1.486924e-01 1.445849e-01 7.008512e-02
vertex -1.439477e-01 1.375047e-01 5.734864e-02
endloop
endfacet
facet normal 0 0 0
outer loop
vertex -1.486924e-01 1.445849e-01 7.008512e-02
vertex -1.363603e-01 1.163130e-01 6.980900e-02
vertex -1.439477e-01 1.375047e-01 5.734864e-02
endloop
endfacet
facet normal 0 0 0
outer loop
vertex -2.138789e-01 7.098814e-02 8.157820e-02
vertex -2.220390e-01 9.796285e-02 7.988331e-02
vertex -2.245771e-01 6.496104e-02 8.519021e-02
endloop
endfacet
facet normal 0 0 0
outer loop
vertex -1.329352e-01 6.971788e-02 -8.806191e-02
vertex -1.366943e-01 5.359256e-02 -9.466452e-02
vertex -1.424144e-01 8.275734e-02 -8.830690e-02
endloop
endfacet
facet normal 0 0 0
outer loop
vertex -2.138789e-01 7.098814e-02 8.157820e-02
vertex -2.109507e-01 1.030210e-01 6.317816e-02
vertex -2.220390e-01 9.796285e-02 7.988331e-02
endloop
endfacet
facet normal 0 0 0
outer loop
vertex -2.109507e-01 1.030210e-01 6.317816e-02
vertex -1.971453e-01 9.326388e-02 8.140495e-02
vertex -2.220390e-01 9.796285e-02 7.988331e-02
endloop
endfacet
facet normal 0 0 0
outer loop
vertex -1.353825e-01 7.363942e-02 7.251491e-02
vertex -1.457610e-01 9.728089e-02 6.516992e-02
vertex -1.410585e-01 1.042214e-01 7.654978e-02
endloop
endfacet
facet normal 0 0 0
outer loop
vertex -1.457610e-01 9.728089e-02 6.516992e-02
vertex -1.363603e-01 1.163130e-01 6.980900e-02
vertex -1.410585e-01 1.042214e-01 7.654978e-02
endloop
endfacet
facet normal 0 0 0
outer loop
vertex -1.308135e-01 3.394280e-01 1.264635e-01
vertex -1.539518e-01 3.275164e-01 1.154552e-01
vertex -1.327942e-01 3.361725e-01 1.111117e-01
endloop
endfacet
facet normal 0 0 0
outer loop
vertex -1.814453e-01 2.528195e-01 -3.372476e-02
vertex -1.979227e-01 2.621805e-01 -3.691901e-02
vertex -1.891066e-01 2.496503e-01 -2.633501e-02
endloop
endfacet
facet normal 0 0 0
outer loop
vertex -3.011336e-01 3.524590e-01 -6.309415e-02
vertex -2.643868e-01 3.771254e-01 -7.227806e-02
vertex -2.476597e-01 3.264352e-01 -5.666618e-02
endloop
endfacet
facet normal 0 0 0
outer loop
vertex -3.126855e-02 8.370178e-01 2.867939e-02
vertex -1.161775e-02 7.872031e-01 3.121822e-02
vertex 1.372742e-02 8.586270e-01 2.690362e-02
endloop
endfacet
facet normal 0 0 0
outer loop
vertex -2.379949e-01 3.863112e-01 -8.250803e-02
vertex -2.643868e-01 3.771254e-01 -7.227806e-02
vertex -2.377770e-01 3.471041e-01 -8.422570e-02
endloop
endfacet
facet normal 0 0 0
outer loop
vertex -3.440540e-01 3.074751e-01 2.750737e-02
vertex -3.649050e-01 3.122850e-01 1.440600e-02
vertex -3.316595e-01 2.943782e-01 5.545403e-03
endloop
endfacet
facet normal 0 0 0
outer loop
vertex -3.649050e-01 3.122850e-01 1.440600e-02
vertex -3.639319e-01 3.034159e-01 9.492687e-03
vertex -3.316595e-01 2.943782e-01 5.545403e-03
endloop
endfacet
facet normal 0 0 0
outer loop
vertex -2.643868e-01 3.771254e-01 -7.227806e-02
vertex -2.566988e-01 3.552151e-01 -8.551810e-02
vertex -2.377770e-01 3.471041e-01 -8.422570e-02
endloop
endfacet
facet normal 0 0 0
outer loop
vertex -3.440540e-01 3.074751e-01 2.750737e-02
vertex -3.639319e-01 3.034159e-01 9.492687e-03
vertex -3.649050e-01 3.122850e-01 1.440600e-02
endloop
endfacet
facet normal 0 0 0
outer loop
vertex -2.171321e-01 7.886661e-02 -7.298629e-02
vertex -2.277509e-01 6.455778e-02 -7.783614e-02
vertex -2.166770e-01 6.569500e-02 -8.792200e-02
endloop
endfacet
facet normal 0 0 0
outer loop
vertex 2.795687e-01 1.608856e-01 6.163430e-03
vertex 2.442676e-01 1.735309e-01 1.169815e-02
vertex 2.327745e-01 1.386465e-01 1.901301e-02
endloop
endfacet
facet normal 0 0 0
outer loop
vertex 8.498475e-02 2.080676e-01 -2.399916e-02
vertex 1.228977e-01 1.888643e-01 -2.554098e-02
vertex 1.005706e-01 1.317234e-01 -2.517539e-02
endloop
endfacet
facet normal 0 0 0
outer loop
vertex -1.242154e-02 2.311735e-01 -1.892063e-02
vertex 5.122679e-02 2.617258e-01 -2.131441e-02
vertex 4.036526e-02 2.059107e-01 -2.221887e-02
endloop
endfacet
facet normal 0 0 0
outer loop
vertex -3.071886e-01 2.201230e-01 3.664931e-02
vertex -2.755800e-01 2.198670e-01 3.165300e-02
vertex -2.924738e-01 1.724508e-01 4.629552e-02
endloop
endfacet
facet normal 0 0 0
outer loop
vertex -2.924738e-01 1.724508e-01 4.629552e-02
vertex -2.660056e-01 1.402270e-01 5.403232e-02
vertex -2.851817e-01 1.348719e-01 6.148251e-02
endloop
endfacet
facet normal 0 0 0
outer loop
vertex -2.844255e-01 1.361035e-01 -7.192954e-02
vertex -2.564090e-01 1.780670e-01 -6.636600e-02
vertex -2.577415e-01 1.455903e-01 -7.307011e-02
endloop
endfacet
facet normal 0 0 0
outer loop
vertex 4.681020e-01 6.936222e-01 1.909463e-02
vertex 4.261653e-01 7.201560e-01 1.830227e-02
vertex 4.291778e-01 6.685202e-01 2.478848e-02
endloop
endfacet
facet normal 0 0 0
outer loop
vertex -1.292934e-01 5.043601e-02 -8.081850e-02
vertex -1.372584e-01 6.562122e-02 -7.614195e-02
vertex -1.468954e-01 5.115922e-02 -8.508774e-02
endloop
endfacet
facet normal 0 0 0
outer loop
vertex -1.439477e-01 1.375047e-01 5.734864e-02
vertex -1.457610e-01 9.728089e-02 6.516992e-02
vertex -1.631064e-01 1.169893e-01 6.225819e-02
endloop
endfacet
facet normal 0 0 0
outer loop
vertex 2.419274e-02 5.669987e-01 -6.140945e-02
vertex 6.736537e-02 5.581248e-01 -5.444803e-02
vertex 1.940438e-02 5.114369e-01 -6.469641e-02
endloop
endfacet
facet normal 0 0 0
outer loop
vertex 3.851005e-01 3.990339e-01 -3.287246e-02
vertex 4.758975e-01 3.950671e-01 -3.096856e-02
vertex 3.787159e-01 3.282121e-01 -3.223551e-02
endloop
endfacet
facet normal 0 0 0
outer loop
vertex -2.153329e-01 8.178136e-02 -8.779985e-02
vertex -2.153294e-01 1.086555e-01 -6.592235e-02
vertex -2.171321e-01 7.886661e-02 -7.298629e-02
endloop
endfacet
facet normal 0 0 0
outer loop
vertex -1.792056e-01 7.336114e-02 -8.722632e-02
vertex -1.468954e-01 5.115922e-02 -8.508774e-02
vertex -1.640695e-01 6.819899e-02 -7.528150e-02
endloop
endfacet
facet normal 0 0 0
outer loop
vertex -1.640695e-01 6.819899e-02 -7.528150e-02
vertex -1.372584e-01 6.562122e-02 -7.614195e-02
vertex -1.410327e-01 8.861672e-02 -7.186581e-02
endloop
endfacet
facet normal 0 0 0
outer loop
vertex -1.372584e-01 6.562122e-02 -7.614195e-02
vertex -1.640695e-01 6.819899e-02 -7.528150e-02
vertex -1.468954e-01 5.115922e-02 -8.508774e-02
endloop
endfacet
facet normal 0 0 0
outer loop
vertex -1.446790e-01 1.530470e-01 -7.251406e-02
vertex -1.353398e-01 1.629025e-01 -6.958614e-02
vertex -1.430827e-01 1.345709e-01 -6.190553e-02
endloop
endfacet
facet normal 0 0 0
outer loop
vertex -1.321090e-01 1.643800e-01 -5.774600e-02
vertex -1.430827e-01 1.345709e-01 -6.190553e-02
vertex -1.353398e-01 1.629025e-01 -6.958614e-02
endloop
endfacet
facet normal 0 0 0
outer loop
vertex -1.410327e-01 8.861672e-02 -7.186581e-02
vertex -1.329352e-01 6.971788e-02 -8.806191e-02
vertex -1.424144e-01 8.275734e-02 -8.830690e-02
endloop
endfacet
facet normal 0 0 0
outer loop
vertex -1.353398e-01 1.629025e-01 -6.958614e-02
vertex -1.446790e-01 1.530470e-01 -7.251406e-02
vertex -1.481606e-01 1.883380e-01 -6.285971e-02
endloop
endfacet
facet normal 0 0 0
outer loop
vertex -1.446790e-01 1.530470e-01 -7.251406e-02
vertex -1.353970e-01 1.106750e-01 -7.887655e-02
vertex -1.745669e-01 1.230731e-01 -7.915595e-02
endloop
endfacet
facet normal 0 0 0
outer loop
vertex -1.372584e-01 6.562122e-02 -7.614195e-02
vertex -1.329352e-01 6.971788e-02 -8.806191e-02
vertex -1.410327e-01 8.861672e-02 -7.186581e-02
endloop
endfacet
facet normal 0 0 0
outer loop
vertex -2.171321e-01 7.886661e-02 -7.298629e-02
vertex -2.166770e-01 6.569500e-02 -8.792200e-02
vertex -2.153329e-01 8.178136e-02 -8.779985e-02
endloop
endfacet
facet normal 0 0 0
outer loop
vertex -1.921910e-01 8.429376e-02 -7.296810e-02
vertex -1.792056e-01 7.336114e-02 -8.722632e-02
vertex -1.640695e-01 6.819899e-02 -7.528150e-02
endloop
endfacet
facet normal 0 0 0
outer loop
vertex 3.980250e-01 5.840892e-01 -3.385050e-02
vertex 3.165224e-01 5.462456e-01 -3.175536e-02
vertex 3.053449e-01 6.142498e-01 -2.727299e-02
endloop
endfacet
facet normal 0 0 0
outer loop
vertex -5.396138e-02 3.476437e-01 -5.107339e-02
vertex -4.841999e-02 3.901666e-01 -6.506165e-02
vertex -1.013929e-02 3.548967e-01 -5.132046e-02
endloop
endfacet
facet normal 0 0 0
outer loop
vertex 3.955331e-01 6.279212e-01 2.874341e-02
vertex 3.444605e-01 5.977738e-01 2.914272e-02
vertex 4.073273e-01 5.660131e-01 3.145606e-02
endloop
endfacet
facet normal 0 0 0
outer loop
vertex 3.444605e-01 5.977738e-01 2.914272e-02
vertex 3.610426e-01 5.394519e-01 3.248404e-02
vertex 4.073273e-01 5.660131e-01 3.145606e-02
endloop
endfacet
facet normal 0 0 0
outer loop
vertex -1.780970e-01 5.716648e-01 7.944521e-02
vertex -1.868009e-01 6.645917e-01 6.545109e-02
vertex -2.353818e-01 6.289291e-01 7.220091e-02
endloop
endfacet
facet normal 0 0 0
outer loop
vertex -7.831759e-02 3.799608e-01 -1.334026e-01
vertex -8.862592e-02 3.671693e-01 -1.196227e-01
vertex -9.641663e-02 3.535036e-01 -1.292669e-01
endloop
endfacet
facet normal 0 0 0
outer loop
vertex -8.862592e-02 3.671693e-01 -1.196227e-01
vertex -1.104560e-01 3.436804e-01 -1.175099e-01
vertex -9.641663e-02 3.535036e-01 -1.292669e-01
endloop
endfacet
facet normal 0 0 0
outer loop
vertex -9.641663e-02 3.535036e-01 -1.292669e-01
vertex -1.104560e-01 3.436804e-01 -1.175099e-01
vertex -1.328315e-01 3.347048e-01 -1.235453e-01
endloop
endfacet
facet normal 0 0 0
outer loop
vertex -2.357764e-01 2.759003e-01 -3.240611e-02
vertex -2.357372e-01 3.001489e-01 -4.265328e-02
vertex -2.130247e-01 2.762353e-01 -2.548866e-02
endloop
endfacet
facet normal 0 0 0
outer loop
vertex 4.873042e-01 6.332628e-01 -2.636695e-02
vertex 5.286815e-01 5.831875e-01 -2.350391e-02
vertex 4.577806e-01 6.010017e-01 -3.117781e-02
endloop
endfacet
facet normal 0 0 0
outer loop
vertex -2.434230e-01 2.707761e-01 1.612918e-02
vertex -2.242820e-01 2.728211e-01 -3.515266e-03
vertex -2.139899e-01 2.756086e-01 1.336339e-02
endloop
endfacet
facet normal 0 0 0
outer loop
vertex 1.233466e-01 3.292212e-01 -1.610576e-02
vertex 1.085612e-01 2.906583e-01 -2.004105e-02
vertex 9.856808e-02 3.217592e-01 -1.853000e-02
endloop
endfacet
facet normal 0 0 0
outer loop
vertex -1.982670e-01 2.996705e-01 -4.043227e-02
vertex -2.130247e-01 2.762353e-01 -2.548866e-02
vertex -2.357372e-01 3.001489e-01 -4.265328e-02
endloop
endfacet
facet normal 0 0 0
outer loop
vertex -2.115452e-01 3.304834e-01 -9.594589e-02
vertex -2.377770e-01 3.471041e-01 -8.422570e-02
vertex -2.311255e-01 3.415860e-01 -9.991144e-02
endloop
endfacet
facet normal 0 0 0
outer loop
vertex -1.921975e-01 3.613651e-01 -9.428959e-02
vertex -1.907321e-01 3.363276e-01 -9.539119e-02
vertex -1.588018e-01 3.270874e-01 -1.081974e-01
endloop
endfacet
facet normal 0 0 0
outer loop
vertex -1.693276e-01 4.721133e-01 -9.737617e-02
vertex -1.987093e-01 4.799521e-01 -9.087267e-02
vertex -1.919840e-01 4.388977e-01 -9.220167e-02
endloop
endfacet
facet normal 0 0 0
outer loop
vertex 9.406337e-02 4.574649e-01 -5.252967e-02
vertex 7.248375e-02 4.229094e-01 -5.191352e-02
vertex 6.452268e-02 4.954504e-01 -5.837056e-02
endloop
endfacet
facet normal 0 0 0
outer loop
vertex -3.338347e-01 5.262375e-01 -7.846806e-02
vertex -3.910007e-01 4.886695e-01 -7.542183e-02
vertex -4.038990e-01 5.494373e-01 -6.862851e-02
endloop
endfacet
facet normal 0 0 0
outer loop
vertex -9.872841e-02 6.861814e-01 -5.613493e-02
vertex -8.117452e-02 7.218941e-01 -4.347875e-02
vertex -6.191791e-02 6.633287e-01 -6.054484e-02
endloop
endfacet
facet normal 0 0 0
outer loop
vertex 5.391191e-01 6.198210e-01 1.394983e-02
vertex 5.733944e-01 5.979016e-01 6.135325e-03
vertex 5.637271e-01 6.314738e-01 3.478206e-03
endloop
endfacet
facet normal 0 0 0
outer loop
vertex 3.787159e-01 3.282121e-01 -3.223551e-02
vertex 4.758975e-01 3.950671e-01 -3.096856e-02
vertex 4.536693e-01 3.263470e-01 -3.075257e-02
endloop
endfacet
facet normal 0 0 0
outer loop
vertex -3.504233e-01 6.500902e-01 5.880725e-02
vertex -3.839608e-01 6.623476e-01 4.776021e-02
vertex -3.817308e-01 6.059667e-01 6.572142e-02
endloop
endfacet
facet normal 0 0 0
outer loop
vertex -5.958416e-01 4.565907e-01 5.694079e-03
vertex -5.982602e-01 4.800572e-01 -6.304344e-03
vertex -5.871919e-01 4.456432e-01 -1.670084e-02
endloop
endfacet
facet normal 0 0 0
outer loop
vertex 5.655423e-01 4.803074e-01 -1.913045e-02
vertex 5.390630e-01 4.505950e-01 -2.194400e-02
vertex 5.160981e-01 4.966929e-01 -2.808070e-02
endloop
endfacet
facet normal 0 0 0
outer loop
vertex -3.305753e-01 5.444098e-01 7.743882e-02
vertex -3.817308e-01 6.059667e-01 6.572142e-02
vertex -4.047622e-01 5.407044e-01 6.913546e-02
endloop
endfacet
facet normal 0 0 0
outer loop
vertex -4.038990e-01 5.494373e-01 -6.862851e-02
vertex -4.289895e-01 5.646427e-01 -6.411336e-02
vertex -3.791196e-01 5.944343e-01 -6.817044e-02
endloop
endfacet
facet normal 0 0 0
outer loop
vertex 5.160981e-01 4.966929e-01 -2.808070e-02
vertex 4.599565e-01 4.753404e-01 -3.381567e-02
vertex 4.662957e-01 5.451020e-01 -3.212786e-02
endloop
endfacet
facet normal 0 0 0
outer loop
vertex 4.105220e-01 3.125964e-01 2.864060e-02
vertex 4.338824e-01 3.814749e-01 2.989292e-02
vertex 3.573902e-01 3.796389e-01 3.014368e-02
endloop
endfacet
facet normal 0 0 0
outer loop
vertex -4.296339e-01 5.297461e-01 -8.115096e-02
vertex -3.910007e-01 4.886695e-01 -7.542183e-02
vertex -4.596056e-01 5.097001e-01 -7.764219e-02
endloop
endfacet
facet normal 0 0 0
outer loop
vertex -4.704708e-01 5.390202e-01 -6.907557e-02
vertex -4.596056e-01 5.097001e-01 -7.764219e-02
vertex -4.918365e-01 4.928657e-01 -5.884026e-02
endloop
endfacet
facet normal 0 0 0
outer loop
vertex -2.921068e-01 4.803859e-01 -7.622010e-02
vertex -3.465908e-01 4.578614e-01 -7.882839e-02
vertex -3.338347e-01 5.262375e-01 -7.846806e-02
endloop
endfacet
facet normal 0 0 0
outer loop
vertex -1.484224e-01 5.328376e-01 -1.179981e-01
vertex -1.489351e-01 5.341729e-01 -1.056605e-01
vertex -1.319868e-01 5.432733e-01 -1.105097e-01
endloop
endfacet
facet normal 0 0 0
outer loop
vertex -1.319868e-01 5.432733e-01 -1.105097e-01
vertex -1.489351e-01 5.341729e-01 -1.056605e-01
vertex -1.287583e-01 5.255339e-01 -1.071600e-01
endloop
endfacet
facet normal 0 0 0
outer loop
vertex -4.704708e-01 5.390202e-01 -6.907557e-02
vertex -4.651874e-01 5.624275e-01 -5.691082e-02
vertex -4.522288e-01 5.514882e-01 -8.211464e-02
endloop
endfacet
facet normal 0 0 0
outer loop
vertex -1.772847e-01 5.236982e-01 -1.112439e-01
vertex -2.057370e-01 5.093405e-01 -1.025742e-01
vertex -1.775835e-01 5.168076e-01 -9.672644e-02
endloop
endfacet
facet normal 0 0 0
outer loop
vertex -7.190470e-02 5.275845e-01 -7.480878e-02
vertex -1.005423e-01 5.580845e-01 -7.559664e-02
vertex -6.965674e-02 5.842268e-01 -7.213143e-02
endloop
endfacet
facet normal 0 0 0
outer loop
vertex 4.064749e-01 5.264983e-01 -3.514884e-02
vertex 3.475531e-01 4.814103e-01 -3.184341e-02
vertex 3.165224e-01 5.462456e-01 -3.175536e-02
endloop
endfacet
facet normal 0 0 0
outer loop
vertex -1.471286e-01 4.236507e-01 -1.202415e-01
vertex -1.064812e-01 4.307159e-01 -1.288968e-01
vertex -1.210908e-01 3.834881e-01 -1.274129e-01
endloop
endfacet
facet normal 0 0 0
outer loop
vertex -3.154237e-01 7.181486e-01 2.742274e-02
vertex -2.837730e-01 7.339690e-01 -1.202800e-02
vertex -3.432936e-01 7.180171e-01 6.198134e-03
endloop
endfacet
facet normal 0 0 0
outer loop
vertex -1.669815e-01 6.671590e-01 -6.463630e-02
vertex -2.025124e-01 6.257029e-01 -7.317426e-02
vertex -2.049172e-01 7.024773e-01 -5.248233e-02
endloop
endfacet
facet normal 0 0 0
outer loop
vertex 1.732579e-01 8.372708e-01 -2.936980e-02
vertex 1.224909e-01 8.244339e-01 -3.228647e-02
vertex 1.429654e-01 8.681629e-01 -2.823017e-02
endloop
endfacet
facet normal 0 0 0
outer loop
vertex 7.063774e-02 8.087170e-01 -3.219386e-02
vertex 9.091002e-02 8.518726e-01 -2.931643e-02
vertex 1.224909e-01 8.244339e-01 -3.228647e-02
endloop
endfacet
facet normal 0 0 0
outer loop
vertex 2.719351e-01 8.420280e-01 -9.673436e-03
vertex 2.174219e-01 7.959414e-01 -2.527711e-02
vertex 2.211117e-01 8.709671e-01 -1.958917e-02
endloop
endfacet
facet normal 0 0 0
outer loop
vertex 9.091002e-02 8.518726e-01 -2.931643e-02
vertex 1.112234e-01 8.941244e-01 -2.640497e-02
vertex 1.224909e-01 8.244339e-01 -3.228647e-02
endloop
endfacet
facet normal 0 0 0
outer loop
vertex 5.578645e-02 8.675748e-01 -2.660484e-02
vertex 1.112234e-01 8.941244e-01 -2.640497e-02
vertex 9.091002e-02 8.518726e-01 -2.931643e-02
endloop
endfacet
facet normal 0 0 0
outer loop
vertex 1.429654e-01 8.681629e-01 -2.823017e-02
vertex 2.211117e-01 8.709671e-01 -1.958917e-02
vertex 1.732579e-01 8.372708e-01 -2.936980e-02
endloop
endfacet
facet normal 0 0 0
outer loop
vertex -4.047622e-01 5.407044e-01 6.913546e-02
vertex -4.347159e-01 5.917650e-01 6.018170e-02
vertex -4.362542e-01 5.589882e-01 6.942212e-02
endloop
endfacet
facet normal 0 0 0
outer loop
vertex -3.169007e-01 6.976605e-01 -4.354041e-02
vertex -2.837730e-01 7.339690e-01 -1.202800e-02
vertex -2.634839e-01 7.128800e-01 -4.202547e-02
endloop
endfacet
facet normal 0 0 0
outer loop
vertex 1.429654e-01 8.681629e-01 -2.823017e-02
vertex 1.224909e-01 8.244339e-01 -3.228647e-02
vertex 1.112234e-01 8.941244e-01 -2.640497e-02
endloop
endfacet
facet normal 0 0 0
outer loop
vertex 1.455542e-01 8.987409e-01 -2.428706e-02
vertex 2.211117e-01 8.709671e-01 -1.958917e-02
vertex 1.429654e-01 8.681629e-01 -2.823017e-02
endloop
endfacet
facet normal 0 0 0
outer loop
vertex -4.657257e-01 5.326453e-01 7.393228e-02
vertex -4.458546e-01 5.459757e-01 8.104172e-02
vertex -4.560447e-01 5.571328e-01 7.556331e-02
endloop
endfacet
facet normal 0 0 0
outer loop
vertex -4.458546e-01 5.459757e-01 8.104172e-02
vertex -4.362542e-01 5.589882e-01 6.942212e-02
vertex -4.560447e-01 5.571328e-01 7.556331e-02
endloop
endfacet
facet normal 0 0 0
outer loop
vertex -7.190470e-02 5.275845e-01 -7.480878e-02
vertex -1.006294e-01 5.278671e-01 -7.685931e-02
vertex -1.005423e-01 5.580845e-01 -7.559664e-02
endloop
endfacet
facet normal 0 0 0
outer loop
vertex 1.005706e-01 1.317234e-01 -2.517539e-02
vertex 1.645832e-01 9.622883e-02 -2.607327e-02
vertex 9.376837e-02 8.645926e-02 -2.197201e-02
endloop
endfacet
facet normal 0 0 0
outer loop
vertex -4.804051e-01 5.728449e-01 5.400675e-02
vertex -5.147883e-01 5.299823e-01 5.100647e-02
vertex -4.858040e-01 5.346030e-01 5.479600e-02
endloop
endfacet
facet normal 0 0 0
outer loop
vertex -4.657257e-01 5.326453e-01 7.393228e-02
vertex -4.858040e-01 5.346030e-01 5.479600e-02
vertex -4.834043e-01 4.934770e-01 5.605430e-02
endloop
endfacet
facet normal 0 0 0
outer loop
vertex 4.553834e-01 1.786153e-01 3.086439e-03
vertex 4.424188e-01 1.841370e-01 -1.095727e-02
vertex 4.853729e-01 1.854190e-01 -7.047513e-03
endloop
endfacet
facet normal 0 0 0
outer loop
vertex 1.112234e-01 8.941244e-01 -2.640497e-02
vertex 1.455542e-01 8.987409e-01 -2.428706e-02
vertex 1.429654e-01 8.681629e-01 -2.823017e-02
endloop
endfacet
facet normal 0 0 0
outer loop
vertex 1.447630e-01 9.315730e-01 -1.551674e-02
vertex 1.455542e-01 8.987409e-01 -2.428706e-02
vertex 1.112234e-01 8.941244e-01 -2.640497e-02
endloop
endfacet
facet normal 0 0 0
outer loop
vertex -3.338347e-01 5.262375e-01 -7.846806e-02
vertex -3.791196e-01 5.944343e-01 -6.817044e-02
vertex -3.059208e-01 5.914923e-01 -7.547496e-02
endloop
endfacet
facet normal 0 0 0
outer loop
vertex -2.519225e-01 4.438789e-01 -9.391209e-02
vertex -2.832950e-01 4.647631e-01 -8.190809e-02
vertex -2.531367e-01 4.838807e-01 -9.370877e-02
endloop
endfacet
facet normal 0 0 0
outer loop
vertex 5.807850e-01 3.757116e-01 4.446772e-03
vertex 5.553727e-01 3.391273e-01 6.103516e-03
vertex 5.577847e-01 3.364130e-01 -8.185447e-03
endloop
endfacet
facet normal 0 0 0
outer loop
vertex 1.861649e-01 3.239256e-01 -1.069717e-02
vertex 1.484150e-01 3.365850e-01 -1.394500e-02
vertex 1.727671e-01 3.629320e-01 -4.904080e-03
endloop
endfacet
facet normal 0 0 0
outer loop
vertex -1.971453e-01 9.326388e-02 8.140495e-02
vertex -1.810406e-01 1.460537e-01 6.992802e-02
vertex -2.089557e-01 1.203814e-01 7.565945e-02
endloop
endfacet
facet normal 0 0 0
outer loop
vertex 1.842297e-01 6.641885e-01 -1.099147e-02
vertex 1.610447e-01 6.695569e-01 -1.233742e-02
vertex 1.805012e-01 7.021559e-01 -1.564582e-02
endloop
endfacet
facet normal 0 0 0
outer loop
vertex 7.429066e-02 3.816330e-01 -3.935220e-02
vertex 1.022571e-01 3.878764e-01 -3.327595e-02
vertex 8.879742e-02 3.687423e-01 -2.858947e-02
endloop
endfacet
facet normal 0 0 0
outer loop
vertex 2.167073e-01 9.038991e-01 1.319677e-02
vertex 1.792795e-01 9.087365e-01 1.775164e-02
vertex 1.924511e-01 8.753179e-01 1.888627e-02
endloop
endfacet
facet normal 0 0 0
outer loop
vertex -8.723462e-02 9.081251e-01 -7.327462e-03
vertex -1.032149e-01 8.981546e-01 5.308143e-03
vertex -5.153838e-02 9.336499e-01 2.508469e-03
endloop
endfacet
facet normal 0 0 0
outer loop
vertex 2.167073e-01 9.038991e-01 1.319677e-02
vertex 1.924511e-01 8.753179e-01 1.888627e-02
vertex 2.378023e-01 8.587601e-01 1.775321e-02
endloop
endfacet
facet normal 0 0 0
outer loop
vertex -3.011336e-01 3.524590e-01 -6.309415e-02
vertex -2.476597e-01 3.264352e-01 -5.666618e-02
vertex -2.807523e-01 3.166544e-01 -4.925758e-02
endloop
endfacet
facet normal 0 0 0
outer loop
vertex -5.558815e-01 5.132914e-01 3.812040e-02
vertex -5.325927e-01 5.555388e-01 3.932713e-02
vertex -5.660634e-01 5.512146e-01 1.422818e-02
endloop
endfacet
facet normal 0 0 0
outer loop
vertex -5.313943e-01 5.825528e-01 2.580894e-02
vertex -5.500250e-01 5.672538e-01 1.849523e-02
vertex -5.325927e-01 5.555388e-01 3.932713e-02
endloop
endfacet
facet normal 0 0 0
outer loop
vertex 1.391279e-02 4.082737e-01 5.989357e-02
vertex -4.240030e-02 4.427108e-01 6.952969e-02
vertex -4.798611e-02 3.943755e-01 6.544746e-02
endloop
endfacet
facet normal 0 0 0
outer loop
vertex 3.624463e-01 4.062076e-02 2.662104e-03
vertex 3.426452e-01 4.114170e-02 -1.047144e-02
vertex 3.739766e-01 4.832166e-02 -8.264673e-03
endloop
endfacet
facet normal 0 0 0
outer loop
vertex -5.558815e-01 5.132914e-01 3.812040e-02
vertex -5.660634e-01 5.512146e-01 1.422818e-02
vertex -5.891890e-01 5.146570e-01 1.502300e-02
endloop
endfacet
facet normal 0 0 0
outer loop
vertex 2.463911e-01 6.184847e-01 -1.002049e-02
vertex 2.751637e-01 6.546149e-01 -9.852181e-03
vertex 3.053449e-01 6.142498e-01 -2.727299e-02
endloop
endfacet
facet normal 0 0 0
outer loop
vertex 4.071084e-01 7.542272e-01 -6.942102e-03
vertex 3.780110e-01 7.366316e-01 7.142419e-03
vertex 4.291198e-01 7.561523e-01 6.657706e-03
endloop
endfacet
facet normal 0 0 0
outer loop
vertex -1.803000e-01 3.846600e-01 -1.104170e-01
vertex -2.206271e-01 3.700948e-01 -1.025875e-01
vertex -2.149453e-01 4.115699e-01 -1.040918e-01
endloop
endfacet
facet normal 0 0 0
outer loop
vertex 1.184914e-01 4.920674e-01 -4.892145e-02
vertex 6.452268e-02 4.954504e-01 -5.837056e-02
vertex 1.181910e-01 5.446541e-01 -4.494643e-02
endloop
endfacet
facet normal 0 0 0
outer loop
vertex 4.831847e-01 5.385991e-01 2.723184e-02
vertex 4.644517e-01 5.793090e-01 2.779090e-02
vertex 4.381280e-01 5.086750e-01 2.989200e-02
endloop
endfacet
facet normal 0 0 0
outer loop
vertex 5.862156e-01 5.584075e-01 -8.415481e-03
vertex 5.983542e-01 5.179664e-01 -4.462859e-03
vertex 5.551713e-01 5.259530e-01 -2.067934e-02
endloop
endfacet
facet normal 0 0 0
outer loop
vertex -1.374675e-01 5.387998e-01 1.071361e-01
vertex -7.358407e-02 5.515095e-01 1.197459e-01
vertex -7.988912e-02 5.068343e-01 1.173611e-01
endloop
endfacet
facet normal 0 0 0
outer loop
vertex 2.478845e-01 8.457197e-02 2.017592e-02
vertex 2.111338e-01 4.525314e-02 1.605983e-02
vertex 2.317956e-01 1.110273e-02 5.977393e-03
endloop
endfacet
facet normal 0 0 0
outer loop
vertex -2.220390e-01 9.796285e-02 7.988331e-02
vertex -2.541953e-01 9.764227e-02 8.097474e-02
vertex -2.245771e-01 6.496104e-02 8.519021e-02
endloop
endfacet
facet normal 0 0 0
outer loop
vertex -1.468954e-01 5.115922e-02 -8.508774e-02
vertex -1.792056e-01 7.336114e-02 -8.722632e-02
vertex -1.366943e-01 5.359256e-02 -9.466452e-02
endloop
endfacet
facet normal 0 0 0
outer loop
vertex -2.616646e-01 4.086849e-01 8.944406e-02
vertex -2.420214e-01 3.917207e-01 9.665316e-02
vertex -2.278155e-01 4.223370e-01 1.005434e-01
endloop
endfacet
facet normal 0 0 0
outer loop
vertex -2.153329e-01 8.178136e-02 -8.779985e-02
vertex -2.361152e-01 7.424930e-02 -8.920375e-02
vertex -2.129766e-01 1.099161e-01 -8.283006e-02
endloop
endfacet
facet normal 0 0 0
outer loop
vertex -2.361152e-01 7.424930e-02 -8.920375e-02
vertex -2.676098e-01 1.151793e-01 -8.109304e-02
vertex -2.129766e-01 1.099161e-01 -8.283006e-02
endloop
endfacet
facet normal 0 0 0
outer loop
vertex -4.296339e-01 5.297461e-01 -8.115096e-02
vertex -4.596056e-01 5.097001e-01 -7.764219e-02
vertex -4.522288e-01 5.514882e-01 -8.211464e-02
endloop
endfacet
facet normal 0 0 0
outer loop
vertex -4.294810e-01 5.232273e-01 8.214561e-02
vertex -4.657257e-01 5.326453e-01 7.393228e-02
vertex -4.547031e-01 4.983122e-01 7.759140e-02
endloop
endfacet
facet normal 0 0 0
outer loop
vertex -4.294810e-01 5.232273e-01 8.214561e-02
vertex -4.458546e-01 5.459757e-01 8.104172e-02
vertex -4.657257e-01 5.326453e-01 7.393228e-02
endloop
endfacet
facet normal 0 0 0
outer loop
vertex -1.240022e-01 3.230161e-01 -5.266512e-02
vertex -9.906404e-02 2.990644e-01 -3.699446e-02
vertex -1.548449e-01 2.918461e-01 -3.582612e-02
endloop
endfacet
facet normal 0 0 0
outer loop
vertex 9.017333e-02 4.100746e-02 1.063407e-02
vertex 6.544066e-02 4.535744e-02 1.786562e-03
vertex 8.466870e-02 2.440010e-02 -2.882789e-03
endloop
endfacet
facet normal 0 0 0
outer loop
vertex -4.229438e-01 4.599821e-01 7.170131e-02
vertex -4.075336e-01 4.947174e-01 7.167406e-02
vertex -4.294810e-01 5.232273e-01 8.214561e-02
endloop
endfacet
facet normal 0 0 0
outer loop
vertex 6.801597e-02 3.035834e-01 -1.975848e-02
vertex 8.864374e-02 3.491221e-01 -1.684818e-02
vertex 9.856808e-02 3.217592e-01 -1.853000e-02
endloop
endfacet
facet normal 0 0 0
outer loop
vertex -1.777563e-01 7.294545e-01 -3.953623e-02
vertex -1.336138e-01 7.110220e-01 -5.086585e-02
vertex -2.049172e-01 7.024773e-01 -5.248233e-02
endloop
endfacet
facet normal 0 0 0
outer loop
vertex -1.336138e-01 7.110220e-01 -5.086585e-02
vertex -1.777563e-01 7.294545e-01 -3.953623e-02
vertex -1.406752e-01 7.527309e-01 -2.421451e-02
endloop
endfacet
facet normal 0 0 0
outer loop
vertex -2.221892e-01 4.987922e-01 1.029563e-01
vertex -1.989074e-01 5.126509e-01 9.474971e-02
vertex -2.391033e-01 4.934876e-01 8.939251e-02
endloop
endfacet
facet normal 0 0 0
outer loop
vertex -2.757157e-01 4.387875e-01 8.633909e-02
vertex -2.584175e-01 4.740385e-01 9.342279e-02
vertex -2.971999e-01 4.568242e-01 7.269710e-02
endloop
endfacet
facet normal 0 0 0
outer loop
vertex -4.047622e-01 5.407044e-01 6.913546e-02
vertex -4.362542e-01 5.589882e-01 6.942212e-02
vertex -4.294810e-01 5.232273e-01 8.214561e-02
endloop
endfacet
facet normal 0 0 0
outer loop
vertex -4.229438e-01 4.599821e-01 7.170131e-02
vertex -4.547031e-01 4.983122e-01 7.759140e-02
vertex -4.605437e-01 4.598126e-01 6.556013e-02
endloop
endfacet
facet normal 0 0 0
outer loop
vertex -2.391033e-01 4.934876e-01 8.939251e-02
vertex -2.664242e-01 4.760274e-01 7.518885e-02
vertex -2.584175e-01 4.740385e-01 9.342279e-02
endloop
endfacet
facet normal 0 0 0
outer loop
vertex 5.181528e-01 5.971694e-01 1.954420e-02
vertex 5.333842e-01 5.577971e-01 1.929896e-02
vertex 5.733944e-01 5.979016e-01 6.135325e-03
endloop
endfacet
facet normal 0 0 0
outer loop
vertex -4.294810e-01 5.232273e-01 8.214561e-02
vertex -4.075336e-01 4.947174e-01 7.167406e-02
vertex -4.047622e-01 5.407044e-01 6.913546e-02
endloop
endfacet
facet normal 0 0 0
outer loop
vertex -4.531898e-01 4.620257e-01 -6.662785e-02
vertex -4.596056e-01 5.097001e-01 -7.764219e-02
vertex -3.910007e-01 4.886695e-01 -7.542183e-02
endloop
endfacet
facet normal 0 0 0
outer loop
vertex -4.834043e-01 4.934770e-01 5.605430e-02
vertex -5.147883e-01 5.299823e-01 5.100647e-02
vertex -5.384979e-01 4.720864e-01 4.628238e-02
endloop
endfacet
facet normal 0 0 0
outer loop
vertex -6.097852e-02 4.808547e-01 -1.212882e-01
vertex -1.083084e-01 4.677522e-01 -1.114479e-01
vertex -6.219256e-02 4.344947e-01 -1.214135e-01
endloop
endfacet
facet normal 0 0 0
outer loop
vertex -3.305753e-01 5.444098e-01 7.743882e-02
vertex -3.124036e-01 4.853030e-01 8.097623e-02
vertex -2.495089e-01 5.244975e-01 8.224021e-02
endloop
endfacet
facet normal 0 0 0
outer loop
vertex -2.220390e-01 9.796285e-02 7.988331e-02
vertex -2.362430e-01 1.383701e-01 7.155242e-02
vertex -2.541953e-01 9.764227e-02 8.097474e-02
endloop
endfacet
facet normal 0 0 0
outer loop
vertex -9.390264e-02 5.153796e-01 -1.283817e-01
vertex -5.763147e-02 5.114593e-01 -1.361779e-01
vertex -9.246534e-02 4.744780e-01 -1.299180e-01
endloop
endfacet
facet normal 0 0 0
outer loop
vertex 1.209510e-01 9.429638e-01 -1.293841e-02
vertex 1.447630e-01 9.315730e-01 -1.551674e-02
vertex 1.088744e-01 9.288623e-01 -1.930681e-02
endloop
endfacet
facet normal 0 0 0
outer loop
vertex 1.008907e-01 9.549550e-01 -9.787387e-03
vertex 1.088744e-01 9.288623e-01 -1.930681e-02
vertex 8.051895e-02 9.346322e-01 -1.689060e-02
endloop
endfacet
facet normal 0 0 0
outer loop
vertex -3.043888e-01 6.231949e-01 6.995548e-02
vertex -3.305753e-01 5.444098e-01 7.743882e-02
vertex -2.639603e-01 5.745319e-01 7.900604e-02
endloop
endfacet
facet normal 0 0 0
outer loop
vertex -2.639603e-01 5.745319e-01 7.900604e-02
vertex -2.495089e-01 5.244975e-01 8.224021e-02
vertex -1.780970e-01 5.716648e-01 7.944521e-02
endloop
endfacet
facet normal 0 0 0
outer loop
vertex -2.495089e-01 5.244975e-01 8.224021e-02
vertex -2.639603e-01 5.745319e-01 7.900604e-02
vertex -3.305753e-01 5.444098e-01 7.743882e-02
endloop
endfacet
facet normal 0 0 0
outer loop
vertex 5.333842e-01 5.577971e-01 1.929896e-02
vertex 5.165705e-01 4.932027e-01 2.413543e-02
vertex 5.502612e-01 5.204797e-01 1.539902e-02
endloop
endfacet
facet normal 0 0 0
outer loop
vertex -2.245771e-01 6.496104e-02 8.519021e-02
vertex -2.394638e-01 7.492182e-02 7.031332e-02
vertex -2.213897e-01 6.570820e-02 7.171966e-02
endloop
endfacet
facet normal 0 0 0
outer loop
vertex -1.835093e-01 3.231057e-01 -5.537587e-02
vertex -2.357372e-01 3.001489e-01 -4.265328e-02
vertex -2.476597e-01 3.264352e-01 -5.666618e-02
endloop
endfacet
facet normal 0 0 0
outer loop
vertex -1.835093e-01 3.231057e-01 -5.537587e-02
vertex -2.476597e-01 3.264352e-01 -5.666618e-02
vertex -2.092727e-01 3.742514e-01 -7.188731e-02
endloop
endfacet
facet normal 0 0 0
outer loop
vertex 1.484150e-01 3.365850e-01 -1.394500e-02
vertex 1.233466e-01 3.292212e-01 -1.610576e-02
vertex 1.178219e-01 3.502386e-01 -1.527860e-02
endloop
endfacet
facet normal 0 0 0
outer loop
vertex 1.233466e-01 3.292212e-01 -1.610576e-02
vertex 1.484150e-01 3.365850e-01 -1.394500e-02
vertex 1.696567e-01 3.009846e-01 -1.513731e-02
endloop
endfacet
facet normal 0 0 0
outer loop
vertex -2.063307e-01 3.624715e-01 6.922715e-02
vertex -2.044522e-01 3.114750e-01 4.939835e-02
vertex -1.592097e-01 3.225048e-01 5.406134e-02
endloop
endfacet
facet normal 0 0 0
outer loop
vertex -2.187911e-01 3.401127e-01 8.782290e-02
vertex -1.796085e-01 3.261511e-01 1.023171e-01
vertex -2.245704e-01 3.359502e-01 9.897719e-02
endloop
endfacet
facet normal 0 0 0
outer loop
vertex 1.395712e-01 6.891162e-01 -1.714230e-02
vertex 1.610447e-01 6.695569e-01 -1.233742e-02
vertex 1.393699e-01 6.425745e-01 -8.088366e-03
endloop
endfacet
facet normal 0 0 0
outer loop
vertex 1.357780e-01 8.569305e-01 2.982553e-02
vertex 1.056701e-01 8.885062e-01 2.785522e-02
vertex 8.754249e-02 8.533444e-01 3.168394e-02
endloop
endfacet
facet normal 0 0 0
outer loop
vertex -5.891890e-01 5.146570e-01 1.502300e-02
vertex -5.901852e-01 4.742242e-01 2.200375e-02
vertex -5.558815e-01 5.132914e-01 3.812040e-02
endloop
endfacet
facet normal 0 0 0
outer loop
vertex -2.138789e-01 7.098814e-02 8.157820e-02
vertex -2.245771e-01 6.496104e-02 8.519021e-02
vertex -2.213897e-01 6.570820e-02 7.171966e-02
endloop
endfacet
facet normal 0 0 0
outer loop
vertex 1.792795e-01 9.087365e-01 1.775164e-02
vertex 1.657876e-01 8.772750e-01 2.542921e-02
vertex 1.924511e-01 8.753179e-01 1.888627e-02
endloop
endfacet
facet normal 0 0 0
outer loop
vertex -2.496358e-01 1.706219e-01 4.468259e-02
vertex -2.393702e-01 2.020884e-01 3.643700e-02
vertex -1.922914e-01 1.858147e-01 4.117875e-02
endloop
endfacet
facet normal 0 0 0
outer loop
vertex 2.164341e-01 6.613122e-01 -8.018889e-03
vertex 1.842297e-01 6.641885e-01 -1.099147e-02
vertex 1.805012e-01 7.021559e-01 -1.564582e-02
endloop
endfacet
facet normal 0 0 0
outer loop
vertex 5.694804e-01 4.407485e-01 1.315049e-02
vertex 5.950697e-01 4.336373e-01 3.942357e-03
vertex 5.910797e-01 4.766255e-01 6.401373e-03
endloop
endfacet
facet normal 0 0 0
outer loop
vertex -1.835093e-01 3.231057e-01 -5.537587e-02
vertex -1.982670e-01 2.996705e-01 -4.043227e-02
vertex -2.357372e-01 3.001489e-01 -4.265328e-02
endloop
endfacet
facet normal 0 0 0
outer loop
vertex -1.548449e-01 2.918461e-01 -3.582612e-02
vertex -1.982670e-01 2.996705e-01 -4.043227e-02
vertex -1.835093e-01 3.231057e-01 -5.537587e-02
endloop
endfacet
facet normal 0 0 0
outer loop
vertex 1.727862e-01 9.634420e-01 4.907143e-03
vertex 1.535875e-01 9.488055e-01 9.445604e-03
vertex 1.817630e-01 9.481581e-01 7.998748e-03
endloop
endfacet
facet normal 0 0 0
outer loop
vertex -1.971453e-01 9.326388e-02 8.140495e-02
vertex -2.089557e-01 1.203814e-01 7.565945e-02
vertex -2.220390e-01 9.796285e-02 7.988331e-02
endloop
endfacet
facet normal 0 0 0
outer loop
vertex -2.519225e-01 4.438789e-01 -9.391209e-02
vertex -2.999162e-01 4.359025e-01 -7.745700e-02
vertex -2.832950e-01 4.647631e-01 -8.190809e-02
endloop
endfacet
facet normal 0 0 0
outer loop
vertex 1.178219e-01 3.502386e-01 -1.527860e-02
vertex 9.856808e-02 3.217592e-01 -1.853000e-02
vertex 8.864374e-02 3.491221e-01 -1.684818e-02
endloop
endfacet
facet normal 0 0 0
outer loop
vertex 1.416784e-01 8.842459e-01 2.785409e-02
vertex 1.056701e-01 8.885062e-01 2.785522e-02
vertex 1.357780e-01 8.569305e-01 2.982553e-02
endloop
endfacet
facet normal 0 0 0
outer loop
vertex -1.847626e-01 2.688077e-01 4.945344e-03
vertex -1.989597e-01 2.694784e-01 -1.025657e-02
vertex -1.803909e-01 2.705944e-01 -1.445968e-02
endloop
endfacet
facet normal 0 0 0
outer loop
vertex 5.325739e-01 2.927808e-01 -1.114774e-02
vertex 5.577847e-01 3.364130e-01 -8.185447e-03
vertex 5.363688e-01 3.003446e-01 4.847136e-03
endloop
endfacet
facet normal 0 0 0
outer loop
vertex -2.700434e-01 6.597570e-01 -6.376366e-02
vertex -2.634839e-01 7.128800e-01 -4.202547e-02
vertex -2.049172e-01 7.024773e-01 -5.248233e-02
endloop
endfacet
facet normal 0 0 0
outer loop
vertex 6.857222e-02 3.602540e-01 -3.161376e-02
vertex 8.879742e-02 3.687423e-01 -2.858947e-02
vertex 8.864374e-02 3.491221e-01 -1.684818e-02
endloop
endfacet
facet normal 0 0 0
outer loop
vertex 2.595652e-02 9.630902e-01 -8.102025e-03
vertex 2.472977e-03 9.574849e-01 6.205634e-03
vertex 5.153954e-02 9.668773e-01 7.180865e-03
endloop
endfacet
facet normal 0 0 0
outer loop
vertex 7.429066e-02 3.816330e-01 -3.935220e-02
vertex 4.107901e-02 3.698689e-01 -4.453728e-02
vertex 7.248375e-02 4.229094e-01 -5.191352e-02
endloop
endfacet
facet normal 0 0 0
outer loop
vertex 3.565585e-01 3.199003e-01 2.771829e-02
vertex 4.105220e-01 3.125964e-01 2.864060e-02
vertex 3.573902e-01 3.796389e-01 3.014368e-02
endloop
endfacet
facet normal 0 0 0
outer loop
vertex -1.314279e-01 5.319422e-01 -7.906185e-02
vertex -1.006294e-01 5.278671e-01 -7.685931e-02
vertex -1.052069e-01 4.948250e-01 -7.722051e-02
endloop
endfacet
facet normal 0 0 0
outer loop
vertex -9.066471e-02 5.441941e-01 -1.149246e-01
vertex -1.115891e-01 5.468000e-01 -1.120509e-01
vertex -1.101256e-01 5.131893e-01 -1.104850e-01
endloop
endfacet
facet normal 0 0 0
outer loop
vertex 4.071084e-01 7.542272e-01 -6.942102e-03
vertex 4.189243e-01 7.176727e-01 -2.260294e-02
vertex 3.593814e-01 7.330736e-01 -4.704744e-03
endloop
endfacet
facet normal 0 0 0
outer loop
vertex 5.020241e-01 7.459392e-01 1.735424e-04
vertex 4.930068e-01 7.206702e-01 1.080289e-02
vertex 5.302446e-01 7.064110e-01 3.535345e-03
endloop
endfacet
facet normal 0 0 0
outer loop
vertex -4.547031e-01 4.983122e-01 7.759140e-02
vertex -4.229438e-01 4.599821e-01 7.170131e-02
vertex -4.294810e-01 5.232273e-01 8.214561e-02
endloop
endfacet
facet normal 0 0 0
outer loop
vertex -2.404613e-01 2.439898e-01 -4.646172e-02
vertex -2.460327e-01 2.598906e-01 -4.007190e-02
vertex -2.309556e-01 2.579874e-01 -3.986113e-02
endloop
endfacet
facet normal 0 0 0
outer loop
vertex -1.005030e-01 7.617710e-01 2.718600e-02
vertex -7.475360e-02 7.401860e-01 2.835387e-02
vertex -8.209079e-02 7.993860e-01 2.770861e-02
endloop
endfacet
facet normal 0 0 0
outer loop
vertex -2.361152e-01 7.424930e-02 -8.920375e-02
vertex -2.166770e-01 6.569500e-02 -8.792200e-02
vertex -2.277509e-01 6.455778e-02 -7.783614e-02
endloop
endfacet
facet normal 0 0 0
outer loop
vertex -1.993917e-01 2.377876e-01 -4.666586e-02
vertex -2.278167e-01 2.132947e-01 -5.615607e-02
vertex -2.264593e-01 2.350452e-01 -4.904236e-02
endloop
endfacet
facet normal 0 0 0
outer loop
vertex -2.299108e-01 1.880650e-01 -6.297467e-02
vertex -2.564090e-01 1.780670e-01 -6.636600e-02
vertex -2.537435e-01 2.026343e-01 -5.919065e-02
endloop
endfacet
facet normal 0 0 0
outer loop
vertex -2.749177e-01 7.300954e-01 2.510137e-02
vertex -2.472164e-01 7.419429e-01 -4.372527e-03
vertex -2.837730e-01 7.339690e-01 -1.202800e-02
endloop
endfacet
facet normal 0 0 0
outer loop
vertex 2.855409e-01 8.322209e-01 6.715217e-03
vertex 2.719351e-01 8.420280e-01 -9.673436e-03
vertex 2.750176e-01 8.482019e-01 6.324389e-03
endloop
endfacet
facet normal 0 0 0
outer loop
vertex 2.907350e-01 8.302470e-01 -5.811000e-03
vertex 2.719351e-01 8.420280e-01 -9.673436e-03
vertex 2.855409e-01 8.322209e-01 6.715217e-03
endloop
endfacet
facet normal 0 0 0
outer loop
vertex 3.884685e-01 6.897140e-01 -2.518844e-02
vertex 4.189243e-01 7.176727e-01 -2.260294e-02
vertex 4.424997e-01 6.707700e-01 -2.747660e-02
endloop
endfacet
facet normal 0 0 0
outer loop
vertex 1.293590e-01 7.575600e-02 2.022800e-02
vertex 1.481953e-01 5.231607e-02 1.614014e-02
vertex 1.773295e-01 7.018882e-02 2.099461e-02
endloop
endfacet
facet normal 0 0 0
outer loop
vertex -3.948051e-01 3.143790e-01 7.958610e-03
vertex -4.474527e-01 3.385804e-01 7.384596e-03
vertex -4.251333e-01 3.341620e-01 -2.020919e-02
endloop
endfacet
facet normal 0 0 0
outer loop
vertex -3.845903e-01 3.178321e-01 -2.170870e-02
vertex -3.948051e-01 3.143790e-01 7.958610e-03
vertex -4.251333e-01 3.341620e-01 -2.020919e-02
endloop
endfacet
facet normal 0 0 0
outer loop
vertex -7.190470e-02 5.275845e-01 -7.480878e-02
vertex -6.965674e-02 5.842268e-01 -7.213143e-02
vertex -2.003956e-02 5.417604e-01 -6.906345e-02
endloop
endfacet
facet normal 0 0 0
outer loop
vertex -2.754943e-01 3.350640e-01 5.872221e-02
vertex -2.941050e-01 3.137934e-01 4.492453e-02
vertex -2.696630e-01 3.068781e-01 4.353967e-02
endloop
endfacet
facet normal 0 0 0
outer loop
vertex -2.411698e-01 3.294839e-01 5.795239e-02
vertex -2.754943e-01 3.350640e-01 5.872221e-02
vertex -2.696630e-01 3.068781e-01 4.353967e-02
endloop
endfacet
facet normal 0 0 0
outer loop
vertex 2.288634e-01 7.167119e-01 -9.451253e-03
vertex 2.222570e-01 7.053704e-01 8.323496e-03
vertex 2.317546e-01 6.966488e-01 7.522886e-04
endloop
endfacet
facet normal 0 0 0
outer loop
vertex -3.302827e-02 7.216883e-01 2.673346e-02
vertex -7.475360e-02 7.401860e-01 2.835387e-02
vertex -5.382932e-02 7.066706e-01 4.679097e-02
endloop
endfacet
facet normal 0 0 0
outer loop
vertex 2.317956e-01 1.110273e-02 5.977393e-03
vertex 1.957509e-01 8.236480e-03 6.004807e-03
vertex 2.096154e-01 1.084025e-02 -9.396573e-03
endloop
endfacet
facet normal 0 0 0
outer loop
vertex -3.444242e-01 3.047248e-01 -2.106345e-02
vertex -3.316595e-01 2.943782e-01 5.545403e-03
vertex -3.639319e-01 3.034159e-01 9.492687e-03
endloop
endfacet
facet normal 0 0 0
outer loop
vertex -1.801309e-01 5.011457e-01 -7.930218e-02
vertex -1.359441e-01 4.722769e-01 -7.845479e-02
vertex -1.987491e-01 4.506775e-01 -7.802970e-02
endloop
endfacet
facet normal 0 0 0
outer loop
vertex 2.968369e-01 5.289970e-01 2.907209e-02
vertex 3.444605e-01 5.977738e-01 2.914272e-02
vertex 2.831086e-01 6.148744e-01 2.165166e-02
endloop
endfacet
facet normal 0 0 0
outer loop
vertex 2.412748e-01 5.451217e-01 2.157817e-02
vertex 2.968369e-01 5.289970e-01 2.907209e-02
vertex 2.831086e-01 6.148744e-01 2.165166e-02
endloop
endfacet
facet normal 0 0 0
outer loop
vertex -1.604343e-01 7.851790e-01 -1.414558e-02
vertex -1.537196e-01 8.164632e-01 -1.174533e-02
vertex -1.214805e-01 8.004316e-01 -2.369099e-02
endloop
endfacet
facet normal 0 0 0
outer loop
vertex -3.169007e-01 6.976605e-01 -4.354041e-02
vertex -3.351054e-01 7.155250e-01 -2.131996e-02
vertex -2.837730e-01 7.339690e-01 -1.202800e-02
endloop
endfacet
facet normal 0 0 0
outer loop
vertex -3.169007e-01 6.976605e-01 -4.354041e-02
vertex -3.800434e-01 6.975187e-01 -2.325574e-02
vertex -3.351054e-01 7.155250e-01 -2.131996e-02
endloop
endfacet
facet normal 0 0 0
outer loop
vertex 4.758975e-01 3.950671e-01 -3.096856e-02
vertex 4.223273e-01 4.356162e-01 -3.334803e-02
vertex 4.599565e-01 4.753404e-01 -3.381567e-02
endloop
endfacet
facet normal 0 0 0
outer loop
vertex 4.599565e-01 4.753404e-01 -3.381567e-02
vertex 4.223273e-01 4.356162e-01 -3.334803e-02
vertex 4.006130e-01 4.687860e-01 -3.513688e-02
endloop
endfacet
facet normal 0 0 0
outer loop
vertex 4.006130e-01 4.687860e-01 -3.513688e-02
vertex 3.851005e-01 3.990339e-01 -3.287246e-02
vertex 3.475531e-01 4.814103e-01 -3.184341e-02
endloop
endfacet
facet normal 0 0 0
outer loop
vertex -2.004506e-01 2.007266e-01 -5.931451e-02
vertex -2.067727e-01 1.530069e-01 -7.173798e-02
vertex -2.299108e-01 1.880650e-01 -6.297467e-02
endloop
endfacet
facet normal 0 0 0
outer loop
vertex -2.004506e-01 2.007266e-01 -5.931451e-02
vertex -2.299108e-01 1.880650e-01 -6.297467e-02
vertex -2.278167e-01 2.132947e-01 -5.615607e-02
endloop
endfacet
facet normal 0 0 0
outer loop
vertex -4.735328e-01 6.274112e-01 -3.322824e-02
vertex -4.516047e-01 5.951753e-01 -5.585437e-02
vertex -4.990184e-01 5.833833e-01 -4.461536e-02
endloop
endfacet
facet normal 0 0 0
outer loop
vertex -8.659814e-02 2.729473e-01 8.274189e-03
vertex -9.817980e-02 2.737198e-01 -9.088283e-04
vertex -8.727359e-02 2.457035e-01 -5.968877e-03
endloop
endfacet
facet normal 0 0 0
outer loop
vertex -1.200852e-01 2.742781e-01 1.347161e-02
vertex -9.817980e-02 2.737198e-01 -9.088283e-04
vertex -8.659814e-02 2.729473e-01 8.274189e-03
endloop
endfacet
facet normal 0 0 0
outer loop
vertex -3.060571e-01 2.731113e-01 3.447688e-02
vertex -3.034345e-01 2.545007e-01 4.197069e-02
vertex -2.848248e-01 2.717215e-01 3.592835e-02
endloop
endfacet
facet normal 0 0 0
outer loop
vertex -2.848248e-01 2.717215e-01 3.592835e-02
vertex -2.872499e-01 2.921187e-01 2.970529e-02
vertex -3.050928e-01 2.894878e-01 3.079497e-02
endloop
endfacet
facet normal 0 0 0
outer loop
vertex 1.823860e-01 5.396463e-01 -3.027220e-02
vertex 1.648284e-01 4.825078e-01 -3.952238e-02
vertex 1.181910e-01 5.446541e-01 -4.494643e-02
endloop
endfacet
facet normal 0 0 0
outer loop
vertex 1.422949e-01 5.826489e-01 -2.835050e-02
vertex 1.181910e-01 5.446541e-01 -4.494643e-02
vertex 1.052451e-01 5.779709e-01 -4.230090e-02
endloop
endfacet
facet normal 0 0 0
outer loop
vertex -3.351054e-01 7.155250e-01 -2.131996e-02
vertex -3.800434e-01 6.975187e-01 -2.325574e-02
vertex -3.432936e-01 7.180171e-01 6.198134e-03
endloop
endfacet
facet normal 0 0 0
outer loop
vertex -5.382932e-02 7.066706e-01 4.679097e-02
vertex -1.266715e-01 6.453953e-01 6.843127e-02
vertex -5.510592e-02 6.366733e-01 6.436390e-02
endloop
endfacet
facet normal 0 0 0
outer loop
vertex 6.801597e-02 3.035834e-01 -1.975848e-02
vertex 1.085612e-01 2.906583e-01 -2.004105e-02
vertex 5.122679e-02 2.617258e-01 -2.131441e-02
endloop
endfacet
facet normal 0 0 0
outer loop
vertex 2.288634e-01 7.167119e-01 -9.451253e-03
vertex 2.242008e-01 6.889573e-01 -7.722176e-03
vertex 1.805012e-01 7.021559e-01 -1.564582e-02
endloop
endfacet
facet normal 0 0 0
outer loop
vertex 2.288634e-01 7.167119e-01 -9.451253e-03
vertex 1.805012e-01 7.021559e-01 -1.564582e-02
vertex 1.950640e-01 7.492798e-01 -2.067081e-02
endloop
endfacet
facet normal 0 0 0
outer loop
vertex -1.266715e-01 6.453953e-01 6.843127e-02
vertex -5.382932e-02 7.066706e-01 4.679097e-02
vertex -1.286024e-01 7.038301e-01 5.355195e-02
endloop
endfacet
facet normal 0 0 0
outer loop
vertex -2.564090e-01 1.780670e-01 -6.636600e-02
vertex -2.328579e-01 1.422332e-01 -7.434101e-02
vertex -2.577415e-01 1.455903e-01 -7.307011e-02
endloop
endfacet
facet normal 0 0 0
outer loop
vertex -5.748119e-01 4.166728e-01 5.067423e-03
vertex -5.399001e-01 3.963265e-01 -1.342024e-02
vertex -5.344917e-01 3.934657e-01 1.756695e-02
endloop
endfacet
facet normal 0 0 0
outer loop
vertex -5.399001e-01 3.963265e-01 -1.342024e-02
vertex -5.748119e-01 4.166728e-01 5.067423e-03
vertex -5.665644e-01 4.211063e-01 -1.837133e-02
endloop
endfacet
facet normal 0 0 0
outer loop
vertex -1.005423e-01 5.580845e-01 -7.559664e-02
vertex -1.314279e-01 5.319422e-01 -7.906185e-02
vertex -1.380395e-01 5.891831e-01 -7.637397e-02
endloop
endfacet
facet normal 0 0 0
outer loop
vertex -1.006294e-01 5.278671e-01 -7.685931e-02
vertex -1.314279e-01 5.319422e-01 -7.906185e-02
vertex -1.005423e-01 5.580845e-01 -7.559664e-02
endloop
endfacet
facet normal 0 0 0
outer loop
vertex -1.548449e-01 2.918461e-01 -3.582612e-02
vertex -1.877568e-01 2.829567e-01 -3.026894e-02
vertex -1.982670e-01 2.996705e-01 -4.043227e-02
endloop
endfacet
facet normal 0 0 0
outer loop
vertex 3.426452e-01 4.114170e-02 -1.047144e-02
vertex 3.624463e-01 4.062076e-02 2.662104e-03
vertex 3.119448e-01 3.467474e-02 1.660982e-03
endloop
endfacet
facet normal 0 0 0
outer loop
vertex -1.353825e-01 7.363942e-02 7.251491e-02
vertex -1.325210e-01 6.464542e-02 8.673036e-02
vertex -1.254695e-01 5.312700e-02 8.353461e-02
endloop
endfacet
facet normal 0 0 0
outer loop
vertex 1.727671e-01 3.629320e-01 -4.904080e-03
vertex 1.484150e-01 3.365850e-01 -1.394500e-02
vertex 1.497750e-01 3.650502e-01 -9.820129e-03
endloop
endfacet
facet normal 0 0 0
outer loop
vertex 8.754249e-02 8.533444e-01 3.168394e-02
vertex 6.980439e-02 9.076502e-01 2.473622e-02
vertex 3.399972e-02 8.971441e-01 2.555527e-02
endloop
endfacet
facet normal 0 0 0
outer loop
vertex -2.449373e-01 7.172679e-01 3.734841e-02
vertex -2.626870e-01 6.894632e-01 5.417648e-02
vertex -2.024662e-01 7.155160e-01 4.616887e-02
endloop
endfacet
facet normal 0 0 0
outer loop
vertex -1.410585e-01 1.042214e-01 7.654978e-02
vertex -1.690122e-01 7.004841e-02 8.695572e-02
vertex -1.448572e-01 5.134374e-02 8.654136e-02
endloop
endfacet
facet normal 0 0 0
outer loop
vertex -2.626870e-01 6.894632e-01 5.417648e-02
vertex -2.449373e-01 7.172679e-01 3.734841e-02
vertex -2.749177e-01 7.300954e-01 2.510137e-02
endloop
endfacet
facet normal 0 0 0
outer loop
vertex -4.596056e-01 5.097001e-01 -7.764219e-02
vertex -4.704708e-01 5.390202e-01 -6.907557e-02
vertex -4.522288e-01 5.514882e-01 -8.211464e-02
endloop
endfacet
facet normal 0 0 0
outer loop
vertex 1.486946e-01 4.202950e-01 -3.339671e-02
vertex 1.345342e-01 4.001864e-01 -2.911708e-02
vertex 1.156685e-01 4.163878e-01 -4.027920e-02
endloop
endfacet
facet normal 0 0 0
outer loop
vertex 1.204366e-01 9.480579e-01 9.547310e-03
vertex 1.056352e-01 9.600590e-01 6.179008e-03
vertex 1.102154e-01 9.326653e-01 1.747199e-02
endloop
endfacet
facet normal 0 0 0
outer loop
vertex -1.292934e-01 5.043601e-02 -8.081850e-02
vertex -1.273136e-01 5.661489e-02 -9.128165e-02
vertex -1.372584e-01 6.562122e-02 -7.614195e-02
endloop
endfacet
facet normal 0 0 0
outer loop
vertex 2.738613e-01 8.888530e-01 1.658042e-03
vertex 2.687060e-01 8.718328e-01 7.947260e-03
vertex 2.785947e-01 8.715358e-01 1.922000e-03
endloop
endfacet
facet normal 0 0 0
outer loop
vertex -2.611098e-01 2.617938e-01 -4.028268e-02
vertex -2.874787e-01 2.781948e-01 -3.686417e-02
vertex -2.686879e-01 2.939111e-01 -3.530943e-02
endloop
endfacet
facet normal 0 0 0
outer loop
vertex -1.543479e-01 8.540100e-01 -6.761999e-03
vertex -1.326417e-01 8.757795e-01 4.922256e-03
vertex -1.146576e-01 8.855771e-01 -8.309290e-03
endloop
endfacet
facet normal 0 0 0
outer loop
vertex 1.345342e-01 4.001864e-01 -2.911708e-02
vertex 1.022571e-01 3.878764e-01 -3.327595e-02
vertex 1.156685e-01 4.163878e-01 -4.027920e-02
endloop
endfacet
facet normal 0 0 0
outer loop
vertex 6.773088e-02 9.673972e-01 -8.677763e-03
vertex 8.657928e-02 9.712464e-01 -4.600000e-04
vertex 1.008907e-01 9.549550e-01 -9.787387e-03
endloop
endfacet
facet normal 0 0 0
outer loop
vertex 1.312983e-01 4.469336e-01 -4.391124e-02
vertex 1.156685e-01 4.163878e-01 -4.027920e-02
vertex 9.406337e-02 4.574649e-01 -5.252967e-02
endloop
endfacet
facet normal 0 0 0
outer loop
vertex 2.751637e-01 6.546149e-01 -9.852181e-03
vertex 2.956690e-01 6.645270e-01 -9.177000e-03
vertex 3.053449e-01 6.142498e-01 -2.727299e-02
endloop
endfacet
facet normal 0 0 0
outer loop
vertex 2.990430e-01 1.801900e-02 -6.971000e-03
vertex 2.884214e-01 1.593040e-02 6.408082e-03
vertex 2.719879e-01 8.421828e-03 -6.339985e-03
endloop
endfacet
facet normal 0 0 0
outer loop
vertex -3.041988e-01 3.007780e-01 -3.456599e-02
vertex -3.377666e-01 3.251473e-01 -4.049445e-02
vertex -2.807523e-01 3.166544e-01 -4.925758e-02
endloop
endfacet
facet normal 0 0 0
outer loop
vertex 2.540805e-01 8.961847e-01 7.223106e-03
vertex 2.687060e-01 8.718328e-01 7.947260e-03
vertex 2.738613e-01 8.888530e-01 1.658042e-03
endloop
endfacet
facet normal 0 0 0
outer loop
vertex -2.626870e-01 6.894632e-01 5.417648e-02
vertex -3.043888e-01 6.231949e-01 6.995548e-02
vertex -2.353818e-01 6.289291e-01 7.220091e-02
endloop
endfacet
facet normal 0 0 0
outer loop
vertex -2.626870e-01 6.894632e-01 5.417648e-02
vertex -3.233356e-01 6.922992e-01 4.506456e-02
vertex -3.043888e-01 6.231949e-01 6.995548e-02
endloop
endfacet
facet normal 0 0 0
outer loop
vertex -5.344790e-01 5.823900e-01 -1.191100e-02
vertex -5.367294e-01 5.857026e-01 -5.779407e-03
vertex -5.245389e-01 5.984500e-01 -1.615284e-02
endloop
endfacet
facet normal 0 0 0
outer loop
vertex -5.245389e-01 5.984500e-01 -1.615284e-02
vertex -5.405585e-01 5.801849e-01 -1.733259e-02
vertex -5.344790e-01 5.823900e-01 -1.191100e-02
endloop
endfacet
facet normal 0 0 0
outer loop
vertex 4.492061e-01 7.432020e-01 -1.411445e-02
vertex 4.189243e-01 7.176727e-01 -2.260294e-02
vertex 4.071084e-01 7.542272e-01 -6.942102e-03
endloop
endfacet
facet normal 0 0 0
outer loop
vertex -3.043888e-01 6.231949e-01 6.995548e-02
vertex -2.639603e-01 5.745319e-01 7.900604e-02
vertex -2.353818e-01 6.289291e-01 7.220091e-02
endloop
endfacet
facet normal 0 0 0
outer loop
vertex -1.273136e-01 5.661489e-02 -9.128165e-02
vertex -1.329352e-01 6.971788e-02 -8.806191e-02
vertex -1.372584e-01 6.562122e-02 -7.614195e-02
endloop
endfacet
facet normal 0 0 0
outer loop
vertex -8.209079e-02 7.993860e-01 2.770861e-02
vertex -1.332702e-01 7.808036e-01 2.370658e-02
vertex -1.005030e-01 7.617710e-01 2.718600e-02
endloop
endfacet
facet normal 0 0 0
outer loop
vertex 3.573902e-01 3.796389e-01 3.014368e-02
vertex 3.001915e-01 4.137225e-01 2.752431e-02
vertex 3.086470e-01 3.717530e-01 2.390900e-02
endloop
endfacet
facet normal 0 0 0
outer loop
vertex -1.832353e-01 8.093799e-01 -7.629993e-03
vertex -1.711598e-01 8.260993e-01 7.928642e-03
vertex -1.543479e-01 8.540100e-01 -6.761999e-03
endloop
endfacet
facet normal 0 0 0
outer loop
vertex -2.306649e-01 2.972531e-01 3.885981e-02
vertex -2.411698e-01 3.294839e-01 5.795239e-02
vertex -2.560215e-01 2.870670e-01 3.061763e-02
endloop
endfacet
facet normal 0 0 0
outer loop
vertex -1.780970e-01 5.716648e-01 7.944521e-02
vertex -1.049734e-01 5.292401e-01 7.717795e-02
vertex -1.109578e-01 5.794458e-01 7.554590e-02
endloop
endfacet
facet normal 0 0 0
outer loop
vertex -2.306649e-01 2.972531e-01 3.885981e-02
vertex -2.357247e-01 2.817015e-01 2.836077e-02
vertex -2.137552e-01 2.711470e-01 2.991834e-02
endloop
endfacet
facet normal 0 0 0
outer loop
vertex 1.867423e-02 4.239512e-01 -6.156737e-02
vertex -5.326946e-02 4.337744e-01 -7.030975e-02
vertex -2.601254e-02 4.771692e-01 -6.984547e-02
endloop
endfacet
facet normal 0 0 0
outer loop
vertex -2.153329e-01 8.178136e-02 -8.779985e-02
vertex -2.166770e-01 6.569500e-02 -8.792200e-02
vertex -2.361152e-01 7.424930e-02 -8.920375e-02
endloop
endfacet
facet normal 0 0 0
outer loop
vertex -1.325210e-01 6.464542e-02 8.673036e-02
vertex -1.410585e-01 1.042214e-01 7.654978e-02
vertex -1.448572e-01 5.134374e-02 8.654136e-02
endloop
endfacet
facet normal 0 0 0
outer loop
vertex -1.862628e-01 2.936801e-01 3.432982e-02
vertex -1.672173e-01 2.799211e-01 2.155764e-02
vertex -1.592097e-01 3.225048e-01 5.406134e-02
endloop
endfacet
facet normal 0 0 0
outer loop
vertex 1.824069e-01 9.322759e-01 -9.684997e-03
vertex 2.211117e-01 8.709671e-01 -1.958917e-02
vertex 1.455542e-01 8.987409e-01 -2.428706e-02
endloop
endfacet
facet normal 0 0 0
outer loop
vertex -2.321207e-01 2.025207e-01 -3.948945e-02
vertex -2.418588e-01 2.182023e-01 -3.491447e-02
vertex -2.643211e-01 2.114238e-01 -3.715966e-02
endloop
endfacet
facet normal 0 0 0
outer loop
vertex -5.871919e-01 4.456432e-01 -1.670084e-02
vertex -5.982602e-01 4.800572e-01 -6.304344e-03
vertex -5.822554e-01 4.791369e-01 -2.742042e-02
endloop
endfacet
facet normal 0 0 0
outer loop
vertex -1.582049e-01 3.640650e-01 1.190825e-01
vertex -1.746991e-01 3.332009e-01 1.158407e-01
vertex -1.308135e-01 3.394280e-01 1.264635e-01
endloop
endfacet
facet normal 0 0 0
outer loop
vertex -2.807523e-01 3.166544e-01 -4.925758e-02
vertex -3.377666e-01 3.251473e-01 -4.049445e-02
vertex -3.011336e-01 3.524590e-01 -6.309415e-02
endloop
endfacet
facet normal 0 0 0
outer loop
vertex -1.307564e-02 9.003304e-01 2.046826e-02
vertex 3.399972e-02 8.971441e-01 2.555527e-02
vertex 3.114363e-02 9.370637e-01 1.194891e-02
endloop
endfacet
facet normal 0 0 0
outer loop
vertex 1.372742e-02 8.586270e-01 2.690362e-02
vertex 3.399972e-02 8.971441e-01 2.555527e-02
vertex -1.307564e-02 9.003304e-01 2.046826e-02
endloop
endfacet
facet normal 0 0 0
outer loop
vertex -5.153838e-02 9.336499e-01 2.508469e-03
vertex -1.303347e-02 9.499328e-01 -8.220264e-03
vertex -4.488492e-02 9.272818e-01 -9.636792e-03
endloop
endfacet
facet normal 0 0 0
outer loop
vertex 3.475531e-01 4.814103e-01 -3.184341e-02
vertex 3.851005e-01 3.990339e-01 -3.287246e-02
vertex 3.193155e-01 4.255529e-01 -2.934205e-02
endloop
endfacet
facet normal 0 0 0
outer loop
vertex -2.011830e-01 7.538982e-01 8.050830e-03
vertex -2.024662e-01 7.155160e-01 4.616887e-02
vertex -1.488459e-01 7.459318e-01 2.672924e-02
endloop
endfacet
facet normal 0 0 0
outer loop
vertex -1.539518e-01 3.275164e-01 1.154552e-01
vertex -1.308135e-01 3.394280e-01 1.264635e-01
vertex -1.746991e-01 3.332009e-01 1.158407e-01
endloop
endfacet
facet normal 0 0 0
outer loop
vertex -2.868914e-01 2.626404e-01 -3.778961e-02
vertex -2.874787e-01 2.781948e-01 -3.686417e-02
vertex -2.611098e-01 2.617938e-01 -4.028268e-02
endloop
endfacet
facet normal 0 0 0
outer loop
vertex 7.013152e-02 7.258969e-01 -2.548332e-02
vertex 1.254326e-01 7.199197e-01 -2.137039e-02
vertex 1.054088e-01 6.742284e-01 -1.550068e-02
endloop
endfacet
facet normal 0 0 0
outer loop
vertex -1.746991e-01 3.332009e-01 1.158407e-01
vertex -2.245704e-01 3.359502e-01 9.897719e-02
vertex -1.796085e-01 3.261511e-01 1.023171e-01
endloop
endfacet
facet normal 0 0 0
outer loop
vertex -3.006727e-01 2.876104e-01 -2.779146e-03
vertex -2.976177e-01 2.910586e-01 -1.651232e-02
vertex -2.782191e-01 2.859780e-01 -1.324160e-02
endloop
endfacet
facet normal 0 0 0
outer loop
vertex -2.976177e-01 2.910586e-01 -1.651232e-02
vertex -2.974483e-01 2.698930e-01 -2.355261e-02
vertex -2.782191e-01 2.859780e-01 -1.324160e-02
endloop
endfacet
facet normal 0 0 0
outer loop
vertex -3.059208e-01 5.914923e-01 -7.547496e-02
vertex -2.624186e-01 5.378226e-01 -8.181166e-02
vertex -3.338347e-01 5.262375e-01 -7.846806e-02
endloop
endfacet
facet normal 0 0 0
outer loop
vertex -8.368697e-02 4.972225e-01 -1.163087e-01
vertex -4.924795e-02 5.144767e-01 -1.239925e-01
vertex -7.630686e-02 5.233786e-01 -1.174988e-01
endloop
endfacet
facet normal 0 0 0
outer loop
vertex -6.225473e-02 5.466588e-01 -1.196074e-01
vertex -7.630686e-02 5.233786e-01 -1.174988e-01
vertex -4.924795e-02 5.144767e-01 -1.239925e-01
endloop
endfacet
facet normal 0 0 0
outer loop
vertex -2.460327e-01 2.598906e-01 -4.007190e-02
vertex -2.357764e-01 2.759003e-01 -3.240611e-02
vertex -2.309556e-01 2.579874e-01 -3.986113e-02
endloop
endfacet
facet normal 0 0 0
outer loop
vertex -1.223140e-01 2.760555e-01 -1.547466e-02
vertex -1.489898e-01 2.714782e-01 -1.436365e-02
vertex -1.548449e-01 2.918461e-01 -3.582612e-02
endloop
endfacet
facet normal 0 0 0
outer loop
vertex 4.107901e-02 3.698689e-01 -4.453728e-02
vertex 7.429066e-02 3.816330e-01 -3.935220e-02
vertex 6.857222e-02 3.602540e-01 -3.161376e-02
endloop
endfacet
facet normal 0 0 0
outer loop
vertex 3.053449e-01 6.142498e-01 -2.727299e-02
vertex 3.520760e-01 6.617270e-01 -2.762200e-02
vertex 3.980250e-01 5.840892e-01 -3.385050e-02
endloop
endfacet
facet normal 0 0 0
outer loop
vertex 4.107901e-02 3.698689e-01 -4.453728e-02
vertex 6.857222e-02 3.602540e-01 -3.161376e-02
vertex 5.609300e-02 3.383830e-01 -1.771700e-02
endloop
endfacet
facet normal 0 0 0
outer loop
vertex -2.755800e-01 2.198670e-01 3.165300e-02
vertex -2.516196e-01 2.267854e-01 2.803625e-02
vertex -2.393702e-01 2.020884e-01 3.643700e-02
endloop
endfacet
facet normal 0 0 0
outer loop
vertex -2.704400e-01 2.525725e-01 2.114247e-02
vertex -2.516196e-01 2.267854e-01 2.803625e-02
vertex -2.755800e-01 2.198670e-01 3.165300e-02
endloop
endfacet
facet normal 0 0 0
outer loop
vertex -2.357372e-01 3.001489e-01 -4.265328e-02
vertex -2.686879e-01 2.939111e-01 -3.530943e-02
vertex -2.476597e-01 3.264352e-01 -5.666618e-02
endloop
endfacet
facet normal 0 0 0
outer loop
vertex -1.672173e-01 2.799211e-01 2.155764e-02
vertex -1.862628e-01 2.936801e-01 3.432982e-02
vertex -1.910053e-01 2.773504e-01 2.435421e-02
endloop
endfacet
facet normal 0 0 0
outer loop
vertex 4.381280e-01 5.086750e-01 2.989200e-02
vertex 4.016081e-01 4.439351e-01 3.226056e-02
vertex 4.772207e-01 4.380871e-01 2.838421e-02
endloop
endfacet
facet normal 0 0 0
outer loop
vertex 3.193155e-01 4.255529e-01 -2.934205e-02
vertex 3.348065e-01 3.793948e-01 -3.175109e-02
vertex 2.782340e-01 3.901800e-01 -2.564200e-02
endloop
endfacet
facet normal 0 0 0
outer loop
vertex 3.009219e-01 3.344315e-01 -2.521374e-02
vertex 2.782340e-01 3.901800e-01 -2.564200e-02
vertex 3.348065e-01 3.793948e-01 -3.175109e-02
endloop
endfacet
facet normal 0 0 0
outer loop
vertex -2.449373e-01 7.172679e-01 3.734841e-02
vertex -2.332667e-01 7.396255e-01 2.232757e-02
vertex -2.749177e-01 7.300954e-01 2.510137e-02
endloop
endfacet
facet normal 0 0 0
outer loop
vertex 1.296068e-01 3.760385e-01 -1.249159e-02
vertex 1.022571e-01 3.878764e-01 -3.327595e-02
vertex 1.345342e-01 4.001864e-01 -2.911708e-02
endloop
endfacet
facet normal 0 0 0
outer loop
vertex 4.306397e-01 2.019022e-01 1.337511e-02
vertex 4.002987e-01 2.491052e-01 2.451811e-02
vertex 3.893540e-01 1.962132e-01 6.738517e-03
endloop
endfacet
facet normal 0 0 0
outer loop
vertex 4.096433e-01 2.115999e-01 -2.013441e-02
vertex 3.952046e-01 1.909769e-01 -9.197242e-03
vertex 3.781011e-01 2.239147e-01 -1.908581e-02
endloop
endfacet
facet normal 0 0 0
outer loop
vertex -4.251333e-01 3.341620e-01 -2.020919e-02
vertex -4.402952e-01 3.940221e-01 -5.851120e-02
vertex -3.655637e-01 3.606342e-01 -5.079537e-02
endloop
endfacet
facet normal 0 0 0
outer loop
vertex -5.153838e-02 9.336499e-01 2.508469e-03
vertex -1.307564e-02 9.003304e-01 2.046826e-02
vertex 2.472977e-03 9.574849e-01 6.205634e-03
endloop
endfacet
facet normal 0 0 0
outer loop
vertex -2.634839e-01 7.128800e-01 -4.202547e-02
vertex -2.373007e-01 7.376955e-01 -2.507580e-02
vertex -2.049172e-01 7.024773e-01 -5.248233e-02
endloop
endfacet
facet normal 0 0 0
outer loop
vertex 1.364534e-01 1.561007e-02 4.892396e-03
vertex 1.240693e-01 1.024088e-02 5.493543e-03
vertex 1.396834e-01 2.764754e-03 -5.726284e-04
endloop
endfacet
facet normal 0 0 0
outer loop
vertex 8.344345e-02 9.534484e-01 7.805213e-03
vertex 6.201017e-02 9.403607e-01 1.254296e-02
vertex 9.135216e-02 9.202794e-01 2.122110e-02
endloop
endfacet
facet normal 0 0 0
outer loop
vertex -5.682375e-01 4.470409e-01 3.210384e-02
vertex -5.901852e-01 4.742242e-01 2.200375e-02
vertex -5.851502e-01 4.412918e-01 1.293171e-02
endloop
endfacet
facet normal 0 0 0
outer loop
vertex -1.292934e-01 5.043601e-02 -8.081850e-02
vertex -1.366943e-01 5.359256e-02 -9.466452e-02
vertex -1.273136e-01 5.661489e-02 -9.128165e-02
endloop
endfacet
facet normal 0 0 0
outer loop
vertex -1.468954e-01 5.115922e-02 -8.508774e-02
vertex -1.366943e-01 5.359256e-02 -9.466452e-02
vertex -1.292934e-01 5.043601e-02 -8.081850e-02
endloop
endfacet
facet normal 0 0 0
outer loop
vertex -1.254695e-01 5.312700e-02 8.353461e-02
vertex -1.325210e-01 6.464542e-02 8.673036e-02
vertex -1.448572e-01 5.134374e-02 8.654136e-02
endloop
endfacet
facet normal 0 0 0
outer loop
vertex -1.254695e-01 5.312700e-02 8.353461e-02
vertex -1.448572e-01 5.134374e-02 8.654136e-02
vertex -1.372892e-01 5.215520e-02 7.473239e-02
endloop
endfacet
facet normal 0 0 0
outer loop
vertex 1.583953e-01 4.359826e-02 -1.869511e-02
vertex 1.300883e-01 6.036023e-02 -2.075501e-02
vertex 1.645832e-01 9.622883e-02 -2.607327e-02
endloop
endfacet
facet normal 0 0 0
outer loop
vertex -5.958416e-01 4.565907e-01 5.694079e-03
vertex -5.851502e-01 4.412918e-01 1.293171e-02
vertex -5.901852e-01 4.742242e-01 2.200375e-02
endloop
endfacet
facet normal 0 0 0
outer loop
vertex 1.300883e-01 6.036023e-02 -2.075501e-02
vertex 1.376607e-01 2.418807e-02 -1.377732e-02
vertex 1.183560e-01 3.580105e-02 -1.356530e-02
endloop
endfacet
facet normal 0 0 0
outer loop
vertex -8.560646e-02 4.319934e-01 1.182455e-01
vertex -1.205666e-01 4.095031e-01 1.111156e-01
vertex -1.015378e-01 4.718947e-01 1.134567e-01
endloop
endfacet
facet normal 0 0 0
outer loop
vertex 3.780110e-01 7.366316e-01 7.142419e-03
vertex 3.712013e-01 6.857653e-01 2.039283e-02
vertex 4.261653e-01 7.201560e-01 1.830227e-02
endloop
endfacet
facet normal 0 0 0
outer loop
vertex 1.874110e-01 4.180699e-02 -1.524497e-02
vertex 1.583953e-01 4.359826e-02 -1.869511e-02
vertex 1.645832e-01 9.622883e-02 -2.607327e-02
endloop
endfacet
facet normal 0 0 0
outer loop
vertex -1.539518e-01 3.275164e-01 1.154552e-01
vertex -1.746991e-01 3.332009e-01 1.158407e-01
vertex -1.796085e-01 3.261511e-01 1.023171e-01
endloop
endfacet
facet normal 0 0 0
outer loop
vertex 1.657876e-01 8.772750e-01 2.542921e-02
vertex 1.357780e-01 8.569305e-01 2.982553e-02
vertex 1.737200e-01 8.430022e-01 2.910198e-02
endloop
endfacet
facet normal 0 0 0
outer loop
vertex -4.251333e-01 3.341620e-01 -2.020919e-02
vertex -3.655637e-01 3.606342e-01 -5.079537e-02
vertex -3.845903e-01 3.178321e-01 -2.170870e-02
endloop
endfacet
facet normal 0 0 0
outer loop
vertex 1.700957e-01 6.593736e-01 9.027566e-03
vertex 1.456249e-01 6.738287e-01 1.172978e-02
vertex 1.482578e-01 6.450530e-01 8.169945e-03
endloop
endfacet
facet normal 0 0 0
outer loop
vertex 5.167582e-01 3.398158e-01 -2.286295e-02
vertex 4.536693e-01 3.263470e-01 -3.075257e-02
vertex 4.758975e-01 3.950671e-01 -3.096856e-02
endloop
endfacet
facet normal 0 0 0
outer loop
vertex 1.923683e-01 6.890188e-01 1.094308e-02
vertex 1.456249e-01 6.738287e-01 1.172978e-02
vertex 1.700957e-01 6.593736e-01 9.027566e-03
endloop
endfacet
facet normal 0 0 0
outer loop
vertex 2.697360e-01 4.856435e-01 -2.794330e-02
vertex 2.552789e-01 5.572192e-01 -2.427316e-02
vertex 3.165224e-01 5.462456e-01 -3.175536e-02
endloop
endfacet
facet normal 0 0 0
outer loop
vertex 7.284540e-03 8.237586e-02 -9.136072e-03
vertex 3.557581e-03 8.197685e-02 4.584151e-03
vertex -2.739537e-02 1.060535e-01 -9.600314e-03
endloop
endfacet
facet normal 0 0 0
outer loop
vertex 1.583953e-01 4.359826e-02 -1.869511e-02
vertex 1.376607e-01 2.418807e-02 -1.377732e-02
vertex 1.300883e-01 6.036023e-02 -2.075501e-02
endloop
endfacet
facet normal 0 0 0
outer loop
vertex 5.302446e-01 7.064110e-01 3.535345e-03
vertex 4.930068e-01 7.206702e-01 1.080289e-02
vertex 4.681020e-01 6.936222e-01 1.909463e-02
endloop
endfacet
facet normal 0 0 0
outer loop
vertex -3.442285e-01 4.464881e-01 7.793079e-02
vertex -3.124036e-01 4.853030e-01 8.097623e-02
vertex -3.568569e-01 4.888176e-01 7.646223e-02
endloop
endfacet
facet normal 0 0 0
outer loop
vertex 1.233466e-01 3.292212e-01 -1.610576e-02
vertex 9.856808e-02 3.217592e-01 -1.853000e-02
vertex 1.178219e-01 3.502386e-01 -1.527860e-02
endloop
endfacet
facet normal 0 0 0
outer loop
vertex 1.786410e-01 3.001150e-01 9.323000e-03
vertex 1.887344e-01 3.192264e-01 7.346665e-03
vertex 1.591340e-01 3.258660e-01 1.138800e-02
endloop
endfacet
facet normal 0 0 0
outer loop
vertex 1.824069e-01 9.322759e-01 -9.684997e-03
vertex 1.710880e-01 9.598147e-01 -9.240248e-03
vertex 1.909950e-01 9.539450e-01 -2.842000e-03
endloop
endfacet
facet normal 0 0 0
outer loop
vertex 2.751637e-01 6.546149e-01 -9.852181e-03
vertex 3.050697e-01 6.894084e-01 -8.284658e-03
vertex 2.956690e-01 6.645270e-01 -9.177000e-03
endloop
endfacet
facet normal 0 0 0
outer loop
vertex -3.257288e-01 3.021341e-01 -2.944461e-02
vertex -3.377666e-01 3.251473e-01 -4.049445e-02
vertex -3.041988e-01 3.007780e-01 -3.456599e-02
endloop
endfacet
facet normal 0 0 0
outer loop
vertex -7.190470e-02 5.275845e-01 -7.480878e-02
vertex -2.601254e-02 4.771692e-01 -6.984547e-02
vertex -8.208069e-02 4.645875e-01 -7.453933e-02
endloop
endfacet
facet normal 0 0 0
outer loop
vertex -1.555080e-01 5.059635e-01 -1.162307e-01
vertex -1.772847e-01 5.236982e-01 -1.112439e-01
vertex -1.484224e-01 5.328376e-01 -1.179981e-01
endloop
endfacet
facet normal 0 0 0
outer loop
vertex -2.874787e-01 2.781948e-01 -3.686417e-02
vertex -2.874953e-01 2.942087e-01 -3.265155e-02
vertex -2.686879e-01 2.939111e-01 -3.530943e-02
endloop
endfacet
facet normal 0 0 0
outer loop
vertex -2.807523e-01 3.166544e-01 -4.925758e-02
vertex -2.686879e-01 2.939111e-01 -3.530943e-02
vertex -2.874953e-01 2.942087e-01 -3.265155e-02
endloop
endfacet
facet normal 0 0 0
outer loop
vertex 1.372567e-01 7.634047e-01 -2.839988e-02
vertex 7.013152e-02 7.258969e-01 -2.548332e-02
vertex 7.063774e-02 8.087170e-01 -3.219386e-02
endloop
endfacet
facet normal 0 0 0
outer loop
vertex 4.478790e-01 7.623897e-01 -8.225227e-03
vertex 4.492061e-01 7.432020e-01 -1.411445e-02
vertex 4.071084e-01 7.542272e-01 -6.942102e-03
endloop
endfacet
facet normal 0 0 0
outer loop
vertex -3.041988e-01 3.007780e-01 -3.456599e-02
vertex -3.112922e-01 2.952756e-01 -1.984386e-02
vertex -3.257288e-01 3.021341e-01 -2.944461e-02
endloop
endfacet
facet normal 0 0 0
outer loop
vertex 4.096433e-01 2.115999e-01 -2.013441e-02
vertex 3.781011e-01 2.239147e-01 -1.908581e-02
vertex 4.158112e-01 2.689952e-01 -2.959315e-02
endloop
endfacet
facet normal 0 0 0
outer loop
vertex -3.154237e-01 7.181486e-01 2.742274e-02
vertex -2.626870e-01 6.894632e-01 5.417648e-02
vertex -2.749177e-01 7.300954e-01 2.510137e-02
endloop
endfacet
facet normal 0 0 0
outer loop
vertex 7.007630e-02 6.516774e-01 3.088171e-02
vertex 2.771928e-02 6.757978e-01 3.842118e-02
vertex 2.397794e-02 6.363569e-01 5.166211e-02
endloop
endfacet
facet normal 0 0 0
outer loop
vertex -1.504023e-01 2.222482e-01 3.654750e-02
vertex -1.791090e-01 2.396900e-01 2.646700e-02
vertex -1.634493e-01 2.396502e-01 3.404571e-02
endloop
endfacet
facet normal 0 0 0
outer loop
vertex 1.254326e-01 7.199197e-01 -2.137039e-02
vertex 1.805012e-01 7.021559e-01 -1.564582e-02
vertex 1.395712e-01 6.891162e-01 -1.714230e-02
endloop
endfacet
facet normal 0 0 0
outer loop
vertex -1.676406e-01 1.843014e-01 -4.883116e-02
vertex -1.511628e-01 2.059774e-01 -4.195972e-02
vertex -1.868100e-01 2.146737e-01 -3.764227e-02
endloop
endfacet
facet normal 0 0 0
outer loop
vertex 1.333319e-01 9.396544e-01 1.376309e-02
vertex 1.204366e-01 9.480579e-01 9.547310e-03
vertex 1.102154e-01 9.326653e-01 1.747199e-02
endloop
endfacet
facet normal 0 0 0
outer loop
vertex 1.727671e-01 3.629320e-01 -4.904080e-03
vertex 1.497750e-01 3.650502e-01 -9.820129e-03
vertex 1.445878e-01 3.807147e-01 5.516033e-03
endloop
endfacet
facet normal 0 0 0
outer loop
vertex -2.044522e-01 3.114750e-01 4.939835e-02
vertex -1.862628e-01 2.936801e-01 3.432982e-02
vertex -1.592097e-01 3.225048e-01 5.406134e-02
endloop
endfacet
facet normal 0 0 0
outer loop
vertex 1.372567e-01 7.634047e-01 -2.839988e-02
vertex 1.805012e-01 7.021559e-01 -1.564582e-02
vertex 1.254326e-01 7.199197e-01 -2.137039e-02
endloop
endfacet
facet normal 0 0 0
outer loop
vertex -1.273136e-01 5.661489e-02 -9.128165e-02
vertex -1.366943e-01 5.359256e-02 -9.466452e-02
vertex -1.329352e-01 6.971788e-02 -8.806191e-02
endloop
endfacet
facet normal 0 0 0
outer loop
vertex -4.289895e-01 5.646427e-01 -6.411336e-02
vertex -4.038990e-01 5.494373e-01 -6.862851e-02
vertex -4.296339e-01 5.297461e-01 -8.115096e-02
endloop
endfacet
facet normal 0 0 0
outer loop
vertex 1.970052e-01 6.491418e-01 -8.729867e-03
vertex 1.701996e-01 6.434903e-01 -6.522255e-03
vertex 1.842297e-01 6.641885e-01 -1.099147e-02
endloop
endfacet
facet normal 0 0 0
outer loop
vertex 2.164341e-01 6.613122e-01 -8.018889e-03
vertex 1.970052e-01 6.491418e-01 -8.729867e-03
vertex 1.842297e-01 6.641885e-01 -1.099147e-02
endloop
endfacet
facet normal 0 0 0
outer loop
vertex 4.840469e-01 7.549140e-01 -9.387379e-03
vertex 4.492061e-01 7.432020e-01 -1.411445e-02
vertex 4.478790e-01 7.623897e-01 -8.225227e-03
endloop
endfacet
facet normal 0 0 0
outer loop
vertex 1.750454e-01 4.072957e-01 -2.212058e-02
vertex 1.685655e-01 3.896823e-01 -6.413439e-03
vertex 1.345342e-01 4.001864e-01 -2.911708e-02
endloop
endfacet
facet normal 0 0 0
outer loop
vertex -3.302827e-02 7.216883e-01 2.673346e-02
vertex -1.161775e-02 7.872031e-01 3.121822e-02
vertex -7.475360e-02 7.401860e-01 2.835387e-02
endloop
endfacet
facet normal 0 0 0
outer loop
vertex -2.373007e-01 7.376955e-01 -2.507580e-02
vertex -2.605368e-01 7.358322e-01 -1.855190e-02
vertex -2.472164e-01 7.419429e-01 -4.372527e-03
endloop
endfacet
facet normal 0 0 0
outer loop
vertex 3.348065e-01 3.793948e-01 -3.175109e-02
vertex 3.851005e-01 3.990339e-01 -3.287246e-02
vertex 3.787159e-01 3.282121e-01 -3.223551e-02
endloop
endfacet
facet normal 0 0 0
outer loop
vertex 4.381280e-01 5.086750e-01 2.989200e-02
vertex 3.610426e-01 5.394519e-01 3.248404e-02
vertex 4.016081e-01 4.439351e-01 3.226056e-02
endloop
endfacet
facet normal 0 0 0
outer loop
vertex -3.370430e-01 3.813860e-01 -5.678900e-02
vertex -2.938687e-01 3.907034e-01 -7.496400e-02
vertex -3.011336e-01 3.524590e-01 -6.309415e-02
endloop
endfacet
facet normal 0 0 0
outer loop
vertex -1.868009e-01 6.645917e-01 6.545109e-02
vertex -2.626870e-01 6.894632e-01 5.417648e-02
vertex -2.353818e-01 6.289291e-01 7.220091e-02
endloop
endfacet
facet normal 0 0 0
outer loop
vertex 1.940438e-02 5.114369e-01 -6.469641e-02
vertex -2.601254e-02 4.771692e-01 -6.984547e-02
vertex -2.003956e-02 5.417604e-01 -6.906345e-02
endloop
endfacet
facet normal 0 0 0
outer loop
vertex 4.381280e-01 5.086750e-01 2.989200e-02
vertex 4.073273e-01 5.660131e-01 3.145606e-02
vertex 3.610426e-01 5.394519e-01 3.248404e-02
endloop
endfacet
facet normal 0 0 0
outer loop
vertex -4.605437e-01 4.598126e-01 6.556013e-02
vertex -4.834043e-01 4.934770e-01 5.605430e-02
vertex -4.878525e-01 4.342595e-01 5.819827e-02
endloop
endfacet
facet normal 0 0 0
outer loop
vertex -4.547031e-01 4.983122e-01 7.759140e-02
vertex -4.834043e-01 4.934770e-01 5.605430e-02
vertex -4.605437e-01 4.598126e-01 6.556013e-02
endloop
endfacet
facet normal 0 0 0
outer loop
vertex 1.234626e-01 2.353340e-01 -2.287212e-02
vertex 1.228977e-01 1.888643e-01 -2.554098e-02
vertex 8.498475e-02 2.080676e-01 -2.399916e-02
endloop
endfacet
facet normal 0 0 0
outer loop
vertex -1.710843e-01 2.397366e-01 -4.742061e-02
vertex -1.814453e-01 2.528195e-01 -3.372476e-02
vertex -1.668258e-01 2.364097e-01 -3.256549e-02
endloop
endfacet
facet normal 0 0 0
outer loop
vertex -1.256063e-01 6.441083e-01 -6.842607e-02
vertex -1.380395e-01 5.891831e-01 -7.637397e-02
vertex -2.025124e-01 6.257029e-01 -7.317426e-02
endloop
endfacet
facet normal 0 0 0
outer loop
vertex -1.256063e-01 6.441083e-01 -6.842607e-02
vertex -2.025124e-01 6.257029e-01 -7.317426e-02
vertex -1.669815e-01 6.671590e-01 -6.463630e-02
endloop
endfacet
facet normal 0 0 0
outer loop
vertex -5.717682e-01 5.403122e-01 -1.756250e-02
vertex -5.453738e-01 5.269241e-01 -4.034924e-02
vertex -5.869582e-01 5.187047e-01 -1.661265e-02
endloop
endfacet
facet normal 0 0 0
outer loop
vertex -4.849895e-01 6.227777e-01 2.894716e-02
vertex -5.126705e-01 6.057736e-01 1.653892e-02
vertex -5.024430e-01 5.832558e-01 4.302502e-02
endloop
endfacet
facet normal 0 0 0
outer loop
vertex 1.057947e-01 6.363858e-01 9.349637e-03
vertex 1.098469e-01 6.323273e-01 -1.053807e-02
vertex 1.089311e-01 6.435421e-01 -9.575922e-03
endloop
endfacet
facet normal 0 0 0
outer loop
vertex 1.098469e-01 6.323273e-01 -1.053807e-02
vertex 1.057947e-01 6.363858e-01 9.349637e-03
vertex 1.247654e-01 6.220666e-01 -5.526086e-04
endloop
endfacet
facet normal 0 0 0
outer loop
vertex -2.533454e-01 2.482891e-01 4.190334e-02
vertex -2.560215e-01 2.870670e-01 3.061763e-02
vertex -2.848248e-01 2.717215e-01 3.592835e-02
endloop
endfacet
facet normal 0 0 0
outer loop
vertex -2.025124e-01 6.257029e-01 -7.317426e-02
vertex -2.700434e-01 6.597570e-01 -6.376366e-02
vertex -2.049172e-01 7.024773e-01 -5.248233e-02
endloop
endfacet
facet normal 0 0 0
outer loop
vertex -3.037819e-01 2.536303e-01 -4.651120e-02
vertex -3.126730e-01 2.634871e-01 -3.529653e-02
vertex -3.050087e-01 2.757507e-01 -4.128626e-02
endloop
endfacet
facet normal 0 0 0
outer loop
vertex -1.005814e-01 3.496544e-01 1.282244e-01
vertex -1.034923e-01 3.710057e-01 1.312176e-01
vertex -1.308135e-01 3.394280e-01 1.264635e-01
endloop
endfacet
facet normal 0 0 0
outer loop
vertex 4.480737e-01 2.684418e-01 2.377095e-02
vertex 4.002987e-01 2.491052e-01 2.451811e-02
vertex 4.306397e-01 2.019022e-01 1.337511e-02
endloop
endfacet
facet normal 0 0 0
outer loop
vertex 4.306397e-01 2.019022e-01 1.337511e-02
vertex 4.750822e-01 2.252373e-01 1.513862e-02
vertex 4.480737e-01 2.684418e-01 2.377095e-02
endloop
endfacet
facet normal 0 0 0
outer loop
vertex -2.434230e-01 2.707761e-01 1.612918e-02
vertex -2.326298e-01 2.519498e-01 2.124950e-02
vertex -2.486104e-01 2.435909e-01 2.295287e-02
endloop
endfacet
facet normal 0 0 0
outer loop
vertex -2.486104e-01 2.435909e-01 2.295287e-02
vertex -2.196030e-01 2.317770e-01 2.670900e-02
vertex -2.516196e-01 2.267854e-01 2.803625e-02
endloop
endfacet
facet normal 0 0 0
outer loop
vertex -1.240022e-01 3.230161e-01 -5.266512e-02
vertex -1.469423e-01 3.479611e-01 -6.326976e-02
vertex -1.072986e-01 3.779075e-01 -6.799282e-02
endloop
endfacet
facet normal 0 0 0
outer loop
vertex 3.429399e-01 2.768281e-01 2.341458e-02
vertex 4.002987e-01 2.491052e-01 2.451811e-02
vertex 4.105220e-01 3.125964e-01 2.864060e-02
endloop
endfacet
facet normal 0 0 0
outer loop
vertex 1.183560e-01 3.580105e-02 -1.356530e-02
vertex 1.376607e-01 2.418807e-02 -1.377732e-02
vertex 1.038543e-01 1.972845e-02 -9.988529e-03
endloop
endfacet
facet normal 0 0 0
outer loop
vertex -1.832353e-01 8.093799e-01 -7.629993e-03
vertex -1.537196e-01 8.164632e-01 -1.174533e-02
vertex -1.604343e-01 7.851790e-01 -1.414558e-02
endloop
endfacet
facet normal 0 0 0
outer loop
vertex -4.918365e-01 4.928657e-01 -5.884026e-02
vertex -4.962634e-01 5.416487e-01 -5.491789e-02
vertex -4.704708e-01 5.390202e-01 -6.907557e-02
endloop
endfacet
facet normal 0 0 0
outer loop
vertex 1.038543e-01 1.972845e-02 -9.988529e-03
vertex 7.171678e-02 4.778602e-02 -1.064418e-02
vertex 1.183560e-01 3.580105e-02 -1.356530e-02
endloop
endfacet
facet normal 0 0 0
outer loop
vertex -2.807166e-01 2.675225e-01 -2.123422e-02
vertex -2.782191e-01 2.859780e-01 -1.324160e-02
vertex -2.974483e-01 2.698930e-01 -2.355261e-02
endloop
endfacet
facet normal 0 0 0
outer loop
vertex 5.577847e-01 3.364130e-01 -8.185447e-03
vertex 5.325739e-01 2.927808e-01 -1.114774e-02
vertex 5.167582e-01 3.398158e-01 -2.286295e-02
endloop
endfacet
facet normal 0 0 0
outer loop
vertex 1.359893e-01 9.573849e-01 -9.513818e-03
vertex 1.008907e-01 9.549550e-01 -9.787387e-03
vertex 1.294130e-01 9.648911e-01 1.116075e-03
endloop
endfacet
facet normal 0 0 0
outer loop
vertex -2.851817e-01 1.348719e-01 6.148251e-02
vertex -2.660056e-01 1.402270e-01 5.403232e-02
vertex -2.595575e-01 9.687584e-02 6.673159e-02
endloop
endfacet
facet normal 0 0 0
outer loop
vertex -5.510592e-02 6.366733e-01 6.436390e-02
vertex 1.586333e-02 5.693254e-01 6.210258e-02
vertex 2.397794e-02 6.363569e-01 5.166211e-02
endloop
endfacet
facet normal 0 0 0
outer loop
vertex -5.244247e-02 5.711035e-01 7.088691e-02
vertex 1.586333e-02 5.693254e-01 6.210258e-02
vertex -5.510592e-02 6.366733e-01 6.436390e-02
endloop
endfacet
facet normal 0 0 0
outer loop
vertex 1.445878e-01 3.807147e-01 5.516033e-03
vertex 1.176828e-01 3.995533e-01 3.281492e-02
vertex 1.076701e-01 3.686748e-01 1.261838e-02
endloop
endfacet
facet normal 0 0 0
outer loop
vertex -4.849895e-01 6.227777e-01 2.894716e-02
vertex -4.952853e-01 6.242552e-01 -6.787888e-03
vertex -5.126705e-01 6.057736e-01 1.653892e-02
endloop
endfacet
facet normal 0 0 0
outer loop
vertex 2.427449e-01 9.155327e-01 -9.470104e-03
vertex 2.211117e-01 8.709671e-01 -1.958917e-02
vertex 2.147434e-01 9.276489e-01 -9.925561e-03
endloop
endfacet
facet normal 0 0 0
outer loop
vertex 1.648284e-01 4.825078e-01 -3.952238e-02
vertex 1.184914e-01 4.920674e-01 -4.892145e-02
vertex 1.181910e-01 5.446541e-01 -4.494643e-02
endloop
endfacet
facet normal 0 0 0
outer loop
vertex 2.463911e-01 6.184847e-01 -1.002049e-02
vertex 2.287028e-01 6.012864e-01 5.291530e-03
vertex 2.532920e-01 6.318610e-01 6.039000e-03
endloop
endfacet
facet normal 0 0 0
outer loop
vertex 4.064749e-01 5.264983e-01 -3.514884e-02
vertex 4.006130e-01 4.687860e-01 -3.513688e-02
vertex 3.475531e-01 4.814103e-01 -3.184341e-02
endloop
endfacet
facet normal 0 0 0
outer loop
vertex -5.153838e-02 9.336499e-01 2.508469e-03
vertex -4.488492e-02 9.272818e-01 -9.636792e-03
vertex -8.723462e-02 9.081251e-01 -7.327462e-03
endloop
endfacet
facet normal 0 0 0
outer loop
vertex -1.555080e-01 5.059635e-01 -1.162307e-01
vertex -1.484224e-01 5.328376e-01 -1.179981e-01
vertex -1.322768e-01 5.153294e-01 -1.192619e-01
endloop
endfacet
facet normal 0 0 0
outer loop
vertex 4.901643e-01 3.177942e-01 2.144003e-02
vertex 4.105220e-01 3.125964e-01 2.864060e-02
vertex 4.480737e-01 2.684418e-01 2.377095e-02
endloop
endfacet
facet normal 0 0 0
outer loop
vertex -4.841999e-02 3.901666e-01 -6.506165e-02
vertex -8.432949e-02 3.437552e-01 -5.765036e-02
vertex -1.072986e-01 3.779075e-01 -6.799282e-02
endloop
endfacet
facet normal 0 0 0
outer loop
vertex -1.907321e-01 3.363276e-01 -9.539119e-02
vertex -1.921975e-01 3.613651e-01 -9.428959e-02
vertex -2.115452e-01 3.304834e-01 -9.594589e-02
endloop
endfacet
facet normal 0 0 0
outer loop
vertex -3.504233e-01 6.500902e-01 5.880725e-02
vertex -3.043888e-01 6.231949e-01 6.995548e-02
vertex -3.233356e-01 6.922992e-01 4.506456e-02
endloop
endfacet
facet normal 0 0 0
outer loop
vertex 2.947641e-01 7.977300e-01 -6.567566e-03
vertex 2.907350e-01 8.302470e-01 -5.811000e-03
vertex 2.918106e-01 8.038190e-01 7.242637e-03
endloop
endfacet
facet normal 0 0 0
outer loop
vertex -2.991411e-01 1.981293e-01 -4.431377e-02
vertex -2.692870e-01 1.865259e-01 -4.468191e-02
vertex -2.643211e-01 2.114238e-01 -3.715966e-02
endloop
endfacet
facet normal 0 0 0
outer loop
vertex -2.643211e-01 2.114238e-01 -3.715966e-02
vertex -2.692870e-01 1.865259e-01 -4.468191e-02
vertex -2.389661e-01 1.743246e-01 -4.754683e-02
endloop
endfacet
facet normal 0 0 0
outer loop
vertex -1.999543e-01 5.567039e-01 -8.071160e-02
vertex -2.535405e-01 6.103321e-01 -7.479575e-02
vertex -2.025124e-01 6.257029e-01 -7.317426e-02
endloop
endfacet
facet normal 0 0 0
outer loop
vertex -3.034345e-01 2.545007e-01 4.197069e-02
vertex -2.533454e-01 2.482891e-01 4.190334e-02
vertex -2.848248e-01 2.717215e-01 3.592835e-02
endloop
endfacet
facet normal 0 0 0
outer loop
vertex -3.034345e-01 2.545007e-01 4.197069e-02
vertex -3.045770e-01 2.231950e-01 5.128977e-02
vertex -2.533454e-01 2.482891e-01 4.190334e-02
endloop
endfacet
facet normal 0 0 0
outer loop
vertex -2.539788e-01 2.273712e-01 -5.181565e-02
vertex -2.537435e-01 2.026343e-01 -5.919065e-02
vertex -2.776019e-01 2.065078e-01 -5.807958e-02
endloop
endfacet
facet normal 0 0 0
outer loop
vertex 6.158743e-02 8.078144e-01 3.202416e-02
vertex 8.754249e-02 8.533444e-01 3.168394e-02
vertex 1.372742e-02 8.586270e-01 2.690362e-02
endloop
endfacet
facet normal 0 0 0
outer loop
vertex 1.595006e-01 6.316397e-03 6.404754e-03
vertex 1.485164e-01 1.744248e-02 8.979687e-03
vertex 1.396834e-01 2.764754e-03 -5.726284e-04
endloop
endfacet
facet normal 0 0 0
outer loop
vertex -1.979863e-01 7.814219e-01 5.136088e-03
vertex -1.832353e-01 8.093799e-01 -7.629993e-03
vertex -1.987063e-01 7.666433e-01 -1.014364e-02
endloop
endfacet
facet normal 0 0 0
outer loop
vertex -2.739537e-02 1.060535e-01 -9.600314e-03
vertex 3.557581e-03 8.197685e-02 4.584151e-03
vertex -2.274251e-02 1.001996e-01 6.093578e-03
endloop
endfacet
facet normal 0 0 0
outer loop
vertex -1.979863e-01 7.814219e-01 5.136088e-03
vertex -1.987063e-01 7.666433e-01 -1.014364e-02
vertex -2.150369e-01 7.495576e-01 -2.042424e-03
endloop
endfacet
facet normal 0 0 0
outer loop
vertex -1.657177e-01 5.456896e-01 -7.980783e-02
vertex -1.314279e-01 5.319422e-01 -7.906185e-02
vertex -1.801309e-01 5.011457e-01 -7.930218e-02
endloop
endfacet
facet normal 0 0 0
outer loop
vertex 1.591340e-01 3.258660e-01 1.138800e-02
vertex 1.887344e-01 3.192264e-01 7.346665e-03
vertex 1.744456e-01 3.443380e-01 7.720409e-03
endloop
endfacet
facet normal 0 0 0
outer loop
vertex 7.013152e-02 7.258969e-01 -2.548332e-02
vertex 1.469685e-02 7.462398e-01 -2.798418e-02
vertex 7.063774e-02 8.087170e-01 -3.219386e-02
endloop
endfacet
facet normal 0 0 0
outer loop
vertex -1.133815e-01 8.482493e-01 -1.371934e-02
vertex -1.146576e-01 8.855771e-01 -8.309290e-03
vertex -8.244204e-02 8.654134e-01 -1.538245e-02
endloop
endfacet
facet normal 0 0 0
outer loop
vertex 1.832003e-01 4.038216e-01 1.780198e-02
vertex 1.490302e-01 3.987097e-01 2.308944e-02
vertex 1.685655e-01 3.896823e-01 -6.413439e-03
endloop
endfacet
facet normal 0 0 0
outer loop
vertex 2.855409e-01 8.322209e-01 6.715217e-03
vertex 2.582489e-01 8.072824e-01 1.690464e-02
vertex 2.918106e-01 8.038190e-01 7.242637e-03
endloop
endfacet
facet normal 0 0 0
outer loop
vertex 9.174950e-02 4.709008e-01 5.324370e-02
vertex 7.101823e-02 5.210791e-01 5.611314e-02
vertex 5.609073e-02 4.530003e-01 5.834883e-02
endloop
endfacet
facet normal 0 0 0
outer loop
vertex 1.469685e-02 7.462398e-01 -2.798418e-02
vertex 3.522009e-03 7.974405e-01 -3.152680e-02
vertex 7.063774e-02 8.087170e-01 -3.219386e-02
endloop
endfacet
facet normal 0 0 0
outer loop
vertex -1.484224e-01 5.328376e-01 -1.179981e-01
vertex -1.170934e-01 5.439472e-01 -1.249422e-01
vertex -1.202140e-01 5.342900e-01 -1.223090e-01
endloop
endfacet
facet normal 0 0 0
outer loop
vertex -1.851228e-01 4.669606e-01 1.107386e-01
vertex -1.715748e-01 5.253839e-01 1.140449e-01
vertex -2.221892e-01 4.987922e-01 1.029563e-01
endloop
endfacet
facet normal 0 0 0
outer loop
vertex 4.772207e-01 4.380871e-01 2.838421e-02
vertex 5.409110e-01 4.176620e-01 1.814021e-02
vertex 5.165705e-01 4.932027e-01 2.413543e-02
endloop
endfacet
facet normal 0 0 0
outer loop
vertex 3.114363e-02 9.370637e-01 1.194891e-02
vertex 6.201017e-02 9.403607e-01 1.254296e-02
vertex 5.153954e-02 9.668773e-01 7.180865e-03
endloop
endfacet
facet normal 0 0 0
outer loop
vertex 4.171427e-02 6.899138e-01 -1.763665e-02
vertex 1.469685e-02 7.462398e-01 -2.798418e-02
vertex 7.013152e-02 7.258969e-01 -2.548332e-02
endloop
endfacet
facet normal 0 0 0
outer loop
vertex 1.022571e-01 3.878764e-01 -3.327595e-02
vertex 7.429066e-02 3.816330e-01 -3.935220e-02
vertex 7.248375e-02 4.229094e-01 -5.191352e-02
endloop
endfacet
facet normal 0 0 0
outer loop
vertex 6.452268e-02 4.954504e-01 -5.837056e-02
vertex 6.736537e-02 5.581248e-01 -5.444803e-02
vertex 1.181910e-01 5.446541e-01 -4.494643e-02
endloop
endfacet
facet normal 0 0 0
outer loop
vertex 4.390429e-02 6.037796e-01 -5.356256e-02
vertex 8.549976e-02 6.058367e-01 -4.182243e-02
vertex 6.736537e-02 5.581248e-01 -5.444803e-02
endloop
endfacet
facet normal 0 0 0
outer loop
vertex -5.269644e-01 5.692773e-01 -3.694979e-02
vertex -4.990184e-01 5.833833e-01 -4.461536e-02
vertex -4.962634e-01 5.416487e-01 -5.491789e-02
endloop
endfacet
facet normal 0 0 0
outer loop
vertex -3.948051e-01 3.143790e-01 7.958610e-03
vertex -3.747132e-01 3.160069e-01 2.501631e-02
vertex -4.050429e-01 3.430576e-01 3.373902e-02
endloop
endfacet
facet normal 0 0 0
outer loop
vertex -3.948051e-01 3.143790e-01 7.958610e-03
vertex -3.639319e-01 3.034159e-01 9.492687e-03
vertex -3.747132e-01 3.160069e-01 2.501631e-02
endloop
endfacet
facet normal 0 0 0
outer loop
vertex -5.982602e-01 4.800572e-01 -6.304344e-03
vertex -5.869582e-01 5.187047e-01 -1.661265e-02
vertex -5.822554e-01 4.791369e-01 -2.742042e-02
endloop
endfacet
facet normal 0 0 0
outer loop
vertex -3.098023e-01 2.927867e-01 1.316207e-02
vertex -3.316595e-01 2.943782e-01 5.545403e-03
vertex -3.006727e-01 2.876104e-01 -2.779146e-03
endloop
endfacet
facet normal 0 0 0
outer loop
vertex -2.278167e-01 2.132947e-01 -5.615607e-02
vertex -2.537435e-01 2.026343e-01 -5.919065e-02
vertex -2.539788e-01 2.273712e-01 -5.181565e-02
endloop
endfacet
facet normal 0 0 0
outer loop
vertex 1.685655e-01 3.896823e-01 -6.413439e-03
vertex 1.296068e-01 3.760385e-01 -1.249159e-02
vertex 1.345342e-01 4.001864e-01 -2.911708e-02
endloop
endfacet
facet normal 0 0 0
outer loop
vertex 3.980250e-01 5.840892e-01 -3.385050e-02
vertex 4.064749e-01 5.264983e-01 -3.514884e-02
vertex 3.165224e-01 5.462456e-01 -3.175536e-02
endloop
endfacet
facet normal 0 0 0
outer loop
vertex -9.246534e-02 4.744780e-01 -1.299180e-01
vertex -5.763147e-02 5.114593e-01 -1.361779e-01
vertex -5.954813e-02 4.729976e-01 -1.366903e-01
endloop
endfacet
facet normal 0 0 0
outer loop
vertex -6.225473e-02 5.466588e-01 -1.196074e-01
vertex -9.066471e-02 5.441941e-01 -1.149246e-01
vertex -7.630686e-02 5.233786e-01 -1.174988e-01
endloop
endfacet
facet normal 0 0 0
outer loop
vertex -2.743831e-01 2.831569e-01 1.017527e-02
vertex -2.704400e-01 2.525725e-01 2.114247e-02
vertex -2.942837e-01 2.694915e-01 2.178427e-02
endloop
endfacet
facet normal 0 0 0
outer loop
vertex 5.233678e-01 6.421372e-01 -1.685908e-02
vertex 5.593145e-01 6.433519e-01 -1.075364e-02
vertex 5.455061e-01 6.152586e-01 -1.734333e-02
endloop
endfacet
facet normal 0 0 0
outer loop
vertex -1.172455e-01 5.482919e-01 1.204875e-01
vertex -1.715748e-01 5.253839e-01 1.140449e-01
vertex -1.157469e-01 5.069485e-01 1.248543e-01
endloop
endfacet
facet normal 0 0 0
outer loop
vertex -1.826278e-01 3.739225e-01 9.645998e-02
vertex -2.187911e-01 3.401127e-01 8.782290e-02
vertex -2.282698e-01 3.804460e-01 8.430591e-02
endloop
endfacet
facet normal 0 0 0
outer loop
vertex 3.053449e-01 6.142498e-01 -2.727299e-02
vertex 3.165224e-01 5.462456e-01 -3.175536e-02
vertex 2.552789e-01 5.572192e-01 -2.427316e-02
endloop
endfacet
facet normal 0 0 0
outer loop
vertex -2.274251e-02 1.001996e-01 6.093578e-03
vertex 3.557581e-03 8.197685e-02 4.584151e-03
vertex 1.026139e-02 1.167656e-01 1.427556e-02
endloop
endfacet
facet normal 0 0 0
outer loop
vertex -5.749700e-03 3.478755e-01 4.706495e-02
vertex 2.274236e-02 3.187602e-01 1.740500e-02
vertex 4.199350e-02 3.487251e-01 3.385485e-02
endloop
endfacet
facet normal 0 0 0
outer loop
vertex -5.982602e-01 4.800572e-01 -6.304344e-03
vertex -5.901852e-01 4.742242e-01 2.200375e-02
vertex -5.891890e-01 5.146570e-01 1.502300e-02
endloop
endfacet
facet normal 0 0 0
outer loop
vertex -5.289881e-01 5.932208e-01 5.700884e-03
vertex -5.126705e-01 6.057736e-01 1.653892e-02
vertex -5.245389e-01 5.984500e-01 -1.615284e-02
endloop
endfacet
facet normal 0 0 0
outer loop
vertex 4.306397e-01 2.019022e-01 1.337511e-02
vertex 3.893540e-01 1.962132e-01 6.738517e-03
vertex 4.185449e-01 1.806700e-01 -2.567599e-03
endloop
endfacet
facet normal 0 0 0
outer loop
vertex 3.001915e-01 4.137225e-01 2.752431e-02
vertex 3.267044e-01 4.612885e-01 3.096377e-02
vertex 2.541007e-01 4.326770e-01 2.330978e-02
endloop
endfacet
facet normal 0 0 0
outer loop
vertex 3.267044e-01 4.612885e-01 3.096377e-02
vertex 2.432316e-01 4.941266e-01 2.877073e-02
vertex 2.541007e-01 4.326770e-01 2.330978e-02
endloop
endfacet
facet normal 0 0 0
outer loop
vertex -1.668258e-01 2.364097e-01 -3.256549e-02
vertex -1.814453e-01 2.528195e-01 -3.372476e-02
vertex -1.891066e-01 2.496503e-01 -2.633501e-02
endloop
endfacet
facet normal 0 0 0
outer loop
vertex -6.514649e-02 4.877213e-01 7.355119e-02
vertex -1.049734e-01 5.292401e-01 7.717795e-02
vertex -1.291891e-01 4.762221e-01 7.819565e-02
endloop
endfacet
facet normal 0 0 0
outer loop
vertex 7.219100e-02 3.473040e-01 1.512000e-02
vertex 9.764133e-02 3.027872e-01 1.743610e-02
vertex 1.097059e-01 3.324977e-01 1.315459e-02
endloop
endfacet
facet normal 0 0 0
outer loop
vertex 1.792795e-01 9.087365e-01 1.775164e-02
vertex 1.602615e-01 8.952065e-01 2.333253e-02
vertex 1.657876e-01 8.772750e-01 2.542921e-02
endloop
endfacet
facet normal 0 0 0
outer loop
vertex 2.118491e-01 6.546921e-01 2.986660e-03
vertex 2.164341e-01 6.613122e-01 -8.018889e-03
vertex 2.271435e-01 6.765720e-01 4.043261e-03
endloop
endfacet
facet normal 0 0 0
outer loop
vertex 5.020241e-01 7.459392e-01 1.735424e-04
vertex 5.302446e-01 7.064110e-01 3.535345e-03
vertex 5.084106e-01 7.319514e-01 -1.079384e-02
endloop
endfacet
facet normal 0 0 0
outer loop
vertex 3.319493e-01 2.327660e-01 -9.426776e-03
vertex 3.169316e-01 2.473272e-01 5.780014e-03
vertex 3.022783e-01 2.620951e-01 -8.680674e-03
endloop
endfacet
facet normal 0 0 0
outer loop
vertex -5.024430e-01 5.832558e-01 4.302502e-02
vertex -4.365381e-01 6.255764e-01 4.963319e-02
vertex -4.849895e-01 6.227777e-01 2.894716e-02
endloop
endfacet
facet normal 0 0 0
outer loop
vertex 1.701996e-01 6.434903e-01 -6.522255e-03
vertex 1.393699e-01 6.425745e-01 -8.088366e-03
vertex 1.610447e-01 6.695569e-01 -1.233742e-02
endloop
endfacet
facet normal 0 0 0
outer loop
vertex 2.911887e-01 2.791151e-01 6.375918e-03
vertex 3.022783e-01 2.620951e-01 -8.680674e-03
vertex 3.169316e-01 2.473272e-01 5.780014e-03
endloop
endfacet
facet normal 0 0 0
outer loop
vertex 1.482578e-01 6.450530e-01 8.169945e-03
vertex 1.707889e-01 6.432130e-01 6.822608e-03
vertex 1.700957e-01 6.593736e-01 9.027566e-03
endloop
endfacet
facet normal 0 0 0
outer loop
vertex 1.082034e-01 7.796820e-01 2.954289e-02
vertex 6.158743e-02 8.078144e-01 3.202416e-02
vertex 4.740885e-02 7.578411e-01 2.575020e-02
endloop
endfacet
facet normal 0 0 0
outer loop
vertex 3.165224e-01 5.462456e-01 -3.175536e-02
vertex 3.475531e-01 4.814103e-01 -3.184341e-02
vertex 2.697360e-01 4.856435e-01 -2.794330e-02
endloop
endfacet
facet normal 0 0 0
outer loop
vertex 1.559429e-01 3.521955e-03 -9.023529e-03
vertex 1.376607e-01 2.418807e-02 -1.377732e-02
vertex 1.644568e-01 1.114376e-02 -9.041222e-03
endloop
endfacet
facet normal 0 0 0
outer loop
vertex 1.644568e-01 1.114376e-02 -9.041222e-03
vertex 1.376607e-01 2.418807e-02 -1.377732e-02
vertex 1.583953e-01 4.359826e-02 -1.869511e-02
endloop
endfacet
facet normal 0 0 0
outer loop
vertex -5.822554e-01 4.791369e-01 -2.742042e-02
vertex -5.529073e-01 4.732330e-01 -4.133227e-02
vertex -5.871919e-01 4.456432e-01 -1.670084e-02
endloop
endfacet
facet normal 0 0 0
outer loop
vertex 4.171427e-02 6.899138e-01 -1.763665e-02
vertex 7.013152e-02 7.258969e-01 -2.548332e-02
vertex 1.054088e-01 6.742284e-01 -1.550068e-02
endloop
endfacet
facet normal 0 0 0
outer loop
vertex 3.893540e-01 1.962132e-01 6.738517e-03
vertex 3.560096e-01 2.423177e-01 1.664668e-02
vertex 3.548067e-01 2.096011e-01 -9.653631e-04
endloop
endfacet
facet normal 0 0 0
outer loop
vertex -3.568976e-01 6.562791e-01 -5.594013e-02
vertex -3.791196e-01 5.944343e-01 -6.817044e-02
vertex -4.124681e-01 6.306357e-01 -5.424911e-02
endloop
endfacet
facet normal 0 0 0
outer loop
vertex -3.059208e-01 5.914923e-01 -7.547496e-02
vertex -2.535405e-01 6.103321e-01 -7.479575e-02
vertex -2.624186e-01 5.378226e-01 -8.181166e-02
endloop
endfacet
facet normal 0 0 0
outer loop
vertex -2.535405e-01 6.103321e-01 -7.479575e-02
vertex -1.999543e-01 5.567039e-01 -8.071160e-02
vertex -2.624186e-01 5.378226e-01 -8.181166e-02
endloop
endfacet
facet normal 0 0 0
outer loop
vertex 4.171427e-02 6.899138e-01 -1.763665e-02
vertex 5.842304e-02 6.636992e-01 -3.083045e-02
vertex 1.618680e-02 6.814479e-01 -4.029547e-02
endloop
endfacet
facet normal 0 0 0
outer loop
vertex 7.284540e-03 8.237586e-02 -9.136072e-03
vertex -2.739537e-02 1.060535e-01 -9.600314e-03
vertex 1.009377e-02 1.277694e-01 -1.763167e-02
endloop
endfacet
facet normal 0 0 0
outer loop
vertex 5.333842e-01 5.577971e-01 1.929896e-02
vertex 5.502612e-01 5.204797e-01 1.539902e-02
vertex 5.869477e-01 5.423362e-01 5.531259e-03
endloop
endfacet
facet normal 0 0 0
outer loop
vertex 1.602615e-01 8.952065e-01 2.333253e-02
vertex 1.792795e-01 9.087365e-01 1.775164e-02
vertex 1.471751e-01 9.074989e-01 2.047820e-02
endloop
endfacet
facet normal 0 0 0
outer loop
vertex -4.124681e-01 6.306357e-01 -5.424911e-02
vertex -4.276582e-01 6.638932e-01 -3.125476e-02
vertex -3.568976e-01 6.562791e-01 -5.594013e-02
endloop
endfacet
facet normal 0 0 0
outer loop
vertex -1.483333e-01 4.266247e-01 7.645249e-02
vertex -1.556852e-01 3.787232e-01 7.086988e-02
vertex -1.052164e-01 3.856784e-01 6.896394e-02
endloop
endfacet
facet normal 0 0 0
outer loop
vertex -1.291891e-01 4.762221e-01 7.819565e-02
vertex -1.483333e-01 4.266247e-01 7.645249e-02
vertex -9.156026e-02 4.381588e-01 7.348911e-02
endloop
endfacet
facet normal 0 0 0
outer loop
vertex -8.244204e-02 8.654134e-01 -1.538245e-02
vertex -1.146576e-01 8.855771e-01 -8.309290e-03
vertex -8.723462e-02 9.081251e-01 -7.327462e-03
endloop
endfacet
facet normal 0 0 0
outer loop
vertex -4.891835e-02 2.355954e-01 1.227744e-02
vertex -6.386573e-02 2.615812e-01 1.063805e-02
vertex -7.805170e-02 2.392413e-01 8.129103e-03
endloop
endfacet
facet normal 0 0 0
outer loop
vertex 1.056352e-01 9.600590e-01 6.179008e-03
vertex 1.008907e-01 9.549550e-01 -9.787387e-03
vertex 8.657928e-02 9.712464e-01 -4.600000e-04
endloop
endfacet
facet normal 0 0 0
outer loop
vertex 1.008907e-01 9.549550e-01 -9.787387e-03
vertex 1.056352e-01 9.600590e-01 6.179008e-03
vertex 1.294130e-01 9.648911e-01 1.116075e-03
endloop
endfacet
facet normal 0 0 0
outer loop
vertex -3.432936e-01 7.180171e-01 6.198134e-03
vertex -2.837730e-01 7.339690e-01 -1.202800e-02
vertex -3.351054e-01 7.155250e-01 -2.131996e-02
endloop
endfacet
facet normal 0 0 0
outer loop
vertex 1.926257e-01 4.393734e-01 2.899370e-02
vertex 2.541007e-01 4.326770e-01 2.330978e-02
vertex 2.432316e-01 4.941266e-01 2.877073e-02
endloop
endfacet
facet normal 0 0 0
outer loop
vertex 3.288760e-01 2.967060e-01 -2.364200e-02
vertex 3.596668e-01 2.599800e-01 -2.674277e-02
vertex 3.022783e-01 2.620951e-01 -8.680674e-03
endloop
endfacet
facet normal 0 0 0
outer loop
vertex 9.406337e-02 4.574649e-01 -5.252967e-02
vertex 6.452268e-02 4.954504e-01 -5.837056e-02
vertex 1.184914e-01 4.920674e-01 -4.892145e-02
endloop
endfacet
facet normal 0 0 0
outer loop
vertex -3.064456e-01 2.392901e-01 -3.359815e-02
vertex -2.991411e-01 1.981293e-01 -4.431377e-02
vertex -2.869819e-01 2.176365e-01 -3.788932e-02
endloop
endfacet
facet normal 0 0 0
outer loop
vertex -2.869819e-01 2.176365e-01 -3.788932e-02
vertex -2.991411e-01 1.981293e-01 -4.431377e-02
vertex -2.643211e-01 2.114238e-01 -3.715966e-02
endloop
endfacet
facet normal 0 0 0
outer loop
vertex -1.326417e-01 8.757795e-01 4.922256e-03
vertex -6.987134e-02 8.669198e-01 2.093218e-02
vertex -1.032149e-01 8.981546e-01 5.308143e-03
endloop
endfacet
facet normal 0 0 0
outer loop
vertex -8.209079e-02 7.993860e-01 2.770861e-02
vertex -6.987134e-02 8.669198e-01 2.093218e-02
vertex -1.289800e-01 8.206976e-01 1.460733e-02
endloop
endfacet
facet normal 0 0 0
outer loop
vertex -5.717682e-01 5.403122e-01 -1.756250e-02
vertex -5.869582e-01 5.187047e-01 -1.661265e-02
vertex -5.660634e-01 5.512146e-01 1.422818e-02
endloop
endfacet
facet normal 0 0 0
outer loop
vertex 1.786410e-01 3.001150e-01 9.323000e-03
vertex 1.369889e-01 2.959022e-01 1.402816e-02
vertex 1.578760e-01 2.674210e-01 1.381100e-02
endloop
endfacet
facet normal 0 0 0
outer loop
vertex -5.891890e-01 5.146570e-01 1.502300e-02
vertex -5.660634e-01 5.512146e-01 1.422818e-02
vertex -5.869582e-01 5.187047e-01 -1.661265e-02
endloop
endfacet
facet normal 0 0 0
outer loop
vertex -9.874611e-02 5.391640e-01 -1.264713e-01
vertex -1.202140e-01 5.342900e-01 -1.223090e-01
vertex -1.170934e-01 5.439472e-01 -1.249422e-01
endloop
endfacet
facet normal 0 0 0
outer loop
vertex 1.887344e-01 3.192264e-01 7.346665e-03
vertex 1.987300e-01 2.714187e-01 9.332546e-03
vertex 2.042808e-01 2.993557e-01 -1.488606e-03
endloop
endfacet
facet normal 0 0 0
outer loop
vertex 1.393699e-01 6.425745e-01 -8.088366e-03
vertex 1.701996e-01 6.434903e-01 -6.522255e-03
vertex 1.482578e-01 6.450530e-01 8.169945e-03
endloop
endfacet
facet normal 0 0 0
outer loop
vertex 4.189243e-01 7.176727e-01 -2.260294e-02
vertex 3.884685e-01 6.897140e-01 -2.518844e-02
vertex 3.593814e-01 7.330736e-01 -4.704744e-03
endloop
endfacet
facet normal 0 0 0
outer loop
vertex -1.999269e-01 3.666754e-01 1.081771e-01
vertex -1.746991e-01 3.332009e-01 1.158407e-01
vertex -1.582049e-01 3.640650e-01 1.190825e-01
endloop
endfacet
facet normal 0 0 0
outer loop
vertex -1.728006e-01 5.071138e-01 8.126821e-02
vertex -1.895963e-01 4.476925e-01 7.892661e-02
vertex -1.291891e-01 4.762221e-01 7.819565e-02
endloop
endfacet
facet normal 0 0 0
outer loop
vertex -5.525737e-02 5.308404e-01 1.362481e-01
vertex -4.825563e-02 5.318559e-01 1.273353e-01
vertex -5.682400e-02 5.498850e-01 1.257800e-01
endloop
endfacet
facet normal 0 0 0
outer loop
vertex -2.807166e-01 2.675225e-01 -2.123422e-02
vertex -2.631362e-01 2.672110e-01 -2.156700e-02
vertex -2.782191e-01 2.859780e-01 -1.324160e-02
endloop
endfacet
facet normal 0 0 0
outer loop
vertex -1.321090e-01 1.643800e-01 -5.774600e-02
vertex -1.353398e-01 1.629025e-01 -6.958614e-02
vertex -1.481606e-01 1.883380e-01 -6.285971e-02
endloop
endfacet
facet normal 0 0 0
outer loop
vertex 1.887344e-01 3.192264e-01 7.346665e-03
vertex 1.786410e-01 3.001150e-01 9.323000e-03
vertex 1.987300e-01 2.714187e-01 9.332546e-03
endloop
endfacet
facet normal 0 0 0
outer loop
vertex 1.159430e-01 3.760363e-02 1.253617e-02
vertex 1.481953e-01 5.231607e-02 1.614014e-02
vertex 1.293590e-01 7.575600e-02 2.022800e-02
endloop
endfacet
facet normal 0 0 0
outer loop
vertex 1.739716e-01 1.798823e-01 -2.447016e-02
vertex 1.645832e-01 9.622883e-02 -2.607327e-02
vertex 1.005706e-01 1.317234e-01 -2.517539e-02
endloop
endfacet
facet normal 0 0 0
outer loop
vertex 1.228977e-01 1.888643e-01 -2.554098e-02
vertex 1.739716e-01 1.798823e-01 -2.447016e-02
vertex 1.005706e-01 1.317234e-01 -2.517539e-02
endloop
endfacet
facet normal 0 0 0
outer loop
vertex -2.393702e-01 2.020884e-01 3.643700e-02
vertex -2.196030e-01 2.317770e-01 2.670900e-02
vertex -1.922914e-01 1.858147e-01 4.117875e-02
endloop
endfacet
facet normal 0 0 0
outer loop
vertex 1.522819e-01 2.872234e-02 1.180345e-02
vertex 1.957509e-01 8.236480e-03 6.004807e-03
vertex 2.111338e-01 4.525314e-02 1.605983e-02
endloop
endfacet
facet normal 0 0 0
outer loop
vertex 4.185449e-01 1.806700e-01 -2.567599e-03
vertex 3.952046e-01 1.909769e-01 -9.197242e-03
vertex 4.096433e-01 2.115999e-01 -2.013441e-02
endloop
endfacet
facet normal 0 0 0
outer loop
vertex -8.265400e-02 3.996350e-01 1.333980e-01
vertex -8.823833e-02 4.481995e-01 1.304475e-01
vertex -1.221863e-01 4.395750e-01 1.257930e-01
endloop
endfacet
facet normal 0 0 0
outer loop
vertex -1.877568e-01 2.829567e-01 -3.026894e-02
vertex -2.130247e-01 2.762353e-01 -2.548866e-02
vertex -1.982670e-01 2.996705e-01 -4.043227e-02
endloop
endfacet
facet normal 0 0 0
outer loop
vertex 4.644517e-01 5.793090e-01 2.779090e-02
vertex 4.073273e-01 5.660131e-01 3.145606e-02
vertex 4.381280e-01 5.086750e-01 2.989200e-02
endloop
endfacet
facet normal 0 0 0
outer loop
vertex -2.245771e-01 6.496104e-02 8.519021e-02
vertex -2.541953e-01 9.764227e-02 8.097474e-02
vertex -2.394638e-01 7.492182e-02 7.031332e-02
endloop
endfacet
facet normal 0 0 0
outer loop
vertex 1.022571e-01 3.878764e-01 -3.327595e-02
vertex 7.248375e-02 4.229094e-01 -5.191352e-02
vertex 1.156685e-01 4.163878e-01 -4.027920e-02
endloop
endfacet
facet normal 0 0 0
outer loop
vertex -6.670260e-02 4.099288e-01 1.360898e-01
vertex -8.265400e-02 3.996350e-01 1.333980e-01
vertex -7.776139e-02 3.776352e-01 1.308299e-01
endloop
endfacet
facet normal 0 0 0
outer loop
vertex 1.159430e-01 3.760363e-02 1.253617e-02
vertex 1.375322e-01 2.856856e-02 1.155462e-02
vertex 1.481953e-01 5.231607e-02 1.614014e-02
endloop
endfacet
facet normal 0 0 0
outer loop
vertex -5.682400e-02 5.498850e-01 1.257800e-01
vertex -7.358407e-02 5.515095e-01 1.197459e-01
vertex -7.290308e-02 5.522284e-01 1.319710e-01
endloop
endfacet
facet normal 0 0 0
outer loop
vertex -4.276582e-01 6.638932e-01 -3.125476e-02
vertex -4.735328e-01 6.274112e-01 -3.322824e-02
vertex -4.634931e-01 6.503155e-01 -4.006503e-03
endloop
endfacet
facet normal 0 0 0
outer loop
vertex -5.405585e-01 5.801849e-01 -1.733259e-02
vertex -5.536351e-01 5.631938e-01 -2.128025e-02
vertex -5.344790e-01 5.823900e-01 -1.191100e-02
endloop
endfacet
facet normal 0 0 0
outer loop
vertex -5.536351e-01 5.631938e-01 -2.128025e-02
vertex -5.461204e-01 5.762962e-01 -4.919404e-04
vertex -5.344790e-01 5.823900e-01 -1.191100e-02
endloop
endfacet
facet normal 0 0 0
outer loop
vertex -8.209079e-02 7.993860e-01 2.770861e-02
vertex -7.475360e-02 7.401860e-01 2.835387e-02
vertex -1.161775e-02 7.872031e-01 3.121822e-02
endloop
endfacet
facet normal 0 0 0
outer loop
vertex 2.907350e-01 8.302470e-01 -5.811000e-03
vertex 2.855409e-01 8.322209e-01 6.715217e-03
vertex 2.918106e-01 8.038190e-01 7.242637e-03
endloop
endfacet
facet normal 0 0 0
outer loop
vertex -5.682375e-01 4.470409e-01 3.210384e-02
vertex -5.851502e-01 4.412918e-01 1.293171e-02
vertex -5.748119e-01 4.166728e-01 5.067423e-03
endloop
endfacet
facet normal 0 0 0
outer loop
vertex 2.582489e-01 8.072824e-01 1.690464e-02
vertex 2.750176e-01 8.482019e-01 6.324389e-03
vertex 2.378023e-01 8.587601e-01 1.775321e-02
endloop
endfacet
facet normal 0 0 0
outer loop
vertex 2.785947e-01 8.715358e-01 1.922000e-03
vertex 2.687060e-01 8.718328e-01 7.947260e-03
vertex 2.750176e-01 8.482019e-01 6.324389e-03
endloop
endfacet
facet normal 0 0 0
outer loop
vertex 4.957556e-02 6.810837e-01 1.701007e-02
vertex 1.021809e-01 6.931099e-01 1.767652e-02
vertex 4.740885e-02 7.578411e-01 2.575020e-02
endloop
endfacet
facet normal 0 0 0
outer loop
vertex 2.687060e-01 8.718328e-01 7.947260e-03
vertex 2.378023e-01 8.587601e-01 1.775321e-02
vertex 2.750176e-01 8.482019e-01 6.324389e-03
endloop
endfacet
facet normal 0 0 0
outer loop
vertex 3.955331e-01 6.279212e-01 2.874341e-02
vertex 4.073273e-01 5.660131e-01 3.145606e-02
vertex 4.644517e-01 5.793090e-01 2.779090e-02
endloop
endfacet
facet normal 0 0 0
outer loop
vertex -3.851740e-02 7.862062e-01 -3.123602e-02
vertex -5.048100e-02 8.165570e-01 -2.887800e-02
vertex -1.998404e-02 8.469661e-01 -2.862385e-02
endloop
endfacet
facet normal 0 0 0
outer loop
vertex -2.153294e-01 1.086555e-01 -6.592235e-02
vertex -1.921910e-01 8.429376e-02 -7.296810e-02
vertex -1.737566e-01 1.090859e-01 -6.614312e-02
endloop
endfacet
facet normal 0 0 0
outer loop
vertex 2.505772e-01 8.986236e-01 -7.564967e-03
vertex 2.646530e-01 8.946340e-01 -7.084000e-03
vertex 2.740453e-01 8.647278e-01 -9.385325e-03
endloop
endfacet
facet normal 0 0 0
outer loop
vertex -2.049172e-01 7.024773e-01 -5.248233e-02
vertex -1.336138e-01 7.110220e-01 -5.086585e-02
vertex -1.669815e-01 6.671590e-01 -6.463630e-02
endloop
endfacet
facet normal 0 0 0
outer loop
vertex -2.277509e-01 6.455778e-02 -7.783614e-02
vertex -2.440558e-01 7.916390e-02 -7.442688e-02
vertex -2.361152e-01 7.424930e-02 -8.920375e-02
endloop
endfacet
facet normal 0 0 0
outer loop
vertex -2.634839e-01 7.128800e-01 -4.202547e-02
vertex -2.837730e-01 7.339690e-01 -1.202800e-02
vertex -2.605368e-01 7.358322e-01 -1.855190e-02
endloop
endfacet
facet normal 0 0 0
outer loop
vertex 1.026139e-02 1.167656e-01 1.427556e-02
vertex 1.502300e-02 1.728230e-01 1.892100e-02
vertex -1.747008e-02 1.482045e-01 1.047325e-02
endloop
endfacet
facet normal 0 0 0
outer loop
vertex 1.026139e-02 1.167656e-01 1.427556e-02
vertex -4.996316e-02 1.235861e-01 2.025491e-03
vertex -2.274251e-02 1.001996e-01 6.093578e-03
endloop
endfacet
facet normal 0 0 0
outer loop
vertex -7.358407e-02 5.515095e-01 1.197459e-01
vertex -5.682400e-02 5.498850e-01 1.257800e-01
vertex -4.825563e-02 5.318559e-01 1.273353e-01
endloop
endfacet
facet normal 0 0 0
outer loop
vertex 2.227122e-01 5.140370e-02 -1.956832e-02
vertex 1.874110e-01 4.180699e-02 -1.524497e-02
vertex 1.645832e-01 9.622883e-02 -2.607327e-02
endloop
endfacet
facet normal 0 0 0
outer loop
vertex -1.807324e-01 3.909008e-01 -7.382665e-02
vertex -1.525987e-01 4.224160e-01 -7.611520e-02
vertex -1.689361e-01 3.702134e-01 -6.555474e-02
endloop
endfacet
facet normal 0 0 0
outer loop
vertex 2.782340e-01 3.901800e-01 -2.564200e-02
vertex 2.343609e-01 3.976022e-01 -1.614706e-02
vertex 2.619818e-01 4.344917e-01 -2.583886e-02
endloop
endfacet
facet normal 0 0 0
outer loop
vertex 2.343609e-01 3.976022e-01 -1.614706e-02
vertex 2.096149e-01 4.374043e-01 -2.753963e-02
vertex 2.619818e-01 4.344917e-01 -2.583886e-02
endloop
endfacet
facet normal 0 0 0
outer loop
vertex 4.306397e-01 2.019022e-01 1.337511e-02
vertex 4.185449e-01 1.806700e-01 -2.567599e-03
vertex 4.553834e-01 1.786153e-01 3.086439e-03
endloop
endfacet
facet normal 0 0 0
outer loop
vertex -1.640695e-01 6.819899e-02 -7.528150e-02
vertex -1.737566e-01 1.090859e-01 -6.614312e-02
vertex -1.921910e-01 8.429376e-02 -7.296810e-02
endloop
endfacet
facet normal 0 0 0
outer loop
vertex 4.732565e-01 7.020205e-01 -2.171380e-02
vertex 5.084106e-01 7.319514e-01 -1.079384e-02
vertex 4.976118e-01 6.832907e-01 -1.856370e-02
endloop
endfacet
facet normal 0 0 0
outer loop
vertex 4.758975e-01 3.950671e-01 -3.096856e-02
vertex 3.851005e-01 3.990339e-01 -3.287246e-02
vertex 4.223273e-01 4.356162e-01 -3.334803e-02
endloop
endfacet
facet normal 0 0 0
outer loop
vertex 4.223273e-01 4.356162e-01 -3.334803e-02
vertex 3.851005e-01 3.990339e-01 -3.287246e-02
vertex 4.006130e-01 4.687860e-01 -3.513688e-02
endloop
endfacet
facet normal 0 0 0
outer loop
vertex -4.075336e-01 4.947174e-01 7.167406e-02
vertex -3.305753e-01 5.444098e-01 7.743882e-02
vertex -4.047622e-01 5.407044e-01 6.913546e-02
endloop
endfacet
facet normal 0 0 0
outer loop
vertex -1.832353e-01 8.093799e-01 -7.629993e-03
vertex -1.604343e-01 7.851790e-01 -1.414558e-02
vertex -1.987063e-01 7.666433e-01 -1.014364e-02
endloop
endfacet
facet normal 0 0 0
outer loop
vertex 5.751352e-01 5.036974e-01 1.042454e-02
vertex 5.910797e-01 4.766255e-01 6.401373e-03
vertex 5.983542e-01 5.179664e-01 -4.462859e-03
endloop
endfacet
facet normal 0 0 0
outer loop
vertex -5.871919e-01 4.456432e-01 -1.670084e-02
vertex -5.556946e-01 4.408704e-01 -3.519858e-02
vertex -5.665644e-01 4.211063e-01 -1.837133e-02
endloop
endfacet
facet normal 0 0 0
outer loop
vertex -5.529073e-01 4.732330e-01 -4.133227e-02
vertex -5.556946e-01 4.408704e-01 -3.519858e-02
vertex -5.871919e-01 4.456432e-01 -1.670084e-02
endloop
endfacet
facet normal 0 0 0
outer loop
vertex 2.022304e-01 3.874496e-01 -2.199648e-03
vertex 2.365060e-01 3.710260e-01 -9.532000e-03
vertex 2.339611e-01 3.585272e-01 -2.810343e-03
endloop
endfacet
facet normal 0 0 0
outer loop
vertex -1.374409e-01 4.832572e-01 -1.205985e-01
vertex -1.322768e-01 5.153294e-01 -1.192619e-01
vertex -1.119904e-01 5.009266e-01 -1.253156e-01
endloop
endfacet
facet normal 0 0 0
outer loop
vertex -1.374409e-01 4.832572e-01 -1.205985e-01
vertex -1.119904e-01 5.009266e-01 -1.253156e-01
vertex -9.246534e-02 4.744780e-01 -1.299180e-01
endloop
endfacet
facet normal 0 0 0
outer loop
vertex -1.223140e-01 2.760555e-01 -1.547466e-02
vertex -1.200852e-01 2.742781e-01 1.347161e-02
vertex -1.471412e-01 2.700049e-01 2.759137e-03
endloop
endfacet
facet normal 0 0 0
outer loop
vertex -1.223140e-01 2.760555e-01 -1.547466e-02
vertex -9.817980e-02 2.737198e-01 -9.088283e-04
vertex -1.200852e-01 2.742781e-01 1.347161e-02
endloop
endfacet
facet normal 0 0 0
outer loop
vertex 4.957556e-02 6.810837e-01 1.701007e-02
vertex 2.771928e-02 6.757978e-01 3.842118e-02
vertex 7.007630e-02 6.516774e-01 3.088171e-02
endloop
endfacet
facet normal 0 0 0
outer loop
vertex -2.137552e-01 2.711470e-01 2.991834e-02
vertex -1.910053e-01 2.773504e-01 2.435421e-02
vertex -1.862628e-01 2.936801e-01 3.432982e-02
endloop
endfacet
facet normal 0 0 0
outer loop
vertex -2.137552e-01 2.711470e-01 2.991834e-02
vertex -1.878078e-01 2.565740e-01 3.232851e-02
vertex -2.008989e-01 2.660913e-01 2.284595e-02
endloop
endfacet
facet normal 0 0 0
outer loop
vertex -1.711598e-01 8.260993e-01 7.928642e-03
vertex -1.979863e-01 7.814219e-01 5.136088e-03
vertex -1.685764e-01 7.792726e-01 1.242369e-02
endloop
endfacet
facet normal 0 0 0
outer loop
vertex -1.200852e-01 2.742781e-01 1.347161e-02
vertex -1.672173e-01 2.799211e-01 2.155764e-02
vertex -1.471412e-01 2.700049e-01 2.759137e-03
endloop
endfacet
facet normal 0 0 0
outer loop
vertex -3.800434e-01 6.975187e-01 -2.325574e-02
vertex -3.568976e-01 6.562791e-01 -5.594013e-02
vertex -4.276582e-01 6.638932e-01 -3.125476e-02
endloop
endfacet
facet normal 0 0 0
outer loop
vertex -1.202140e-01 5.342900e-01 -1.223090e-01
vertex -1.322768e-01 5.153294e-01 -1.192619e-01
vertex -1.484224e-01 5.328376e-01 -1.179981e-01
endloop
endfacet
facet normal 0 0 0
outer loop
vertex -2.710432e-01 2.449058e-01 -4.633949e-02
vertex -2.868914e-01 2.626404e-01 -3.778961e-02
vertex -2.611098e-01 2.617938e-01 -4.028268e-02
endloop
endfacet
facet normal 0 0 0
outer loop
vertex -2.809767e-01 2.280178e-01 -5.239629e-02
vertex -2.868914e-01 2.626404e-01 -3.778961e-02
vertex -2.710432e-01 2.449058e-01 -4.633949e-02
endloop
endfacet
facet normal 0 0 0
outer loop
vertex -2.541953e-01 9.764227e-02 8.097474e-02
vertex -2.851817e-01 1.348719e-01 6.148251e-02
vertex -2.595575e-01 9.687584e-02 6.673159e-02
endloop
endfacet
facet normal 0 0 0
outer loop
vertex -3.302827e-02 7.216883e-01 2.673346e-02
vertex 1.429243e-02 7.045433e-01 2.245412e-02
vertex -1.161775e-02 7.872031e-01 3.121822e-02
endloop
endfacet
facet normal 0 0 0
outer loop
vertex 1.652416e-01 5.669161e-01 2.630765e-02
vertex 1.157811e-01 6.042555e-01 2.975192e-02
vertex 1.117376e-01 5.551636e-01 4.430423e-02
endloop
endfacet
facet normal 0 0 0
outer loop
vertex -1.322768e-01 5.153294e-01 -1.192619e-01
vertex -1.202140e-01 5.342900e-01 -1.223090e-01
vertex -1.119904e-01 5.009266e-01 -1.253156e-01
endloop
endfacet
facet normal 0 0 0
outer loop
vertex -4.651874e-01 5.624275e-01 -5.691082e-02
vertex -4.990184e-01 5.833833e-01 -4.461536e-02
vertex -4.516047e-01 5.951753e-01 -5.585437e-02
endloop
endfacet
facet normal 0 0 0
outer loop
vertex -4.951178e-01 3.689505e-01 1.650264e-02
vertex -5.029719e-01 3.732843e-01 -1.637262e-02
vertex -4.474527e-01 3.385804e-01 7.384596e-03
endloop
endfacet
facet normal 0 0 0
outer loop
vertex -4.474527e-01 3.385804e-01 7.384596e-03
vertex -3.948051e-01 3.143790e-01 7.958610e-03
vertex -4.050429e-01 3.430576e-01 3.373902e-02
endloop
endfacet
facet normal 0 0 0
outer loop
vertex -2.309556e-01 2.579874e-01 -3.986113e-02
vertex -2.264593e-01 2.350452e-01 -4.904236e-02
vertex -2.404613e-01 2.439898e-01 -4.646172e-02
endloop
endfacet
facet normal 0 0 0
outer loop
vertex -3.817308e-01 6.059667e-01 6.572142e-02
vertex -4.365381e-01 6.255764e-01 4.963319e-02
vertex -4.347159e-01 5.917650e-01 6.018170e-02
endloop
endfacet
facet normal 0 0 0
outer loop
vertex 3.193155e-01 4.255529e-01 -2.934205e-02
vertex 2.619818e-01 4.344917e-01 -2.583886e-02
vertex 2.697360e-01 4.856435e-01 -2.794330e-02
endloop
endfacet
facet normal 0 0 0
outer loop
vertex -2.264593e-01 2.350452e-01 -4.904236e-02
vertex -2.278167e-01 2.132947e-01 -5.615607e-02
vertex -2.539788e-01 2.273712e-01 -5.181565e-02
endloop
endfacet
facet normal 0 0 0
outer loop
vertex -1.353825e-01 7.363942e-02 7.251491e-02
vertex -1.410585e-01 1.042214e-01 7.654978e-02
vertex -1.325210e-01 6.464542e-02 8.673036e-02
endloop
endfacet
facet normal 0 0 0
outer loop
vertex -4.841999e-02 3.901666e-01 -6.506165e-02
vertex -1.072986e-01 3.779075e-01 -6.799282e-02
vertex -9.447072e-02 4.193683e-01 -7.236413e-02
endloop
endfacet
facet normal 0 0 0
outer loop
vertex -8.823833e-02 4.481995e-01 1.304475e-01
vertex -5.391447e-02 4.528198e-01 1.353335e-01
vertex -7.507907e-02 4.975113e-01 1.325656e-01
endloop
endfacet
facet normal 0 0 0
outer loop
vertex 8.864374e-02 3.491221e-01 -1.684818e-02
vertex 1.067300e-01 3.699330e-01 -1.376800e-02
vertex 1.178219e-01 3.502386e-01 -1.527860e-02
endloop
endfacet
facet normal 0 0 0
outer loop
vertex 1.022571e-01 3.878764e-01 -3.327595e-02
vertex 1.067300e-01 3.699330e-01 -1.376800e-02
vertex 8.879742e-02 3.687423e-01 -2.858947e-02
endloop
endfacet
facet normal 0 0 0
outer loop
vertex 1.210451e-01 1.649228e-01 2.356450e-02
vertex 1.561170e-01 1.991695e-01 1.908343e-02
vertex 1.240643e-01 2.074132e-01 2.159252e-02
endloop
endfacet
facet normal 0 0 0
outer loop
vertex 3.274189e-01 1.030659e-01 -9.471817e-03
vertex 3.102520e-01 1.077520e-01 -9.831000e-03
vertex 2.966730e-01 1.368668e-01 -9.754032e-03
endloop
endfacet
facet normal 0 0 0
outer loop
vertex 3.009219e-01 3.344315e-01 -2.521374e-02
vertex 3.348065e-01 3.793948e-01 -3.175109e-02
vertex 3.787159e-01 3.282121e-01 -3.223551e-02
endloop
endfacet
facet normal 0 0 0
outer loop
vertex -1.965495e-01 2.576493e-01 1.991520e-02
vertex -2.008989e-01 2.660913e-01 2.284595e-02
vertex -1.878078e-01 2.565740e-01 3.232851e-02
endloop
endfacet
facet normal 0 0 0
outer loop
vertex 2.750176e-01 8.482019e-01 6.324389e-03
vertex 2.582489e-01 8.072824e-01 1.690464e-02
vertex 2.855409e-01 8.322209e-01 6.715217e-03
endloop
endfacet
facet normal 0 0 0
outer loop
vertex -2.027073e-01 1.791264e-01 -4.662357e-02
vertex -2.321207e-01 2.025207e-01 -3.948945e-02
vertex -2.389661e-01 1.743246e-01 -4.754683e-02
endloop
endfacet
facet normal 0 0 0
outer loop
vertex -2.321207e-01 2.025207e-01 -3.948945e-02
vertex -2.027073e-01 1.791264e-01 -4.662357e-02
vertex -1.868100e-01 2.146737e-01 -3.764227e-02
endloop
endfacet
facet normal 0 0 0
outer loop
vertex 8.344345e-02 9.534484e-01 7.805213e-03
vertex 9.135216e-02 9.202794e-01 2.122110e-02
vertex 1.102154e-01 9.326653e-01 1.747199e-02
endloop
endfacet
facet normal 0 0 0
outer loop
vertex 6.624302e-02 5.980107e-01 4.847685e-02
vertex 1.117376e-01 5.551636e-01 4.430423e-02
vertex 1.157811e-01 6.042555e-01 2.975192e-02
endloop
endfacet
facet normal 0 0 0
outer loop
vertex -5.871919e-01 4.456432e-01 -1.670084e-02
vertex -5.851502e-01 4.412918e-01 1.293171e-02
vertex -5.958416e-01 4.565907e-01 5.694079e-03
endloop
endfacet
facet normal 0 0 0
outer loop
vertex -5.784569e-01 4.336245e-01 -1.056029e-02
vertex -5.748119e-01 4.166728e-01 5.067423e-03
vertex -5.851502e-01 4.412918e-01 1.293171e-02
endloop
endfacet
facet normal 0 0 0
outer loop
vertex -5.871919e-01 4.456432e-01 -1.670084e-02
vertex -5.784569e-01 4.336245e-01 -1.056029e-02
vertex -5.851502e-01 4.412918e-01 1.293171e-02
endloop
endfacet
facet normal 0 0 0
outer loop
vertex -6.987134e-02 8.669198e-01 2.093218e-02
vertex -1.307564e-02 9.003304e-01 2.046826e-02
vertex -5.153838e-02 9.336499e-01 2.508469e-03
endloop
endfacet
facet normal 0 0 0
outer loop
vertex 5.153954e-02 9.668773e-01 7.180865e-03
vertex 6.201017e-02 9.403607e-01 1.254296e-02
vertex 8.344345e-02 9.534484e-01 7.805213e-03
endloop
endfacet
facet normal 0 0 0
outer loop
vertex 5.578645e-02 8.675748e-01 -2.660484e-02
vertex 9.091002e-02 8.518726e-01 -2.931643e-02
vertex 7.063774e-02 8.087170e-01 -3.219386e-02
endloop
endfacet
facet normal 0 0 0
outer loop
vertex 2.854241e-01 7.648813e-01 4.332807e-03
vertex 2.947641e-01 7.977300e-01 -6.567566e-03
vertex 2.918106e-01 8.038190e-01 7.242637e-03
endloop
endfacet
facet normal 0 0 0
outer loop
vertex -2.611098e-01 2.617938e-01 -4.028268e-02
vertex -2.686879e-01 2.939111e-01 -3.530943e-02
vertex -2.546211e-01 2.815672e-01 -3.197230e-02
endloop
endfacet
facet normal 0 0 0
outer loop
vertex 3.444605e-01 5.977738e-01 2.914272e-02
vertex 2.968369e-01 5.289970e-01 2.907209e-02
vertex 3.610426e-01 5.394519e-01 3.248404e-02
endloop
endfacet
facet normal 0 0 0
outer loop
vertex -2.546211e-01 2.815672e-01 -3.197230e-02
vertex -2.686879e-01 2.939111e-01 -3.530943e-02
vertex -2.357372e-01 3.001489e-01 -4.265328e-02
endloop
endfacet
facet normal 0 0 0
outer loop
vertex -2.819850e-01 2.460784e-01 -2.861004e-02
vertex -2.807166e-01 2.675225e-01 -2.123422e-02
vertex -2.974483e-01 2.698930e-01 -2.355261e-02
endloop
endfacet
facet normal 0 0 0
outer loop
vertex -2.819850e-01 2.460784e-01 -2.861004e-02
vertex -2.631362e-01 2.672110e-01 -2.156700e-02
vertex -2.807166e-01 2.675225e-01 -2.123422e-02
endloop
endfacet
facet normal 0 0 0
outer loop
vertex -2.325487e-01 2.604481e-01 -2.154786e-02
vertex -2.139563e-01 2.713960e-01 -2.050109e-02
vertex -2.388761e-01 2.788303e-01 -1.351704e-02
endloop
endfacet
facet normal 0 0 0
outer loop
vertex -2.139563e-01 2.713960e-01 -2.050109e-02
vertex -2.242820e-01 2.728211e-01 -3.515266e-03
vertex -2.388761e-01 2.788303e-01 -1.351704e-02
endloop
endfacet
facet normal 0 0 0
outer loop
vertex 1.178219e-01 3.502386e-01 -1.527860e-02
vertex 1.390109e-01 3.563117e-01 -1.321829e-02
vertex 1.484150e-01 3.365850e-01 -1.394500e-02
endloop
endfacet
facet normal 0 0 0
outer loop
vertex 2.051276e-01 5.618446e-01 2.012242e-02
vertex 2.287028e-01 6.012864e-01 5.291530e-03
vertex 2.019207e-01 5.847634e-01 1.659082e-03
endloop
endfacet
facet normal 0 0 0
outer loop
vertex 1.923683e-01 6.890188e-01 1.094308e-02
vertex 2.271435e-01 6.765720e-01 4.043261e-03
vertex 2.222570e-01 7.053704e-01 8.323496e-03
endloop
endfacet
facet normal 0 0 0
outer loop
vertex 1.008907e-01 9.549550e-01 -9.787387e-03
vertex 1.209510e-01 9.429638e-01 -1.293841e-02
vertex 1.088744e-01 9.288623e-01 -1.930681e-02
endloop
endfacet
facet normal 0 0 0
outer loop
vertex 1.359893e-01 9.573849e-01 -9.513818e-03
vertex 1.209510e-01 9.429638e-01 -1.293841e-02
vertex 1.008907e-01 9.549550e-01 -9.787387e-03
endloop
endfacet
facet normal 0 0 0
outer loop
vertex 1.416784e-01 8.842459e-01 2.785409e-02
vertex 1.357780e-01 8.569305e-01 2.982553e-02
vertex 1.657876e-01 8.772750e-01 2.542921e-02
endloop
endfacet
facet normal 0 0 0
outer loop
vertex 1.391747e-01 3.540937e-01 1.021687e-02
vertex 1.744456e-01 3.443380e-01 7.720409e-03
vertex 1.445878e-01 3.807147e-01 5.516033e-03
endloop
endfacet
facet normal 0 0 0
outer loop
vertex 1.744456e-01 3.443380e-01 7.720409e-03
vertex 1.727671e-01 3.629320e-01 -4.904080e-03
vertex 1.445878e-01 3.807147e-01 5.516033e-03
endloop
endfacet
facet normal 0 0 0
outer loop
vertex 5.333842e-01 5.577971e-01 1.929896e-02
vertex 5.869477e-01 5.423362e-01 5.531259e-03
vertex 5.733944e-01 5.979016e-01 6.135325e-03
endloop
endfacet
facet normal 0 0 0
outer loop
vertex -6.987134e-02 8.669198e-01 2.093218e-02
vertex -3.126855e-02 8.370178e-01 2.867939e-02
vertex -1.307564e-02 9.003304e-01 2.046826e-02
endloop
endfacet
facet normal 0 0 0
outer loop
vertex -2.776019e-01 2.065078e-01 -5.807958e-02
vertex -2.564090e-01 1.780670e-01 -6.636600e-02
vertex -2.935079e-01 1.871678e-01 -6.494642e-02
endloop
endfacet
facet normal 0 0 0
outer loop
vertex -2.537435e-01 2.026343e-01 -5.919065e-02
vertex -2.564090e-01 1.780670e-01 -6.636600e-02
vertex -2.776019e-01 2.065078e-01 -5.807958e-02
endloop
endfacet
facet normal 0 0 0
outer loop
vertex -1.555080e-01 5.059635e-01 -1.162307e-01
vertex -1.322768e-01 5.153294e-01 -1.192619e-01
vertex -1.374409e-01 4.832572e-01 -1.205985e-01
endloop
endfacet
facet normal 0 0 0
outer loop
vertex 1.595006e-01 6.316397e-03 6.404754e-03
vertex 1.957509e-01 8.236480e-03 6.004807e-03
vertex 1.522819e-01 2.872234e-02 1.180345e-02
endloop
endfacet
facet normal 0 0 0
outer loop
vertex 5.278332e-01 3.336444e-01 1.427518e-02
vertex 4.901643e-01 3.177942e-01 2.144003e-02
vertex 5.363688e-01 3.003446e-01 4.847136e-03
endloop
endfacet
facet normal 0 0 0
outer loop
vertex -2.321207e-01 2.025207e-01 -3.948945e-02
vertex -2.183748e-01 2.264848e-01 -3.228623e-02
vertex -2.418588e-01 2.182023e-01 -3.491447e-02
endloop
endfacet
facet normal 0 0 0
outer loop
vertex 8.754249e-02 8.533444e-01 3.168394e-02
vertex 1.082034e-01 7.796820e-01 2.954289e-02
vertex 1.290052e-01 8.284130e-01 3.183668e-02
endloop
endfacet
facet normal 0 0 0
outer loop
vertex 6.158743e-02 8.078144e-01 3.202416e-02
vertex 1.082034e-01 7.796820e-01 2.954289e-02
vertex 8.754249e-02 8.533444e-01 3.168394e-02
endloop
endfacet
facet normal 0 0 0
outer loop
vertex -4.596056e-01 5.097001e-01 -7.764219e-02
vertex -4.531898e-01 4.620257e-01 -6.662785e-02
vertex -4.918365e-01 4.928657e-01 -5.884026e-02
endloop
endfacet
facet normal 0 0 0
outer loop
vertex 4.480737e-01 2.684418e-01 2.377095e-02
vertex 4.750822e-01 2.252373e-01 1.513862e-02
vertex 5.041069e-01 2.695235e-01 1.249350e-02
endloop
endfacet
facet normal 0 0 0
outer loop
vertex -2.874787e-01 2.781948e-01 -3.686417e-02
vertex -3.050087e-01 2.757507e-01 -4.128626e-02
vertex -3.041988e-01 3.007780e-01 -3.456599e-02
endloop
endfacet
facet normal 0 0 0
outer loop
vertex 2.169679e-01 5.087029e-01 -3.014611e-02
vertex 2.552789e-01 5.572192e-01 -2.427316e-02
vertex 2.697360e-01 4.856435e-01 -2.794330e-02
endloop
endfacet
facet normal 0 0 0
outer loop
vertex -2.809767e-01 2.280178e-01 -5.239629e-02
vertex -3.037819e-01 2.536303e-01 -4.651120e-02
vertex -2.868914e-01 2.626404e-01 -3.778961e-02
endloop
endfacet
facet normal 0 0 0
outer loop
vertex -5.784569e-01 4.336245e-01 -1.056029e-02
vertex -5.871919e-01 4.456432e-01 -1.670084e-02
vertex -5.665644e-01 4.211063e-01 -1.837133e-02
endloop
endfacet
facet normal 0 0 0
outer loop
vertex -2.353818e-01 6.289291e-01 7.220091e-02
vertex -2.639603e-01 5.745319e-01 7.900604e-02
vertex -1.780970e-01 5.716648e-01 7.944521e-02
endloop
endfacet
facet normal 0 0 0
outer loop
vertex 1.102154e-01 9.326653e-01 1.747199e-02
vertex 9.135216e-02 9.202794e-01 2.122110e-02
vertex 1.156610e-01 9.088265e-01 1.899382e-02
endloop
endfacet
facet normal 0 0 0
outer loop
vertex 4.673819e-01 7.290858e-01 -1.791745e-02
vertex 5.084106e-01 7.319514e-01 -1.079384e-02
vertex 4.732565e-01 7.020205e-01 -2.171380e-02
endloop
endfacet
facet normal 0 0 0
outer loop
vertex 5.084106e-01 7.319514e-01 -1.079384e-02
vertex 4.673819e-01 7.290858e-01 -1.791745e-02
vertex 4.840469e-01 7.549140e-01 -9.387379e-03
endloop
endfacet
facet normal 0 0 0
outer loop
vertex 1.645832e-01 9.622883e-02 -2.607327e-02
vertex 2.310477e-01 1.290032e-01 -2.424135e-02
vertex 2.224137e-01 9.379705e-02 -2.536629e-02
endloop
endfacet
facet normal 0 0 0
outer loop
vertex 1.739716e-01 1.798823e-01 -2.447016e-02
vertex 2.310477e-01 1.290032e-01 -2.424135e-02
vertex 1.645832e-01 9.622883e-02 -2.607327e-02
endloop
endfacet
facet normal 0 0 0
outer loop
vertex -2.278167e-01 2.132947e-01 -5.615607e-02
vertex -2.299108e-01 1.880650e-01 -6.297467e-02
vertex -2.537435e-01 2.026343e-01 -5.919065e-02
endloop
endfacet
facet normal 0 0 0
outer loop
vertex 5.862156e-01 5.584075e-01 -8.415481e-03
vertex 5.551713e-01 5.259530e-01 -2.067934e-02
vertex 5.286815e-01 5.831875e-01 -2.350391e-02
endloop
endfacet
facet normal 0 0 0
outer loop
vertex 1.481953e-01 5.231607e-02 1.614014e-02
vertex 1.522819e-01 2.872234e-02 1.180345e-02
vertex 1.773295e-01 7.018882e-02 2.099461e-02
endloop
endfacet
facet normal 0 0 0
outer loop
vertex -1.965495e-01 2.576493e-01 1.991520e-02
vertex -1.791090e-01 2.396900e-01 2.646700e-02
vertex -2.196030e-01 2.317770e-01 2.670900e-02
endloop
endfacet
facet normal 0 0 0
outer loop
vertex -4.651874e-01 5.624275e-01 -5.691082e-02
vertex -4.704708e-01 5.390202e-01 -6.907557e-02
vertex -4.962634e-01 5.416487e-01 -5.491789e-02
endloop
endfacet
facet normal 0 0 0
outer loop
vertex -7.532804e-02 5.538717e-01 -1.289378e-01
vertex -5.092444e-02 5.426480e-01 -1.313043e-01
vertex -5.763147e-02 5.114593e-01 -1.361779e-01
endloop
endfacet
facet normal 0 0 0
outer loop
vertex 2.911887e-01 2.791151e-01 6.375918e-03
vertex 3.429399e-01 2.768281e-01 2.341458e-02
vertex 3.144870e-01 3.109040e-01 2.053400e-02
endloop
endfacet
facet normal 0 0 0
outer loop
vertex 3.429399e-01 2.768281e-01 2.341458e-02
vertex 2.911887e-01 2.791151e-01 6.375918e-03
vertex 3.169316e-01 2.473272e-01 5.780014e-03
endloop
endfacet
facet normal 0 0 0
outer loop
vertex 5.983542e-01 5.179664e-01 -4.462859e-03
vertex 5.862156e-01 5.584075e-01 -8.415481e-03
vertex 5.869477e-01 5.423362e-01 5.531259e-03
endloop
endfacet
facet normal 0 0 0
outer loop
vertex -2.941050e-01 3.137934e-01 4.492453e-02
vertex -3.176621e-01 3.092531e-01 3.655047e-02
vertex -3.050928e-01 2.894878e-01 3.079497e-02
endloop
endfacet
facet normal 0 0 0
outer loop
vertex 8.549976e-02 6.058367e-01 -4.182243e-02
vertex 9.337026e-02 6.355252e-01 -3.097030e-02
vertex 1.190975e-01 6.085971e-01 -2.938864e-02
endloop
endfacet
facet normal 0 0 0
outer loop
vertex -4.402952e-01 3.940221e-01 -5.851120e-02
vertex -5.027550e-01 4.444340e-01 -5.486857e-02
vertex -4.531898e-01 4.620257e-01 -6.662785e-02
endloop
endfacet
facet normal 0 0 0
outer loop
vertex 4.185449e-01 1.806700e-01 -2.567599e-03
vertex 4.096433e-01 2.115999e-01 -2.013441e-02
vertex 4.424188e-01 1.841370e-01 -1.095727e-02
endloop
endfacet
facet normal 0 0 0
outer loop
vertex -3.125046e-01 2.573599e-01 2.953857e-02
vertex -3.098023e-01 2.927867e-01 1.316207e-02
vertex -2.942837e-01 2.694915e-01 2.178427e-02
endloop
endfacet
facet normal 0 0 0
outer loop
vertex 5.715806e-02 2.274249e-01 2.054076e-02
vertex 9.160580e-02 2.681450e-01 1.813519e-02
vertex 5.789825e-02 2.880279e-01 1.847421e-02
endloop
endfacet
facet normal 0 0 0
outer loop
vertex 1.535875e-01 9.488055e-01 9.445604e-03
vertex 1.333319e-01 9.396544e-01 1.376309e-02
vertex 1.526718e-01 9.307519e-01 1.310231e-02
endloop
endfacet
facet normal 0 0 0
outer loop
vertex 1.535875e-01 9.488055e-01 9.445604e-03
vertex 1.294130e-01 9.648911e-01 1.116075e-03
vertex 1.333319e-01 9.396544e-01 1.376309e-02
endloop
endfacet
facet normal 0 0 0
outer loop
vertex -9.545048e-02 5.529066e-01 -1.219410e-01
vertex -1.170934e-01 5.439472e-01 -1.249422e-01
vertex -1.115891e-01 5.468000e-01 -1.120509e-01
endloop
endfacet
facet normal 0 0 0
outer loop
vertex -2.011830e-01 7.538982e-01 8.050830e-03
vertex -2.332667e-01 7.396255e-01 2.232757e-02
vertex -2.024662e-01 7.155160e-01 4.616887e-02
endloop
endfacet
facet normal 0 0 0
outer loop
vertex -2.332667e-01 7.396255e-01 2.232757e-02
vertex -2.449373e-01 7.172679e-01 3.734841e-02
vertex -2.024662e-01 7.155160e-01 4.616887e-02
endloop
endfacet
facet normal 0 0 0
outer loop
vertex 1.785375e-01 1.203207e-01 2.383285e-02
vertex 2.085298e-01 1.791945e-01 1.793904e-02
vertex 1.561170e-01 1.991695e-01 1.908343e-02
endloop
endfacet
facet normal 0 0 0
outer loop
vertex 9.135216e-02 9.202794e-01 2.122110e-02
vertex 6.980439e-02 9.076502e-01 2.473622e-02
vertex 1.156610e-01 9.088265e-01 1.899382e-02
endloop
endfacet
facet normal 0 0 0
outer loop
vertex 2.352045e-01 3.828930e-01 1.041717e-02
vertex 2.112850e-01 3.956520e-01 8.081000e-03
vertex 2.022304e-01 3.874496e-01 -2.199648e-03
endloop
endfacet
facet normal 0 0 0
outer loop
vertex 2.167073e-01 9.038991e-01 1.319677e-02
vertex 1.915722e-01 9.398471e-01 1.857188e-03
vertex 1.792795e-01 9.087365e-01 1.775164e-02
endloop
endfacet
facet normal 0 0 0
outer loop
vertex 1.721220e-01 9.352995e-01 7.479747e-03
vertex 1.915722e-01 9.398471e-01 1.857188e-03
vertex 1.817630e-01 9.481581e-01 7.998748e-03
endloop
endfacet
facet normal 0 0 0
outer loop
vertex -2.151568e-01 2.619210e-01 -3.712676e-02
vertex -2.309556e-01 2.579874e-01 -3.986113e-02
vertex -2.357764e-01 2.759003e-01 -3.240611e-02
endloop
endfacet
facet normal 0 0 0
outer loop
vertex -2.357764e-01 2.759003e-01 -3.240611e-02
vertex -2.130247e-01 2.762353e-01 -2.548866e-02
vertex -2.151568e-01 2.619210e-01 -3.712676e-02
endloop
endfacet
facet normal 0 0 0
outer loop
vertex -5.555230e-01 5.605580e-01 -1.035800e-02
vertex -5.500250e-01 5.672538e-01 1.849523e-02
vertex -5.461204e-01 5.762962e-01 -4.919404e-04
endloop
endfacet
facet normal 0 0 0
outer loop
vertex 4.096433e-01 2.115999e-01 -2.013441e-02
vertex 4.348510e-01 2.216540e-01 -2.130100e-02
vertex 4.424188e-01 1.841370e-01 -1.095727e-02
endloop
endfacet
facet normal 0 0 0
outer loop
vertex 4.424188e-01 1.841370e-01 -1.095727e-02
vertex 4.348510e-01 2.216540e-01 -2.130100e-02
vertex 4.853729e-01 1.854190e-01 -7.047513e-03
endloop
endfacet
facet normal 0 0 0
outer loop
vertex -2.626870e-01 6.894632e-01 5.417648e-02
vertex -3.154237e-01 7.181486e-01 2.742274e-02
vertex -3.233356e-01 6.922992e-01 4.506456e-02
endloop
endfacet
facet normal 0 0 0
outer loop
vertex -1.291891e-01 4.762221e-01 7.819565e-02
vertex -1.049734e-01 5.292401e-01 7.717795e-02
vertex -1.728006e-01 5.071138e-01 8.126821e-02
endloop
endfacet
facet normal 0 0 0
outer loop
vertex -4.605437e-01 4.598126e-01 6.556013e-02
vertex -4.203805e-01 3.998917e-01 6.398436e-02
vertex -4.229438e-01 4.599821e-01 7.170131e-02
endloop
endfacet
facet normal 0 0 0
outer loop
vertex 4.758975e-01 3.950671e-01 -3.096856e-02
vertex 4.599565e-01 4.753404e-01 -3.381567e-02
vertex 5.390630e-01 4.505950e-01 -2.194400e-02
endloop
endfacet
facet normal 0 0 0
outer loop
vertex 5.160981e-01 4.966929e-01 -2.808070e-02
vertex 5.390630e-01 4.505950e-01 -2.194400e-02
vertex 4.599565e-01 4.753404e-01 -3.381567e-02
endloop
endfacet
facet normal 0 0 0
outer loop
vertex -2.541953e-01 9.764227e-02 8.097474e-02
vertex -2.595575e-01 9.687584e-02 6.673159e-02
vertex -2.394638e-01 7.492182e-02 7.031332e-02
endloop
endfacet
facet normal 0 0 0
outer loop
vertex 7.248375e-02 4.229094e-01 -5.191352e-02
vertex 1.867423e-02 4.239512e-01 -6.156737e-02
vertex 6.452268e-02 4.954504e-01 -5.837056e-02
endloop
endfacet
facet normal 0 0 0
outer loop
vertex 6.452268e-02 4.954504e-01 -5.837056e-02
vertex 1.867423e-02 4.239512e-01 -6.156737e-02
vertex 1.940438e-02 5.114369e-01 -6.469641e-02
endloop
endfacet
facet normal 0 0 0
outer loop
vertex 2.432316e-01 4.941266e-01 2.877073e-02
vertex 2.968369e-01 5.289970e-01 2.907209e-02
vertex 2.412748e-01 5.451217e-01 2.157817e-02
endloop
endfacet
facet normal 0 0 0
outer loop
vertex 3.329911e-01 9.847938e-02 5.082759e-03
vertex 3.571902e-01 8.266068e-02 -5.236562e-03
vertex 3.274189e-01 1.030659e-01 -9.471817e-03
endloop
endfacet
facet normal 0 0 0
outer loop
vertex 1.586333e-02 5.693254e-01 6.210258e-02
vertex -1.024192e-02 5.104722e-01 6.800859e-02
vertex 2.983929e-02 5.086338e-01 6.299937e-02
endloop
endfacet
facet normal 0 0 0
outer loop
vertex 1.750454e-01 4.072957e-01 -2.212058e-02
vertex 2.022304e-01 3.874496e-01 -2.199648e-03
vertex 1.685655e-01 3.896823e-01 -6.413439e-03
endloop
endfacet
facet normal 0 0 0
outer loop
vertex 1.296068e-01 3.760385e-01 -1.249159e-02
vertex 1.497750e-01 3.650502e-01 -9.820129e-03
vertex 1.390109e-01 3.563117e-01 -1.321829e-02
endloop
endfacet
facet normal 0 0 0
outer loop
vertex 1.497750e-01 3.650502e-01 -9.820129e-03
vertex 1.484150e-01 3.365850e-01 -1.394500e-02
vertex 1.390109e-01 3.563117e-01 -1.321829e-02
endloop
endfacet
facet normal 0 0 0
outer loop
vertex 5.034903e-01 2.009037e-01 6.037076e-03
vertex 4.750822e-01 2.252373e-01 1.513862e-02
vertex 4.553834e-01 1.786153e-01 3.086439e-03
endloop
endfacet
facet normal 0 0 0
outer loop
vertex -5.269644e-01 5.692773e-01 -3.694979e-02
vertex -5.536351e-01 5.631938e-01 -2.128025e-02
vertex -5.405585e-01 5.801849e-01 -1.733259e-02
endloop
endfacet
facet normal 0 0 0
outer loop
vertex -5.536351e-01 5.631938e-01 -2.128025e-02
vertex -5.717682e-01 5.403122e-01 -1.756250e-02
vertex -5.555230e-01 5.605580e-01 -1.035800e-02
endloop
endfacet
facet normal 0 0 0
outer loop
vertex 5.362182e-01 3.703803e-01 1.501775e-02
vertex 4.877138e-01 3.751188e-01 2.263189e-02
vertex 4.901643e-01 3.177942e-01 2.144003e-02
endloop
endfacet
facet normal 0 0 0
outer loop
vertex 4.877138e-01 3.751188e-01 2.263189e-02
vertex 4.338824e-01 3.814749e-01 2.989292e-02
vertex 4.901643e-01 3.177942e-01 2.144003e-02
endloop
endfacet
facet normal 0 0 0
outer loop
vertex 2.288634e-01 7.167119e-01 -9.451253e-03
vertex 2.317546e-01 6.966488e-01 7.522886e-04
vertex 2.242008e-01 6.889573e-01 -7.722176e-03
endloop
endfacet
facet normal 0 0 0
outer loop
vertex 1.240643e-01 2.074132e-01 2.159252e-02
vertex 1.561170e-01 1.991695e-01 1.908343e-02
vertex 1.248655e-01 2.485854e-01 1.950062e-02
endloop
endfacet
facet normal 0 0 0
outer loop
vertex -1.604343e-01 7.851790e-01 -1.414558e-02
vertex -1.725134e-01 7.486095e-01 -1.544412e-02
vertex -1.987063e-01 7.666433e-01 -1.014364e-02
endloop
endfacet
facet normal 0 0 0
outer loop
vertex -4.657257e-01 5.326453e-01 7.393228e-02
vertex -4.834043e-01 4.934770e-01 5.605430e-02
vertex -4.547031e-01 4.983122e-01 7.759140e-02
endloop
endfacet
facet normal 0 0 0
outer loop
vertex -5.002056e-02 5.004891e-01 1.337720e-01
vertex -4.825563e-02 5.318559e-01 1.273353e-01
vertex -5.525737e-02 5.308404e-01 1.362481e-01
endloop
endfacet
facet normal 0 0 0
outer loop
vertex -1.737566e-01 1.090859e-01 -6.614312e-02
vertex -1.640695e-01 6.819899e-02 -7.528150e-02
vertex -1.410327e-01 8.861672e-02 -7.186581e-02
endloop
endfacet
facet normal 0 0 0
outer loop
vertex 2.831086e-01 6.148744e-01 2.165166e-02
vertex 2.287028e-01 6.012864e-01 5.291530e-03
vertex 2.412748e-01 5.451217e-01 2.157817e-02
endloop
endfacet
facet normal 0 0 0
outer loop
vertex -2.560215e-01 2.870670e-01 3.061763e-02
vertex -2.872499e-01 2.921187e-01 2.970529e-02
vertex -2.848248e-01 2.717215e-01 3.592835e-02
endloop
endfacet
facet normal 0 0 0
outer loop
vertex 1.595006e-01 6.316397e-03 6.404754e-03
vertex 1.396834e-01 2.764754e-03 -5.726284e-04
vertex 1.559429e-01 3.521955e-03 -9.023529e-03
endloop
endfacet
facet normal 0 0 0
outer loop
vertex 1.645832e-01 9.622883e-02 -2.607327e-02
vertex 2.224137e-01 9.379705e-02 -2.536629e-02
vertex 2.227122e-01 5.140370e-02 -1.956832e-02
endloop
endfacet
facet normal 0 0 0
outer loop
vertex -2.351835e-01 2.401290e-01 -2.786649e-02
vertex -2.418588e-01 2.182023e-01 -3.491447e-02
vertex -2.183748e-01 2.264848e-01 -3.228623e-02
endloop
endfacet
facet normal 0 0 0
outer loop
vertex -1.258788e-02 2.048289e-01 1.706211e-02
vertex 1.502300e-02 1.728230e-01 1.892100e-02
vertex 5.715806e-02 2.274249e-01 2.054076e-02
endloop
endfacet
facet normal 0 0 0
outer loop
vertex 4.772207e-01 4.380871e-01 2.838421e-02
vertex 4.016081e-01 4.439351e-01 3.226056e-02
vertex 4.338824e-01 3.814749e-01 2.989292e-02
endloop
endfacet
facet normal 0 0 0
outer loop
vertex -1.214805e-01 8.004316e-01 -2.369099e-02
vertex -1.133815e-01 8.482493e-01 -1.371934e-02
vertex -8.571840e-02 8.259924e-01 -2.533047e-02
endloop
endfacet
facet normal 0 0 0
outer loop
vertex -2.634839e-01 7.128800e-01 -4.202547e-02
vertex -2.605368e-01 7.358322e-01 -1.855190e-02
vertex -2.373007e-01 7.376955e-01 -2.507580e-02
endloop
endfacet
facet normal 0 0 0
outer loop
vertex -2.357247e-01 2.817015e-01 2.836077e-02
vertex -2.333246e-01 2.634659e-01 3.385883e-02
vertex -2.137552e-01 2.711470e-01 2.991834e-02
endloop
endfacet
facet normal 0 0 0
outer loop
vertex -2.333246e-01 2.634659e-01 3.385883e-02
vertex -2.181142e-01 2.434277e-01 4.143352e-02
vertex -2.137552e-01 2.711470e-01 2.991834e-02
endloop
endfacet
facet normal 0 0 0
outer loop
vertex 3.893540e-01 1.962132e-01 6.738517e-03
vertex 4.002987e-01 2.491052e-01 2.451811e-02
vertex 3.560096e-01 2.423177e-01 1.664668e-02
endloop
endfacet
facet normal 0 0 0
outer loop
vertex 3.560096e-01 2.423177e-01 1.664668e-02
vertex 3.429399e-01 2.768281e-01 2.341458e-02
vertex 3.169316e-01 2.473272e-01 5.780014e-03
endloop
endfacet
facet normal 0 0 0
outer loop
vertex -1.157469e-01 5.069485e-01 1.248543e-01
vertex -1.715748e-01 5.253839e-01 1.140449e-01
vertex -1.851228e-01 4.669606e-01 1.107386e-01
endloop
endfacet
facet normal 0 0 0
outer loop
vertex -1.851228e-01 4.669606e-01 1.107386e-01
vertex -1.221863e-01 4.395750e-01 1.257930e-01
vertex -1.157469e-01 5.069485e-01 1.248543e-01
endloop
endfacet
facet normal 0 0 0
outer loop
vertex 8.051895e-02 9.346322e-01 -1.689060e-02
vertex 3.817859e-02 9.258278e-01 -1.782666e-02
vertex 6.773088e-02 9.673972e-01 -8.677763e-03
endloop
endfacet
facet normal 0 0 0
outer loop
vertex 4.772207e-01 4.380871e-01 2.838421e-02
vertex 4.877138e-01 3.751188e-01 2.263189e-02
vertex 5.409110e-01 4.176620e-01 1.814021e-02
endloop
endfacet
facet normal 0 0 0
outer loop
vertex -2.540180e-01 2.526747e-01 -2.388111e-02
vertex -2.819850e-01 2.460784e-01 -2.861004e-02
vertex -2.557761e-01 2.310850e-01 -3.072402e-02
endloop
endfacet
facet normal 0 0 0
outer loop
vertex 3.697985e-01 6.870494e-02 6.683775e-03
vertex 3.624463e-01 4.062076e-02 2.662104e-03
vertex 3.762967e-01 5.093964e-02 4.969752e-03
endloop
endfacet
facet normal 0 0 0
outer loop
vertex 3.301969e-01 6.429870e-02 9.611464e-03
vertex 3.624463e-01 4.062076e-02 2.662104e-03
vertex 3.697985e-01 6.870494e-02 6.683775e-03
endloop
endfacet
facet normal 0 0 0
outer loop
vertex 3.739766e-01 4.832166e-02 -8.264673e-03
vertex 3.426452e-01 4.114170e-02 -1.047144e-02
vertex 3.718916e-01 6.988940e-02 -1.050818e-02
endloop
endfacet
facet normal 0 0 0
outer loop
vertex -5.749700e-03 3.478755e-01 4.706495e-02
vertex -4.905660e-02 3.362943e-01 5.026111e-02
vertex -3.481517e-02 2.932777e-01 2.031144e-02
endloop
endfacet
facet normal 0 0 0
outer loop
vertex -1.256063e-01 6.441083e-01 -6.842607e-02
vertex -6.965674e-02 5.842268e-01 -7.213143e-02
vertex -1.380395e-01 5.891831e-01 -7.637397e-02
endloop
endfacet
facet normal 0 0 0
outer loop
vertex -2.935079e-01 1.871678e-01 -6.494642e-02
vertex -3.077977e-01 2.206171e-01 -5.263994e-02
vertex -2.776019e-01 2.065078e-01 -5.807958e-02
endloop
endfacet
facet normal 0 0 0
outer loop
vertex -2.519225e-01 4.438789e-01 -9.391209e-02
vertex -2.531367e-01 4.838807e-01 -9.370877e-02
vertex -2.126999e-01 4.561212e-01 -1.039153e-01
endloop
endfacet
facet normal 0 0 0
outer loop
vertex -1.685764e-01 7.792726e-01 1.242369e-02
vertex -1.488459e-01 7.459318e-01 2.672924e-02
vertex -1.332702e-01 7.808036e-01 2.370658e-02
endloop
endfacet
facet normal 0 0 0
outer loop
vertex -1.466965e-01 5.039088e-01 -1.028015e-01
vertex -1.101256e-01 5.131893e-01 -1.104850e-01
vertex -1.287583e-01 5.255339e-01 -1.071600e-01
endloop
endfacet
facet normal 0 0 0
outer loop
vertex 4.901643e-01 3.177942e-01 2.144003e-02
vertex 5.041069e-01 2.695235e-01 1.249350e-02
vertex 5.363688e-01 3.003446e-01 4.847136e-03
endloop
endfacet
facet normal 0 0 0
outer loop
vertex 2.118491e-01 6.546921e-01 2.986660e-03
vertex 2.271435e-01 6.765720e-01 4.043261e-03
vertex 1.996266e-01 6.642871e-01 7.684386e-03
endloop
endfacet
facet normal 0 0 0
outer loop
vertex 1.996266e-01 6.642871e-01 7.684386e-03
vertex 2.271435e-01 6.765720e-01 4.043261e-03
vertex 1.923683e-01 6.890188e-01 1.094308e-02
endloop
endfacet
facet normal 0 0 0
outer loop
vertex -2.157138e-01 2.562079e-01 2.047161e-02
vertex -1.965495e-01 2.576493e-01 1.991520e-02
vertex -2.196030e-01 2.317770e-01 2.670900e-02
endloop
endfacet
facet normal 0 0 0
outer loop
vertex 1.549890e-01 7.274114e-01 2.033373e-02
vertex 1.828371e-01 7.925039e-01 2.833878e-02
vertex 1.082034e-01 7.796820e-01 2.954289e-02
endloop
endfacet
facet normal 0 0 0
outer loop
vertex -2.326298e-01 2.519498e-01 2.124950e-02
vertex -2.434230e-01 2.707761e-01 1.612918e-02
vertex -2.157138e-01 2.562079e-01 2.047161e-02
endloop
endfacet
facet normal 0 0 0
outer loop
vertex 1.422949e-01 5.826489e-01 -2.835050e-02
vertex 2.106625e-01 5.754001e-01 -1.343742e-02
vertex 1.823860e-01 5.396463e-01 -3.027220e-02
endloop
endfacet
facet normal 0 0 0
outer loop
vertex 1.618680e-02 6.814479e-01 -4.029547e-02
vertex -1.258772e-02 7.152592e-01 -2.323402e-02
vertex 4.171427e-02 6.899138e-01 -1.763665e-02
endloop
endfacet
facet normal 0 0 0
outer loop
vertex -1.258772e-02 7.152592e-01 -2.323402e-02
vertex 1.469685e-02 7.462398e-01 -2.798418e-02
vertex 4.171427e-02 6.899138e-01 -1.763665e-02
endloop
endfacet
facet normal 0 0 0
outer loop
vertex -1.483333e-01 4.266247e-01 7.645249e-02
vertex -1.052164e-01 3.856784e-01 6.896394e-02
vertex -9.156026e-02 4.381588e-01 7.348911e-02
endloop
endfacet
facet normal 0 0 0
outer loop
vertex 1.602615e-01 8.952065e-01 2.333253e-02
vertex 1.416784e-01 8.842459e-01 2.785409e-02
vertex 1.657876e-01 8.772750e-01 2.542921e-02
endloop
endfacet
facet normal 0 0 0
outer loop
vertex 1.416784e-01 8.842459e-01 2.785409e-02
vertex 1.602615e-01 8.952065e-01 2.333253e-02
vertex 1.471751e-01 9.074989e-01 2.047820e-02
endloop
endfacet
facet normal 0 0 0
outer loop
vertex -4.203805e-01 3.998917e-01 6.398436e-02
vertex -4.878525e-01 4.342595e-01 5.819827e-02
vertex -4.808420e-01 3.927635e-01 4.661895e-02
endloop
endfacet
facet normal 0 0 0
outer loop
vertex -4.878525e-01 4.342595e-01 5.819827e-02
vertex -4.203805e-01 3.998917e-01 6.398436e-02
vertex -4.605437e-01 4.598126e-01 6.556013e-02
endloop
endfacet
facet normal 0 0 0
outer loop
vertex -1.289800e-01 8.206976e-01 1.460733e-02
vertex -1.326417e-01 8.757795e-01 4.922256e-03
vertex -1.711598e-01 8.260993e-01 7.928642e-03
endloop
endfacet
facet normal 0 0 0
outer loop
vertex 1.707889e-01 6.432130e-01 6.822608e-03
vertex 1.919792e-01 6.473086e-01 6.581930e-03
vertex 1.700957e-01 6.593736e-01 9.027566e-03
endloop
endfacet
facet normal 0 0 0
outer loop
vertex -2.941050e-01 3.137934e-01 4.492453e-02
vertex -3.292421e-01 3.310533e-01 4.783576e-02
vertex -3.176621e-01 3.092531e-01 3.655047e-02
endloop
endfacet
facet normal 0 0 0
outer loop
vertex -3.440540e-01 3.074751e-01 2.750737e-02
vertex -3.176621e-01 3.092531e-01 3.655047e-02
vertex -3.292421e-01 3.310533e-01 4.783576e-02
endloop
endfacet
facet normal 0 0 0
outer loop
vertex -1.406752e-01 7.527309e-01 -2.421451e-02
vertex -1.725134e-01 7.486095e-01 -1.544412e-02
vertex -1.604343e-01 7.851790e-01 -1.414558e-02
endloop
endfacet
facet normal 0 0 0
outer loop
vertex -1.115891e-01 5.468000e-01 -1.120509e-01
vertex -1.287583e-01 5.255339e-01 -1.071600e-01
vertex -1.101256e-01 5.131893e-01 -1.104850e-01
endloop
endfacet
facet normal 0 0 0
outer loop
vertex -3.568569e-01 4.888176e-01 7.646223e-02
vertex -3.305753e-01 5.444098e-01 7.743882e-02
vertex -4.075336e-01 4.947174e-01 7.167406e-02
endloop
endfacet
facet normal 0 0 0
outer loop
vertex -3.660537e-01 4.123899e-01 7.105535e-02
vertex -3.442285e-01 4.464881e-01 7.793079e-02
vertex -3.873023e-01 4.540918e-01 7.150988e-02
endloop
endfacet
facet normal 0 0 0
outer loop
vertex 4.662957e-01 5.451020e-01 -3.212786e-02
vertex 3.980250e-01 5.840892e-01 -3.385050e-02
vertex 4.577806e-01 6.010017e-01 -3.117781e-02
endloop
endfacet
facet normal 0 0 0
outer loop
vertex 7.007630e-02 6.516774e-01 3.088171e-02
vertex 1.157811e-01 6.042555e-01 2.975192e-02
vertex 1.057947e-01 6.363858e-01 9.349637e-03
endloop
endfacet
facet normal 0 0 0
outer loop
vertex -2.092727e-01 3.742514e-01 -7.188731e-02
vertex -2.476597e-01 3.264352e-01 -5.666618e-02
vertex -2.429363e-01 3.759768e-01 -6.872826e-02
endloop
endfacet
facet normal 0 0 0
outer loop
vertex -2.643868e-01 3.771254e-01 -7.227806e-02
vertex -2.429363e-01 3.759768e-01 -6.872826e-02
vertex -2.476597e-01 3.264352e-01 -5.666618e-02
endloop
endfacet
facet normal 0 0 0
outer loop
vertex -5.453738e-01 5.269241e-01 -4.034924e-02
vertex -5.269644e-01 5.692773e-01 -3.694979e-02
vertex -4.962634e-01 5.416487e-01 -5.491789e-02
endloop
endfacet
facet normal 0 0 0
outer loop
vertex -3.011336e-01 3.524590e-01 -6.309415e-02
vertex -2.938687e-01 3.907034e-01 -7.496400e-02
vertex -2.643868e-01 3.771254e-01 -7.227806e-02
endloop
endfacet
facet normal 0 0 0
outer loop
vertex -2.643868e-01 3.771254e-01 -7.227806e-02
vertex -2.938687e-01 3.907034e-01 -7.496400e-02
vertex -2.825176e-01 3.776507e-01 -8.167538e-02
endloop
endfacet
facet normal 0 0 0
outer loop
vertex -7.532804e-02 5.538717e-01 -1.289378e-01
vertex -9.390264e-02 5.153796e-01 -1.283817e-01
vertex -9.874611e-02 5.391640e-01 -1.264713e-01
endloop
endfacet
facet normal 0 0 0
outer loop
vertex -7.532804e-02 5.538717e-01 -1.289378e-01
vertex -5.763147e-02 5.114593e-01 -1.361779e-01
vertex -9.390264e-02 5.153796e-01 -1.283817e-01
endloop
endfacet
facet normal 0 0 0
outer loop
vertex -1.109578e-01 5.794458e-01 7.554590e-02
vertex -5.510592e-02 6.366733e-01 6.436390e-02
vertex -1.266715e-01 6.453953e-01 6.843127e-02
endloop
endfacet
facet normal 0 0 0
outer loop
vertex 5.409110e-01 4.176620e-01 1.814021e-02
vertex 5.534653e-01 4.716745e-01 1.732747e-02
vertex 5.165705e-01 4.932027e-01 2.413543e-02
endloop
endfacet
facet normal 0 0 0
outer loop
vertex 5.165705e-01 4.932027e-01 2.413543e-02
vertex 5.534653e-01 4.716745e-01 1.732747e-02
vertex 5.502612e-01 5.204797e-01 1.539902e-02
endloop
endfacet
facet normal 0 0 0
outer loop
vertex 5.277810e-02 7.430185e-02 1.168571e-02
vertex 5.446641e-02 1.298155e-01 1.994581e-02
vertex 1.026139e-02 1.167656e-01 1.427556e-02
endloop
endfacet
facet normal 0 0 0
outer loop
vertex -3.050087e-01 2.757507e-01 -4.128626e-02
vertex -3.126730e-01 2.634871e-01 -3.529653e-02
vertex -3.041988e-01 3.007780e-01 -3.456599e-02
endloop
endfacet
facet normal 0 0 0
outer loop
vertex 2.884214e-01 1.593040e-02 6.408082e-03
vertex 2.802294e-01 6.086727e-02 1.338006e-02
vertex 2.317956e-01 1.110273e-02 5.977393e-03
endloop
endfacet
facet normal 0 0 0
outer loop
vertex -1.256063e-01 6.441083e-01 -6.842607e-02
vertex -6.191791e-02 6.633287e-01 -6.054484e-02
vertex -6.965674e-02 5.842268e-01 -7.213143e-02
endloop
endfacet
facet normal 0 0 0
outer loop
vertex -2.306649e-01 2.972531e-01 3.885981e-02
vertex -2.560215e-01 2.870670e-01 3.061763e-02
vertex -2.357247e-01 2.817015e-01 2.836077e-02
endloop
endfacet
facet normal 0 0 0
outer loop
vertex -2.560215e-01 2.870670e-01 3.061763e-02
vertex -2.333246e-01 2.634659e-01 3.385883e-02
vertex -2.357247e-01 2.817015e-01 2.836077e-02
endloop
endfacet
facet normal 0 0 0
outer loop
vertex 1.867423e-02 4.239512e-01 -6.156737e-02
vertex -4.841999e-02 3.901666e-01 -6.506165e-02
vertex -5.326946e-02 4.337744e-01 -7.030975e-02
endloop
endfacet
facet normal 0 0 0
outer loop
vertex 6.980439e-02 9.076502e-01 2.473622e-02
vertex 1.056701e-01 8.885062e-01 2.785522e-02
vertex 1.156610e-01 9.088265e-01 1.899382e-02
endloop
endfacet
facet normal 0 0 0
outer loop
vertex -2.872499e-01 2.921187e-01 2.970529e-02
vertex -2.941050e-01 3.137934e-01 4.492453e-02
vertex -3.050928e-01 2.894878e-01 3.079497e-02
endloop
endfacet
facet normal 0 0 0
outer loop
vertex -2.696630e-01 3.068781e-01 4.353967e-02
vertex -2.941050e-01 3.137934e-01 4.492453e-02
vertex -2.872499e-01 2.921187e-01 2.970529e-02
endloop
endfacet
facet normal 0 0 0
outer loop
vertex -9.874611e-02 5.391640e-01 -1.264713e-01
vertex -1.170934e-01 5.439472e-01 -1.249422e-01
vertex -9.545048e-02 5.529066e-01 -1.219410e-01
endloop
endfacet
facet normal 0 0 0
outer loop
vertex -2.326298e-01 2.519498e-01 2.124950e-02
vertex -2.196030e-01 2.317770e-01 2.670900e-02
vertex -2.486104e-01 2.435909e-01 2.295287e-02
endloop
endfacet
facet normal 0 0 0
outer loop
vertex -2.196030e-01 2.317770e-01 2.670900e-02
vertex -2.326298e-01 2.519498e-01 2.124950e-02
vertex -2.157138e-01 2.562079e-01 2.047161e-02
endloop
endfacet
facet normal 0 0 0
outer loop
vertex -3.338347e-01 5.262375e-01 -7.846806e-02
vertex -2.624186e-01 5.378226e-01 -8.181166e-02
vertex -2.921068e-01 4.803859e-01 -7.622010e-02
endloop
endfacet
facet normal 0 0 0
outer loop
vertex 6.940229e-04 6.041542e-01 -6.158771e-02
vertex 4.390429e-02 6.037796e-01 -5.356256e-02
vertex 2.419274e-02 5.669987e-01 -6.140945e-02
endloop
endfacet
facet normal 0 0 0
outer loop
vertex 6.940229e-04 6.041542e-01 -6.158771e-02
vertex 1.696723e-02 6.439999e-01 -5.201547e-02
vertex 4.390429e-02 6.037796e-01 -5.356256e-02
endloop
endfacet
facet normal 0 0 0
outer loop
vertex 1.522819e-01 2.872234e-02 1.180345e-02
vertex 2.111338e-01 4.525314e-02 1.605983e-02
vertex 1.773295e-01 7.018882e-02 2.099461e-02
endloop
endfacet
facet normal 0 0 0
outer loop
vertex 1.156685e-01 4.163878e-01 -4.027920e-02
vertex 7.248375e-02 4.229094e-01 -5.191352e-02
vertex 9.406337e-02 4.574649e-01 -5.252967e-02
endloop
endfacet
facet normal 0 0 0
outer loop
vertex -5.367294e-01 5.857026e-01 -5.779407e-03
vertex -5.289881e-01 5.932208e-01 5.700884e-03
vertex -5.245389e-01 5.984500e-01 -1.615284e-02
endloop
endfacet
facet normal 0 0 0
outer loop
vertex -5.536351e-01 5.631938e-01 -2.128025e-02
vertex -5.453738e-01 5.269241e-01 -4.034924e-02
vertex -5.717682e-01 5.403122e-01 -1.756250e-02
endloop
endfacet
facet normal 0 0 0
outer loop
vertex -5.453738e-01 5.269241e-01 -4.034924e-02
vertex -5.536351e-01 5.631938e-01 -2.128025e-02
vertex -5.269644e-01 5.692773e-01 -3.694979e-02
endloop
endfacet
facet normal 0 0 0
outer loop
vertex -3.444242e-01 3.047248e-01 -2.106345e-02
vertex -3.377666e-01 3.251473e-01 -4.049445e-02
vertex -3.257288e-01 3.021341e-01 -2.944461e-02
endloop
endfacet
facet normal 0 0 0
outer loop
vertex -1.612978e-01 4.251674e-01 -1.002407e-01
vertex -1.412553e-01 4.557655e-01 -1.042446e-01
vertex -1.693276e-01 4.721133e-01 -9.737617e-02
endloop
endfacet
facet normal 0 0 0
outer loop
vertex -5.326946e-02 4.337744e-01 -7.030975e-02
vertex -8.208069e-02 4.645875e-01 -7.453933e-02
vertex -2.601254e-02 4.771692e-01 -6.984547e-02
endloop
endfacet
facet normal 0 0 0
outer loop
vertex -1.588018e-01 3.270874e-01 -1.081974e-01
vertex -1.907321e-01 3.363276e-01 -9.539119e-02
vertex -1.874557e-01 3.274474e-01 -1.080448e-01
endloop
endfacet
facet normal 0 0 0
outer loop
vertex -1.907321e-01 3.363276e-01 -9.539119e-02
vertex -2.115452e-01 3.304834e-01 -9.594589e-02
vertex -1.874557e-01 3.274474e-01 -1.080448e-01
endloop
endfacet
facet normal 0 0 0
outer loop
vertex 2.530718e-01 7.367125e-01 7.175262e-03
vertex 2.631488e-01 7.399641e-01 -5.961730e-03
vertex 2.854241e-01 7.648813e-01 4.332807e-03
endloop
endfacet
facet normal 0 0 0
outer loop
vertex 8.498475e-02 2.080676e-01 -2.399916e-02
vertex 1.005706e-01 1.317234e-01 -2.517539e-02
vertex 4.983812e-02 1.604040e-01 -2.273214e-02
endloop
endfacet
facet normal 0 0 0
outer loop
vertex -1.242154e-02 2.311735e-01 -1.892063e-02
vertex 4.036526e-02 2.059107e-01 -2.221887e-02
vertex 2.417587e-03 1.750221e-01 -1.944577e-02
endloop
endfacet
facet normal 0 0 0
outer loop
vertex 4.036526e-02 2.059107e-01 -2.221887e-02
vertex 8.498475e-02 2.080676e-01 -2.399916e-02
vertex 4.983812e-02 1.604040e-01 -2.273214e-02
endloop
endfacet
facet normal 0 0 0
outer loop
vertex 2.111338e-01 4.525314e-02 1.605983e-02
vertex 1.957509e-01 8.236480e-03 6.004807e-03
vertex 2.317956e-01 1.110273e-02 5.977393e-03
endloop
endfacet
facet normal 0 0 0
outer loop
vertex 5.534653e-01 4.716745e-01 1.732747e-02
vertex 5.751352e-01 5.036974e-01 1.042454e-02
vertex 5.502612e-01 5.204797e-01 1.539902e-02
endloop
endfacet
facet normal 0 0 0
outer loop
vertex 1.593482e-01 2.577271e-01 -1.950114e-02
vertex 1.739716e-01 1.798823e-01 -2.447016e-02
vertex 1.234626e-01 2.353340e-01 -2.287212e-02
endloop
endfacet
facet normal 0 0 0
outer loop
vertex -5.660634e-01 5.512146e-01 1.422818e-02
vertex -5.325927e-01 5.555388e-01 3.932713e-02
vertex -5.500250e-01 5.672538e-01 1.849523e-02
endloop
endfacet
facet normal 0 0 0
outer loop
vertex -2.044522e-01 3.114750e-01 4.939835e-02
vertex -2.411698e-01 3.294839e-01 5.795239e-02
vertex -2.306649e-01 2.972531e-01 3.885981e-02
endloop
endfacet
facet normal 0 0 0
outer loop
vertex 1.056352e-01 9.600590e-01 6.179008e-03
vertex 8.344345e-02 9.534484e-01 7.805213e-03
vertex 1.102154e-01 9.326653e-01 1.747199e-02
endloop
endfacet
facet normal 0 0 0
outer loop
vertex 1.710880e-01 9.598147e-01 -9.240248e-03
vertex 1.447630e-01 9.315730e-01 -1.551674e-02
vertex 1.359893e-01 9.573849e-01 -9.513818e-03
endloop
endfacet
facet normal 0 0 0
outer loop
vertex 1.824069e-01 9.322759e-01 -9.684997e-03
vertex 1.447630e-01 9.315730e-01 -1.551674e-02
vertex 1.710880e-01 9.598147e-01 -9.240248e-03
endloop
endfacet
facet normal 0 0 0
outer loop
vertex 9.376837e-02 8.645926e-02 -2.197201e-02
vertex 1.645832e-01 9.622883e-02 -2.607327e-02
vertex 1.300883e-01 6.036023e-02 -2.075501e-02
endloop
endfacet
facet normal 0 0 0
outer loop
vertex -7.475360e-02 7.401860e-01 2.835387e-02
vertex -1.286024e-01 7.038301e-01 5.355195e-02
vertex -5.382932e-02 7.066706e-01 4.679097e-02
endloop
endfacet
facet normal 0 0 0
outer loop
vertex -1.286024e-01 7.038301e-01 5.355195e-02
vertex -7.475360e-02 7.401860e-01 2.835387e-02
vertex -1.488459e-01 7.459318e-01 2.672924e-02
endloop
endfacet
facet normal 0 0 0
outer loop
vertex 5.362182e-01 3.703803e-01 1.501775e-02
vertex 5.553727e-01 3.391273e-01 6.103516e-03
vertex 5.807850e-01 3.757116e-01 4.446772e-03
endloop
endfacet
facet normal 0 0 0
outer loop
vertex -7.532804e-02 5.538717e-01 -1.289378e-01
vertex -9.874611e-02 5.391640e-01 -1.264713e-01
vertex -9.545048e-02 5.529066e-01 -1.219410e-01
endloop
endfacet
facet normal 0 0 0
outer loop
vertex -2.189478e-04 4.671228e-01 6.627949e-02
vertex 5.609073e-02 4.530003e-01 5.834883e-02
vertex 2.983929e-02 5.086338e-01 6.299937e-02
endloop
endfacet
facet normal 0 0 0
outer loop
vertex -1.671274e-01 1.450498e-01 5.309300e-02
vertex -1.380213e-01 1.607603e-01 4.974848e-02
vertex -1.439477e-01 1.375047e-01 5.734864e-02
endloop
endfacet
facet normal 0 0 0
outer loop
vertex 1.996266e-01 6.642871e-01 7.684386e-03
vertex 1.700957e-01 6.593736e-01 9.027566e-03
vertex 1.919792e-01 6.473086e-01 6.581930e-03
endloop
endfacet
facet normal 0 0 0
outer loop
vertex 2.317546e-01 6.966488e-01 7.522886e-04
vertex 2.222570e-01 7.053704e-01 8.323496e-03
vertex 2.271435e-01 6.765720e-01 4.043261e-03
endloop
endfacet
facet normal 0 0 0
outer loop
vertex 2.317546e-01 6.966488e-01 7.522886e-04
vertex 2.271435e-01 6.765720e-01 4.043261e-03
vertex 2.242008e-01 6.889573e-01 -7.722176e-03
endloop
endfacet
facet normal 0 0 0
outer loop
vertex 2.671413e-01 9.046231e-02 -2.199597e-02
vertex 3.102520e-01 1.077520e-01 -9.831000e-03
vertex 2.777400e-01 5.756522e-02 -1.583997e-02
endloop
endfacet
facet normal 0 0 0
outer loop
vertex 2.169679e-01 5.087029e-01 -3.014611e-02
vertex 1.648284e-01 4.825078e-01 -3.952238e-02
vertex 1.823860e-01 5.396463e-01 -3.027220e-02
endloop
endfacet
facet normal 0 0 0
outer loop
vertex 1.817630e-01 9.481581e-01 7.998748e-03
vertex 1.535875e-01 9.488055e-01 9.445604e-03
vertex 1.721220e-01 9.352995e-01 7.479747e-03
endloop
endfacet
facet normal 0 0 0
outer loop
vertex 1.497750e-01 3.650502e-01 -9.820129e-03
vertex 1.296068e-01 3.760385e-01 -1.249159e-02
vertex 1.445878e-01 3.807147e-01 5.516033e-03
endloop
endfacet
facet normal 0 0 0
outer loop
vertex 1.296068e-01 3.760385e-01 -1.249159e-02
vertex 1.685655e-01 3.896823e-01 -6.413439e-03
vertex 1.445878e-01 3.807147e-01 5.516033e-03
endloop
endfacet
facet normal 0 0 0
outer loop
vertex 1.294130e-01 9.648911e-01 1.116075e-03
vertex 1.056352e-01 9.600590e-01 6.179008e-03
vertex 1.204366e-01 9.480579e-01 9.547310e-03
endloop
endfacet
facet normal 0 0 0
outer loop
vertex 1.333319e-01 9.396544e-01 1.376309e-02
vertex 1.294130e-01 9.648911e-01 1.116075e-03
vertex 1.204366e-01 9.480579e-01 9.547310e-03
endloop
endfacet
facet normal 0 0 0
outer loop
vertex 4.424997e-01 6.707700e-01 -2.747660e-02
vertex 4.976118e-01 6.832907e-01 -1.856370e-02
vertex 4.873042e-01 6.332628e-01 -2.636695e-02
endloop
endfacet
facet normal 0 0 0
outer loop
vertex 2.473079e-01 9.158636e-01 3.472691e-03
vertex 2.540805e-01 8.961847e-01 7.223106e-03
vertex 2.505772e-01 8.986236e-01 -7.564967e-03
endloop
endfacet
facet normal 0 0 0
outer loop
vertex 2.540805e-01 8.961847e-01 7.223106e-03
vertex 2.646530e-01 8.946340e-01 -7.084000e-03
vertex 2.505772e-01 8.986236e-01 -7.564967e-03
endloop
endfacet
facet normal 0 0 0
outer loop
vertex -2.325487e-01 2.604481e-01 -2.154786e-02
vertex -2.200036e-01 2.478876e-01 -2.608131e-02
vertex -2.139563e-01 2.713960e-01 -2.050109e-02
endloop
endfacet
facet normal 0 0 0
outer loop
vertex -1.082560e-01 7.469040e-01 -2.482500e-02
vertex -1.336138e-01 7.110220e-01 -5.086585e-02
vertex -1.406752e-01 7.527309e-01 -2.421451e-02
endloop
endfacet
facet normal 0 0 0
outer loop
vertex -8.117452e-02 7.218941e-01 -4.347875e-02
vertex -1.336138e-01 7.110220e-01 -5.086585e-02
vertex -1.082560e-01 7.469040e-01 -2.482500e-02
endloop
endfacet
facet normal 0 0 0
outer loop
vertex -2.351835e-01 2.401290e-01 -2.786649e-02
vertex -2.183748e-01 2.264848e-01 -3.228623e-02
vertex -2.200036e-01 2.478876e-01 -2.608131e-02
endloop
endfacet
facet normal 0 0 0
outer loop
vertex -7.440835e-02 7.713737e-01 -2.990352e-02
vertex -1.082560e-01 7.469040e-01 -2.482500e-02
vertex -1.214805e-01 8.004316e-01 -2.369099e-02
endloop
endfacet
facet normal 0 0 0
outer loop
vertex -1.689361e-01 3.702134e-01 -6.555474e-02
vertex -1.072986e-01 3.779075e-01 -6.799282e-02
vertex -1.469423e-01 3.479611e-01 -6.326976e-02
endloop
endfacet
facet normal 0 0 0
outer loop
vertex 4.853729e-01 1.854190e-01 -7.047513e-03
vertex 4.348510e-01 2.216540e-01 -2.130100e-02
vertex 5.104997e-01 2.060217e-01 -1.015088e-02
endloop
endfacet
facet normal 0 0 0
outer loop
vertex 5.104997e-01 2.060217e-01 -1.015088e-02
vertex 4.348510e-01 2.216540e-01 -2.130100e-02
vertex 4.850747e-01 2.720683e-01 -2.423557e-02
endloop
endfacet
facet normal 0 0 0
outer loop
vertex -4.522288e-01 5.514882e-01 -8.211464e-02
vertex -4.289895e-01 5.646427e-01 -6.411336e-02
vertex -4.296339e-01 5.297461e-01 -8.115096e-02
endloop
endfacet
facet normal 0 0 0
outer loop
vertex -3.791196e-01 5.944343e-01 -6.817044e-02
vertex -4.289895e-01 5.646427e-01 -6.411336e-02
vertex -4.516047e-01 5.951753e-01 -5.585437e-02
endloop
endfacet
facet normal 0 0 0
outer loop
vertex -4.516047e-01 5.951753e-01 -5.585437e-02
vertex -4.289895e-01 5.646427e-01 -6.411336e-02
vertex -4.651874e-01 5.624275e-01 -5.691082e-02
endloop
endfacet
facet normal 0 0 0
outer loop
vertex -4.651874e-01 5.624275e-01 -5.691082e-02
vertex -4.289895e-01 5.646427e-01 -6.411336e-02
vertex -4.522288e-01 5.514882e-01 -8.211464e-02
endloop
endfacet
facet normal 0 0 0
outer loop
vertex -2.700434e-01 6.597570e-01 -6.376366e-02
vertex -3.568976e-01 6.562791e-01 -5.594013e-02
vertex -3.169007e-01 6.976605e-01 -4.354041e-02
endloop
endfacet
facet normal 0 0 0
outer loop
vertex -1.032184e-02 6.838429e-01 4.679017e-02
vertex 2.397794e-02 6.363569e-01 5.166211e-02
vertex 2.771928e-02 6.757978e-01 3.842118e-02
endloop
endfacet
facet normal 0 0 0
outer loop
vertex -5.510592e-02 6.366733e-01 6.436390e-02
vertex 2.397794e-02 6.363569e-01 5.166211e-02
vertex -1.032184e-02 6.838429e-01 4.679017e-02
endloop
endfacet
facet normal 0 0 0
outer loop
vertex 1.333319e-01 9.396544e-01 1.376309e-02
vertex 1.342423e-01 9.198083e-01 1.603015e-02
vertex 1.526718e-01 9.307519e-01 1.310231e-02
endloop
endfacet
facet normal 0 0 0
outer loop
vertex 1.342423e-01 9.198083e-01 1.603015e-02
vertex 1.471751e-01 9.074989e-01 2.047820e-02
vertex 1.526718e-01 9.307519e-01 1.310231e-02
endloop
endfacet
facet normal 0 0 0
outer loop
vertex 7.219100e-02 3.473040e-01 1.512000e-02
vertex 1.097059e-01 3.324977e-01 1.315459e-02
vertex 1.076701e-01 3.686748e-01 1.261838e-02
endloop
endfacet
facet normal 0 0 0
outer loop
vertex 7.867853e-02 3.803185e-01 3.643326e-02
vertex 7.219100e-02 3.473040e-01 1.512000e-02
vertex 1.076701e-01 3.686748e-01 1.261838e-02
endloop
endfacet
facet normal 0 0 0
outer loop
vertex 1.578760e-01 2.674210e-01 1.381100e-02
vertex 1.369889e-01 2.959022e-01 1.402816e-02
vertex 1.248655e-01 2.485854e-01 1.950062e-02
endloop
endfacet
facet normal 0 0 0
outer loop
vertex 4.983812e-02 1.604040e-01 -2.273214e-02
vertex 1.005706e-01 1.317234e-01 -2.517539e-02
vertex 4.583439e-02 9.494951e-02 -1.809913e-02
endloop
endfacet
facet normal 0 0 0
outer loop
vertex -5.048100e-02 8.165570e-01 -2.887800e-02
vertex -3.851740e-02 7.862062e-01 -3.123602e-02
vertex -8.571840e-02 8.259924e-01 -2.533047e-02
endloop
endfacet
facet normal 0 0 0
outer loop
vertex -9.066471e-02 5.441941e-01 -1.149246e-01
vertex -6.225473e-02 5.466588e-01 -1.196074e-01
vertex -7.532804e-02 5.538717e-01 -1.289378e-01
endloop
endfacet
facet normal 0 0 0
outer loop
vertex 1.916959e-02 3.171078e-01 -2.047973e-02
vertex 5.766028e-03 2.784142e-01 -1.949224e-02
vertex -6.128206e-03 3.042174e-01 -1.879286e-02
endloop
endfacet
facet normal 0 0 0
outer loop
vertex -1.990807e-02 3.163092e-01 -3.501363e-02
vertex 1.916959e-02 3.171078e-01 -2.047973e-02
vertex -6.128206e-03 3.042174e-01 -1.879286e-02
endloop
endfacet
facet normal 0 0 0
outer loop
vertex 8.879742e-02 3.687423e-01 -2.858947e-02
vertex 1.067300e-01 3.699330e-01 -1.376800e-02
vertex 8.864374e-02 3.491221e-01 -1.684818e-02
endloop
endfacet
facet normal 0 0 0
outer loop
vertex -1.332702e-01 7.808036e-01 2.370658e-02
vertex -1.488459e-01 7.459318e-01 2.672924e-02
vertex -1.005030e-01 7.617710e-01 2.718600e-02
endloop
endfacet
facet normal 0 0 0
outer loop
vertex -2.710432e-01 2.449058e-01 -4.633949e-02
vertex -2.577292e-01 2.454749e-01 -4.575017e-02
vertex -2.539788e-01 2.273712e-01 -5.181565e-02
endloop
endfacet
facet normal 0 0 0
outer loop
vertex 1.447630e-01 9.315730e-01 -1.551674e-02
vertex 1.824069e-01 9.322759e-01 -9.684997e-03
vertex 1.455542e-01 8.987409e-01 -2.428706e-02
endloop
endfacet
facet normal 0 0 0
outer loop
vertex 1.701996e-01 6.434903e-01 -6.522255e-03
vertex 1.610447e-01 6.695569e-01 -1.233742e-02
vertex 1.842297e-01 6.641885e-01 -1.099147e-02
endloop
endfacet
facet normal 0 0 0
outer loop
vertex 2.118491e-01 6.546921e-01 2.986660e-03
vertex 1.970052e-01 6.491418e-01 -8.729867e-03
vertex 2.164341e-01 6.613122e-01 -8.018889e-03
endloop
endfacet
facet normal 0 0 0
outer loop
vertex -7.440835e-02 7.713737e-01 -2.990352e-02
vertex -1.214805e-01 8.004316e-01 -2.369099e-02
vertex -8.571840e-02 8.259924e-01 -2.533047e-02
endloop
endfacet
facet normal 0 0 0
outer loop
vertex 3.522009e-03 7.974405e-01 -3.152680e-02
vertex 2.344576e-02 8.323084e-01 -3.221761e-02
vertex 7.063774e-02 8.087170e-01 -3.219386e-02
endloop
endfacet
facet normal 0 0 0
outer loop
vertex 3.817859e-02 9.258278e-01 -1.782666e-02
vertex 1.112234e-01 8.941244e-01 -2.640497e-02
vertex 5.578645e-02 8.675748e-01 -2.660484e-02
endloop
endfacet
facet normal 0 0 0
outer loop
vertex 5.957142e-01 4.564801e-01 -9.469678e-03
vertex 5.890064e-01 4.088651e-01 -1.075396e-02
vertex 5.544882e-01 4.018640e-01 -1.978110e-02
endloop
endfacet
facet normal 0 0 0
outer loop
vertex 5.950697e-01 4.336373e-01 3.942357e-03
vertex 5.890064e-01 4.088651e-01 -1.075396e-02
vertex 5.957142e-01 4.564801e-01 -9.469678e-03
endloop
endfacet
facet normal 0 0 0
outer loop
vertex -2.379949e-01 3.863112e-01 -8.250803e-02
vertex -1.921975e-01 3.613651e-01 -9.428959e-02
vertex -1.927536e-01 4.004650e-01 -9.299302e-02
endloop
endfacet
facet normal 0 0 0
outer loop
vertex -1.950441e-01 4.144752e-01 -7.697262e-02
vertex -1.525987e-01 4.224160e-01 -7.611520e-02
vertex -1.807324e-01 3.909008e-01 -7.382665e-02
endloop
endfacet
facet normal 0 0 0
outer loop
vertex -1.919840e-01 4.388977e-01 -9.220167e-02
vertex -1.612978e-01 4.251674e-01 -1.002407e-01
vertex -1.693276e-01 4.721133e-01 -9.737617e-02
endloop
endfacet
facet normal 0 0 0
outer loop
vertex 6.857222e-02 3.602540e-01 -3.161376e-02
vertex 8.864374e-02 3.491221e-01 -1.684818e-02
vertex 5.609300e-02 3.383830e-01 -1.771700e-02
endloop
endfacet
facet normal 0 0 0
outer loop
vertex -2.540180e-01 2.526747e-01 -2.388111e-02
vertex -2.325487e-01 2.604481e-01 -2.154786e-02
vertex -2.388761e-01 2.788303e-01 -1.351704e-02
endloop
endfacet
facet normal 0 0 0
outer loop
vertex -3.050928e-01 2.894878e-01 3.079497e-02
vertex -3.060571e-01 2.731113e-01 3.447688e-02
vertex -2.848248e-01 2.717215e-01 3.592835e-02
endloop
endfacet
facet normal 0 0 0
outer loop
vertex -1.363603e-01 1.163130e-01 6.980900e-02
vertex -1.486924e-01 1.445849e-01 7.008512e-02
vertex -1.410585e-01 1.042214e-01 7.654978e-02
endloop
endfacet
facet normal 0 0 0
outer loop
vertex 7.248375e-02 4.229094e-01 -5.191352e-02
vertex 4.107901e-02 3.698689e-01 -4.453728e-02
vertex 1.867423e-02 4.239512e-01 -6.156737e-02
endloop
endfacet
facet normal 0 0 0
outer loop
vertex 5.715806e-02 2.274249e-01 2.054076e-02
vertex 1.240643e-01 2.074132e-01 2.159252e-02
vertex 1.248655e-01 2.485854e-01 1.950062e-02
endloop
endfacet
facet normal 0 0 0
outer loop
vertex 1.038543e-01 1.972845e-02 -9.988529e-03
vertex 1.234679e-01 9.434050e-03 -8.294095e-03
vertex 1.069308e-01 1.705984e-02 6.075919e-03
endloop
endfacet
facet normal 0 0 0
outer loop
vertex 1.376607e-01 2.418807e-02 -1.377732e-02
vertex 1.234679e-01 9.434050e-03 -8.294095e-03
vertex 1.038543e-01 1.972845e-02 -9.988529e-03
endloop
endfacet
facet normal 0 0 0
outer loop
vertex -2.540180e-01 2.526747e-01 -2.388111e-02
vertex -2.557761e-01 2.310850e-01 -3.072402e-02
vertex -2.351835e-01 2.401290e-01 -2.786649e-02
endloop
endfacet
facet normal 0 0 0
outer loop
vertex -2.540180e-01 2.526747e-01 -2.388111e-02
vertex -2.351835e-01 2.401290e-01 -2.786649e-02
vertex -2.325487e-01 2.604481e-01 -2.154786e-02
endloop
endfacet
facet normal 0 0 0
outer loop
vertex -1.266715e-01 6.453953e-01 6.843127e-02
vertex -1.868009e-01 6.645917e-01 6.545109e-02
vertex -1.780970e-01 5.716648e-01 7.944521e-02
endloop
endfacet
facet normal 0 0 0
outer loop
vertex -1.780970e-01 5.716648e-01 7.944521e-02
vertex -1.109578e-01 5.794458e-01 7.554590e-02
vertex -1.266715e-01 6.453953e-01 6.843127e-02
endloop
endfacet
facet normal 0 0 0
outer loop
vertex -1.962229e-01 1.428919e-01 -5.646492e-02
vertex -1.737566e-01 1.090859e-01 -6.614312e-02
vertex -1.430827e-01 1.345709e-01 -6.190553e-02
endloop
endfacet
facet normal 0 0 0
outer loop
vertex -2.539788e-01 2.273712e-01 -5.181565e-02
vertex -2.577292e-01 2.454749e-01 -4.575017e-02
vertex -2.404613e-01 2.439898e-01 -4.646172e-02
endloop
endfacet
facet normal 0 0 0
outer loop
vertex -2.404613e-01 2.439898e-01 -4.646172e-02
vertex -2.264593e-01 2.350452e-01 -4.904236e-02
vertex -2.539788e-01 2.273712e-01 -5.181565e-02
endloop
endfacet
facet normal 0 0 0
outer loop
vertex -1.525987e-01 4.224160e-01 -7.611520e-02
vertex -1.359441e-01 4.722769e-01 -7.845479e-02
vertex -8.208069e-02 4.645875e-01 -7.453933e-02
endloop
endfacet
facet normal 0 0 0
outer loop
vertex -1.525987e-01 4.224160e-01 -7.611520e-02
vertex -8.208069e-02 4.645875e-01 -7.453933e-02
vertex -9.447072e-02 4.193683e-01 -7.236413e-02
endloop
endfacet
facet normal 0 0 0
outer loop
vertex -5.245389e-01 5.984500e-01 -1.615284e-02
vertex -4.952853e-01 6.242552e-01 -6.787888e-03
vertex -4.735328e-01 6.274112e-01 -3.322824e-02
endloop
endfacet
facet normal 0 0 0
outer loop
vertex -5.126705e-01 6.057736e-01 1.653892e-02
vertex -4.952853e-01 6.242552e-01 -6.787888e-03
vertex -5.245389e-01 5.984500e-01 -1.615284e-02
endloop
endfacet
facet normal 0 0 0
outer loop
vertex -3.037819e-01 2.536303e-01 -4.651120e-02
vertex -2.874787e-01 2.781948e-01 -3.686417e-02
vertex -2.868914e-01 2.626404e-01 -3.778961e-02
endloop
endfacet
facet normal 0 0 0
outer loop
vertex -3.037819e-01 2.536303e-01 -4.651120e-02
vertex -3.050087e-01 2.757507e-01 -4.128626e-02
vertex -2.874787e-01 2.781948e-01 -3.686417e-02
endloop
endfacet
facet normal 0 0 0
outer loop
vertex -1.675986e-01 2.689768e-01 6.459823e-03
vertex -1.672173e-01 2.799211e-01 2.155764e-02
vertex -1.847626e-01 2.688077e-01 4.945344e-03
endloop
endfacet
facet normal 0 0 0
outer loop
vertex -1.711598e-01 8.260993e-01 7.928642e-03
vertex -1.326417e-01 8.757795e-01 4.922256e-03
vertex -1.543479e-01 8.540100e-01 -6.761999e-03
endloop
endfacet
facet normal 0 0 0
outer loop
vertex 1.076701e-01 3.686748e-01 1.261838e-02
vertex 1.391747e-01 3.540937e-01 1.021687e-02
vertex 1.445878e-01 3.807147e-01 5.516033e-03
endloop
endfacet
facet normal 0 0 0
outer loop
vertex 1.912543e-01 5.092072e-01 3.248501e-02
vertex 1.634891e-01 4.640062e-01 3.857235e-02
vertex 1.926257e-01 4.393734e-01 2.899370e-02
endloop
endfacet
facet normal 0 0 0
outer loop
vertex -2.137552e-01 2.711470e-01 2.991834e-02
vertex -1.862628e-01 2.936801e-01 3.432982e-02
vertex -2.044522e-01 3.114750e-01 4.939835e-02
endloop
endfacet
facet normal 0 0 0
outer loop
vertex -2.044522e-01 3.114750e-01 4.939835e-02
vertex -2.306649e-01 2.972531e-01 3.885981e-02
vertex -2.137552e-01 2.711470e-01 2.991834e-02
endloop
endfacet
facet normal 0 0 0
outer loop
vertex -2.495089e-01 5.244975e-01 8.224021e-02
vertex -1.728006e-01 5.071138e-01 8.126821e-02
vertex -1.780970e-01 5.716648e-01 7.944521e-02
endloop
endfacet
facet normal 0 0 0
outer loop
vertex -2.557761e-01 2.310850e-01 -3.072402e-02
vertex -2.819850e-01 2.460784e-01 -2.861004e-02
vertex -2.643211e-01 2.114238e-01 -3.715966e-02
endloop
endfacet
facet normal 0 0 0
outer loop
vertex -4.203805e-01 3.998917e-01 6.398436e-02
vertex -3.873023e-01 4.540918e-01 7.150988e-02
vertex -4.229438e-01 4.599821e-01 7.170131e-02
endloop
endfacet
facet normal 0 0 0
outer loop
vertex -4.203805e-01 3.998917e-01 6.398436e-02
vertex -3.660537e-01 4.123899e-01 7.105535e-02
vertex -3.873023e-01 4.540918e-01 7.150988e-02
endloop
endfacet
facet normal 0 0 0
outer loop
vertex 2.274236e-02 3.187602e-01 1.740500e-02
vertex -3.481517e-02 2.932777e-01 2.031144e-02
vertex 1.145290e-02 2.543341e-01 1.866652e-02
endloop
endfacet
facet normal 0 0 0
outer loop
vertex -2.819850e-01 2.460784e-01 -2.861004e-02
vertex -2.869819e-01 2.176365e-01 -3.788932e-02
vertex -2.643211e-01 2.114238e-01 -3.715966e-02
endloop
endfacet
facet normal 0 0 0
outer loop
vertex -3.747132e-01 3.160069e-01 2.501631e-02
vertex -3.768156e-01 3.621083e-01 4.992902e-02
vertex -4.050429e-01 3.430576e-01 3.373902e-02
endloop
endfacet
facet normal 0 0 0
outer loop
vertex 4.424997e-01 6.707700e-01 -2.747660e-02
vertex 4.873042e-01 6.332628e-01 -2.636695e-02
vertex 4.577806e-01 6.010017e-01 -3.117781e-02
endloop
endfacet
facet normal 0 0 0
outer loop
vertex 4.424997e-01 6.707700e-01 -2.747660e-02
vertex 4.577806e-01 6.010017e-01 -3.117781e-02
vertex 4.149224e-01 6.364124e-01 -3.082245e-02
endloop
endfacet
facet normal 0 0 0
outer loop
vertex -1.891066e-01 2.496503e-01 -2.633501e-02
vertex -2.183748e-01 2.264848e-01 -3.228623e-02
vertex -1.868100e-01 2.146737e-01 -3.764227e-02
endloop
endfacet
facet normal 0 0 0
outer loop
vertex -2.200036e-01 2.478876e-01 -2.608131e-02
vertex -2.183748e-01 2.264848e-01 -3.228623e-02
vertex -1.891066e-01 2.496503e-01 -2.633501e-02
endloop
endfacet
facet normal 0 0 0
outer loop
vertex 2.327745e-01 1.386465e-01 1.901301e-02
vertex 2.134709e-01 9.823512e-02 2.260790e-02
vertex 2.478845e-01 8.457197e-02 2.017592e-02
endloop
endfacet
facet normal 0 0 0
outer loop
vertex 2.795687e-01 1.608856e-01 6.163430e-03
vertex 2.327745e-01 1.386465e-01 1.901301e-02
vertex 2.603185e-01 1.258576e-01 1.557422e-02
endloop
endfacet
facet normal 0 0 0
outer loop
vertex -3.098023e-01 2.927867e-01 1.316207e-02
vertex -3.440540e-01 3.074751e-01 2.750737e-02
vertex -3.316595e-01 2.943782e-01 5.545403e-03
endloop
endfacet
facet normal 0 0 0
outer loop
vertex -3.440540e-01 3.074751e-01 2.750737e-02
vertex -3.098023e-01 2.927867e-01 1.316207e-02
vertex -3.050928e-01 2.894878e-01 3.079497e-02
endloop
endfacet
facet normal 0 0 0
outer loop
vertex -3.440540e-01 3.074751e-01 2.750737e-02
vertex -3.050928e-01 2.894878e-01 3.079497e-02
vertex -3.176621e-01 3.092531e-01 3.655047e-02
endloop
endfacet
facet normal 0 0 0
outer loop
vertex -1.803909e-01 2.705944e-01 -1.445968e-02
vertex -1.675986e-01 2.689768e-01 6.459823e-03
vertex -1.847626e-01 2.688077e-01 4.945344e-03
endloop
endfacet
facet normal 0 0 0
outer loop
vertex 2.582489e-01 8.072824e-01 1.690464e-02
vertex 2.854241e-01 7.648813e-01 4.332807e-03
vertex 2.918106e-01 8.038190e-01 7.242637e-03
endloop
endfacet
facet normal 0 0 0
outer loop
vertex 2.582489e-01 8.072824e-01 1.690464e-02
vertex 2.538219e-01 7.674643e-01 1.292816e-02
vertex 2.854241e-01 7.648813e-01 4.332807e-03
endloop
endfacet
facet normal 0 0 0
outer loop
vertex 8.754249e-02 8.533444e-01 3.168394e-02
vertex 3.399972e-02 8.971441e-01 2.555527e-02
vertex 1.372742e-02 8.586270e-01 2.690362e-02
endloop
endfacet
facet normal 0 0 0
outer loop
vertex -1.932776e-01 1.299496e-01 5.625673e-02
vertex -1.439477e-01 1.375047e-01 5.734864e-02
vertex -1.631064e-01 1.169893e-01 6.225819e-02
endloop
endfacet
facet normal 0 0 0
outer loop
vertex 5.165705e-01 4.932027e-01 2.413543e-02
vertex 4.831847e-01 5.385991e-01 2.723184e-02
vertex 4.381280e-01 5.086750e-01 2.989200e-02
endloop
endfacet
facet normal 0 0 0
outer loop
vertex -1.319868e-01 5.432733e-01 -1.105097e-01
vertex -1.170934e-01 5.439472e-01 -1.249422e-01
vertex -1.484224e-01 5.328376e-01 -1.179981e-01
endloop
endfacet
facet normal 0 0 0
outer loop
vertex 1.333319e-01 9.396544e-01 1.376309e-02
vertex 1.102154e-01 9.326653e-01 1.747199e-02
vertex 1.342423e-01 9.198083e-01 1.603015e-02
endloop
endfacet
facet normal 0 0 0
outer loop
vertex -2.189478e-04 4.671228e-01 6.627949e-02
vertex -1.024192e-02 5.104722e-01 6.800859e-02
vertex -6.514649e-02 4.877213e-01 7.355119e-02
endloop
endfacet
facet normal 0 0 0
outer loop
vertex -1.353970e-01 1.106750e-01 -7.887655e-02
vertex -1.424144e-01 8.275734e-02 -8.830690e-02
vertex -1.792056e-01 7.336114e-02 -8.722632e-02
endloop
endfacet
facet normal 0 0 0
outer loop
vertex -1.792056e-01 7.336114e-02 -8.722632e-02
vertex -2.129766e-01 1.099161e-01 -8.283006e-02
vertex -1.745669e-01 1.230731e-01 -7.915595e-02
endloop
endfacet
facet normal 0 0 0
outer loop
vertex -1.745669e-01 1.230731e-01 -7.915595e-02
vertex -1.353970e-01 1.106750e-01 -7.887655e-02
vertex -1.792056e-01 7.336114e-02 -8.722632e-02
endloop
endfacet
facet normal 0 0 0
outer loop
vertex 2.857829e-01 7.727267e-01 -9.647437e-03
vertex 2.631488e-01 7.399641e-01 -5.961730e-03
vertex 2.174219e-01 7.959414e-01 -2.527711e-02
endloop
endfacet
facet normal 0 0 0
outer loop
vertex 2.174219e-01 7.959414e-01 -2.527711e-02
vertex 2.631488e-01 7.399641e-01 -5.961730e-03
vertex 1.950640e-01 7.492798e-01 -2.067081e-02
endloop
endfacet
facet normal 0 0 0
outer loop
vertex -2.309556e-01 2.579874e-01 -3.986113e-02
vertex -1.993917e-01 2.377876e-01 -4.666586e-02
vertex -2.264593e-01 2.350452e-01 -4.904236e-02
endloop
endfacet
facet normal 0 0 0
outer loop
vertex -1.868009e-01 6.645917e-01 6.545109e-02
vertex -1.266715e-01 6.453953e-01 6.843127e-02
vertex -1.286024e-01 7.038301e-01 5.355195e-02
endloop
endfacet
facet normal 0 0 0
outer loop
vertex -1.993917e-01 2.377876e-01 -4.666586e-02
vertex -2.151568e-01 2.619210e-01 -3.712676e-02
vertex -1.979227e-01 2.621805e-01 -3.691901e-02
endloop
endfacet
facet normal 0 0 0
outer loop
vertex -2.924738e-01 1.724508e-01 4.629552e-02
vertex -3.063092e-01 1.944063e-01 5.843904e-02
vertex -3.071886e-01 2.201230e-01 3.664931e-02
endloop
endfacet
facet normal 0 0 0
outer loop
vertex -4.203805e-01 3.998917e-01 6.398436e-02
vertex -4.441648e-01 3.675830e-01 3.898965e-02
vertex -4.050429e-01 3.430576e-01 3.373902e-02
endloop
endfacet
facet normal 0 0 0
outer loop
vertex -3.768156e-01 3.621083e-01 4.992902e-02
vertex -4.203805e-01 3.998917e-01 6.398436e-02
vertex -4.050429e-01 3.430576e-01 3.373902e-02
endloop
endfacet
facet normal 0 0 0
outer loop
vertex -4.878525e-01 4.342595e-01 5.819827e-02
vertex -5.384979e-01 4.720864e-01 4.628238e-02
vertex -5.370716e-01 4.219988e-01 3.722074e-02
endloop
endfacet
facet normal 0 0 0
outer loop
vertex -4.940498e-02 8.818738e-01 -2.080102e-02
vertex -1.998404e-02 8.469661e-01 -2.862385e-02
vertex -8.571840e-02 8.259924e-01 -2.533047e-02
endloop
endfacet
facet normal 0 0 0
outer loop
vertex -5.048100e-02 8.165570e-01 -2.887800e-02
vertex -8.571840e-02 8.259924e-01 -2.533047e-02
vertex -1.998404e-02 8.469661e-01 -2.862385e-02
endloop
endfacet
facet normal 0 0 0
outer loop
vertex 6.857222e-02 3.602540e-01 -3.161376e-02
vertex 7.429066e-02 3.816330e-01 -3.935220e-02
vertex 8.879742e-02 3.687423e-01 -2.858947e-02
endloop
endfacet
facet normal 0 0 0
outer loop
vertex -9.796978e-02 4.005389e-01 -1.163129e-01
vertex -6.219256e-02 4.344947e-01 -1.214135e-01
vertex -1.205994e-01 4.273347e-01 -1.099720e-01
endloop
endfacet
facet normal 0 0 0
outer loop
vertex 5.122679e-02 2.617258e-01 -2.131441e-02
vertex 1.085612e-01 2.906583e-01 -2.004105e-02
vertex 1.234626e-01 2.353340e-01 -2.287212e-02
endloop
endfacet
facet normal 0 0 0
outer loop
vertex 5.122679e-02 2.617258e-01 -2.131441e-02
vertex 1.234626e-01 2.353340e-01 -2.287212e-02
vertex 8.498475e-02 2.080676e-01 -2.399916e-02
endloop
endfacet
facet normal 0 0 0
outer loop
vertex 3.429399e-01 2.768281e-01 2.341458e-02
vertex 4.105220e-01 3.125964e-01 2.864060e-02
vertex 3.565585e-01 3.199003e-01 2.771829e-02
endloop
endfacet
facet normal 0 0 0
outer loop
vertex 3.429399e-01 2.768281e-01 2.341458e-02
vertex 3.565585e-01 3.199003e-01 2.771829e-02
vertex 3.144870e-01 3.109040e-01 2.053400e-02
endloop
endfacet
facet normal 0 0 0
outer loop
vertex -2.011830e-01 7.538982e-01 8.050830e-03
vertex -2.150369e-01 7.495576e-01 -2.042424e-03
vertex -2.332667e-01 7.396255e-01 2.232757e-02
endloop
endfacet
facet normal 0 0 0
outer loop
vertex -1.064812e-01 4.307159e-01 -1.288968e-01
vertex -1.329025e-01 4.530014e-01 -1.225479e-01
vertex -9.246534e-02 4.744780e-01 -1.299180e-01
endloop
endfacet
facet normal 0 0 0
outer loop
vertex -4.990184e-01 5.833833e-01 -4.461536e-02
vertex -5.269644e-01 5.692773e-01 -3.694979e-02
vertex -5.245389e-01 5.984500e-01 -1.615284e-02
endloop
endfacet
facet normal 0 0 0
outer loop
vertex -5.269644e-01 5.692773e-01 -3.694979e-02
vertex -5.405585e-01 5.801849e-01 -1.733259e-02
vertex -5.245389e-01 5.984500e-01 -1.615284e-02
endloop
endfacet
facet normal 0 0 0
outer loop
vertex -2.388761e-01 2.788303e-01 -1.351704e-02
vertex -2.139563e-01 2.713960e-01 -2.050109e-02
vertex -2.140725e-01 2.808958e-01 -1.372488e-02
endloop
endfacet
facet normal 0 0 0
outer loop
vertex 4.850747e-01 2.720683e-01 -2.423557e-02
vertex 4.348510e-01 2.216540e-01 -2.130100e-02
vertex 4.158112e-01 2.689952e-01 -2.959315e-02
endloop
endfacet
facet normal 0 0 0
outer loop
vertex 1.234679e-01 9.434050e-03 -8.294095e-03
vertex 1.396834e-01 2.764754e-03 -5.726284e-04
vertex 1.240693e-01 1.024088e-02 5.493543e-03
endloop
endfacet
facet normal 0 0 0
outer loop
vertex 1.057947e-01 6.363858e-01 9.349637e-03
vertex 1.456249e-01 6.738287e-01 1.172978e-02
vertex 1.021809e-01 6.931099e-01 1.767652e-02
endloop
endfacet
facet normal 0 0 0
outer loop
vertex 1.376607e-01 2.418807e-02 -1.377732e-02
vertex 1.559429e-01 3.521955e-03 -9.023529e-03
vertex 1.396834e-01 2.764754e-03 -5.726284e-04
endloop
endfacet
facet normal 0 0 0
outer loop
vertex 5.553727e-01 3.391273e-01 6.103516e-03
vertex 5.363688e-01 3.003446e-01 4.847136e-03
vertex 5.577847e-01 3.364130e-01 -8.185447e-03
endloop
endfacet
facet normal 0 0 0
outer loop
vertex -1.910053e-01 2.773504e-01 2.435421e-02
vertex -2.137552e-01 2.711470e-01 2.991834e-02
vertex -2.139899e-01 2.756086e-01 1.336339e-02
endloop
endfacet
facet normal 0 0 0
outer loop
vertex -2.137552e-01 2.711470e-01 2.991834e-02
vertex -2.008989e-01 2.660913e-01 2.284595e-02
vertex -2.139899e-01 2.756086e-01 1.336339e-02
endloop
endfacet
facet normal 0 0 0
outer loop
vertex -1.899234e-01 2.782260e-01 1.501194e-02
vertex -1.910053e-01 2.773504e-01 2.435421e-02
vertex -2.139899e-01 2.756086e-01 1.336339e-02
endloop
endfacet
facet normal 0 0 0
outer loop
vertex -1.115891e-01 5.468000e-01 -1.120509e-01
vertex -9.066471e-02 5.441941e-01 -1.149246e-01
vertex -9.545048e-02 5.529066e-01 -1.219410e-01
endloop
endfacet
facet normal 0 0 0
outer loop
vertex -1.999543e-01 5.567039e-01 -8.071160e-02
vertex -1.657177e-01 5.456896e-01 -7.980783e-02
vertex -1.801309e-01 5.011457e-01 -7.930218e-02
endloop
endfacet
facet normal 0 0 0
outer loop
vertex -1.380395e-01 5.891831e-01 -7.637397e-02
vertex -1.657177e-01 5.456896e-01 -7.980783e-02
vertex -1.999543e-01 5.567039e-01 -8.071160e-02
endloop
endfacet
facet normal 0 0 0
outer loop
vertex -5.344790e-01 5.823900e-01 -1.191100e-02
vertex -5.461204e-01 5.762962e-01 -4.919404e-04
vertex -5.367294e-01 5.857026e-01 -5.779407e-03
endloop
endfacet
facet normal 0 0 0
outer loop
vertex -5.461204e-01 5.762962e-01 -4.919404e-04
vertex -5.289881e-01 5.932208e-01 5.700884e-03
vertex -5.367294e-01 5.857026e-01 -5.779407e-03
endloop
endfacet
facet normal 0 0 0
outer loop
vertex 4.516120e-01 6.409030e-01 2.273600e-02
vertex 3.955331e-01 6.279212e-01 2.874341e-02
vertex 4.644517e-01 5.793090e-01 2.779090e-02
endloop
endfacet
facet normal 0 0 0
outer loop
vertex -2.710432e-01 2.449058e-01 -4.633949e-02
vertex -2.611098e-01 2.617938e-01 -4.028268e-02
vertex -2.577292e-01 2.454749e-01 -4.575017e-02
endloop
endfacet
facet normal 0 0 0
outer loop
vertex -2.577292e-01 2.454749e-01 -4.575017e-02
vertex -2.611098e-01 2.617938e-01 -4.028268e-02
vertex -2.460327e-01 2.598906e-01 -4.007190e-02
endloop
endfacet
facet normal 0 0 0
outer loop
vertex -7.611629e-02 2.131749e-01 -9.436212e-03
vertex -6.170115e-02 2.019695e-01 -1.014216e-02
vertex -6.342215e-02 1.653517e-01 -9.497584e-03
endloop
endfacet
facet normal 0 0 0
outer loop
vertex 3.193155e-01 4.255529e-01 -2.934205e-02
vertex 3.851005e-01 3.990339e-01 -3.287246e-02
vertex 3.348065e-01 3.793948e-01 -3.175109e-02
endloop
endfacet
facet normal 0 0 0
outer loop
vertex 3.712013e-01 6.857653e-01 2.039283e-02
vertex 3.780110e-01 7.366316e-01 7.142419e-03
vertex 3.249539e-01 7.033496e-01 7.315431e-03
endloop
endfacet
facet normal 0 0 0
outer loop
vertex 3.182319e-01 7.318625e-02 -1.370369e-02
vertex 3.022335e-01 4.121700e-02 -1.066869e-02
vertex 2.777400e-01 5.756522e-02 -1.583997e-02
endloop
endfacet
facet normal 0 0 0
outer loop
vertex -1.803909e-01 2.705944e-01 -1.445968e-02
vertex -1.471412e-01 2.700049e-01 2.759137e-03
vertex -1.675986e-01 2.689768e-01 6.459823e-03
endloop
endfacet
facet normal 0 0 0
outer loop
vertex -1.489898e-01 2.714782e-01 -1.436365e-02
vertex -1.471412e-01 2.700049e-01 2.759137e-03
vertex -1.803909e-01 2.705944e-01 -1.445968e-02
endloop
endfacet
facet normal 0 0 0
outer loop
vertex 4.850747e-01 2.720683e-01 -2.423557e-02
vertex 4.536693e-01 3.263470e-01 -3.075257e-02
vertex 5.167582e-01 3.398158e-01 -2.286295e-02
endloop
endfacet
facet normal 0 0 0
outer loop
vertex 5.325739e-01 2.927808e-01 -1.114774e-02
vertex 4.850747e-01 2.720683e-01 -2.423557e-02
vertex 5.167582e-01 3.398158e-01 -2.286295e-02
endloop
endfacet
facet normal 0 0 0
outer loop
vertex -5.384979e-01 4.720864e-01 4.628238e-02
vertex -5.558815e-01 5.132914e-01 3.812040e-02
vertex -5.901852e-01 4.742242e-01 2.200375e-02
endloop
endfacet
facet normal 0 0 0
outer loop
vertex 1.056701e-01 8.885062e-01 2.785522e-02
vertex 1.416784e-01 8.842459e-01 2.785409e-02
vertex 1.156610e-01 9.088265e-01 1.899382e-02
endloop
endfacet
facet normal 0 0 0
outer loop
vertex -4.050429e-01 3.430576e-01 3.373902e-02
vertex -4.441648e-01 3.675830e-01 3.898965e-02
vertex -4.474527e-01 3.385804e-01 7.384596e-03
endloop
endfacet
facet normal 0 0 0
outer loop
vertex -2.557761e-01 2.310850e-01 -3.072402e-02
vertex -2.418588e-01 2.182023e-01 -3.491447e-02
vertex -2.351835e-01 2.401290e-01 -2.786649e-02
endloop
endfacet
facet normal 0 0 0
outer loop
vertex 1.721220e-01 9.352995e-01 7.479747e-03
vertex 1.526718e-01 9.307519e-01 1.310231e-02
vertex 1.792795e-01 9.087365e-01 1.775164e-02
endloop
endfacet
facet normal 0 0 0
outer loop
vertex -1.780970e-01 5.716648e-01 7.944521e-02
vertex -1.728006e-01 5.071138e-01 8.126821e-02
vertex -1.049734e-01 5.292401e-01 7.717795e-02
endloop
endfacet
facet normal 0 0 0
outer loop
vertex 1.471751e-01 9.074989e-01 2.047820e-02
vertex 1.792795e-01 9.087365e-01 1.775164e-02
vertex 1.526718e-01 9.307519e-01 1.310231e-02
endloop
endfacet
facet normal 0 0 0
outer loop
vertex -2.149453e-01 4.115699e-01 -1.040918e-01
vertex -1.862613e-01 4.269331e-01 -1.108800e-01
vertex -1.803000e-01 3.846600e-01 -1.104170e-01
endloop
endfacet
facet normal 0 0 0
outer loop
vertex 1.234679e-01 9.434050e-03 -8.294095e-03
vertex 1.240693e-01 1.024088e-02 5.493543e-03
vertex 1.069308e-01 1.705984e-02 6.075919e-03
endloop
endfacet
facet normal 0 0 0
outer loop
vertex 1.022571e-01 3.878764e-01 -3.327595e-02
vertex 1.296068e-01 3.760385e-01 -1.249159e-02
vertex 1.067300e-01 3.699330e-01 -1.376800e-02
endloop
endfacet
facet normal 0 0 0
outer loop
vertex 5.084106e-01 7.319514e-01 -1.079384e-02
vertex 5.341666e-01 6.907979e-01 -9.089222e-03
vertex 4.976118e-01 6.832907e-01 -1.856370e-02
endloop
endfacet
facet normal 0 0 0
outer loop
vertex 2.417587e-03 1.750221e-01 -1.944577e-02
vertex 4.983812e-02 1.604040e-01 -2.273214e-02
vertex 1.009377e-02 1.277694e-01 -1.763167e-02
endloop
endfacet
facet normal 0 0 0
outer loop
vertex -2.874787e-01 2.781948e-01 -3.686417e-02
vertex -3.041988e-01 3.007780e-01 -3.456599e-02
vertex -2.874953e-01 2.942087e-01 -3.265155e-02
endloop
endfacet
facet normal 0 0 0
outer loop
vertex -2.807523e-01 3.166544e-01 -4.925758e-02
vertex -2.874953e-01 2.942087e-01 -3.265155e-02
vertex -3.041988e-01 3.007780e-01 -3.456599e-02
endloop
endfacet
facet normal 0 0 0
outer loop
vertex 1.342423e-01 9.198083e-01 1.603015e-02
vertex 1.156610e-01 9.088265e-01 1.899382e-02
vertex 1.471751e-01 9.074989e-01 2.047820e-02
endloop
endfacet
facet normal 0 0 0
outer loop
vertex -2.837730e-01 7.339690e-01 -1.202800e-02
vertex -2.472164e-01 7.419429e-01 -4.372527e-03
vertex -2.605368e-01 7.358322e-01 -1.855190e-02
endloop
endfacet
facet normal 0 0 0
outer loop
vertex -2.030871e-01 7.360017e-01 -3.217535e-02
vertex -2.373007e-01 7.376955e-01 -2.507580e-02
vertex -2.118213e-01 7.425503e-01 -1.385354e-02
endloop
endfacet
facet normal 0 0 0
outer loop
vertex -2.030871e-01 7.360017e-01 -3.217535e-02
vertex -2.049172e-01 7.024773e-01 -5.248233e-02
vertex -2.373007e-01 7.376955e-01 -2.507580e-02
endloop
endfacet
facet normal 0 0 0
outer loop
vertex -2.802522e-01 1.460243e-01 6.970689e-02
vertex -2.362430e-01 1.383701e-01 7.155242e-02
vertex -2.370976e-01 1.774059e-01 6.216591e-02
endloop
endfacet
facet normal 0 0 0
outer loop
vertex 1.595006e-01 6.316397e-03 6.404754e-03
vertex 1.559429e-01 3.521955e-03 -9.023529e-03
vertex 1.644568e-01 1.114376e-02 -9.041222e-03
endloop
endfacet
facet normal 0 0 0
outer loop
vertex 5.279005e-01 2.320705e-01 3.582734e-03
vertex 4.750822e-01 2.252373e-01 1.513862e-02
vertex 5.034903e-01 2.009037e-01 6.037076e-03
endloop
endfacet
facet normal 0 0 0
outer loop
vertex 5.842304e-02 6.636992e-01 -3.083045e-02
vertex 8.318200e-02 6.438620e-01 -1.152300e-02
vertex 9.337026e-02 6.355252e-01 -3.097030e-02
endloop
endfacet
facet normal 0 0 0
outer loop
vertex 4.758975e-01 3.950671e-01 -3.096856e-02
vertex 5.544882e-01 4.018640e-01 -1.978110e-02
vertex 5.167582e-01 3.398158e-01 -2.286295e-02
endloop
endfacet
facet normal 0 0 0
outer loop
vertex 4.577806e-01 6.010017e-01 -3.117781e-02
vertex 5.286815e-01 5.831875e-01 -2.350391e-02
vertex 4.662957e-01 5.451020e-01 -3.212786e-02
endloop
endfacet
facet normal 0 0 0
outer loop
vertex -5.982602e-01 4.800572e-01 -6.304344e-03
vertex -5.891890e-01 5.146570e-01 1.502300e-02
vertex -5.869582e-01 5.187047e-01 -1.661265e-02
endloop
endfacet
facet normal 0 0 0
outer loop
vertex 5.766028e-03 2.784142e-01 -1.949224e-02
vertex -1.242154e-02 2.311735e-01 -1.892063e-02
vertex -3.142600e-02 2.913270e-01 -1.710600e-02
endloop
endfacet
facet normal 0 0 0
outer loop
vertex -3.063092e-01 1.944063e-01 5.843904e-02
vertex -3.045770e-01 2.231950e-01 5.128977e-02
vertex -3.071886e-01 2.201230e-01 3.664931e-02
endloop
endfacet
facet normal 0 0 0
outer loop
vertex 2.538219e-01 7.674643e-01 1.292816e-02
vertex 2.530718e-01 7.367125e-01 7.175262e-03
vertex 2.854241e-01 7.648813e-01 4.332807e-03
endloop
endfacet
facet normal 0 0 0
outer loop
vertex 1.823860e-01 5.396463e-01 -3.027220e-02
vertex 2.552789e-01 5.572192e-01 -2.427316e-02
vertex 2.169679e-01 5.087029e-01 -3.014611e-02
endloop
endfacet
facet normal 0 0 0
outer loop
vertex -1.993917e-01 2.377876e-01 -4.666586e-02
vertex -2.309556e-01 2.579874e-01 -3.986113e-02
vertex -2.151568e-01 2.619210e-01 -3.712676e-02
endloop
endfacet
facet normal 0 0 0
outer loop
vertex 1.657876e-01 8.772750e-01 2.542921e-02
vertex 1.737200e-01 8.430022e-01 2.910198e-02
vertex 1.924511e-01 8.753179e-01 1.888627e-02
endloop
endfacet
facet normal 0 0 0
outer loop
vertex -5.555230e-01 5.605580e-01 -1.035800e-02
vertex -5.717682e-01 5.403122e-01 -1.756250e-02
vertex -5.660634e-01 5.512146e-01 1.422818e-02
endloop
endfacet
facet normal 0 0 0
outer loop
vertex 1.234626e-01 2.353340e-01 -2.287212e-02
vertex 1.739716e-01 1.798823e-01 -2.447016e-02
vertex 1.228977e-01 1.888643e-01 -2.554098e-02
endloop
endfacet
facet normal 0 0 0
outer loop
vertex -1.607323e-01 4.668081e-01 9.972904e-02
vertex -1.989074e-01 5.126509e-01 9.474971e-02
vertex -1.374675e-01 5.387998e-01 1.071361e-01
endloop
endfacet
facet normal 0 0 0
outer loop
vertex 5.715806e-02 2.274249e-01 2.054076e-02
vertex 1.248655e-01 2.485854e-01 1.950062e-02
vertex 9.160580e-02 2.681450e-01 1.813519e-02
endloop
endfacet
facet normal 0 0 0
outer loop
vertex 3.009219e-01 3.344315e-01 -2.521374e-02
vertex 3.288760e-01 2.967060e-01 -2.364200e-02
vertex 2.773339e-01 2.977844e-01 -9.789282e-03
endloop
endfacet
facet normal 0 0 0
outer loop
vertex 8.701397e-02 1.081408e-01 2.085826e-02
vertex 1.293590e-01 7.575600e-02 2.022800e-02
vertex 1.245833e-01 1.178553e-01 2.324906e-02
endloop
endfacet
facet normal 0 0 0
outer loop
vertex -2.139899e-01 2.756086e-01 1.336339e-02
vertex -1.965495e-01 2.576493e-01 1.991520e-02
vertex -2.157138e-01 2.562079e-01 2.047161e-02
endloop
endfacet
facet normal 0 0 0
outer loop
vertex 5.766028e-03 2.784142e-01 -1.949224e-02
vertex 5.122679e-02 2.617258e-01 -2.131441e-02
vertex -1.242154e-02 2.311735e-01 -1.892063e-02
endloop
endfacet
facet normal 0 0 0
outer loop
vertex -2.242820e-01 2.728211e-01 -3.515266e-03
vertex -2.139563e-01 2.713960e-01 -2.050109e-02
vertex -1.989597e-01 2.694784e-01 -1.025657e-02
endloop
endfacet
facet normal 0 0 0
outer loop
vertex 5.020241e-01 7.459392e-01 1.735424e-04
vertex 4.697088e-01 7.583696e-01 6.288387e-03
vertex 4.930068e-01 7.206702e-01 1.080289e-02
endloop
endfacet
facet normal 0 0 0
outer loop
vertex -9.906404e-02 2.990644e-01 -3.699446e-02
vertex -1.223140e-01 2.760555e-01 -1.547466e-02
vertex -1.548449e-01 2.918461e-01 -3.582612e-02
endloop
endfacet
facet normal 0 0 0
outer loop
vertex 2.227122e-01 5.140370e-02 -1.956832e-02
vertex 2.096154e-01 1.084025e-02 -9.396573e-03
vertex 1.874110e-01 4.180699e-02 -1.524497e-02
endloop
endfacet
facet normal 0 0 0
outer loop
vertex -2.183748e-01 2.264848e-01 -3.228623e-02
vertex -2.321207e-01 2.025207e-01 -3.948945e-02
vertex -1.868100e-01 2.146737e-01 -3.764227e-02
endloop
endfacet
facet normal 0 0 0
outer loop
vertex 1.067300e-01 3.699330e-01 -1.376800e-02
vertex 1.296068e-01 3.760385e-01 -1.249159e-02
vertex 1.178219e-01 3.502386e-01 -1.527860e-02
endloop
endfacet
facet normal 0 0 0
outer loop
vertex -1.803909e-01 2.705944e-01 -1.445968e-02
vertex -1.989597e-01 2.694784e-01 -1.025657e-02
vertex -1.877568e-01 2.829567e-01 -3.026894e-02
endloop
endfacet
facet normal 0 0 0
outer loop
vertex 1.254326e-01 7.199197e-01 -2.137039e-02
vertex 1.395712e-01 6.891162e-01 -1.714230e-02
vertex 1.054088e-01 6.742284e-01 -1.550068e-02
endloop
endfacet
facet normal 0 0 0
outer loop
vertex -2.460327e-01 2.598906e-01 -4.007190e-02
vertex -2.546211e-01 2.815672e-01 -3.197230e-02
vertex -2.357764e-01 2.759003e-01 -3.240611e-02
endloop
endfacet
facet normal 0 0 0
outer loop
vertex -2.357764e-01 2.759003e-01 -3.240611e-02
vertex -2.546211e-01 2.815672e-01 -3.197230e-02
vertex -2.357372e-01 3.001489e-01 -4.265328e-02
endloop
endfacet
facet normal 0 0 0
outer loop
vertex 1.054088e-01 6.742284e-01 -1.550068e-02
vertex 1.395712e-01 6.891162e-01 -1.714230e-02
vertex 1.393699e-01 6.425745e-01 -8.088366e-03
endloop
endfacet
facet normal 0 0 0
outer loop
vertex -1.969053e-01 4.367859e-01 9.132349e-02
vertex -2.249181e-01 4.788087e-01 8.298578e-02
vertex -1.607323e-01 4.668081e-01 9.972904e-02
endloop
endfacet
facet normal 0 0 0
outer loop
vertex -6.965674e-02 5.842268e-01 -7.213143e-02
vertex -2.750308e-02 6.383889e-01 -6.099412e-02
vertex 6.940229e-04 6.041542e-01 -6.158771e-02
endloop
endfacet
facet normal 0 0 0
outer loop
vertex 2.310477e-01 1.290032e-01 -2.424135e-02
vertex 1.739716e-01 1.798823e-01 -2.447016e-02
vertex 2.360774e-01 1.776255e-01 -1.614397e-02
endloop
endfacet
facet normal 0 0 0
outer loop
vertex 1.737200e-01 8.430022e-01 2.910198e-02
vertex 1.290052e-01 8.284130e-01 3.183668e-02
vertex 1.828371e-01 7.925039e-01 2.833878e-02
endloop
endfacet
facet normal 0 0 0
outer loop
vertex 1.290052e-01 8.284130e-01 3.183668e-02
vertex 1.082034e-01 7.796820e-01 2.954289e-02
vertex 1.828371e-01 7.925039e-01 2.833878e-02
endloop
endfacet
facet normal 0 0 0
outer loop
vertex 1.026139e-02 1.167656e-01 1.427556e-02
vertex 3.557581e-03 8.197685e-02 4.584151e-03
vertex 5.277810e-02 7.430185e-02 1.168571e-02
endloop
endfacet
facet normal 0 0 0
outer loop
vertex -2.704400e-01 2.525725e-01 2.114247e-02
vertex -2.743831e-01 2.831569e-01 1.017527e-02
vertex -2.434230e-01 2.707761e-01 1.612918e-02
endloop
endfacet
facet normal 0 0 0
outer loop
vertex -2.388761e-01 2.788303e-01 -1.351704e-02
vertex -2.434230e-01 2.707761e-01 1.612918e-02
vertex -2.743831e-01 2.831569e-01 1.017527e-02
endloop
endfacet
facet normal 0 0 0
outer loop
vertex 3.529809e-02 3.748005e-01 4.713224e-02
vertex 4.199350e-02 3.487251e-01 3.385485e-02
vertex 7.867853e-02 3.803185e-01 3.643326e-02
endloop
endfacet
facet normal 0 0 0
outer loop
vertex 5.544882e-01 4.018640e-01 -1.978110e-02
vertex 5.577847e-01 3.364130e-01 -8.185447e-03
vertex 5.167582e-01 3.398158e-01 -2.286295e-02
endloop
endfacet
facet normal 0 0 0
outer loop
vertex -3.060571e-01 2.731113e-01 3.447688e-02
vertex -3.098023e-01 2.927867e-01 1.316207e-02
vertex -3.125046e-01 2.573599e-01 2.953857e-02
endloop
endfacet
facet normal 0 0 0
outer loop
vertex -2.819850e-01 2.460784e-01 -2.861004e-02
vertex -2.540180e-01 2.526747e-01 -2.388111e-02
vertex -2.631362e-01 2.672110e-01 -2.156700e-02
endloop
endfacet
facet normal 0 0 0
outer loop
vertex -3.257288e-01 3.021341e-01 -2.944461e-02
vertex -3.316595e-01 2.943782e-01 5.545403e-03
vertex -3.444242e-01 3.047248e-01 -2.106345e-02
endloop
endfacet
facet normal 0 0 0
outer loop
vertex -2.903485e-01 1.757606e-01 6.337445e-02
vertex -2.802522e-01 1.460243e-01 6.970689e-02
vertex -2.558980e-01 2.096919e-01 5.375763e-02
endloop
endfacet
facet normal 0 0 0
outer loop
vertex -2.067727e-01 1.530069e-01 -7.173798e-02
vertex -2.328579e-01 1.422332e-01 -7.434101e-02
vertex -2.564090e-01 1.780670e-01 -6.636600e-02
endloop
endfacet
facet normal 0 0 0
outer loop
vertex -2.067727e-01 1.530069e-01 -7.173798e-02
vertex -1.787525e-01 1.741565e-01 -6.632468e-02
vertex -1.446790e-01 1.530470e-01 -7.251406e-02
endloop
endfacet
facet normal 0 0 0
outer loop
vertex 1.828371e-01 7.925039e-01 2.833878e-02
vertex 2.582489e-01 8.072824e-01 1.690464e-02
vertex 2.378023e-01 8.587601e-01 1.775321e-02
endloop
endfacet
facet normal 0 0 0
outer loop
vertex 1.737200e-01 8.430022e-01 2.910198e-02
vertex 1.828371e-01 7.925039e-01 2.833878e-02
vertex 2.378023e-01 8.587601e-01 1.775321e-02
endloop
endfacet
facet normal 0 0 0
outer loop
vertex 1.919792e-01 6.473086e-01 6.581930e-03
vertex 1.701996e-01 6.434903e-01 -6.522255e-03
vertex 1.970052e-01 6.491418e-01 -8.729867e-03
endloop
endfacet
facet normal 0 0 0
outer loop
vertex 3.206646e-01 6.607512e-01 2.011224e-02
vertex 3.712013e-01 6.857653e-01 2.039283e-02
vertex 3.249539e-01 7.033496e-01 7.315431e-03
endloop
endfacet
facet normal 0 0 0
outer loop
vertex 1.535875e-01 9.488055e-01 9.445604e-03
vertex 1.526718e-01 9.307519e-01 1.310231e-02
vertex 1.721220e-01 9.352995e-01 7.479747e-03
endloop
endfacet
facet normal 0 0 0
outer loop
vertex -2.472164e-01 7.419429e-01 -4.372527e-03
vertex -2.150369e-01 7.495576e-01 -2.042424e-03
vertex -2.373007e-01 7.376955e-01 -2.507580e-02
endloop
endfacet
facet normal 0 0 0
outer loop
vertex 2.419274e-02 5.669987e-01 -6.140945e-02
vertex 1.940438e-02 5.114369e-01 -6.469641e-02
vertex -2.003956e-02 5.417604e-01 -6.906345e-02
endloop
endfacet
facet normal 0 0 0
outer loop
vertex -2.373007e-01 7.376955e-01 -2.507580e-02
vertex -2.150369e-01 7.495576e-01 -2.042424e-03
vertex -2.118213e-01 7.425503e-01 -1.385354e-02
endloop
endfacet
facet normal 0 0 0
outer loop
vertex 5.578645e-02 8.675748e-01 -2.660484e-02
vertex 7.063774e-02 8.087170e-01 -3.219386e-02
vertex 2.344576e-02 8.323084e-01 -3.221761e-02
endloop
endfacet
facet normal 0 0 0
outer loop
vertex 1.534421e-02 8.868170e-01 -2.605033e-02
vertex 3.817859e-02 9.258278e-01 -1.782666e-02
vertex 5.578645e-02 8.675748e-01 -2.660484e-02
endloop
endfacet
facet normal 0 0 0
outer loop
vertex 8.701397e-02 1.081408e-01 2.085826e-02
vertex 1.210451e-01 1.649228e-01 2.356450e-02
vertex 5.446641e-02 1.298155e-01 1.994581e-02
endloop
endfacet
facet normal 0 0 0
outer loop
vertex 8.701397e-02 1.081408e-01 2.085826e-02
vertex 5.446641e-02 1.298155e-01 1.994581e-02
vertex 5.277810e-02 7.430185e-02 1.168571e-02
endloop
endfacet
facet normal 0 0 0
outer loop
vertex -1.777563e-01 7.294545e-01 -3.953623e-02
vertex -1.725134e-01 7.486095e-01 -1.544412e-02
vertex -1.406752e-01 7.527309e-01 -2.421451e-02
endloop
endfacet
facet normal 0 0 0
outer loop
vertex -2.242820e-01 2.728211e-01 -3.515266e-03
vertex -1.989597e-01 2.694784e-01 -1.025657e-02
vertex -2.139899e-01 2.756086e-01 1.336339e-02
endloop
endfacet
facet normal 0 0 0
outer loop
vertex 5.286815e-01 5.831875e-01 -2.350391e-02
vertex 5.551713e-01 5.259530e-01 -2.067934e-02
vertex 5.189249e-01 5.351464e-01 -2.697251e-02
endloop
endfacet
facet normal 0 0 0
outer loop
vertex -4.615810e-01 3.557946e-01 -2.367838e-02
vertex -5.029719e-01 3.732843e-01 -1.637262e-02
vertex -4.905753e-01 3.946416e-01 -4.452028e-02
endloop
endfacet
facet normal 0 0 0
outer loop
vertex -4.615810e-01 3.557946e-01 -2.367838e-02
vertex -4.905753e-01 3.946416e-01 -4.452028e-02
vertex -4.402952e-01 3.940221e-01 -5.851120e-02
endloop
endfacet
facet normal 0 0 0
outer loop
vertex 9.160580e-02 2.681450e-01 1.813519e-02
vertex 1.248655e-01 2.485854e-01 1.950062e-02
vertex 9.764133e-02 3.027872e-01 1.743610e-02
endloop
endfacet
facet normal 0 0 0
outer loop
vertex 1.248655e-01 2.485854e-01 1.950062e-02
vertex 1.369889e-01 2.959022e-01 1.402816e-02
vertex 9.764133e-02 3.027872e-01 1.743610e-02
endloop
endfacet
facet normal 0 0 0
outer loop
vertex 3.548067e-01 2.096011e-01 -9.653631e-04
vertex 3.952046e-01 1.909769e-01 -9.197242e-03
vertex 3.893540e-01 1.962132e-01 6.738517e-03
endloop
endfacet
facet normal 0 0 0
outer loop
vertex -4.918365e-01 4.928657e-01 -5.884026e-02
vertex -5.453738e-01 5.269241e-01 -4.034924e-02
vertex -4.962634e-01 5.416487e-01 -5.491789e-02
endloop
endfacet
facet normal 0 0 0
outer loop
vertex -5.529073e-01 4.732330e-01 -4.133227e-02
vertex -5.453738e-01 5.269241e-01 -4.034924e-02
vertex -4.918365e-01 4.928657e-01 -5.884026e-02
endloop
endfacet
facet normal 0 0 0
outer loop
vertex -4.634931e-01 6.503155e-01 -4.006503e-03
vertex -4.236666e-01 6.783606e-01 2.410762e-04
vertex -4.276582e-01 6.638932e-01 -3.125476e-02
endloop
endfacet
facet normal 0 0 0
outer loop
vertex -4.634931e-01 6.503155e-01 -4.006503e-03
vertex -4.459617e-01 6.575413e-01 2.531189e-02
vertex -4.236666e-01 6.783606e-01 2.410762e-04
endloop
endfacet
facet normal 0 0 0
outer loop
vertex -5.682375e-01 4.470409e-01 3.210384e-02
vertex -5.384979e-01 4.720864e-01 4.628238e-02
vertex -5.901852e-01 4.742242e-01 2.200375e-02
endloop
endfacet
facet normal 0 0 0
outer loop
vertex -2.139563e-01 2.713960e-01 -2.050109e-02
vertex -2.200036e-01 2.478876e-01 -2.608131e-02
vertex -1.891066e-01 2.496503e-01 -2.633501e-02
endloop
endfacet
facet normal 0 0 0
outer loop
vertex -2.139563e-01 2.713960e-01 -2.050109e-02
vertex -1.891066e-01 2.496503e-01 -2.633501e-02
vertex -1.979227e-01 2.621805e-01 -3.691901e-02
endloop
endfacet
facet normal 0 0 0
outer loop
vertex -1.689361e-01 3.702134e-01 -6.555474e-02
vertex -2.092727e-01 3.742514e-01 -7.188731e-02
vertex -1.807324e-01 3.909008e-01 -7.382665e-02
endloop
endfacet
facet normal 0 0 0
outer loop
vertex 7.013152e-02 7.258969e-01 -2.548332e-02
vertex 1.372567e-01 7.634047e-01 -2.839988e-02
vertex 1.254326e-01 7.199197e-01 -2.137039e-02
endloop
endfacet
facet normal 0 0 0
outer loop
vertex 4.149224e-01 6.364124e-01 -3.082245e-02
vertex 3.980250e-01 5.840892e-01 -3.385050e-02
vertex 3.520760e-01 6.617270e-01 -2.762200e-02
endloop
endfacet
facet normal 0 0 0
outer loop
vertex 4.149224e-01 6.364124e-01 -3.082245e-02
vertex 4.577806e-01 6.010017e-01 -3.117781e-02
vertex 3.980250e-01 5.840892e-01 -3.385050e-02
endloop
endfacet
facet normal 0 0 0
outer loop
vertex 1.178219e-01 3.502386e-01 -1.527860e-02
vertex 1.296068e-01 3.760385e-01 -1.249159e-02
vertex 1.390109e-01 3.563117e-01 -1.321829e-02
endloop
endfacet
facet normal 0 0 0
outer loop
vertex -6.987134e-02 8.669198e-01 2.093218e-02
vertex -8.209079e-02 7.993860e-01 2.770861e-02
vertex -3.126855e-02 8.370178e-01 2.867939e-02
endloop
endfacet
facet normal 0 0 0
outer loop
vertex -2.325487e-01 2.604481e-01 -2.154786e-02
vertex -2.351835e-01 2.401290e-01 -2.786649e-02
vertex -2.200036e-01 2.478876e-01 -2.608131e-02
endloop
endfacet
facet normal 0 0 0
outer loop
vertex -1.119904e-01 5.009266e-01 -1.253156e-01
vertex -1.202140e-01 5.342900e-01 -1.223090e-01
vertex -9.390264e-02 5.153796e-01 -1.283817e-01
endloop
endfacet
facet normal 0 0 0
outer loop
vertex -5.798936e-02 3.078856e-01 -3.737868e-02
vertex -1.990807e-02 3.163092e-01 -3.501363e-02
vertex -3.142600e-02 2.913270e-01 -1.710600e-02
endloop
endfacet
facet normal 0 0 0
outer loop
vertex -9.874611e-02 5.391640e-01 -1.264713e-01
vertex -9.390264e-02 5.153796e-01 -1.283817e-01
vertex -1.202140e-01 5.342900e-01 -1.223090e-01
endloop
endfacet
facet normal 0 0 0
outer loop
vertex -1.101256e-01 5.131893e-01 -1.104850e-01
vertex -1.083084e-01 4.677522e-01 -1.114479e-01
vertex -8.368697e-02 4.972225e-01 -1.163087e-01
endloop
endfacet
facet normal 0 0 0
outer loop
vertex -1.052069e-01 4.948250e-01 -7.722051e-02
vertex -7.190470e-02 5.275845e-01 -7.480878e-02
vertex -8.208069e-02 4.645875e-01 -7.453933e-02
endloop
endfacet
facet normal 0 0 0
outer loop
vertex -8.368697e-02 4.972225e-01 -1.163087e-01
vertex -7.630686e-02 5.233786e-01 -1.174988e-01
vertex -1.101256e-01 5.131893e-01 -1.104850e-01
endloop
endfacet
facet normal 0 0 0
outer loop
vertex 1.375322e-01 2.856856e-02 1.155462e-02
vertex 1.159430e-01 3.760363e-02 1.253617e-02
vertex 1.069308e-01 1.705984e-02 6.075919e-03
endloop
endfacet
facet normal 0 0 0
outer loop
vertex 1.375322e-01 2.856856e-02 1.155462e-02
vertex 1.069308e-01 1.705984e-02 6.075919e-03
vertex 1.240693e-01 1.024088e-02 5.493543e-03
endloop
endfacet
facet normal 0 0 0
outer loop
vertex -5.660634e-01 5.512146e-01 1.422818e-02
vertex -5.500250e-01 5.672538e-01 1.849523e-02
vertex -5.555230e-01 5.605580e-01 -1.035800e-02
endloop
endfacet
facet normal 0 0 0
outer loop
vertex 4.036526e-02 2.059107e-01 -2.221887e-02
vertex 5.122679e-02 2.617258e-01 -2.131441e-02
vertex 8.498475e-02 2.080676e-01 -2.399916e-02
endloop
endfacet
facet normal 0 0 0
outer loop
vertex -1.214805e-01 8.004316e-01 -2.369099e-02
vertex -1.082560e-01 7.469040e-01 -2.482500e-02
vertex -1.406752e-01 7.527309e-01 -2.421451e-02
endloop
endfacet
facet normal 0 0 0
outer loop
vertex 2.242008e-01 6.889573e-01 -7.722176e-03
vertex 2.271435e-01 6.765720e-01 4.043261e-03
vertex 2.164341e-01 6.613122e-01 -8.018889e-03
endloop
endfacet
facet normal 0 0 0
outer loop
vertex -2.472164e-01 7.419429e-01 -4.372527e-03
vertex -2.332667e-01 7.396255e-01 2.232757e-02
vertex -2.150369e-01 7.495576e-01 -2.042424e-03
endloop
endfacet
facet normal 0 0 0
outer loop
vertex 3.206646e-01 6.607512e-01 2.011224e-02
vertex 3.249539e-01 7.033496e-01 7.315431e-03
vertex 2.840023e-01 6.663783e-01 6.165183e-03
endloop
endfacet
facet normal 0 0 0
outer loop
vertex -1.922914e-01 1.858147e-01 4.117875e-02
vertex -2.196030e-01 2.317770e-01 2.670900e-02
vertex -1.791090e-01 2.396900e-01 2.646700e-02
endloop
endfacet
facet normal 0 0 0
outer loop
vertex 1.707889e-01 6.432130e-01 6.822608e-03
vertex 1.701996e-01 6.434903e-01 -6.522255e-03
vertex 1.919792e-01 6.473086e-01 6.581930e-03
endloop
endfacet
facet normal 0 0 0
outer loop
vertex 5.726198e-01 6.043087e-01 -1.060685e-02
vertex 5.637271e-01 6.314738e-01 3.478206e-03
vertex 5.733944e-01 5.979016e-01 6.135325e-03
endloop
endfacet
facet normal 0 0 0
outer loop
vertex 5.593145e-01 6.433519e-01 -1.075364e-02
vertex 5.726198e-01 6.043087e-01 -1.060685e-02
vertex 5.455061e-01 6.152586e-01 -1.734333e-02
endloop
endfacet
facet normal 0 0 0
outer loop
vertex -2.278155e-01 4.223370e-01 1.005434e-01
vertex -1.934010e-01 4.227890e-01 1.070990e-01
vertex -2.206629e-01 4.577623e-01 1.020921e-01
endloop
endfacet
facet normal 0 0 0
outer loop
vertex -1.934010e-01 4.227890e-01 1.070990e-01
vertex -1.851228e-01 4.669606e-01 1.107386e-01
vertex -2.206629e-01 4.577623e-01 1.020921e-01
endloop
endfacet
facet normal 0 0 0
outer loop
vertex 5.104997e-01 2.060217e-01 -1.015088e-02
vertex 4.850747e-01 2.720683e-01 -2.423557e-02
vertex 5.316558e-01 2.592865e-01 -1.050702e-02
endloop
endfacet
facet normal 0 0 0
outer loop
vertex -2.206629e-01 4.577623e-01 1.020921e-01
vertex -1.851228e-01 4.669606e-01 1.107386e-01
vertex -2.221892e-01 4.987922e-01 1.029563e-01
endloop
endfacet
facet normal 0 0 0
outer loop
vertex 1.786410e-01 3.001150e-01 9.323000e-03
vertex 1.591340e-01 3.258660e-01 1.138800e-02
vertex 1.369889e-01 2.959022e-01 1.402816e-02
endloop
endfacet
facet normal 0 0 0
outer loop
vertex -3.112922e-01 2.952756e-01 -1.984386e-02
vertex -3.316595e-01 2.943782e-01 5.545403e-03
vertex -3.257288e-01 3.021341e-01 -2.944461e-02
endloop
endfacet
facet normal 0 0 0
outer loop
vertex -3.006727e-01 2.876104e-01 -2.779146e-03
vertex -3.316595e-01 2.943782e-01 5.545403e-03
vertex -3.112922e-01 2.952756e-01 -1.984386e-02
endloop
endfacet
facet normal 0 0 0
outer loop
vertex 2.118491e-01 6.546921e-01 2.986660e-03
vertex 1.996266e-01 6.642871e-01 7.684386e-03
vertex 1.919792e-01 6.473086e-01 6.581930e-03
endloop
endfacet
facet normal 0 0 0
outer loop
vertex 1.376607e-01 2.418807e-02 -1.377732e-02
vertex 1.396834e-01 2.764754e-03 -5.726284e-04
vertex 1.234679e-01 9.434050e-03 -8.294095e-03
endloop
endfacet
facet normal 0 0 0
outer loop
vertex -1.319868e-01 5.432733e-01 -1.105097e-01
vertex -1.115891e-01 5.468000e-01 -1.120509e-01
vertex -1.170934e-01 5.439472e-01 -1.249422e-01
endloop
endfacet
facet normal 0 0 0
outer loop
vertex -2.942837e-01 2.694915e-01 2.178427e-02
vertex -3.098023e-01 2.927867e-01 1.316207e-02
vertex -2.743831e-01 2.831569e-01 1.017527e-02
endloop
endfacet
facet normal 0 0 0
outer loop
vertex -3.098023e-01 2.927867e-01 1.316207e-02
vertex -3.006727e-01 2.876104e-01 -2.779146e-03
vertex -2.743831e-01 2.831569e-01 1.017527e-02
endloop
endfacet
facet normal 0 0 0
outer loop
vertex -2.739537e-02 1.060535e-01 -9.600314e-03
vertex -6.342215e-02 1.653517e-01 -9.497584e-03
vertex -2.401595e-02 1.499313e-01 -1.362561e-02
endloop
endfacet
facet normal 0 0 0
outer loop
vertex -1.969053e-01 4.367859e-01 9.132349e-02
vertex -1.607323e-01 4.668081e-01 9.972904e-02
vertex -1.718658e-01 4.170359e-01 9.807432e-02
endloop
endfacet
facet normal 0 0 0
outer loop
vertex -4.996316e-02 1.235861e-01 2.025491e-03
vertex -6.342215e-02 1.653517e-01 -9.497584e-03
vertex -2.739537e-02 1.060535e-01 -9.600314e-03
endloop
endfacet
facet normal 0 0 0
outer loop
vertex 1.485164e-01 1.744248e-02 8.979687e-03
vertex 1.364534e-01 1.561007e-02 4.892396e-03
vertex 1.396834e-01 2.764754e-03 -5.726284e-04
endloop
endfacet
facet normal 0 0 0
outer loop
vertex -2.267246e-01 4.193721e-01 -7.786713e-02
vertex -2.374920e-01 4.526702e-01 -7.921001e-02
vertex -1.987491e-01 4.506775e-01 -7.802970e-02
endloop
endfacet
facet normal 0 0 0
outer loop
vertex -2.374920e-01 4.526702e-01 -7.921001e-02
vertex -2.267246e-01 4.193721e-01 -7.786713e-02
vertex -2.175597e-01 4.614657e-01 -8.626373e-02
endloop
endfacet
facet normal 0 0 0
outer loop
vertex -2.175597e-01 4.614657e-01 -8.626373e-02
vertex -1.987093e-01 4.799521e-01 -9.087267e-02
vertex -2.376908e-01 4.827808e-01 -8.071789e-02
endloop
endfacet
facet normal 0 0 0
outer loop
vertex -1.353970e-01 1.106750e-01 -7.887655e-02
vertex -1.446790e-01 1.530470e-01 -7.251406e-02
vertex -1.430827e-01 1.345709e-01 -6.190553e-02
endloop
endfacet
facet normal 0 0 0
outer loop
vertex 3.596668e-01 2.599800e-01 -2.674277e-02
vertex 3.288760e-01 2.967060e-01 -2.364200e-02
vertex 3.787159e-01 3.282121e-01 -3.223551e-02
endloop
endfacet
facet normal 0 0 0
outer loop
vertex 1.159430e-01 3.760363e-02 1.253617e-02
vertex 9.017333e-02 4.100746e-02 1.063407e-02
vertex 1.069308e-01 1.705984e-02 6.075919e-03
endloop
endfacet
facet normal 0 0 0
outer loop
vertex 9.017333e-02 4.100746e-02 1.063407e-02
vertex 1.159430e-01 3.760363e-02 1.253617e-02
vertex 1.293590e-01 7.575600e-02 2.022800e-02
endloop
endfacet
facet normal 0 0 0
outer loop
vertex 5.789825e-02 2.880279e-01 1.847421e-02
vertex 1.145290e-02 2.543341e-01 1.866652e-02
vertex 5.715806e-02 2.274249e-01 2.054076e-02
endloop
endfacet
facet normal 0 0 0
outer loop
vertex 2.096154e-01 1.084025e-02 -9.396573e-03
vertex 2.719879e-01 8.421828e-03 -6.339985e-03
vertex 2.317956e-01 1.110273e-02 5.977393e-03
endloop
endfacet
facet normal 0 0 0
outer loop
vertex -1.380395e-01 5.891831e-01 -7.637397e-02
vertex -1.999543e-01 5.567039e-01 -8.071160e-02
vertex -2.025124e-01 6.257029e-01 -7.317426e-02
endloop
endfacet
facet normal 0 0 0
outer loop
vertex 4.681020e-01 6.936222e-01 1.909463e-02
vertex 5.165830e-01 6.714764e-01 1.166239e-02
vertex 5.302446e-01 7.064110e-01 3.535345e-03
endloop
endfacet
facet normal 0 0 0
outer loop
vertex -1.826278e-01 3.739225e-01 9.645998e-02
vertex -2.282698e-01 3.804460e-01 8.430591e-02
vertex -2.027966e-01 4.008140e-01 9.059698e-02
endloop
endfacet
facet normal 0 0 0
outer loop
vertex -9.156026e-02 4.381588e-01 7.348911e-02
vertex -1.052164e-01 3.856784e-01 6.896394e-02
vertex -4.798611e-02 3.943755e-01 6.544746e-02
endloop
endfacet
facet normal 0 0 0
outer loop
vertex -2.832950e-01 4.647631e-01 -8.190809e-02
vertex -2.921068e-01 4.803859e-01 -7.622010e-02
vertex -2.376908e-01 4.827808e-01 -8.071789e-02
endloop
endfacet
facet normal 0 0 0
outer loop
vertex 1.088744e-01 9.288623e-01 -1.930681e-02
vertex 1.447630e-01 9.315730e-01 -1.551674e-02
vertex 1.112234e-01 8.941244e-01 -2.640497e-02
endloop
endfacet
facet normal 0 0 0
outer loop
vertex 5.153954e-02 9.668773e-01 7.180865e-03
vertex 6.773088e-02 9.673972e-01 -8.677763e-03
vertex 2.595652e-02 9.630902e-01 -8.102025e-03
endloop
endfacet
facet normal 0 0 0
outer loop
vertex 1.987300e-01 2.714187e-01 9.332546e-03
vertex 1.786410e-01 3.001150e-01 9.323000e-03
vertex 1.578760e-01 2.674210e-01 1.381100e-02
endloop
endfacet
facet normal 0 0 0
outer loop
vertex 5.311240e-01 2.661905e-01 6.151228e-03
vertex 5.363688e-01 3.003446e-01 4.847136e-03
vertex 5.041069e-01 2.695235e-01 1.249350e-02
endloop
endfacet
facet normal 0 0 0
outer loop
vertex -2.388761e-01 2.788303e-01 -1.351704e-02
vertex -2.743831e-01 2.831569e-01 1.017527e-02
vertex -2.782191e-01 2.859780e-01 -1.324160e-02
endloop
endfacet
facet normal 0 0 0
outer loop
vertex -1.486924e-01 1.445849e-01 7.008512e-02
vertex -1.319423e-01 1.655491e-01 6.007699e-02
vertex -1.462546e-01 1.866662e-01 5.804575e-02
endloop
endfacet
facet normal 0 0 0
outer loop
vertex -1.013929e-02 3.548967e-01 -5.132046e-02
vertex -1.990807e-02 3.163092e-01 -3.501363e-02
vertex -5.798936e-02 3.078856e-01 -3.737868e-02
endloop
endfacet
facet normal 0 0 0
outer loop
vertex -5.798936e-02 3.078856e-01 -3.737868e-02
vertex -5.396138e-02 3.476437e-01 -5.107339e-02
vertex -1.013929e-02 3.548967e-01 -5.132046e-02
endloop
endfacet
facet normal 0 0 0
outer loop
vertex -2.631362e-01 2.672110e-01 -2.156700e-02
vertex -2.388761e-01 2.788303e-01 -1.351704e-02
vertex -2.782191e-01 2.859780e-01 -1.324160e-02
endloop
endfacet
facet normal 0 0 0
outer loop
vertex -3.006727e-01 2.876104e-01 -2.779146e-03
vertex -2.782191e-01 2.859780e-01 -1.324160e-02
vertex -2.743831e-01 2.831569e-01 1.017527e-02
endloop
endfacet
facet normal 0 0 0
outer loop
vertex -4.905660e-02 3.362943e-01 5.026111e-02
vertex -5.749700e-03 3.478755e-01 4.706495e-02
vertex -4.798611e-02 3.943755e-01 6.544746e-02
endloop
endfacet
facet normal 0 0 0
outer loop
vertex 1.375322e-01 2.856856e-02 1.155462e-02
vertex 1.546422e-01 1.570044e-02 5.944649e-03
vertex 1.522819e-01 2.872234e-02 1.180345e-02
endloop
endfacet
facet normal 0 0 0
outer loop
vertex 1.485164e-01 1.744248e-02 8.979687e-03
vertex 1.546422e-01 1.570044e-02 5.944649e-03
vertex 1.375322e-01 2.856856e-02 1.155462e-02
endloop
endfacet
facet normal 0 0 0
outer loop
vertex 1.481953e-01 5.231607e-02 1.614014e-02
vertex 1.375322e-01 2.856856e-02 1.155462e-02
vertex 1.522819e-01 2.872234e-02 1.180345e-02
endloop
endfacet
facet normal 0 0 0
outer loop
vertex 1.676181e-01 5.904338e-01 6.091427e-04
vertex 1.247654e-01 6.220666e-01 -5.526086e-04
vertex 1.157811e-01 6.042555e-01 2.975192e-02
endloop
endfacet
facet normal 0 0 0
outer loop
vertex -2.139899e-01 2.756086e-01 1.336339e-02
vertex -1.989597e-01 2.694784e-01 -1.025657e-02
vertex -1.847626e-01 2.688077e-01 4.945344e-03
endloop
endfacet
facet normal 0 0 0
outer loop
vertex -8.571840e-02 8.259924e-01 -2.533047e-02
vertex -1.133815e-01 8.482493e-01 -1.371934e-02
vertex -8.244204e-02 8.654134e-01 -1.538245e-02
endloop
endfacet
facet normal 0 0 0
outer loop
vertex -2.139899e-01 2.756086e-01 1.336339e-02
vertex -1.847626e-01 2.688077e-01 4.945344e-03
vertex -1.899234e-01 2.782260e-01 1.501194e-02
endloop
endfacet
facet normal 0 0 0
outer loop
vertex -1.965495e-01 2.576493e-01 1.991520e-02
vertex -2.139899e-01 2.756086e-01 1.336339e-02
vertex -2.008989e-01 2.660913e-01 2.284595e-02
endloop
endfacet
facet normal 0 0 0
outer loop
vertex -2.245704e-01 3.359502e-01 9.897719e-02
vertex -1.746991e-01 3.332009e-01 1.158407e-01
vertex -1.999269e-01 3.666754e-01 1.081771e-01
endloop
endfacet
facet normal 0 0 0
outer loop
vertex -3.006727e-01 2.876104e-01 -2.779146e-03
vertex -3.112922e-01 2.952756e-01 -1.984386e-02
vertex -2.976177e-01 2.910586e-01 -1.651232e-02
endloop
endfacet
facet normal 0 0 0
outer loop
vertex -3.112922e-01 2.952756e-01 -1.984386e-02
vertex -2.974483e-01 2.698930e-01 -2.355261e-02
vertex -2.976177e-01 2.910586e-01 -1.651232e-02
endloop
endfacet
facet normal 0 0 0
outer loop
vertex -2.611098e-01 2.617938e-01 -4.028268e-02
vertex -2.546211e-01 2.815672e-01 -3.197230e-02
vertex -2.460327e-01 2.598906e-01 -4.007190e-02
endloop
endfacet
facet normal 0 0 0
outer loop
vertex -3.377666e-01 3.251473e-01 -4.049445e-02
vertex -3.655637e-01 3.606342e-01 -5.079537e-02
vertex -3.011336e-01 3.524590e-01 -6.309415e-02
endloop
endfacet
facet normal 0 0 0
outer loop
vertex -3.845903e-01 3.178321e-01 -2.170870e-02
vertex -3.655637e-01 3.606342e-01 -5.079537e-02
vertex -3.377666e-01 3.251473e-01 -4.049445e-02
endloop
endfacet
facet normal 0 0 0
outer loop
vertex 1.375322e-01 2.856856e-02 1.155462e-02
vertex 1.240693e-01 1.024088e-02 5.493543e-03
vertex 1.364534e-01 1.561007e-02 4.892396e-03
endloop
endfacet
facet normal 0 0 0
outer loop
vertex 1.485164e-01 1.744248e-02 8.979687e-03
vertex 1.375322e-01 2.856856e-02 1.155462e-02
vertex 1.364534e-01 1.561007e-02 4.892396e-03
endloop
endfacet
facet normal 0 0 0
outer loop
vertex -6.965674e-02 5.842268e-01 -7.213143e-02
vertex 6.940229e-04 6.041542e-01 -6.158771e-02
vertex -2.003956e-02 5.417604e-01 -6.906345e-02
endloop
endfacet
facet normal 0 0 0
outer loop
vertex -2.003956e-02 5.417604e-01 -6.906345e-02
vertex 6.940229e-04 6.041542e-01 -6.158771e-02
vertex 2.419274e-02 5.669987e-01 -6.140945e-02
endloop
endfacet
facet normal 0 0 0
outer loop
vertex 5.189249e-01 5.351464e-01 -2.697251e-02
vertex 5.160981e-01 4.966929e-01 -2.808070e-02
vertex 4.662957e-01 5.451020e-01 -3.212786e-02
endloop
endfacet
facet normal 0 0 0
outer loop
vertex 5.286815e-01 5.831875e-01 -2.350391e-02
vertex 5.189249e-01 5.351464e-01 -2.697251e-02
vertex 4.662957e-01 5.451020e-01 -3.212786e-02
endloop
endfacet
facet normal 0 0 0
outer loop
vertex 1.471751e-01 9.074989e-01 2.047820e-02
vertex 1.156610e-01 9.088265e-01 1.899382e-02
vertex 1.416784e-01 8.842459e-01 2.785409e-02
endloop
endfacet
facet normal 0 0 0
outer loop
vertex 1.342423e-01 9.198083e-01 1.603015e-02
vertex 1.102154e-01 9.326653e-01 1.747199e-02
vertex 1.156610e-01 9.088265e-01 1.899382e-02
endloop
endfacet
facet normal 0 0 0
outer loop
vertex -4.402952e-01 3.940221e-01 -5.851120e-02
vertex -4.251333e-01 3.341620e-01 -2.020919e-02
vertex -4.615810e-01 3.557946e-01 -2.367838e-02
endloop
endfacet
facet normal 0 0 0
outer loop
vertex 4.957556e-02 6.810837e-01 1.701007e-02
vertex 1.429243e-02 7.045433e-01 2.245412e-02
vertex 2.771928e-02 6.757978e-01 3.842118e-02
endloop
endfacet
facet normal 0 0 0
outer loop
vertex 1.429243e-02 7.045433e-01 2.245412e-02
vertex -1.032184e-02 6.838429e-01 4.679017e-02
vertex 2.771928e-02 6.757978e-01 3.842118e-02
endloop
endfacet
facet normal 0 0 0
outer loop
vertex -4.441648e-01 3.675830e-01 3.898965e-02
vertex -4.808420e-01 3.927635e-01 4.661895e-02
vertex -4.951178e-01 3.689505e-01 1.650264e-02
endloop
endfacet
facet normal 0 0 0
outer loop
vertex -2.577292e-01 2.454749e-01 -4.575017e-02
vertex -2.460327e-01 2.598906e-01 -4.007190e-02
vertex -2.404613e-01 2.439898e-01 -4.646172e-02
endloop
endfacet
facet normal 0 0 0
outer loop
vertex -2.011830e-01 7.538982e-01 8.050830e-03
vertex -1.685764e-01 7.792726e-01 1.242369e-02
vertex -1.979863e-01 7.814219e-01 5.136088e-03
endloop
endfacet
facet normal 0 0 0
outer loop
vertex 1.469685e-02 7.462398e-01 -2.798418e-02
vertex -3.851740e-02 7.862062e-01 -3.123602e-02
vertex 3.522009e-03 7.974405e-01 -3.152680e-02
endloop
endfacet
facet normal 0 0 0
outer loop
vertex 4.424997e-01 6.707700e-01 -2.747660e-02
vertex 4.732565e-01 7.020205e-01 -2.171380e-02
vertex 4.976118e-01 6.832907e-01 -1.856370e-02
endloop
endfacet
facet normal 0 0 0
outer loop
vertex 4.189243e-01 7.176727e-01 -2.260294e-02
vertex 4.732565e-01 7.020205e-01 -2.171380e-02
vertex 4.424997e-01 6.707700e-01 -2.747660e-02
endloop
endfacet
facet normal 0 0 0
outer loop
vertex -1.592097e-01 3.225048e-01 5.406134e-02
vertex -1.672173e-01 2.799211e-01 2.155764e-02
vertex -1.179959e-01 3.056336e-01 4.230022e-02
endloop
endfacet
facet normal 0 0 0
outer loop
vertex -1.810406e-01 1.460537e-01 6.992802e-02
vertex -1.486924e-01 1.445849e-01 7.008512e-02
vertex -1.462546e-01 1.866662e-01 5.804575e-02
endloop
endfacet
facet normal 0 0 0
outer loop
vertex 2.174219e-01 7.959414e-01 -2.527711e-02
vertex 1.950640e-01 7.492798e-01 -2.067081e-02
vertex 1.732579e-01 8.372708e-01 -2.936980e-02
endloop
endfacet
facet normal 0 0 0
outer loop
vertex 1.732579e-01 8.372708e-01 -2.936980e-02
vertex 1.372567e-01 7.634047e-01 -2.839988e-02
vertex 1.224909e-01 8.244339e-01 -3.228647e-02
endloop
endfacet
facet normal 0 0 0
outer loop
vertex 1.357780e-01 8.569305e-01 2.982553e-02
vertex 1.290052e-01 8.284130e-01 3.183668e-02
vertex 1.737200e-01 8.430022e-01 2.910198e-02
endloop
endfacet
facet normal 0 0 0
outer loop
vertex 5.279005e-01 2.320705e-01 3.582734e-03
vertex 5.041069e-01 2.695235e-01 1.249350e-02
vertex 4.750822e-01 2.252373e-01 1.513862e-02
endloop
endfacet
facet normal 0 0 0
outer loop
vertex -5.589827e-02 4.561645e-01 1.219906e-01
vertex -6.770515e-02 4.077514e-01 1.219648e-01
vertex -8.560646e-02 4.319934e-01 1.182455e-01
endloop
endfacet
facet normal 0 0 0
outer loop
vertex -6.770515e-02 4.077514e-01 1.219648e-01
vertex -1.205666e-01 4.095031e-01 1.111156e-01
vertex -8.560646e-02 4.319934e-01 1.182455e-01
endloop
endfacet
facet normal 0 0 0
outer loop
vertex -5.126705e-01 6.057736e-01 1.653892e-02
vertex -5.313943e-01 5.825528e-01 2.580894e-02
vertex -5.024430e-01 5.832558e-01 4.302502e-02
endloop
endfacet
facet normal 0 0 0
outer loop
vertex 3.624463e-01 4.062076e-02 2.662104e-03
vertex 3.301969e-01 6.429870e-02 9.611464e-03
vertex 3.119448e-01 3.467474e-02 1.660982e-03
endloop
endfacet
facet normal 0 0 0
outer loop
vertex -4.808420e-01 3.927635e-01 4.661895e-02
vertex -4.878525e-01 4.342595e-01 5.819827e-02
vertex -5.370716e-01 4.219988e-01 3.722074e-02
endloop
endfacet
facet normal 0 0 0
outer loop
vertex -5.370716e-01 4.219988e-01 3.722074e-02
vertex -5.344917e-01 3.934657e-01 1.756695e-02
vertex -4.808420e-01 3.927635e-01 4.661895e-02
endloop
endfacet
facet normal 0 0 0
outer loop
vertex -1.235398e-02 9.060296e-01 -1.911101e-02
vertex -1.998404e-02 8.469661e-01 -2.862385e-02
vertex -4.940498e-02 8.818738e-01 -2.080102e-02
endloop
endfacet
facet normal 0 0 0
outer loop
vertex 4.291198e-01 7.561523e-01 6.657706e-03
vertex 4.261653e-01 7.201560e-01 1.830227e-02
vertex 4.697088e-01 7.583696e-01 6.288387e-03
endloop
endfacet
facet normal 0 0 0
outer loop
vertex 4.697088e-01 7.583696e-01 6.288387e-03
vertex 4.261653e-01 7.201560e-01 1.830227e-02
vertex 4.681020e-01 6.936222e-01 1.909463e-02
endloop
endfacet
facet normal 0 0 0
outer loop
vertex -1.291891e-01 4.762221e-01 7.819565e-02
vertex -1.895963e-01 4.476925e-01 7.892661e-02
vertex -1.483333e-01 4.266247e-01 7.645249e-02
endloop
endfacet
facet normal 0 0 0
outer loop
vertex -1.148530e-01 3.749506e-01 -1.135657e-01
vertex -8.862592e-02 3.671693e-01 -1.196227e-01
vertex -9.796978e-02 4.005389e-01 -1.163129e-01
endloop
endfacet
facet normal 0 0 0
outer loop
vertex -8.862592e-02 3.671693e-01 -1.196227e-01
vertex -1.148530e-01 3.749506e-01 -1.135657e-01
vertex -1.104560e-01 3.436804e-01 -1.175099e-01
endloop
endfacet
facet normal 0 0 0
outer loop
vertex 2.472977e-03 9.574849e-01 6.205634e-03
vertex 2.595652e-02 9.630902e-01 -8.102025e-03
vertex -1.303347e-02 9.499328e-01 -8.220264e-03
endloop
endfacet
facet normal 0 0 0
outer loop
vertex -1.803000e-01 3.846600e-01 -1.104170e-01
vertex -1.210908e-01 3.834881e-01 -1.274129e-01
vertex -1.668366e-01 3.557068e-01 -1.163926e-01
endloop
endfacet
facet normal 0 0 0
outer loop
vertex 2.795687e-01 1.608856e-01 6.163430e-03
vertex 3.085174e-01 1.252298e-01 4.718577e-03
vertex 2.966730e-01 1.368668e-01 -9.754032e-03
endloop
endfacet
facet normal 0 0 0
outer loop
vertex 4.107901e-02 3.698689e-01 -4.453728e-02
vertex -1.013929e-02 3.548967e-01 -5.132046e-02
vertex 1.867423e-02 4.239512e-01 -6.156737e-02
endloop
endfacet
facet normal 0 0 0
outer loop
vertex 2.407793e-01 2.254460e-01 -8.217444e-03
vertex 1.984183e-01 2.383544e-01 -1.581341e-02
vertex 2.124412e-01 2.705245e-01 -1.009197e-02
endloop
endfacet
facet normal 0 0 0
outer loop
vertex -1.932776e-01 1.299496e-01 5.625673e-02
vertex -1.671274e-01 1.450498e-01 5.309300e-02
vertex -1.439477e-01 1.375047e-01 5.734864e-02
endloop
endfacet
facet normal 0 0 0
outer loop
vertex -1.932776e-01 1.299496e-01 5.625673e-02
vertex -1.922914e-01 1.858147e-01 4.117875e-02
vertex -1.671274e-01 1.450498e-01 5.309300e-02
endloop
endfacet
facet normal 0 0 0
outer loop
vertex 1.490302e-01 3.987097e-01 2.308944e-02
vertex 1.832003e-01 4.038216e-01 1.780198e-02
vertex 1.926257e-01 4.393734e-01 2.899370e-02
endloop
endfacet
facet normal 0 0 0
outer loop
vertex -1.669815e-01 6.671590e-01 -6.463630e-02
vertex -1.336138e-01 7.110220e-01 -5.086585e-02
vertex -1.256063e-01 6.441083e-01 -6.842607e-02
endloop
endfacet
facet normal 0 0 0
outer loop
vertex 1.561170e-01 1.991695e-01 1.908343e-02
vertex 1.856880e-01 2.317770e-01 1.464000e-02
vertex 1.248655e-01 2.485854e-01 1.950062e-02
endloop
endfacet
facet normal 0 0 0
outer loop
vertex 1.856880e-01 2.317770e-01 1.464000e-02
vertex 1.578760e-01 2.674210e-01 1.381100e-02
vertex 1.248655e-01 2.485854e-01 1.950062e-02
endloop
endfacet
facet normal 0 0 0
outer loop
vertex 4.983812e-02 1.604040e-01 -2.273214e-02
vertex 4.583439e-02 9.494951e-02 -1.809913e-02
vertex 1.009377e-02 1.277694e-01 -1.763167e-02
endloop
endfacet
facet normal 0 0 0
outer loop
vertex 4.158112e-01 2.689952e-01 -2.959315e-02
vertex 3.596668e-01 2.599800e-01 -2.674277e-02
vertex 3.787159e-01 3.282121e-01 -3.223551e-02
endloop
endfacet
facet normal 0 0 0
outer loop
vertex 2.719879e-01 8.421828e-03 -6.339985e-03
vertex 2.884214e-01 1.593040e-02 6.408082e-03
vertex 2.317956e-01 1.110273e-02 5.977393e-03
endloop
endfacet
facet normal 0 0 0
outer loop
vertex 3.301969e-01 6.429870e-02 9.611464e-03
vertex 2.802294e-01 6.086727e-02 1.338006e-02
vertex 3.119448e-01 3.467474e-02 1.660982e-03
endloop
endfacet
facet normal 0 0 0
outer loop
vertex -3.892893e-01 4.219448e-01 -7.242505e-02
vertex -3.465908e-01 4.578614e-01 -7.882839e-02
vertex -3.414149e-01 4.175254e-01 -6.820474e-02
endloop
endfacet
facet normal 0 0 0
outer loop
vertex -3.655637e-01 3.606342e-01 -5.079537e-02
vertex -3.892893e-01 4.219448e-01 -7.242505e-02
vertex -3.370430e-01 3.813860e-01 -5.678900e-02
endloop
endfacet
facet normal 0 0 0
outer loop
vertex 4.930068e-01 7.206702e-01 1.080289e-02
vertex 4.697088e-01 7.583696e-01 6.288387e-03
vertex 4.681020e-01 6.936222e-01 1.909463e-02
endloop
endfacet
facet normal 0 0 0
outer loop
vertex -1.013929e-02 3.548967e-01 -5.132046e-02
vertex 1.916959e-02 3.171078e-01 -2.047973e-02
vertex -1.990807e-02 3.163092e-01 -3.501363e-02
endloop
endfacet
facet normal 0 0 0
outer loop
vertex -2.377770e-01 3.471041e-01 -8.422570e-02
vertex -2.115452e-01 3.304834e-01 -9.594589e-02
vertex -1.921975e-01 3.613651e-01 -9.428959e-02
endloop
endfacet
facet normal 0 0 0
outer loop
vertex 5.181528e-01 5.971694e-01 1.954420e-02
vertex 4.981163e-01 6.308341e-01 2.097163e-02
vertex 4.644517e-01 5.793090e-01 2.779090e-02
endloop
endfacet
facet normal 0 0 0
outer loop
vertex 4.149224e-01 6.364124e-01 -3.082245e-02
vertex 3.884685e-01 6.897140e-01 -2.518844e-02
vertex 4.424997e-01 6.707700e-01 -2.747660e-02
endloop
endfacet
facet normal 0 0 0
outer loop
vertex 3.884685e-01 6.897140e-01 -2.518844e-02
vertex 3.520760e-01 6.617270e-01 -2.762200e-02
vertex 3.593814e-01 7.330736e-01 -4.704744e-03
endloop
endfacet
facet normal 0 0 0
outer loop
vertex -2.971999e-01 4.568242e-01 7.269710e-02
vertex -3.239068e-01 4.092941e-01 6.971965e-02
vertex -2.996352e-01 4.032710e-01 7.797670e-02
endloop
endfacet
facet normal 0 0 0
outer loop
vertex -3.239068e-01 4.092941e-01 6.971965e-02
vertex -2.971999e-01 4.568242e-01 7.269710e-02
vertex -3.124036e-01 4.853030e-01 8.097623e-02
endloop
endfacet
facet normal 0 0 0
outer loop
vertex -3.239068e-01 4.092941e-01 6.971965e-02
vertex -3.124036e-01 4.853030e-01 8.097623e-02
vertex -3.442285e-01 4.464881e-01 7.793079e-02
endloop
endfacet
facet normal 0 0 0
outer loop
vertex -1.927536e-01 4.004650e-01 -9.299302e-02
vertex -1.479516e-01 3.794029e-01 -1.052827e-01
vertex -1.612978e-01 4.251674e-01 -1.002407e-01
endloop
endfacet
facet normal 0 0 0
outer loop
vertex -4.841999e-02 3.901666e-01 -6.506165e-02
vertex 1.867423e-02 4.239512e-01 -6.156737e-02
vertex -1.013929e-02 3.548967e-01 -5.132046e-02
endloop
endfacet
facet normal 0 0 0
outer loop
vertex -5.002056e-02 5.004891e-01 1.337720e-01
vertex -5.525737e-02 5.308404e-01 1.362481e-01
vertex -7.507907e-02 4.975113e-01 1.325656e-01
endloop
endfacet
facet normal 0 0 0
outer loop
vertex 4.981163e-01 6.308341e-01 2.097163e-02
vertex 5.165830e-01 6.714764e-01 1.166239e-02
vertex 4.681020e-01 6.936222e-01 1.909463e-02
endloop
endfacet
facet normal 0 0 0
outer loop
vertex 4.516120e-01 6.409030e-01 2.273600e-02
vertex 4.981163e-01 6.308341e-01 2.097163e-02
vertex 4.681020e-01 6.936222e-01 1.909463e-02
endloop
endfacet
facet normal 0 0 0
outer loop
vertex -5.491111e-02 2.347830e-01 -1.290551e-02
vertex -5.773865e-02 2.782451e-01 -1.400379e-02
vertex -1.242154e-02 2.311735e-01 -1.892063e-02
endloop
endfacet
facet normal 0 0 0
outer loop
vertex 1.750454e-01 4.072957e-01 -2.212058e-02
vertex 2.343609e-01 3.976022e-01 -1.614706e-02
vertex 2.022304e-01 3.874496e-01 -2.199648e-03
endloop
endfacet
facet normal 0 0 0
outer loop
vertex 1.750454e-01 4.072957e-01 -2.212058e-02
vertex 2.096149e-01 4.374043e-01 -2.753963e-02
vertex 2.343609e-01 3.976022e-01 -1.614706e-02
endloop
endfacet
facet normal 0 0 0
outer loop
vertex -1.260925e-01 3.554125e-01 6.426804e-02
vertex -1.556852e-01 3.787232e-01 7.086988e-02
vertex -1.592097e-01 3.225048e-01 5.406134e-02
endloop
endfacet
facet normal 0 0 0
outer loop
vertex -7.615429e-02 3.583655e-01 6.110548e-02
vertex -4.798611e-02 3.943755e-01 6.544746e-02
vertex -1.052164e-01 3.856784e-01 6.896394e-02
endloop
endfacet
facet normal 0 0 0
outer loop
vertex -5.748119e-01 4.166728e-01 5.067423e-03
vertex -5.370716e-01 4.219988e-01 3.722074e-02
vertex -5.682375e-01 4.470409e-01 3.210384e-02
endloop
endfacet
facet normal 0 0 0
outer loop
vertex -1.289800e-01 8.206976e-01 1.460733e-02
vertex -6.987134e-02 8.669198e-01 2.093218e-02
vertex -1.326417e-01 8.757795e-01 4.922256e-03
endloop
endfacet
facet normal 0 0 0
outer loop
vertex -1.205994e-01 4.273347e-01 -1.099720e-01
vertex -6.219256e-02 4.344947e-01 -1.214135e-01
vertex -1.083084e-01 4.677522e-01 -1.114479e-01
endloop
endfacet
facet normal 0 0 0
outer loop
vertex -1.210908e-01 3.834881e-01 -1.274129e-01
vertex -9.641663e-02 3.535036e-01 -1.292669e-01
vertex -1.328315e-01 3.347048e-01 -1.235453e-01
endloop
endfacet
facet normal 0 0 0
outer loop
vertex -1.922914e-01 1.858147e-01 4.117875e-02
vertex -1.791090e-01 2.396900e-01 2.646700e-02
vertex -1.504023e-01 2.222482e-01 3.654750e-02
endloop
endfacet
facet normal 0 0 0
outer loop
vertex 1.157811e-01 6.042555e-01 2.975192e-02
vertex 1.652416e-01 5.669161e-01 2.630765e-02
vertex 1.676181e-01 5.904338e-01 6.091427e-04
endloop
endfacet
facet normal 0 0 0
outer loop
vertex 1.950640e-01 7.492798e-01 -2.067081e-02
vertex 2.631488e-01 7.399641e-01 -5.961730e-03
vertex 2.288634e-01 7.167119e-01 -9.451253e-03
endloop
endfacet
facet normal 0 0 0
outer loop
vertex -6.514649e-02 4.877213e-01 7.355119e-02
vertex -1.291891e-01 4.762221e-01 7.819565e-02
vertex -9.156026e-02 4.381588e-01 7.348911e-02
endloop
endfacet
facet normal 0 0 0
outer loop
vertex 3.522009e-03 7.974405e-01 -3.152680e-02
vertex -3.851740e-02 7.862062e-01 -3.123602e-02
vertex -1.998404e-02 8.469661e-01 -2.862385e-02
endloop
endfacet
facet normal 0 0 0
outer loop
vertex 3.086470e-01 3.717530e-01 2.390900e-02
vertex 3.144870e-01 3.109040e-01 2.053400e-02
vertex 3.573902e-01 3.796389e-01 3.014368e-02
endloop
endfacet
facet normal 0 0 0
outer loop
vertex -6.670260e-02 4.099288e-01 1.360898e-01
vertex -5.391447e-02 4.528198e-01 1.353335e-01
vertex -8.823833e-02 4.481995e-01 1.304475e-01
endloop
endfacet
facet normal 0 0 0
outer loop
vertex -4.276582e-01 6.638932e-01 -3.125476e-02
vertex -4.124681e-01 6.306357e-01 -5.424911e-02
vertex -4.735328e-01 6.274112e-01 -3.322824e-02
endloop
endfacet
facet normal 0 0 0
outer loop
vertex 2.541007e-01 4.326770e-01 2.330978e-02
vertex 2.717165e-01 3.799970e-01 2.080941e-02
vertex 3.001915e-01 4.137225e-01 2.752431e-02
endloop
endfacet
facet normal 0 0 0
outer loop
vertex 3.712013e-01 6.857653e-01 2.039283e-02
vertex 3.206646e-01 6.607512e-01 2.011224e-02
vertex 3.955331e-01 6.279212e-01 2.874341e-02
endloop
endfacet
facet normal 0 0 0
outer loop
vertex 3.444605e-01 5.977738e-01 2.914272e-02
vertex 3.955331e-01 6.279212e-01 2.874341e-02
vertex 3.206646e-01 6.607512e-01 2.011224e-02
endloop
endfacet
facet normal 0 0 0
outer loop
vertex -1.701770e-01 4.599520e-01 -1.117090e-01
vertex -1.862613e-01 4.269331e-01 -1.108800e-01
vertex -2.126999e-01 4.561212e-01 -1.039153e-01
endloop
endfacet
facet normal 0 0 0
outer loop
vertex 3.548067e-01 2.096011e-01 -9.653631e-04
vertex 3.560096e-01 2.423177e-01 1.664668e-02
vertex 3.169316e-01 2.473272e-01 5.780014e-03
endloop
endfacet
facet normal 0 0 0
outer loop
vertex 3.548067e-01 2.096011e-01 -9.653631e-04
vertex 3.319493e-01 2.327660e-01 -9.426776e-03
vertex 3.781011e-01 2.239147e-01 -1.908581e-02
endloop
endfacet
facet normal 0 0 0
outer loop
vertex -2.965862e-01 1.637388e-01 -5.902237e-02
vertex -2.789406e-01 1.267439e-01 -6.367080e-02
vertex -2.717116e-01 1.612452e-01 -5.234170e-02
endloop
endfacet
facet normal 0 0 0
outer loop
vertex 1.696567e-01 3.009846e-01 -1.513731e-02
vertex 1.484150e-01 3.365850e-01 -1.394500e-02
vertex 1.861649e-01 3.239256e-01 -1.069717e-02
endloop
endfacet
facet normal 0 0 0
outer loop
vertex -1.592097e-01 3.225048e-01 5.406134e-02
vertex -9.991575e-02 3.321092e-01 5.439327e-02
vertex -1.260925e-01 3.554125e-01 6.426804e-02
endloop
endfacet
facet normal 0 0 0
outer loop
vertex 7.101823e-02 5.210791e-01 5.611314e-02
vertex 2.983929e-02 5.086338e-01 6.299937e-02
vertex 5.609073e-02 4.530003e-01 5.834883e-02
endloop
endfacet
facet normal 0 0 0
outer loop
vertex -1.989597e-01 2.694784e-01 -1.025657e-02
vertex -2.130247e-01 2.762353e-01 -2.548866e-02
vertex -1.877568e-01 2.829567e-01 -3.026894e-02
endloop
endfacet
facet normal 0 0 0
outer loop
vertex 2.473079e-01 9.158636e-01 3.472691e-03
vertex 2.167073e-01 9.038991e-01 1.319677e-02
vertex 2.540805e-01 8.961847e-01 7.223106e-03
endloop
endfacet
facet normal 0 0 0
outer loop
vertex 2.540805e-01 8.961847e-01 7.223106e-03
vertex 2.167073e-01 9.038991e-01 1.319677e-02
vertex 2.378023e-01 8.587601e-01 1.775321e-02
endloop
endfacet
facet normal 0 0 0
outer loop
vertex 9.337026e-02 6.355252e-01 -3.097030e-02
vertex 8.549976e-02 6.058367e-01 -4.182243e-02
vertex 5.709757e-02 6.346886e-01 -4.340530e-02
endloop
endfacet
facet normal 0 0 0
outer loop
vertex 1.057947e-01 6.363858e-01 9.349637e-03
vertex 1.089311e-01 6.435421e-01 -9.575922e-03
vertex 1.393699e-01 6.425745e-01 -8.088366e-03
endloop
endfacet
facet normal 0 0 0
outer loop
vertex -2.616646e-01 4.086849e-01 8.944406e-02
vertex -2.610169e-01 3.665842e-01 9.148473e-02
vertex -2.420214e-01 3.917207e-01 9.665316e-02
endloop
endfacet
facet normal 0 0 0
outer loop
vertex 1.245833e-01 1.178553e-01 2.324906e-02
vertex 1.210451e-01 1.649228e-01 2.356450e-02
vertex 8.701397e-02 1.081408e-01 2.085826e-02
endloop
endfacet
facet normal 0 0 0
outer loop
vertex 1.210451e-01 1.649228e-01 2.356450e-02
vertex 1.245833e-01 1.178553e-01 2.324906e-02
vertex 1.785375e-01 1.203207e-01 2.383285e-02
endloop
endfacet
facet normal 0 0 0
outer loop
vertex -1.893646e-01 4.076213e-01 7.645808e-02
vertex -2.063307e-01 3.624715e-01 6.922715e-02
vertex -1.556852e-01 3.787232e-01 7.086988e-02
endloop
endfacet
facet normal 0 0 0
outer loop
vertex -1.592097e-01 3.225048e-01 5.406134e-02
vertex -1.556852e-01 3.787232e-01 7.086988e-02
vertex -2.063307e-01 3.624715e-01 6.922715e-02
endloop
endfacet
facet normal 0 0 0
outer loop
vertex -7.290308e-02 5.522284e-01 1.319710e-01
vertex -7.507907e-02 4.975113e-01 1.325656e-01
vertex -5.525737e-02 5.308404e-01 1.362481e-01
endloop
endfacet
facet normal 0 0 0
outer loop
vertex 2.343609e-01 3.976022e-01 -1.614706e-02
vertex 2.782340e-01 3.901800e-01 -2.564200e-02
vertex 2.365060e-01 3.710260e-01 -9.532000e-03
endloop
endfacet
facet normal 0 0 0
outer loop
vertex 4.291198e-01 7.561523e-01 6.657706e-03
vertex 3.780110e-01 7.366316e-01 7.142419e-03
vertex 4.261653e-01 7.201560e-01 1.830227e-02
endloop
endfacet
facet normal 0 0 0
outer loop
vertex -6.813313e-02 1.688123e-01 4.228013e-03
vertex -4.948926e-02 1.647602e-01 8.480429e-03
vertex -7.501210e-02 2.019860e-01 6.084251e-03
endloop
endfacet
facet normal 0 0 0
outer loop
vertex 2.427449e-01 9.155327e-01 -9.470104e-03
vertex 2.286583e-01 9.312421e-01 2.121357e-03
vertex 2.473079e-01 9.158636e-01 3.472691e-03
endloop
endfacet
facet normal 0 0 0
outer loop
vertex -9.156026e-02 4.381588e-01 7.348911e-02
vertex -4.240030e-02 4.427108e-01 6.952969e-02
vertex -6.514649e-02 4.877213e-01 7.355119e-02
endloop
endfacet
facet normal 0 0 0
outer loop
vertex -5.589827e-02 4.561645e-01 1.219906e-01
vertex -8.560646e-02 4.319934e-01 1.182455e-01
vertex -1.015378e-01 4.718947e-01 1.134567e-01
endloop
endfacet
facet normal 0 0 0
outer loop
vertex -3.305753e-01 5.444098e-01 7.743882e-02
vertex -3.043888e-01 6.231949e-01 6.995548e-02
vertex -3.817308e-01 6.059667e-01 6.572142e-02
endloop
endfacet
facet normal 0 0 0
outer loop
vertex -1.504023e-01 2.222482e-01 3.654750e-02
vertex -1.493347e-01 1.892215e-01 4.224452e-02
vertex -1.922914e-01 1.858147e-01 4.117875e-02
endloop
endfacet
facet normal 0 0 0
outer loop
vertex -3.873023e-01 4.540918e-01 7.150988e-02
vertex -3.568569e-01 4.888176e-01 7.646223e-02
vertex -4.075336e-01 4.947174e-01 7.167406e-02
endloop
endfacet
facet normal 0 0 0
outer loop
vertex 2.719879e-01 8.421828e-03 -6.339985e-03
vertex 2.777400e-01 5.756522e-02 -1.583997e-02
vertex 3.022335e-01 4.121700e-02 -1.066869e-02
endloop
endfacet
facet normal 0 0 0
outer loop
vertex 2.990430e-01 1.801900e-02 -6.971000e-03
vertex 2.719879e-01 8.421828e-03 -6.339985e-03
vertex 3.022335e-01 4.121700e-02 -1.066869e-02
endloop
endfacet
facet normal 0 0 0
outer loop
vertex -3.873023e-01 4.540918e-01 7.150988e-02
vertex -4.075336e-01 4.947174e-01 7.167406e-02
vertex -4.229438e-01 4.599821e-01 7.170131e-02
endloop
endfacet
facet normal 0 0 0
outer loop
vertex 4.107901e-02 3.698689e-01 -4.453728e-02
vertex 1.916959e-02 3.171078e-01 -2.047973e-02
vertex -1.013929e-02 3.548967e-01 -5.132046e-02
endloop
endfacet
facet normal 0 0 0
outer loop
vertex 4.107901e-02 3.698689e-01 -4.453728e-02
vertex 5.609300e-02 3.383830e-01 -1.771700e-02
vertex 1.916959e-02 3.171078e-01 -2.047973e-02
endloop
endfacet
facet normal 0 0 0
outer loop
vertex -1.410327e-01 8.861672e-02 -7.186581e-02
vertex -1.353970e-01 1.106750e-01 -7.887655e-02
vertex -1.430827e-01 1.345709e-01 -6.190553e-02
endloop
endfacet
facet normal 0 0 0
outer loop
vertex 5.034903e-01 2.009037e-01 6.037076e-03
vertex 4.553834e-01 1.786153e-01 3.086439e-03
vertex 4.853729e-01 1.854190e-01 -7.047513e-03
endloop
endfacet
facet normal 0 0 0
outer loop
vertex -1.692249e-01 2.117908e-01 -5.499914e-02
vertex -1.495449e-01 2.231457e-01 -4.896926e-02
vertex -1.481606e-01 1.883380e-01 -6.285971e-02
endloop
endfacet
facet normal 0 0 0
outer loop
vertex -2.717116e-01 1.612452e-01 -5.234170e-02
vertex -2.789406e-01 1.267439e-01 -6.367080e-02
vertex -2.437005e-01 1.285635e-01 -6.000028e-02
endloop
endfacet
facet normal 0 0 0
outer loop
vertex -2.496358e-01 1.706219e-01 4.468259e-02
vertex -1.922914e-01 1.858147e-01 4.117875e-02
vertex -2.286411e-01 1.520468e-01 4.988273e-02
endloop
endfacet
facet normal 0 0 0
outer loop
vertex -5.784569e-01 4.336245e-01 -1.056029e-02
vertex -5.665644e-01 4.211063e-01 -1.837133e-02
vertex -5.748119e-01 4.166728e-01 5.067423e-03
endloop
endfacet
facet normal 0 0 0
outer loop
vertex -4.488492e-02 9.272818e-01 -9.636792e-03
vertex -1.303347e-02 9.499328e-01 -8.220264e-03
vertex -1.235398e-02 9.060296e-01 -1.911101e-02
endloop
endfacet
facet normal 0 0 0
outer loop
vertex -1.200852e-01 2.742781e-01 1.347161e-02
vertex -8.659814e-02 2.729473e-01 8.274189e-03
vertex -8.158756e-02 3.006564e-01 3.530441e-02
endloop
endfacet
facet normal 0 0 0
outer loop
vertex -2.109507e-01 1.030210e-01 6.317816e-02
vertex -1.932776e-01 1.299496e-01 5.625673e-02
vertex -1.798851e-01 7.445398e-02 6.981428e-02
endloop
endfacet
facet normal 0 0 0
outer loop
vertex -2.374920e-01 4.526702e-01 -7.921001e-02
vertex -2.376908e-01 4.827808e-01 -8.071789e-02
vertex -1.987491e-01 4.506775e-01 -7.802970e-02
endloop
endfacet
facet normal 0 0 0
outer loop
vertex -2.175597e-01 4.614657e-01 -8.626373e-02
vertex -2.376908e-01 4.827808e-01 -8.071789e-02
vertex -2.374920e-01 4.526702e-01 -7.921001e-02
endloop
endfacet
facet normal 0 0 0
outer loop
vertex -7.532804e-02 5.538717e-01 -1.289378e-01
vertex -6.225473e-02 5.466588e-01 -1.196074e-01
vertex -5.092444e-02 5.426480e-01 -1.313043e-01
endloop
endfacet
facet normal 0 0 0
outer loop
vertex -1.999269e-01 3.666754e-01 1.081771e-01
vertex -2.278155e-01 4.223370e-01 1.005434e-01
vertex -2.420214e-01 3.917207e-01 9.665316e-02
endloop
endfacet
facet normal 0 0 0
outer loop
vertex -2.278155e-01 4.223370e-01 1.005434e-01
vertex -1.999269e-01 3.666754e-01 1.081771e-01
vertex -1.932273e-01 3.986868e-01 1.102107e-01
endloop
endfacet
facet normal 0 0 0
outer loop
vertex 5.277810e-02 7.430185e-02 1.168571e-02
vertex 3.557581e-03 8.197685e-02 4.584151e-03
vertex 4.471678e-02 6.304797e-02 -5.033906e-03
endloop
endfacet
facet normal 0 0 0
outer loop
vertex -4.924795e-02 5.144767e-01 -1.239925e-01
vertex -5.763147e-02 5.114593e-01 -1.361779e-01
vertex -5.092444e-02 5.426480e-01 -1.313043e-01
endloop
endfacet
facet normal 0 0 0
outer loop
vertex -1.446790e-01 1.530470e-01 -7.251406e-02
vertex -1.787525e-01 1.741565e-01 -6.632468e-02
vertex -1.481606e-01 1.883380e-01 -6.285971e-02
endloop
endfacet
facet normal 0 0 0
outer loop
vertex 5.753957e-01 3.707891e-01 -1.124658e-02
vertex 5.577847e-01 3.364130e-01 -8.185447e-03
vertex 5.544882e-01 4.018640e-01 -1.978110e-02
endloop
endfacet
facet normal 0 0 0
outer loop
vertex 3.520760e-01 6.617270e-01 -2.762200e-02
vertex 3.884685e-01 6.897140e-01 -2.518844e-02
vertex 4.149224e-01 6.364124e-01 -3.082245e-02
endloop
endfacet
facet normal 0 0 0
outer loop
vertex 1.395712e-01 6.891162e-01 -1.714230e-02
vertex 1.805012e-01 7.021559e-01 -1.564582e-02
vertex 1.610447e-01 6.695569e-01 -1.233742e-02
endloop
endfacet
facet normal 0 0 0
outer loop
vertex 1.176828e-01 3.995533e-01 3.281492e-02
vertex 1.466290e-01 4.274937e-01 3.602814e-02
vertex 9.771334e-02 4.213573e-01 4.535434e-02
endloop
endfacet
facet normal 0 0 0
outer loop
vertex 2.432316e-01 4.941266e-01 2.877073e-02
vertex 2.412748e-01 5.451217e-01 2.157817e-02
vertex 1.912543e-01 5.092072e-01 3.248501e-02
endloop
endfacet
facet normal 0 0 0
outer loop
vertex -4.891835e-02 2.355954e-01 1.227744e-02
vertex -1.258788e-02 2.048289e-01 1.706211e-02
vertex 1.145290e-02 2.543341e-01 1.866652e-02
endloop
endfacet
facet normal 0 0 0
outer loop
vertex -3.481517e-02 2.932777e-01 2.031144e-02
vertex -4.891835e-02 2.355954e-01 1.227744e-02
vertex 1.145290e-02 2.543341e-01 1.866652e-02
endloop
endfacet
facet normal 0 0 0
outer loop
vertex 3.288760e-01 2.967060e-01 -2.364200e-02
vertex 3.009219e-01 3.344315e-01 -2.521374e-02
vertex 3.787159e-01 3.282121e-01 -3.223551e-02
endloop
endfacet
facet normal 0 0 0
outer loop
vertex -5.029719e-01 3.732843e-01 -1.637262e-02
vertex -4.951178e-01 3.689505e-01 1.650264e-02
vertex -5.344917e-01 3.934657e-01 1.756695e-02
endloop
endfacet
facet normal 0 0 0
outer loop
vertex 1.293590e-01 7.575600e-02 2.022800e-02
vertex 8.778581e-02 7.103539e-02 1.334196e-02
vertex 9.017333e-02 4.100746e-02 1.063407e-02
endloop
endfacet
facet normal 0 0 0
outer loop
vertex -5.370716e-01 4.219988e-01 3.722074e-02
vertex -5.384979e-01 4.720864e-01 4.628238e-02
vertex -5.682375e-01 4.470409e-01 3.210384e-02
endloop
endfacet
facet normal 0 0 0
outer loop
vertex 4.338824e-01 3.814749e-01 2.989292e-02
vertex 4.877138e-01 3.751188e-01 2.263189e-02
vertex 4.772207e-01 4.380871e-01 2.838421e-02
endloop
endfacet
facet normal 0 0 0
outer loop
vertex 2.461304e-01 3.483277e-01 7.256771e-03
vertex 2.794737e-01 3.448164e-01 1.724161e-02
vertex 2.717165e-01 3.799970e-01 2.080941e-02
endloop
endfacet
facet normal 0 0 0
outer loop
vertex 3.571902e-01 8.266068e-02 -5.236562e-03
vertex 3.718916e-01 6.988940e-02 -1.050818e-02
vertex 3.426452e-01 4.114170e-02 -1.047144e-02
endloop
endfacet
facet normal 0 0 0
outer loop
vertex 3.475531e-01 4.814103e-01 -3.184341e-02
vertex 3.193155e-01 4.255529e-01 -2.934205e-02
vertex 2.697360e-01 4.856435e-01 -2.794330e-02
endloop
endfacet
facet normal 0 0 0
outer loop
vertex 1.950640e-01 7.492798e-01 -2.067081e-02
vertex 1.805012e-01 7.021559e-01 -1.564582e-02
vertex 1.372567e-01 7.634047e-01 -2.839988e-02
endloop
endfacet
facet normal 0 0 0
outer loop
vertex -5.313943e-01 5.825528e-01 2.580894e-02
vertex -5.461204e-01 5.762962e-01 -4.919404e-04
vertex -5.500250e-01 5.672538e-01 1.849523e-02
endloop
endfacet
facet normal 0 0 0
outer loop
vertex -1.999269e-01 3.666754e-01 1.081771e-01
vertex -2.420214e-01 3.917207e-01 9.665316e-02
vertex -2.610169e-01 3.665842e-01 9.148473e-02
endloop
endfacet
facet normal 0 0 0
outer loop
vertex -2.610169e-01 3.665842e-01 9.148473e-02
vertex -2.245704e-01 3.359502e-01 9.897719e-02
vertex -1.999269e-01 3.666754e-01 1.081771e-01
endloop
endfacet
facet normal 0 0 0
outer loop
vertex 1.183560e-01 3.580105e-02 -1.356530e-02
vertex 7.171678e-02 4.778602e-02 -1.064418e-02
vertex 1.300883e-01 6.036023e-02 -2.075501e-02
endloop
endfacet
facet normal 0 0 0
outer loop
vertex 1.300883e-01 6.036023e-02 -2.075501e-02
vertex 7.171678e-02 4.778602e-02 -1.064418e-02
vertex 9.376837e-02 8.645926e-02 -2.197201e-02
endloop
endfacet
facet normal 0 0 0
outer loop
vertex -1.157469e-01 5.069485e-01 1.248543e-01
vertex -7.290308e-02 5.522284e-01 1.319710e-01
vertex -1.172455e-01 5.482919e-01 1.204875e-01
endloop
endfacet
facet normal 0 0 0
outer loop
vertex 5.726198e-01 6.043087e-01 -1.060685e-02
vertex 5.862156e-01 5.584075e-01 -8.415481e-03
vertex 5.286815e-01 5.831875e-01 -2.350391e-02
endloop
endfacet
facet normal 0 0 0
outer loop
vertex 2.432316e-01 4.941266e-01 2.877073e-02
vertex 3.267044e-01 4.612885e-01 3.096377e-02
vertex 2.968369e-01 5.289970e-01 2.907209e-02
endloop
endfacet
facet normal 0 0 0
outer loop
vertex 2.968369e-01 5.289970e-01 2.907209e-02
vertex 3.267044e-01 4.612885e-01 3.096377e-02
vertex 3.610426e-01 5.394519e-01 3.248404e-02
endloop
endfacet
facet normal 0 0 0
outer loop
vertex 5.842304e-02 6.636992e-01 -3.083045e-02
vertex 1.696723e-02 6.439999e-01 -5.201547e-02
vertex 1.618680e-02 6.814479e-01 -4.029547e-02
endloop
endfacet
facet normal 0 0 0
outer loop
vertex 2.719879e-01 8.421828e-03 -6.339985e-03
vertex 2.096154e-01 1.084025e-02 -9.396573e-03
vertex 2.227122e-01 5.140370e-02 -1.956832e-02
endloop
endfacet
facet normal 0 0 0
outer loop
vertex 2.719879e-01 8.421828e-03 -6.339985e-03
vertex 2.227122e-01 5.140370e-02 -1.956832e-02
vertex 2.777400e-01 5.756522e-02 -1.583997e-02
endloop
endfacet
facet normal 0 0 0
outer loop
vertex -4.402952e-01 3.940221e-01 -5.851120e-02
vertex -3.892893e-01 4.219448e-01 -7.242505e-02
vertex -3.655637e-01 3.606342e-01 -5.079537e-02
endloop
endfacet
facet normal 0 0 0
outer loop
vertex 2.524309e-01 3.302487e-01 -4.906935e-03
vertex 2.782340e-01 3.901800e-01 -2.564200e-02
vertex 3.009219e-01 3.344315e-01 -2.521374e-02
endloop
endfacet
facet normal 0 0 0
outer loop
vertex 2.365060e-01 3.710260e-01 -9.532000e-03
vertex 2.782340e-01 3.901800e-01 -2.564200e-02
vertex 2.524309e-01 3.302487e-01 -4.906935e-03
endloop
endfacet
facet normal 0 0 0
outer loop
vertex 1.391279e-02 4.082737e-01 5.989357e-02
vertex 5.963015e-02 4.078982e-01 5.085639e-02
vertex 5.609073e-02 4.530003e-01 5.834883e-02
endloop
endfacet
facet normal 0 0 0
outer loop
vertex -3.747132e-01 3.160069e-01 2.501631e-02
vertex -3.639319e-01 3.034159e-01 9.492687e-03
vertex -3.440540e-01 3.074751e-01 2.750737e-02
endloop
endfacet
facet normal 0 0 0
outer loop
vertex -5.399001e-01 3.963265e-01 -1.342024e-02
vertex -5.029719e-01 3.732843e-01 -1.637262e-02
vertex -5.344917e-01 3.934657e-01 1.756695e-02
endloop
endfacet
facet normal 0 0 0
outer loop
vertex 1.486946e-01 4.202950e-01 -3.339671e-02
vertex 1.312983e-01 4.469336e-01 -4.391124e-02
vertex 1.701582e-01 4.365527e-01 -3.516642e-02
endloop
endfacet
facet normal 0 0 0
outer loop
vertex -5.749700e-03 3.478755e-01 4.706495e-02
vertex -3.481517e-02 2.932777e-01 2.031144e-02
vertex 2.274236e-02 3.187602e-01 1.740500e-02
endloop
endfacet
facet normal 0 0 0
outer loop
vertex 3.955331e-01 6.279212e-01 2.874341e-02
vertex 4.516120e-01 6.409030e-01 2.273600e-02
vertex 4.291778e-01 6.685202e-01 2.478848e-02
endloop
endfacet
facet normal 0 0 0
outer loop
vertex 1.486946e-01 4.202950e-01 -3.339671e-02
vertex 1.156685e-01 4.163878e-01 -4.027920e-02
vertex 1.312983e-01 4.469336e-01 -4.391124e-02
endloop
endfacet
facet normal 0 0 0
outer loop
vertex 1.369889e-01 2.959022e-01 1.402816e-02
vertex 1.591340e-01 3.258660e-01 1.138800e-02
vertex 1.097059e-01 3.324977e-01 1.315459e-02
endloop
endfacet
facet normal 0 0 0
outer loop
vertex -1.745669e-01 1.230731e-01 -7.915595e-02
vertex -2.067727e-01 1.530069e-01 -7.173798e-02
vertex -1.446790e-01 1.530470e-01 -7.251406e-02
endloop
endfacet
facet normal 0 0 0
outer loop
vertex 2.147434e-01 9.276489e-01 -9.925561e-03
vertex 2.211117e-01 8.709671e-01 -1.958917e-02
vertex 1.824069e-01 9.322759e-01 -9.684997e-03
endloop
endfacet
facet normal 0 0 0
outer loop
vertex -2.557761e-01 2.310850e-01 -3.072402e-02
vertex -2.643211e-01 2.114238e-01 -3.715966e-02
vertex -2.418588e-01 2.182023e-01 -3.491447e-02
endloop
endfacet
facet normal 0 0 0
outer loop
vertex -1.989074e-01 5.126509e-01 9.474971e-02
vertex -2.249181e-01 4.788087e-01 8.298578e-02
vertex -2.391033e-01 4.934876e-01 8.939251e-02
endloop
endfacet
facet normal 0 0 0
outer loop
vertex -2.391033e-01 4.934876e-01 8.939251e-02
vertex -2.249181e-01 4.788087e-01 8.298578e-02
vertex -2.664242e-01 4.760274e-01 7.518885e-02
endloop
endfacet
facet normal 0 0 0
outer loop
vertex -2.249181e-01 4.788087e-01 8.298578e-02
vertex -2.495089e-01 5.244975e-01 8.224021e-02
vertex -2.664242e-01 4.760274e-01 7.518885e-02
endloop
endfacet
facet normal 0 0 0
outer loop
vertex -2.311255e-01 3.415860e-01 -9.991144e-02
vertex -2.566988e-01 3.552151e-01 -8.551810e-02
vertex -2.577150e-01 3.639780e-01 -9.352300e-02
endloop
endfacet
facet normal 0 0 0
outer loop
vertex 1.490302e-01 3.987097e-01 2.308944e-02
vertex 1.445878e-01 3.807147e-01 5.516033e-03
vertex 1.685655e-01 3.896823e-01 -6.413439e-03
endloop
endfacet
facet normal 0 0 0
outer loop
vertex -1.210908e-01 3.834881e-01 -1.274129e-01
vertex -7.831759e-02 3.799608e-01 -1.334026e-01
vertex -9.641663e-02 3.535036e-01 -1.292669e-01
endloop
endfacet
facet normal 0 0 0
outer loop
vertex -4.841999e-02 3.901666e-01 -6.506165e-02
vertex -9.447072e-02 4.193683e-01 -7.236413e-02
vertex -5.326946e-02 4.337744e-01 -7.030975e-02
endloop
endfacet
facet normal 0 0 0
outer loop
vertex -3.126730e-01 2.634871e-01 -3.529653e-02
vertex -3.064456e-01 2.392901e-01 -3.359815e-02
vertex -2.974483e-01 2.698930e-01 -2.355261e-02
endloop
endfacet
facet normal 0 0 0
outer loop
vertex -2.370976e-01 1.774059e-01 6.216591e-02
vertex -1.810406e-01 1.460537e-01 6.992802e-02
vertex -1.875878e-01 2.115300e-01 5.203445e-02
endloop
endfacet
facet normal 0 0 0
outer loop
vertex 1.293590e-01 7.575600e-02 2.022800e-02
vertex 8.701397e-02 1.081408e-01 2.085826e-02
vertex 8.778581e-02 7.103539e-02 1.334196e-02
endloop
endfacet
facet normal 0 0 0
outer loop
vertex -2.024662e-01 7.155160e-01 4.616887e-02
vertex -2.626870e-01 6.894632e-01 5.417648e-02
vertex -1.868009e-01 6.645917e-01 6.545109e-02
endloop
endfacet
facet normal 0 0 0
outer loop
vertex 5.983542e-01 5.179664e-01 -4.462859e-03
vertex 5.957142e-01 4.564801e-01 -9.469678e-03
vertex 5.655423e-01 4.803074e-01 -1.913045e-02
endloop
endfacet
facet normal 0 0 0
outer loop
vertex 5.983542e-01 5.179664e-01 -4.462859e-03
vertex 5.910797e-01 4.766255e-01 6.401373e-03
vertex 5.957142e-01 4.564801e-01 -9.469678e-03
endloop
endfacet
facet normal 0 0 0
outer loop
vertex -3.154237e-01 7.181486e-01 2.742274e-02
vertex -2.749177e-01 7.300954e-01 2.510137e-02
vertex -2.837730e-01 7.339690e-01 -1.202800e-02
endloop
endfacet
facet normal 0 0 0
outer loop
vertex -2.749177e-01 7.300954e-01 2.510137e-02
vertex -2.332667e-01 7.396255e-01 2.232757e-02
vertex -2.472164e-01 7.419429e-01 -4.372527e-03
endloop
endfacet
facet normal 0 0 0
outer loop
vertex -2.700434e-01 6.597570e-01 -6.376366e-02
vertex -2.535405e-01 6.103321e-01 -7.479575e-02
vertex -3.059208e-01 5.914923e-01 -7.547496e-02
endloop
endfacet
facet normal 0 0 0
outer loop
vertex -2.025124e-01 6.257029e-01 -7.317426e-02
vertex -2.535405e-01 6.103321e-01 -7.479575e-02
vertex -2.700434e-01 6.597570e-01 -6.376366e-02
endloop
endfacet
facet normal 0 0 0
outer loop
vertex -2.750308e-02 6.383889e-01 -6.099412e-02
vertex 1.696723e-02 6.439999e-01 -5.201547e-02
vertex 6.940229e-04 6.041542e-01 -6.158771e-02
endloop
endfacet
facet normal 0 0 0
outer loop
vertex -1.715130e-01 4.945406e-01 -1.124131e-01
vertex -1.701770e-01 4.599520e-01 -1.117090e-01
vertex -2.057370e-01 5.093405e-01 -1.025742e-01
endloop
endfacet
facet normal 0 0 0
outer loop
vertex -2.126999e-01 4.561212e-01 -1.039153e-01
vertex -2.057370e-01 5.093405e-01 -1.025742e-01
vertex -1.701770e-01 4.599520e-01 -1.117090e-01
endloop
endfacet
facet normal 0 0 0
outer loop
vertex -1.319423e-01 1.655491e-01 6.007699e-02
vertex -1.380213e-01 1.607603e-01 4.974848e-02
vertex -1.462546e-01 1.866662e-01 5.804575e-02
endloop
endfacet
facet normal 0 0 0
outer loop
vertex -1.380213e-01 1.607603e-01 4.974848e-02
vertex -1.493347e-01 1.892215e-01 4.224452e-02
vertex -1.462546e-01 1.866662e-01 5.804575e-02
endloop
endfacet
facet normal 0 0 0
outer loop
vertex 2.096149e-01 4.374043e-01 -2.753963e-02
vertex 2.169679e-01 5.087029e-01 -3.014611e-02
vertex 2.697360e-01 4.856435e-01 -2.794330e-02
endloop
endfacet
facet normal 0 0 0
outer loop
vertex 2.096149e-01 4.374043e-01 -2.753963e-02
vertex 1.648284e-01 4.825078e-01 -3.952238e-02
vertex 2.169679e-01 5.087029e-01 -3.014611e-02
endloop
endfacet
facet normal 0 0 0
outer loop
vertex -1.525987e-01 4.224160e-01 -7.611520e-02
vertex -9.447072e-02 4.193683e-01 -7.236413e-02
vertex -1.072986e-01 3.779075e-01 -6.799282e-02
endloop
endfacet
facet normal 0 0 0
outer loop
vertex 2.167073e-01 9.038991e-01 1.319677e-02
vertex 2.473079e-01 9.158636e-01 3.472691e-03
vertex 2.286583e-01 9.312421e-01 2.121357e-03
endloop
endfacet
facet normal 0 0 0
outer loop
vertex -3.045770e-01 2.231950e-01 5.128977e-02
vertex -2.558980e-01 2.096919e-01 5.375763e-02
vertex -2.533454e-01 2.482891e-01 4.190334e-02
endloop
endfacet
facet normal 0 0 0
outer loop
vertex -2.739537e-02 1.060535e-01 -9.600314e-03
vertex -2.274251e-02 1.001996e-01 6.093578e-03
vertex -4.996316e-02 1.235861e-01 2.025491e-03
endloop
endfacet
facet normal 0 0 0
outer loop
vertex 3.817859e-02 9.258278e-01 -1.782666e-02
vertex -1.303347e-02 9.499328e-01 -8.220264e-03
vertex 2.595652e-02 9.630902e-01 -8.102025e-03
endloop
endfacet
facet normal 0 0 0
outer loop
vertex 1.097059e-01 3.324977e-01 1.315459e-02
vertex 1.591340e-01 3.258660e-01 1.138800e-02
vertex 1.391747e-01 3.540937e-01 1.021687e-02
endloop
endfacet
facet normal 0 0 0
outer loop
vertex 5.409110e-01 4.176620e-01 1.814021e-02
vertex 5.694804e-01 4.407485e-01 1.315049e-02
vertex 5.534653e-01 4.716745e-01 1.732747e-02
endloop
endfacet
facet normal 0 0 0
outer loop
vertex 5.876803e-01 4.036094e-01 3.865741e-03
vertex 5.807850e-01 3.757116e-01 4.446772e-03
vertex 5.890064e-01 4.088651e-01 -1.075396e-02
endloop
endfacet
facet normal 0 0 0
outer loop
vertex -1.592097e-01 3.225048e-01 5.406134e-02
vertex -1.179959e-01 3.056336e-01 4.230022e-02
vertex -9.991575e-02 3.321092e-01 5.439327e-02
endloop
endfacet
facet normal 0 0 0
outer loop
vertex -3.034244e-02 1.825794e-01 -1.483112e-02
vertex -6.342215e-02 1.653517e-01 -9.497584e-03
vertex -6.170115e-02 2.019695e-01 -1.014216e-02
endloop
endfacet
facet normal 0 0 0
outer loop
vertex -3.414149e-01 4.175254e-01 -6.820474e-02
vertex -3.465908e-01 4.578614e-01 -7.882839e-02
vertex -2.999162e-01 4.359025e-01 -7.745700e-02
endloop
endfacet
facet normal 0 0 0
outer loop
vertex 1.534421e-02 8.868170e-01 -2.605033e-02
vertex 5.578645e-02 8.675748e-01 -2.660484e-02
vertex -1.998404e-02 8.469661e-01 -2.862385e-02
endloop
endfacet
facet normal 0 0 0
outer loop
vertex 5.789825e-02 2.880279e-01 1.847421e-02
vertex 7.219100e-02 3.473040e-01 1.512000e-02
vertex 2.274236e-02 3.187602e-01 1.740500e-02
endloop
endfacet
facet normal 0 0 0
outer loop
vertex 5.789825e-02 2.880279e-01 1.847421e-02
vertex 9.764133e-02 3.027872e-01 1.743610e-02
vertex 7.219100e-02 3.473040e-01 1.512000e-02
endloop
endfacet
facet normal 0 0 0
outer loop
vertex 1.549890e-01 7.274114e-01 2.033373e-02
vertex 2.157881e-01 7.504421e-01 1.711039e-02
vertex 1.828371e-01 7.925039e-01 2.833878e-02
endloop
endfacet
facet normal 0 0 0
outer loop
vertex 1.710880e-01 9.598147e-01 -9.240248e-03
vertex 1.294130e-01 9.648911e-01 1.116075e-03
vertex 1.727862e-01 9.634420e-01 4.907143e-03
endloop
endfacet
facet normal 0 0 0
outer loop
vertex -1.798851e-01 7.445398e-02 6.981428e-02
vertex -1.353825e-01 7.363942e-02 7.251491e-02
vertex -1.372892e-01 5.215520e-02 7.473239e-02
endloop
endfacet
facet normal 0 0 0
outer loop
vertex 5.084106e-01 7.319514e-01 -1.079384e-02
vertex 4.840469e-01 7.549140e-01 -9.387379e-03
vertex 5.020241e-01 7.459392e-01 1.735424e-04
endloop
endfacet
facet normal 0 0 0
outer loop
vertex 1.040720e-01 6.245050e-01 -1.356100e-02
vertex 1.190975e-01 6.085971e-01 -2.938864e-02
vertex 1.098469e-01 6.323273e-01 -1.053807e-02
endloop
endfacet
facet normal 0 0 0
outer loop
vertex 2.717165e-01 3.799970e-01 2.080941e-02
vertex 2.794737e-01 3.448164e-01 1.724161e-02
vertex 3.086470e-01 3.717530e-01 2.390900e-02
endloop
endfacet
facet normal 0 0 0
outer loop
vertex 3.086470e-01 3.717530e-01 2.390900e-02
vertex 3.001915e-01 4.137225e-01 2.752431e-02
vertex 2.717165e-01 3.799970e-01 2.080941e-02
endloop
endfacet
facet normal 0 0 0
outer loop
vertex -1.374675e-01 5.387998e-01 1.071361e-01
vertex -7.988912e-02 5.068343e-01 1.173611e-01
vertex -1.015378e-01 4.718947e-01 1.134567e-01
endloop
endfacet
facet normal 0 0 0
outer loop
vertex 2.085298e-01 1.791945e-01 1.793904e-02
vertex 1.785375e-01 1.203207e-01 2.383285e-02
vertex 2.327745e-01 1.386465e-01 1.901301e-02
endloop
endfacet
facet normal 0 0 0
outer loop
vertex 2.327745e-01 1.386465e-01 1.901301e-02
vertex 1.785375e-01 1.203207e-01 2.383285e-02
vertex 2.134709e-01 9.823512e-02 2.260790e-02
endloop
endfacet
facet normal 0 0 0
outer loop
vertex -3.126855e-02 8.370178e-01 2.867939e-02
vertex -8.209079e-02 7.993860e-01 2.770861e-02
vertex -1.161775e-02 7.872031e-01 3.121822e-02
endloop
endfacet
facet normal 0 0 0
outer loop
vertex -2.389661e-01 1.743246e-01 -4.754683e-02
vertex -2.437005e-01 1.285635e-01 -6.000028e-02
vertex -1.962229e-01 1.428919e-01 -5.646492e-02
endloop
endfacet
facet normal 0 0 0
outer loop
vertex -1.962229e-01 1.428919e-01 -5.646492e-02
vertex -2.027073e-01 1.791264e-01 -4.662357e-02
vertex -2.389661e-01 1.743246e-01 -4.754683e-02
endloop
endfacet
facet normal 0 0 0
outer loop
vertex 3.444605e-01 5.977738e-01 2.914272e-02
vertex 3.206646e-01 6.607512e-01 2.011224e-02
vertex 2.831086e-01 6.148744e-01 2.165166e-02
endloop
endfacet
facet normal 0 0 0
outer loop
vertex -1.826278e-01 3.739225e-01 9.645998e-02
vertex -2.027966e-01 4.008140e-01 9.059698e-02
vertex -1.718658e-01 4.170359e-01 9.807432e-02
endloop
endfacet
facet normal 0 0 0
outer loop
vertex -1.826278e-01 3.739225e-01 9.645998e-02
vertex -1.718658e-01 4.170359e-01 9.807432e-02
vertex -1.320268e-01 3.710373e-01 1.097799e-01
endloop
endfacet
facet normal 0 0 0
outer loop
vertex -1.692249e-01 2.117908e-01 -5.499914e-02
vertex -1.481606e-01 1.883380e-01 -6.285971e-02
vertex -2.004506e-01 2.007266e-01 -5.931451e-02
endloop
endfacet
facet normal 0 0 0
outer loop
vertex -1.710843e-01 2.397366e-01 -4.742061e-02
vertex -1.692249e-01 2.117908e-01 -5.499914e-02
vertex -2.004506e-01 2.007266e-01 -5.931451e-02
endloop
endfacet
facet normal 0 0 0
outer loop
vertex 2.671413e-01 9.046231e-02 -2.199597e-02
vertex 2.227122e-01 5.140370e-02 -1.956832e-02
vertex 2.224137e-01 9.379705e-02 -2.536629e-02
endloop
endfacet
facet normal 0 0 0
outer loop
vertex -4.841999e-02 3.901666e-01 -6.506165e-02
vertex -5.396138e-02 3.476437e-01 -5.107339e-02
vertex -8.432949e-02 3.437552e-01 -5.765036e-02
endloop
endfacet
facet normal 0 0 0
outer loop
vertex -9.906404e-02 2.990644e-01 -3.699446e-02
vertex -1.240022e-01 3.230161e-01 -5.266512e-02
vertex -8.432949e-02 3.437552e-01 -5.765036e-02
endloop
endfacet
facet normal 0 0 0
outer loop
vertex 5.551713e-01 5.259530e-01 -2.067934e-02
vertex 5.655423e-01 4.803074e-01 -1.913045e-02
vertex 5.160981e-01 4.966929e-01 -2.808070e-02
endloop
endfacet
facet normal 0 0 0
outer loop
vertex 5.551713e-01 5.259530e-01 -2.067934e-02
vertex 5.160981e-01 4.966929e-01 -2.808070e-02
vertex 5.189249e-01 5.351464e-01 -2.697251e-02
endloop
endfacet
facet normal 0 0 0
outer loop
vertex -1.715130e-01 4.945406e-01 -1.124131e-01
vertex -1.772847e-01 5.236982e-01 -1.112439e-01
vertex -1.555080e-01 5.059635e-01 -1.162307e-01
endloop
endfacet
facet normal 0 0 0
outer loop
vertex -1.511628e-01 2.059774e-01 -4.195972e-02
vertex -1.668258e-01 2.364097e-01 -3.256549e-02
vertex -1.868100e-01 2.146737e-01 -3.764227e-02
endloop
endfacet
facet normal 0 0 0
outer loop
vertex 1.593482e-01 2.577271e-01 -1.950114e-02
vertex 1.696567e-01 3.009846e-01 -1.513731e-02
vertex 2.124412e-01 2.705245e-01 -1.009197e-02
endloop
endfacet
facet normal 0 0 0
outer loop
vertex -2.027073e-01 1.791264e-01 -4.662357e-02
vertex -1.676406e-01 1.843014e-01 -4.883116e-02
vertex -1.868100e-01 2.146737e-01 -3.764227e-02
endloop
endfacet
facet normal 0 0 0
outer loop
vertex -2.311255e-01 3.415860e-01 -9.991144e-02
vertex -2.206271e-01 3.700948e-01 -1.025875e-01
vertex -1.874557e-01 3.274474e-01 -1.080448e-01
endloop
endfacet
facet normal 0 0 0
outer loop
vertex -2.206271e-01 3.700948e-01 -1.025875e-01
vertex -1.668366e-01 3.557068e-01 -1.163926e-01
vertex -1.874557e-01 3.274474e-01 -1.080448e-01
endloop
endfacet
facet normal 0 0 0
outer loop
vertex -1.878078e-01 2.565740e-01 3.232851e-02
vertex -1.634493e-01 2.396502e-01 3.404571e-02
vertex -1.791090e-01 2.396900e-01 2.646700e-02
endloop
endfacet
facet normal 0 0 0
outer loop
vertex -2.935079e-01 1.871678e-01 -6.494642e-02
vertex -2.844255e-01 1.361035e-01 -7.192954e-02
vertex -2.965862e-01 1.637388e-01 -5.902237e-02
endloop
endfacet
facet normal 0 0 0
outer loop
vertex -1.791090e-01 2.396900e-01 2.646700e-02
vertex -1.965495e-01 2.576493e-01 1.991520e-02
vertex -1.878078e-01 2.565740e-01 3.232851e-02
endloop
endfacet
facet normal 0 0 0
outer loop
vertex 4.877138e-01 3.751188e-01 2.263189e-02
vertex 5.362182e-01 3.703803e-01 1.501775e-02
vertex 5.409110e-01 4.176620e-01 1.814021e-02
endloop
endfacet
facet normal 0 0 0
outer loop
vertex -3.074000e-01 3.521501e-01 6.147750e-02
vertex -3.292421e-01 3.310533e-01 4.783576e-02
vertex -2.754943e-01 3.350640e-01 5.872221e-02
endloop
endfacet
facet normal 0 0 0
outer loop
vertex -2.063307e-01 3.624715e-01 6.922715e-02
vertex -2.516025e-01 3.754462e-01 7.228068e-02
vertex -2.411698e-01 3.294839e-01 5.795239e-02
endloop
endfacet
facet normal 0 0 0
outer loop
vertex -2.282698e-01 3.804460e-01 8.430591e-02
vertex -2.505124e-01 3.519057e-01 8.372672e-02
vertex -2.516025e-01 3.754462e-01 7.228068e-02
endloop
endfacet
facet normal 0 0 0
outer loop
vertex -6.965674e-02 5.842268e-01 -7.213143e-02
vertex -6.191791e-02 6.633287e-01 -6.054484e-02
vertex -2.750308e-02 6.383889e-01 -6.099412e-02
endloop
endfacet
facet normal 0 0 0
outer loop
vertex -2.313909e-02 6.784213e-01 -5.148727e-02
vertex 1.696723e-02 6.439999e-01 -5.201547e-02
vertex -2.750308e-02 6.383889e-01 -6.099412e-02
endloop
endfacet
facet normal 0 0 0
outer loop
vertex -3.655637e-01 3.606342e-01 -5.079537e-02
vertex -3.370430e-01 3.813860e-01 -5.678900e-02
vertex -3.011336e-01 3.524590e-01 -6.309415e-02
endloop
endfacet
facet normal 0 0 0
outer loop
vertex 1.009377e-02 1.277694e-01 -1.763167e-02
vertex -2.739537e-02 1.060535e-01 -9.600314e-03
vertex -2.401595e-02 1.499313e-01 -1.362561e-02
endloop
endfacet
facet normal 0 0 0
outer loop
vertex -2.401595e-02 1.499313e-01 -1.362561e-02
vertex 2.417587e-03 1.750221e-01 -1.944577e-02
vertex 1.009377e-02 1.277694e-01 -1.763167e-02
endloop
endfacet
facet normal 0 0 0
outer loop
vertex -6.191791e-02 6.633287e-01 -6.054484e-02
vertex -2.313909e-02 6.784213e-01 -5.148727e-02
vertex -2.750308e-02 6.383889e-01 -6.099412e-02
endloop
endfacet
facet normal 0 0 0
outer loop
vertex -2.558980e-01 2.096919e-01 5.375763e-02
vertex -3.045770e-01 2.231950e-01 5.128977e-02
vertex -3.063092e-01 1.944063e-01 5.843904e-02
endloop
endfacet
facet normal 0 0 0
outer loop
vertex -1.328315e-01 3.347048e-01 -1.235453e-01
vertex -1.642784e-01 3.320823e-01 -1.180547e-01
vertex -1.668366e-01 3.557068e-01 -1.163926e-01
endloop
endfacet
facet normal 0 0 0
outer loop
vertex 2.794737e-01 3.448164e-01 1.724161e-02
vertex 3.144870e-01 3.109040e-01 2.053400e-02
vertex 3.086470e-01 3.717530e-01 2.390900e-02
endloop
endfacet
facet normal 0 0 0
outer loop
vertex -4.798611e-02 3.943755e-01 6.544746e-02
vertex -4.240030e-02 4.427108e-01 6.952969e-02
vertex -9.156026e-02 4.381588e-01 7.348911e-02
endloop
endfacet
facet normal 0 0 0
outer loop
vertex -1.796085e-01 3.261511e-01 1.023171e-01
vertex -2.187911e-01 3.401127e-01 8.782290e-02
vertex -1.826278e-01 3.739225e-01 9.645998e-02
endloop
endfacet
facet normal 0 0 0
outer loop
vertex 1.316701e-01 4.894799e-01 4.595174e-02
vertex 7.101823e-02 5.210791e-01 5.611314e-02
vertex 9.174950e-02 4.709008e-01 5.324370e-02
endloop
endfacet
facet normal 0 0 0
outer loop
vertex 9.174950e-02 4.709008e-01 5.324370e-02
vertex 9.771334e-02 4.213573e-01 4.535434e-02
vertex 1.198754e-01 4.468609e-01 4.583956e-02
endloop
endfacet
facet normal 0 0 0
outer loop
vertex -2.299108e-01 1.880650e-01 -6.297467e-02
vertex -2.067727e-01 1.530069e-01 -7.173798e-02
vertex -2.564090e-01 1.780670e-01 -6.636600e-02
endloop
endfacet
facet normal 0 0 0
outer loop
vertex -1.210908e-01 3.834881e-01 -1.274129e-01
vertex -1.064812e-01 4.307159e-01 -1.288968e-01
vertex -7.096181e-02 4.170828e-01 -1.366846e-01
endloop
endfacet
facet normal 0 0 0
outer loop
vertex 1.984183e-01 2.383544e-01 -1.581341e-02
vertex 1.593482e-01 2.577271e-01 -1.950114e-02
vertex 2.124412e-01 2.705245e-01 -1.009197e-02
endloop
endfacet
facet normal 0 0 0
outer loop
vertex -5.589827e-02 4.561645e-01 1.219906e-01
vertex -5.524500e-02 5.022135e-01 1.212424e-01
vertex -5.002056e-02 5.004891e-01 1.337720e-01
endloop
endfacet
facet normal 0 0 0
outer loop
vertex -2.206271e-01 3.700948e-01 -1.025875e-01
vertex -2.577150e-01 3.639780e-01 -9.352300e-02
vertex -2.524310e-01 3.998927e-01 -9.405105e-02
endloop
endfacet
facet normal 0 0 0
outer loop
vertex 1.861649e-01 3.239256e-01 -1.069717e-02
vertex 1.891985e-01 3.337622e-01 -2.874846e-03
vertex 2.042808e-01 2.993557e-01 -1.488606e-03
endloop
endfacet
facet normal 0 0 0
outer loop
vertex 5.957142e-01 4.564801e-01 -9.469678e-03
vertex 5.910797e-01 4.766255e-01 6.401373e-03
vertex 5.950697e-01 4.336373e-01 3.942357e-03
endloop
endfacet
facet normal 0 0 0
outer loop
vertex 5.578645e-02 8.675748e-01 -2.660484e-02
vertex 2.344576e-02 8.323084e-01 -3.221761e-02
vertex -1.998404e-02 8.469661e-01 -2.862385e-02
endloop
endfacet
facet normal 0 0 0
outer loop
vertex -2.991411e-01 1.981293e-01 -4.431377e-02
vertex -2.717116e-01 1.612452e-01 -5.234170e-02
vertex -2.692870e-01 1.865259e-01 -4.468191e-02
endloop
endfacet
facet normal 0 0 0
outer loop
vertex 2.508911e-01 2.042877e-01 6.519440e-03
vertex 2.407793e-01 2.254460e-01 -8.217444e-03
vertex 2.281413e-01 2.440612e-01 6.223900e-03
endloop
endfacet
facet normal 0 0 0
outer loop
vertex -2.411698e-01 3.294839e-01 5.795239e-02
vertex -2.044522e-01 3.114750e-01 4.939835e-02
vertex -2.063307e-01 3.624715e-01 6.922715e-02
endloop
endfacet
facet normal 0 0 0
outer loop
vertex -6.670260e-02 4.099288e-01 1.360898e-01
vertex -7.776139e-02 3.776352e-01 1.308299e-01
vertex -6.770515e-02 4.077514e-01 1.219648e-01
endloop
endfacet
facet normal 0 0 0
outer loop
vertex -5.244247e-02 5.711035e-01 7.088691e-02
vertex -5.510592e-02 6.366733e-01 6.436390e-02
vertex -1.109578e-01 5.794458e-01 7.554590e-02
endloop
endfacet
facet normal 0 0 0
outer loop
vertex -1.987491e-01 4.506775e-01 -7.802970e-02
vertex -1.359441e-01 4.722769e-01 -7.845479e-02
vertex -1.525987e-01 4.224160e-01 -7.611520e-02
endloop
endfacet
facet normal 0 0 0
outer loop
vertex 2.794737e-01 3.448164e-01 1.724161e-02
vertex 2.461304e-01 3.483277e-01 7.256771e-03
vertex 2.668513e-01 3.154292e-01 6.592097e-03
endloop
endfacet
facet normal 0 0 0
outer loop
vertex -1.307564e-02 9.003304e-01 2.046826e-02
vertex -3.126855e-02 8.370178e-01 2.867939e-02
vertex 1.372742e-02 8.586270e-01 2.690362e-02
endloop
endfacet
facet normal 0 0 0
outer loop
vertex -3.239068e-01 4.092941e-01 6.971965e-02
vertex -3.408720e-01 3.735130e-01 5.553300e-02
vertex -3.140987e-01 3.790725e-01 6.447148e-02
endloop
endfacet
facet normal 0 0 0
outer loop
vertex -3.140987e-01 3.790725e-01 6.447148e-02
vertex -3.408720e-01 3.735130e-01 5.553300e-02
vertex -3.074000e-01 3.521501e-01 6.147750e-02
endloop
endfacet
facet normal 0 0 0
outer loop
vertex 1.912543e-01 5.092072e-01 3.248501e-02
vertex 1.926257e-01 4.393734e-01 2.899370e-02
vertex 2.432316e-01 4.941266e-01 2.877073e-02
endloop
endfacet
facet normal 0 0 0
outer loop
vertex -1.410585e-01 1.042214e-01 7.654978e-02
vertex -1.810406e-01 1.460537e-01 6.992802e-02
vertex -1.971453e-01 9.326388e-02 8.140495e-02
endloop
endfacet
facet normal 0 0 0
outer loop
vertex -1.410585e-01 1.042214e-01 7.654978e-02
vertex -1.971453e-01 9.326388e-02 8.140495e-02
vertex -1.690122e-01 7.004841e-02 8.695572e-02
endloop
endfacet
facet normal 0 0 0
outer loop
vertex -2.965862e-01 1.637388e-01 -5.902237e-02
vertex -2.717116e-01 1.612452e-01 -5.234170e-02
vertex -2.991411e-01 1.981293e-01 -4.431377e-02
endloop
endfacet
facet normal 0 0 0
outer loop
vertex -2.802522e-01 1.460243e-01 6.970689e-02
vertex -2.370976e-01 1.774059e-01 6.216591e-02
vertex -2.558980e-01 2.096919e-01 5.375763e-02
endloop
endfacet
facet normal 0 0 0
outer loop
vertex -2.558980e-01 2.096919e-01 5.375763e-02
vertex -2.370976e-01 1.774059e-01 6.216591e-02
vertex -1.875878e-01 2.115300e-01 5.203445e-02
endloop
endfacet
facet normal 0 0 0
outer loop
vertex 1.021809e-01 6.931099e-01 1.767652e-02
vertex 1.082034e-01 7.796820e-01 2.954289e-02
vertex 4.740885e-02 7.578411e-01 2.575020e-02
endloop
endfacet
facet normal 0 0 0
outer loop
vertex 2.407793e-01 2.254460e-01 -8.217444e-03
vertex 2.703256e-01 1.765753e-01 -9.474903e-03
vertex 2.360774e-01 1.776255e-01 -1.614397e-02
endloop
endfacet
facet normal 0 0 0
outer loop
vertex 2.703256e-01 1.765753e-01 -9.474903e-03
vertex 2.407793e-01 2.254460e-01 -8.217444e-03
vertex 2.508911e-01 2.042877e-01 6.519440e-03
endloop
endfacet
facet normal 0 0 0
outer loop
vertex -1.555080e-01 5.059635e-01 -1.162307e-01
vertex -1.374409e-01 4.832572e-01 -1.205985e-01
vertex -1.715130e-01 4.945406e-01 -1.124131e-01
endloop
endfacet
facet normal 0 0 0
outer loop
vertex 1.502300e-02 1.728230e-01 1.892100e-02
vertex 1.026139e-02 1.167656e-01 1.427556e-02
vertex 5.446641e-02 1.298155e-01 1.994581e-02
endloop
endfacet
facet normal 0 0 0
outer loop
vertex -6.128206e-03 3.042174e-01 -1.879286e-02
vertex 5.766028e-03 2.784142e-01 -1.949224e-02
vertex -3.142600e-02 2.913270e-01 -1.710600e-02
endloop
endfacet
facet normal 0 0 0
outer loop
vertex -1.990807e-02 3.163092e-01 -3.501363e-02
vertex -6.128206e-03 3.042174e-01 -1.879286e-02
vertex -3.142600e-02 2.913270e-01 -1.710600e-02
endloop
endfacet
facet normal 0 0 0
outer loop
vertex -2.389661e-01 1.743246e-01 -4.754683e-02
vertex -2.321207e-01 2.025207e-01 -3.948945e-02
vertex -2.643211e-01 2.114238e-01 -3.715966e-02
endloop
endfacet
facet normal 0 0 0
outer loop
vertex 2.111338e-01 4.525314e-02 1.605983e-02
vertex 2.478845e-01 8.457197e-02 2.017592e-02
vertex 2.134709e-01 9.823512e-02 2.260790e-02
endloop
endfacet
facet normal 0 0 0
outer loop
vertex -2.024662e-01 7.155160e-01 4.616887e-02
vertex -1.868009e-01 6.645917e-01 6.545109e-02
vertex -1.286024e-01 7.038301e-01 5.355195e-02
endloop
endfacet
facet normal 0 0 0
outer loop
vertex -1.710843e-01 2.397366e-01 -4.742061e-02
vertex -1.495449e-01 2.231457e-01 -4.896926e-02
vertex -1.692249e-01 2.117908e-01 -5.499914e-02
endloop
endfacet
facet normal 0 0 0
outer loop
vertex -1.979227e-01 2.621805e-01 -3.691901e-02
vertex -2.130247e-01 2.762353e-01 -2.548866e-02
vertex -2.139563e-01 2.713960e-01 -2.050109e-02
endloop
endfacet
facet normal 0 0 0
outer loop
vertex -2.903485e-01 1.757606e-01 6.337445e-02
vertex -2.965710e-01 1.629094e-01 5.712638e-02
vertex -2.802522e-01 1.460243e-01 6.970689e-02
endloop
endfacet
facet normal 0 0 0
outer loop
vertex -2.362430e-01 1.383701e-01 7.155242e-02
vertex -2.802522e-01 1.460243e-01 6.970689e-02
vertex -2.541953e-01 9.764227e-02 8.097474e-02
endloop
endfacet
facet normal 0 0 0
outer loop
vertex -2.541953e-01 9.764227e-02 8.097474e-02
vertex -2.802522e-01 1.460243e-01 6.970689e-02
vertex -2.851817e-01 1.348719e-01 6.148251e-02
endloop
endfacet
facet normal 0 0 0
outer loop
vertex 5.341666e-01 6.907979e-01 -9.089222e-03
vertex 5.593145e-01 6.433519e-01 -1.075364e-02
vertex 5.233678e-01 6.421372e-01 -1.685908e-02
endloop
endfacet
facet normal 0 0 0
outer loop
vertex 5.540598e-01 6.650460e-01 8.210873e-04
vertex 5.593145e-01 6.433519e-01 -1.075364e-02
vertex 5.341666e-01 6.907979e-01 -9.089222e-03
endloop
endfacet
facet normal 0 0 0
outer loop
vertex 1.586333e-02 5.693254e-01 6.210258e-02
vertex 6.624302e-02 5.980107e-01 4.847685e-02
vertex 2.397794e-02 6.363569e-01 5.166211e-02
endloop
endfacet
facet normal 0 0 0
outer loop
vertex -4.905660e-02 3.362943e-01 5.026111e-02
vertex -8.158756e-02 3.006564e-01 3.530441e-02
vertex -3.481517e-02 2.932777e-01 2.031144e-02
endloop
endfacet
facet normal 0 0 0
outer loop
vertex -7.615429e-02 3.583655e-01 6.110548e-02
vertex -4.905660e-02 3.362943e-01 5.026111e-02
vertex -4.798611e-02 3.943755e-01 6.544746e-02
endloop
endfacet
facet normal 0 0 0
outer loop
vertex -3.660537e-01 4.123899e-01 7.105535e-02
vertex -4.203805e-01 3.998917e-01 6.398436e-02
vertex -3.768156e-01 3.621083e-01 4.992902e-02
endloop
endfacet
facet normal 0 0 0
outer loop
vertex -2.278155e-01 4.223370e-01 1.005434e-01
vertex -2.206629e-01 4.577623e-01 1.020921e-01
vertex -2.584175e-01 4.740385e-01 9.342279e-02
endloop
endfacet
facet normal 0 0 0
outer loop
vertex -3.660537e-01 4.123899e-01 7.105535e-02
vertex -3.768156e-01 3.621083e-01 4.992902e-02
vertex -3.408720e-01 3.735130e-01 5.553300e-02
endloop
endfacet
facet normal 0 0 0
outer loop
vertex -2.391033e-01 4.934876e-01 8.939251e-02
vertex -2.584175e-01 4.740385e-01 9.342279e-02
vertex -2.221892e-01 4.987922e-01 1.029563e-01
endloop
endfacet
facet normal 0 0 0
outer loop
vertex 5.534653e-01 4.716745e-01 1.732747e-02
vertex 5.910797e-01 4.766255e-01 6.401373e-03
vertex 5.751352e-01 5.036974e-01 1.042454e-02
endloop
endfacet
facet normal 0 0 0
outer loop
vertex -5.798936e-02 3.078856e-01 -3.737868e-02
vertex -9.906404e-02 2.990644e-01 -3.699446e-02
vertex -8.432949e-02 3.437552e-01 -5.765036e-02
endloop
endfacet
facet normal 0 0 0
outer loop
vertex -2.996352e-01 4.032710e-01 7.797670e-02
vertex -2.825936e-01 3.862850e-01 8.465771e-02
vertex -2.616646e-01 4.086849e-01 8.944406e-02
endloop
endfacet
facet normal 0 0 0
outer loop
vertex 6.896323e-02 1.815401e-01 2.160982e-02
vertex 1.210451e-01 1.649228e-01 2.356450e-02
vertex 1.240643e-01 2.074132e-01 2.159252e-02
endloop
endfacet
facet normal 0 0 0
outer loop
vertex 5.715806e-02 2.274249e-01 2.054076e-02
vertex 6.896323e-02 1.815401e-01 2.160982e-02
vertex 1.240643e-01 2.074132e-01 2.159252e-02
endloop
endfacet
facet normal 0 0 0
outer loop
vertex 1.176828e-01 3.995533e-01 3.281492e-02
vertex 1.490302e-01 3.987097e-01 2.308944e-02
vertex 1.466290e-01 4.274937e-01 3.602814e-02
endloop
endfacet
facet normal 0 0 0
outer loop
vertex 5.876803e-01 4.036094e-01 3.865741e-03
vertex 5.950697e-01 4.336373e-01 3.942357e-03
vertex 5.694804e-01 4.407485e-01 1.315049e-02
endloop
endfacet
facet normal 0 0 0
outer loop
vertex 5.409110e-01 4.176620e-01 1.814021e-02
vertex 5.876803e-01 4.036094e-01 3.865741e-03
vertex 5.694804e-01 4.407485e-01 1.315049e-02
endloop
endfacet
facet normal 0 0 0
outer loop
vertex -1.775835e-01 5.168076e-01 -9.672644e-02
vertex -2.057370e-01 5.093405e-01 -1.025742e-01
vertex -2.055203e-01 5.028673e-01 -9.067598e-02
endloop
endfacet
facet normal 0 0 0
outer loop
vertex -2.376908e-01 4.827808e-01 -8.071789e-02
vertex -2.624186e-01 5.378226e-01 -8.181166e-02
vertex -2.215714e-01 5.217354e-01 -8.043981e-02
endloop
endfacet
facet normal 0 0 0
outer loop
vertex -5.869582e-01 5.187047e-01 -1.661265e-02
vertex -5.453738e-01 5.269241e-01 -4.034924e-02
vertex -5.529073e-01 4.732330e-01 -4.133227e-02
endloop
endfacet
facet normal 0 0 0
outer loop
vertex 1.082034e-01 7.796820e-01 2.954289e-02
vertex 1.021809e-01 6.931099e-01 1.767652e-02
vertex 1.549890e-01 7.274114e-01 2.033373e-02
endloop
endfacet
facet normal 0 0 0
outer loop
vertex 2.274236e-02 3.187602e-01 1.740500e-02
vertex 1.145290e-02 2.543341e-01 1.866652e-02
vertex 5.789825e-02 2.880279e-01 1.847421e-02
endloop
endfacet
facet normal 0 0 0
outer loop
vertex -1.777563e-01 7.294545e-01 -3.953623e-02
vertex -2.049172e-01 7.024773e-01 -5.248233e-02
vertex -2.030871e-01 7.360017e-01 -3.217535e-02
endloop
endfacet
facet normal 0 0 0
outer loop
vertex -1.777563e-01 7.294545e-01 -3.953623e-02
vertex -2.030871e-01 7.360017e-01 -3.217535e-02
vertex -1.725134e-01 7.486095e-01 -1.544412e-02
endloop
endfacet
facet normal 0 0 0
outer loop
vertex -3.077977e-01 2.206171e-01 -5.263994e-02
vertex -2.935079e-01 1.871678e-01 -6.494642e-02
vertex -3.040987e-01 1.918108e-01 -5.471370e-02
endloop
endfacet
facet normal 0 0 0
outer loop
vertex -3.077977e-01 2.206171e-01 -5.263994e-02
vertex -3.040987e-01 1.918108e-01 -5.471370e-02
vertex -2.991411e-01 1.981293e-01 -4.431377e-02
endloop
endfacet
facet normal 0 0 0
outer loop
vertex -2.825936e-01 3.862850e-01 8.465771e-02
vertex -2.996352e-01 4.032710e-01 7.797670e-02
vertex -2.848594e-01 3.825372e-01 7.367031e-02
endloop
endfacet
facet normal 0 0 0
outer loop
vertex -1.327942e-01 3.361725e-01 1.111117e-01
vertex -1.539518e-01 3.275164e-01 1.154552e-01
vertex -1.796085e-01 3.261511e-01 1.023171e-01
endloop
endfacet
facet normal 0 0 0
outer loop
vertex 5.446641e-02 1.298155e-01 1.994581e-02
vertex 1.210451e-01 1.649228e-01 2.356450e-02
vertex 6.896323e-02 1.815401e-01 2.160982e-02
endloop
endfacet
facet normal 0 0 0
outer loop
vertex 1.502300e-02 1.728230e-01 1.892100e-02
vertex 5.446641e-02 1.298155e-01 1.994581e-02
vertex 6.896323e-02 1.815401e-01 2.160982e-02
endloop
endfacet
facet normal 0 0 0
outer loop
vertex -1.462546e-01 1.866662e-01 5.804575e-02
vertex -1.504023e-01 2.222482e-01 3.654750e-02
vertex -1.494498e-01 2.225039e-01 4.496800e-02
endloop
endfacet
facet normal 0 0 0
outer loop
vertex -3.239068e-01 4.092941e-01 6.971965e-02
vertex -3.442285e-01 4.464881e-01 7.793079e-02
vertex -3.660537e-01 4.123899e-01 7.105535e-02
endloop
endfacet
facet normal 0 0 0
outer loop
vertex -6.386573e-02 2.615812e-01 1.063805e-02
vertex -3.481517e-02 2.932777e-01 2.031144e-02
vertex -8.659814e-02 2.729473e-01 8.274189e-03
endloop
endfacet
facet normal 0 0 0
outer loop
vertex -6.386573e-02 2.615812e-01 1.063805e-02
vertex -8.659814e-02 2.729473e-01 8.274189e-03
vertex -7.805170e-02 2.392413e-01 8.129103e-03
endloop
endfacet
facet normal 0 0 0
outer loop
vertex 1.950640e-01 7.492798e-01 -2.067081e-02
vertex 1.372567e-01 7.634047e-01 -2.839988e-02
vertex 1.732579e-01 8.372708e-01 -2.936980e-02
endloop
endfacet
facet normal 0 0 0
outer loop
vertex 1.923683e-01 6.890188e-01 1.094308e-02
vertex 1.700957e-01 6.593736e-01 9.027566e-03
vertex 1.996266e-01 6.642871e-01 7.684386e-03
endloop
endfacet
facet normal 0 0 0
outer loop
vertex 1.549890e-01 7.274114e-01 2.033373e-02
vertex 1.021809e-01 6.931099e-01 1.767652e-02
vertex 1.456249e-01 6.738287e-01 1.172978e-02
endloop
endfacet
facet normal 0 0 0
outer loop
vertex -2.150369e-01 7.495576e-01 -2.042424e-03
vertex -2.011830e-01 7.538982e-01 8.050830e-03
vertex -1.979863e-01 7.814219e-01 5.136088e-03
endloop
endfacet
facet normal 0 0 0
outer loop
vertex 2.956690e-01 6.645270e-01 -9.177000e-03
vertex 3.520760e-01 6.617270e-01 -2.762200e-02
vertex 3.053449e-01 6.142498e-01 -2.727299e-02
endloop
endfacet
facet normal 0 0 0
outer loop
vertex 3.520760e-01 6.617270e-01 -2.762200e-02
vertex 2.956690e-01 6.645270e-01 -9.177000e-03
vertex 3.050697e-01 6.894084e-01 -8.284658e-03
endloop
endfacet
facet normal 0 0 0
outer loop
vertex -7.507907e-02 4.975113e-01 1.325656e-01
vertex -5.391447e-02 4.528198e-01 1.353335e-01
vertex -5.002056e-02 5.004891e-01 1.337720e-01
endloop
endfacet
facet normal 0 0 0
outer loop
vertex -1.493347e-01 1.892215e-01 4.224452e-02
vertex -1.504023e-01 2.222482e-01 3.654750e-02
vertex -1.462546e-01 1.866662e-01 5.804575e-02
endloop
endfacet
facet normal 0 0 0
outer loop
vertex -1.919840e-01 4.388977e-01 -9.220167e-02
vertex -2.175597e-01 4.614657e-01 -8.626373e-02
vertex -2.267246e-01 4.193721e-01 -7.786713e-02
endloop
endfacet
facet normal 0 0 0
outer loop
vertex -1.950441e-01 4.144752e-01 -7.697262e-02
vertex -1.987491e-01 4.506775e-01 -7.802970e-02
vertex -1.525987e-01 4.224160e-01 -7.611520e-02
endloop
endfacet
facet normal 0 0 0
outer loop
vertex -2.540180e-01 2.526747e-01 -2.388111e-02
vertex -2.388761e-01 2.788303e-01 -1.351704e-02
vertex -2.631362e-01 2.672110e-01 -2.156700e-02
endloop
endfacet
facet normal 0 0 0
outer loop
vertex -1.588018e-01 3.270874e-01 -1.081974e-01
vertex -1.479516e-01 3.794029e-01 -1.052827e-01
vertex -1.921975e-01 3.613651e-01 -9.428959e-02
endloop
endfacet
facet normal 0 0 0
outer loop
vertex -1.104560e-01 3.436804e-01 -1.175099e-01
vertex -1.479516e-01 3.794029e-01 -1.052827e-01
vertex -1.588018e-01 3.270874e-01 -1.081974e-01
endloop
endfacet
facet normal 0 0 0
outer loop
vertex 1.429243e-02 7.045433e-01 2.245412e-02
vertex 4.740885e-02 7.578411e-01 2.575020e-02
vertex -1.161775e-02 7.872031e-01 3.121822e-02
endloop
endfacet
facet normal 0 0 0
outer loop
vertex 2.966730e-01 1.368668e-01 -9.754032e-03
vertex 2.703256e-01 1.765753e-01 -9.474903e-03
vertex 2.795687e-01 1.608856e-01 6.163430e-03
endloop
endfacet
facet normal 0 0 0
outer loop
vertex 1.940438e-02 5.114369e-01 -6.469641e-02
vertex 1.867423e-02 4.239512e-01 -6.156737e-02
vertex -2.601254e-02 4.771692e-01 -6.984547e-02
endloop
endfacet
facet normal 0 0 0
outer loop
vertex -2.754943e-01 3.350640e-01 5.872221e-02
vertex -2.516025e-01 3.754462e-01 7.228068e-02
vertex -2.848594e-01 3.825372e-01 7.367031e-02
endloop
endfacet
facet normal 0 0 0
outer loop
vertex -2.848594e-01 3.825372e-01 7.367031e-02
vertex -2.516025e-01 3.754462e-01 7.228068e-02
vertex -2.505124e-01 3.519057e-01 8.372672e-02
endloop
endfacet
facet normal 0 0 0
outer loop
vertex -2.924738e-01 1.724508e-01 4.629552e-02
vertex -2.755800e-01 2.198670e-01 3.165300e-02
vertex -2.496358e-01 1.706219e-01 4.468259e-02
endloop
endfacet
facet normal 0 0 0
outer loop
vertex -3.074000e-01 3.521501e-01 6.147750e-02
vertex -2.754943e-01 3.350640e-01 5.872221e-02
vertex -2.848594e-01 3.825372e-01 7.367031e-02
endloop
endfacet
facet normal 0 0 0
outer loop
vertex -1.240022e-01 3.230161e-01 -5.266512e-02
vertex -1.835093e-01 3.231057e-01 -5.537587e-02
vertex -1.469423e-01 3.479611e-01 -6.326976e-02
endloop
endfacet
facet normal 0 0 0
outer loop
vertex 2.106625e-01 5.754001e-01 -1.343742e-02
vertex 2.552789e-01 5.572192e-01 -2.427316e-02
vertex 1.823860e-01 5.396463e-01 -3.027220e-02
endloop
endfacet
facet normal 0 0 0
outer loop
vertex 2.857829e-01 7.727267e-01 -9.647437e-03
vertex 2.174219e-01 7.959414e-01 -2.527711e-02
vertex 2.947641e-01 7.977300e-01 -6.567566e-03
endloop
endfacet
facet normal 0 0 0
outer loop
vertex -1.668366e-01 3.557068e-01 -1.163926e-01
vertex -1.210908e-01 3.834881e-01 -1.274129e-01
vertex -1.328315e-01 3.347048e-01 -1.235453e-01
endloop
endfacet
facet normal 0 0 0
outer loop
vertex -1.488459e-01 7.459318e-01 2.672924e-02
vertex -2.024662e-01 7.155160e-01 4.616887e-02
vertex -1.286024e-01 7.038301e-01 5.355195e-02
endloop
endfacet
facet normal 0 0 0
outer loop
vertex 1.924511e-01 8.753179e-01 1.888627e-02
vertex 1.737200e-01 8.430022e-01 2.910198e-02
vertex 2.378023e-01 8.587601e-01 1.775321e-02
endloop
endfacet
facet normal 0 0 0
outer loop
vertex -1.835093e-01 3.231057e-01 -5.537587e-02
vertex -1.240022e-01 3.230161e-01 -5.266512e-02
vertex -1.548449e-01 2.918461e-01 -3.582612e-02
endloop
endfacet
facet normal 0 0 0
outer loop
vertex -1.718658e-01 4.170359e-01 9.807432e-02
vertex -1.607323e-01 4.668081e-01 9.972904e-02
vertex -1.205666e-01 4.095031e-01 1.111156e-01
endloop
endfacet
facet normal 0 0 0
outer loop
vertex 2.619818e-01 4.344917e-01 -2.583886e-02
vertex 2.096149e-01 4.374043e-01 -2.753963e-02
vertex 2.697360e-01 4.856435e-01 -2.794330e-02
endloop
endfacet
facet normal 0 0 0
outer loop
vertex 8.657928e-02 9.712464e-01 -4.600000e-04
vertex 6.773088e-02 9.673972e-01 -8.677763e-03
vertex 5.153954e-02 9.668773e-01 7.180865e-03
endloop
endfacet
facet normal 0 0 0
outer loop
vertex 4.189243e-01 7.176727e-01 -2.260294e-02
vertex 4.673819e-01 7.290858e-01 -1.791745e-02
vertex 4.732565e-01 7.020205e-01 -2.171380e-02
endloop
endfacet
facet normal 0 0 0
outer loop
vertex 4.673819e-01 7.290858e-01 -1.791745e-02
vertex 4.492061e-01 7.432020e-01 -1.411445e-02
vertex 4.840469e-01 7.549140e-01 -9.387379e-03
endloop
endfacet
facet normal 0 0 0
outer loop
vertex 2.085298e-01 1.791945e-01 1.793904e-02
vertex 1.856880e-01 2.317770e-01 1.464000e-02
vertex 1.561170e-01 1.991695e-01 1.908343e-02
endloop
endfacet
facet normal 0 0 0
outer loop
vertex -1.307564e-02 9.003304e-01 2.046826e-02
vertex 3.114363e-02 9.370637e-01 1.194891e-02
vertex 2.472977e-03 9.574849e-01 6.205634e-03
endloop
endfacet
facet normal 0 0 0
outer loop
vertex 5.715806e-02 2.274249e-01 2.054076e-02
vertex 1.502300e-02 1.728230e-01 1.892100e-02
vertex 6.896323e-02 1.815401e-01 2.160982e-02
endloop
endfacet
facet normal 0 0 0
outer loop
vertex 3.311730e-01 2.466040e-01 -9.455000e-03
vertex 3.319493e-01 2.327660e-01 -9.426776e-03
vertex 3.022783e-01 2.620951e-01 -8.680674e-03
endloop
endfacet
facet normal 0 0 0
outer loop
vertex -2.531367e-01 4.838807e-01 -9.370877e-02
vertex -2.376908e-01 4.827808e-01 -8.071789e-02
vertex -2.057370e-01 5.093405e-01 -1.025742e-01
endloop
endfacet
facet normal 0 0 0
outer loop
vertex -1.235398e-02 9.060296e-01 -1.911101e-02
vertex -4.940498e-02 8.818738e-01 -2.080102e-02
vertex -4.488492e-02 9.272818e-01 -9.636792e-03
endloop
endfacet
facet normal 0 0 0
outer loop
vertex 2.911887e-01 2.791151e-01 6.375918e-03
vertex 3.144870e-01 3.109040e-01 2.053400e-02
vertex 2.668513e-01 3.154292e-01 6.592097e-03
endloop
endfacet
facet normal 0 0 0
outer loop
vertex 3.522009e-03 7.974405e-01 -3.152680e-02
vertex -1.998404e-02 8.469661e-01 -2.862385e-02
vertex 2.344576e-02 8.323084e-01 -3.221761e-02
endloop
endfacet
facet normal 0 0 0
outer loop
vertex 1.469685e-02 7.462398e-01 -2.798418e-02
vertex -1.258772e-02 7.152592e-01 -2.323402e-02
vertex -5.050028e-02 7.400485e-01 -2.706430e-02
endloop
endfacet
facet normal 0 0 0
outer loop
vertex -5.050028e-02 7.400485e-01 -2.706430e-02
vertex -1.258772e-02 7.152592e-01 -2.323402e-02
vertex -4.694987e-02 7.107465e-01 -4.398450e-02
endloop
endfacet
facet normal 0 0 0
outer loop
vertex 1.785375e-01 1.203207e-01 2.383285e-02
vertex 1.561170e-01 1.991695e-01 1.908343e-02
vertex 1.210451e-01 1.649228e-01 2.356450e-02
endloop
endfacet
facet normal 0 0 0
outer loop
vertex -2.313909e-02 6.784213e-01 -5.148727e-02
vertex -6.191791e-02 6.633287e-01 -6.054484e-02
vertex -4.694987e-02 7.107465e-01 -4.398450e-02
endloop
endfacet
facet normal 0 0 0
outer loop
vertex -2.313909e-02 6.784213e-01 -5.148727e-02
vertex -1.636458e-02 6.992875e-01 -4.217141e-02
vertex 1.618680e-02 6.814479e-01 -4.029547e-02
endloop
endfacet
facet normal 0 0 0
outer loop
vertex -2.519225e-01 4.438789e-01 -9.391209e-02
vertex -2.126999e-01 4.561212e-01 -1.039153e-01
vertex -2.149453e-01 4.115699e-01 -1.040918e-01
endloop
endfacet
facet normal 0 0 0
outer loop
vertex 6.980439e-02 9.076502e-01 2.473622e-02
vertex 3.114363e-02 9.370637e-01 1.194891e-02
vertex 3.399972e-02 8.971441e-01 2.555527e-02
endloop
endfacet
facet normal 0 0 0
outer loop
vertex 8.778581e-02 7.103539e-02 1.334196e-02
vertex 5.277810e-02 7.430185e-02 1.168571e-02
vertex 9.017333e-02 4.100746e-02 1.063407e-02
endloop
endfacet
facet normal 0 0 0
outer loop
vertex 8.778581e-02 7.103539e-02 1.334196e-02
vertex 8.701397e-02 1.081408e-01 2.085826e-02
vertex 5.277810e-02 7.430185e-02 1.168571e-02
endloop
endfacet
facet normal 0 0 0
outer loop
vertex 4.291778e-01 6.685202e-01 2.478848e-02
vertex 4.516120e-01 6.409030e-01 2.273600e-02
vertex 4.681020e-01 6.936222e-01 1.909463e-02
endloop
endfacet
facet normal 0 0 0
outer loop
vertex 4.583439e-02 9.494951e-02 -1.809913e-02
vertex 9.376837e-02 8.645926e-02 -2.197201e-02
vertex 7.171678e-02 4.778602e-02 -1.064418e-02
endloop
endfacet
facet normal 0 0 0
outer loop
vertex 9.376837e-02 8.645926e-02 -2.197201e-02
vertex 4.583439e-02 9.494951e-02 -1.809913e-02
vertex 1.005706e-01 1.317234e-01 -2.517539e-02
endloop
endfacet
facet normal 0 0 0
outer loop
vertex 5.390630e-01 4.505950e-01 -2.194400e-02
vertex 5.544882e-01 4.018640e-01 -1.978110e-02
vertex 4.758975e-01 3.950671e-01 -3.096856e-02
endloop
endfacet
facet normal 0 0 0
outer loop
vertex -3.040987e-01 1.918108e-01 -5.471370e-02
vertex -2.935079e-01 1.871678e-01 -6.494642e-02
vertex -2.965862e-01 1.637388e-01 -5.902237e-02
endloop
endfacet
facet normal 0 0 0
outer loop
vertex -2.004506e-01 2.007266e-01 -5.931451e-02
vertex -1.993917e-01 2.377876e-01 -4.666586e-02
vertex -1.710843e-01 2.397366e-01 -4.742061e-02
endloop
endfacet
facet normal 0 0 0
outer loop
vertex -1.172455e-01 5.482919e-01 1.204875e-01
vertex -1.374675e-01 5.387998e-01 1.071361e-01
vertex -1.715748e-01 5.253839e-01 1.140449e-01
endloop
endfacet
facet normal 0 0 0
outer loop
vertex 3.085174e-01 1.252298e-01 4.718577e-03
vertex 3.329911e-01 9.847938e-02 5.082759e-03
vertex 3.274189e-01 1.030659e-01 -9.471817e-03
endloop
endfacet
facet normal 0 0 0
outer loop
vertex -2.267246e-01 4.193721e-01 -7.786713e-02
vertex -1.927536e-01 4.004650e-01 -9.299302e-02
vertex -1.919840e-01 4.388977e-01 -9.220167e-02
endloop
endfacet
facet normal 0 0 0
outer loop
vertex -2.267246e-01 4.193721e-01 -7.786713e-02
vertex -1.987491e-01 4.506775e-01 -7.802970e-02
vertex -1.950441e-01 4.144752e-01 -7.697262e-02
endloop
endfacet
facet normal 0 0 0
outer loop
vertex -1.221863e-01 4.395750e-01 1.257930e-01
vertex -1.627366e-01 3.955874e-01 1.179058e-01
vertex -1.297107e-01 3.922194e-01 1.256556e-01
endloop
endfacet
facet normal 0 0 0
outer loop
vertex -1.669547e-01 4.326813e-01 1.159905e-01
vertex -1.627366e-01 3.955874e-01 1.179058e-01
vertex -1.221863e-01 4.395750e-01 1.257930e-01
endloop
endfacet
facet normal 0 0 0
outer loop
vertex -3.845903e-01 3.178321e-01 -2.170870e-02
vertex -3.377666e-01 3.251473e-01 -4.049445e-02
vertex -3.444242e-01 3.047248e-01 -2.106345e-02
endloop
endfacet
facet normal 0 0 0
outer loop
vertex 1.502300e-02 1.728230e-01 1.892100e-02
vertex -1.258788e-02 2.048289e-01 1.706211e-02
vertex -1.747008e-02 1.482045e-01 1.047325e-02
endloop
endfacet
facet normal 0 0 0
outer loop
vertex 1.157811e-01 6.042555e-01 2.975192e-02
vertex 1.247654e-01 6.220666e-01 -5.526086e-04
vertex 1.057947e-01 6.363858e-01 9.349637e-03
endloop
endfacet
facet normal 0 0 0
outer loop
vertex 1.057947e-01 6.363858e-01 9.349637e-03
vertex 1.482578e-01 6.450530e-01 8.169945e-03
vertex 1.456249e-01 6.738287e-01 1.172978e-02
endloop
endfacet
facet normal 0 0 0
outer loop
vertex 1.393699e-01 6.425745e-01 -8.088366e-03
vertex 1.482578e-01 6.450530e-01 8.169945e-03
vertex 1.057947e-01 6.363858e-01 9.349637e-03
endloop
endfacet
facet normal 0 0 0
outer loop
vertex 1.856880e-01 2.317770e-01 1.464000e-02
vertex 1.987300e-01 2.714187e-01 9.332546e-03
vertex 1.578760e-01 2.674210e-01 1.381100e-02
endloop
endfacet
facet normal 0 0 0
outer loop
vertex -4.878525e-01 4.342595e-01 5.819827e-02
vertex -4.834043e-01 4.934770e-01 5.605430e-02
vertex -5.384979e-01 4.720864e-01 4.628238e-02
endloop
endfacet
facet normal 0 0 0
outer loop
vertex 3.001915e-01 4.137225e-01 2.752431e-02
vertex 3.573902e-01 3.796389e-01 3.014368e-02
vertex 3.267044e-01 4.612885e-01 3.096377e-02
endloop
endfacet
facet normal 0 0 0
outer loop
vertex -3.064456e-01 2.392901e-01 -3.359815e-02
vertex -2.869819e-01 2.176365e-01 -3.788932e-02
vertex -2.819850e-01 2.460784e-01 -2.861004e-02
endloop
endfacet
facet normal 0 0 0
outer loop
vertex -1.006294e-01 5.278671e-01 -7.685931e-02
vertex -7.190470e-02 5.275845e-01 -7.480878e-02
vertex -1.052069e-01 4.948250e-01 -7.722051e-02
endloop
endfacet
facet normal 0 0 0
outer loop
vertex -1.359441e-01 4.722769e-01 -7.845479e-02
vertex -1.314279e-01 5.319422e-01 -7.906185e-02
vertex -1.052069e-01 4.948250e-01 -7.722051e-02
endloop
endfacet
facet normal 0 0 0
outer loop
vertex -9.906404e-02 2.990644e-01 -3.699446e-02
vertex -8.444045e-02 2.752619e-01 -9.094427e-03
vertex -1.223140e-01 2.760555e-01 -1.547466e-02
endloop
endfacet
facet normal 0 0 0
outer loop
vertex -2.389661e-01 1.743246e-01 -4.754683e-02
vertex -2.717116e-01 1.612452e-01 -5.234170e-02
vertex -2.437005e-01 1.285635e-01 -6.000028e-02
endloop
endfacet
facet normal 0 0 0
outer loop
vertex -2.789406e-01 1.267439e-01 -6.367080e-02
vertex -2.440558e-01 7.916390e-02 -7.442688e-02
vertex -2.437005e-01 1.285635e-01 -6.000028e-02
endloop
endfacet
facet normal 0 0 0
outer loop
vertex 2.530718e-01 7.367125e-01 7.175262e-03
vertex 2.157881e-01 7.504421e-01 1.711039e-02
vertex 2.222570e-01 7.053704e-01 8.323496e-03
endloop
endfacet
facet normal 0 0 0
outer loop
vertex -6.965674e-02 5.842268e-01 -7.213143e-02
vertex -1.005423e-01 5.580845e-01 -7.559664e-02
vertex -1.380395e-01 5.891831e-01 -7.637397e-02
endloop
endfacet
facet normal 0 0 0
outer loop
vertex -1.332702e-01 7.808036e-01 2.370658e-02
vertex -8.209079e-02 7.993860e-01 2.770861e-02
vertex -1.289800e-01 8.206976e-01 1.460733e-02
endloop
endfacet
facet normal 0 0 0
outer loop
vertex 3.085174e-01 1.252298e-01 4.718577e-03
vertex 3.008655e-01 9.464046e-02 1.048590e-02
vertex 3.329911e-01 9.847938e-02 5.082759e-03
endloop
endfacet
facet normal 0 0 0
outer loop
vertex 2.878140e-01 1.365350e-01 5.631000e-03
vertex 2.744874e-01 1.026273e-01 1.523438e-02
vertex 3.008655e-01 9.464046e-02 1.048590e-02
endloop
endfacet
facet normal 0 0 0
outer loop
vertex 3.050697e-01 6.894084e-01 -8.284658e-03
vertex 2.751637e-01 6.546149e-01 -9.852181e-03
vertex 2.840023e-01 6.663783e-01 6.165183e-03
endloop
endfacet
facet normal 0 0 0
outer loop
vertex 3.050697e-01 6.894084e-01 -8.284658e-03
vertex 3.593814e-01 7.330736e-01 -4.704744e-03
vertex 3.520760e-01 6.617270e-01 -2.762200e-02
endloop
endfacet
facet normal 0 0 0
outer loop
vertex -2.437005e-01 1.285635e-01 -6.000028e-02
vertex -2.153294e-01 1.086555e-01 -6.592235e-02
vertex -1.962229e-01 1.428919e-01 -5.646492e-02
endloop
endfacet
facet normal 0 0 0
outer loop
vertex 2.051276e-01 5.618446e-01 2.012242e-02
vertex 2.412748e-01 5.451217e-01 2.157817e-02
vertex 2.287028e-01 6.012864e-01 5.291530e-03
endloop
endfacet
facet normal 0 0 0
outer loop
vertex -4.365381e-01 6.255764e-01 4.963319e-02
vertex -3.870748e-01 6.943027e-01 2.266379e-02
vertex -4.459617e-01 6.575413e-01 2.531189e-02
endloop
endfacet
facet normal 0 0 0
outer loop
vertex -1.814453e-01 2.528195e-01 -3.372476e-02
vertex -1.710843e-01 2.397366e-01 -4.742061e-02
vertex -1.979227e-01 2.621805e-01 -3.691901e-02
endloop
endfacet
facet normal 0 0 0
outer loop
vertex 7.867853e-02 3.803185e-01 3.643326e-02
vertex 1.076701e-01 3.686748e-01 1.261838e-02
vertex 1.176828e-01 3.995533e-01 3.281492e-02
endloop
endfacet
facet normal 0 0 0
outer loop
vertex 2.051276e-01 5.618446e-01 2.012242e-02
vertex 1.912543e-01 5.092072e-01 3.248501e-02
vertex 2.412748e-01 5.451217e-01 2.157817e-02
endloop
endfacet
facet normal 0 0 0
outer loop
vertex 1.245833e-01 1.178553e-01 2.324906e-02
vertex 1.293590e-01 7.575600e-02 2.022800e-02
vertex 1.785375e-01 1.203207e-01 2.383285e-02
endloop
endfacet
facet normal 0 0 0
outer loop
vertex 1.823860e-01 5.396463e-01 -3.027220e-02
vertex 1.181910e-01 5.446541e-01 -4.494643e-02
vertex 1.422949e-01 5.826489e-01 -2.835050e-02
endloop
endfacet
facet normal 0 0 0
outer loop
vertex -5.050028e-02 7.400485e-01 -2.706430e-02
vertex -7.440835e-02 7.713737e-01 -2.990352e-02
vertex -3.851740e-02 7.862062e-01 -3.123602e-02
endloop
endfacet
facet normal 0 0 0
outer loop
vertex 5.733944e-01 5.979016e-01 6.135325e-03
vertex 5.869477e-01 5.423362e-01 5.531259e-03
vertex 5.862156e-01 5.584075e-01 -8.415481e-03
endloop
endfacet
facet normal 0 0 0
outer loop
vertex -4.905660e-02 3.362943e-01 5.026111e-02
vertex -9.991575e-02 3.321092e-01 5.439327e-02
vertex -8.158756e-02 3.006564e-01 3.530441e-02
endloop
endfacet
facet normal 0 0 0
outer loop
vertex -6.191791e-02 6.633287e-01 -6.054484e-02
vertex -1.256063e-01 6.441083e-01 -6.842607e-02
vertex -9.872841e-02 6.861814e-01 -5.613493e-02
endloop
endfacet
facet normal 0 0 0
outer loop
vertex 3.596668e-01 2.599800e-01 -2.674277e-02
vertex 3.319493e-01 2.327660e-01 -9.426776e-03
vertex 3.311730e-01 2.466040e-01 -9.455000e-03
endloop
endfacet
facet normal 0 0 0
outer loop
vertex 4.291778e-01 6.685202e-01 2.478848e-02
vertex 3.712013e-01 6.857653e-01 2.039283e-02
vertex 3.955331e-01 6.279212e-01 2.874341e-02
endloop
endfacet
facet normal 0 0 0
outer loop
vertex 4.105220e-01 3.125964e-01 2.864060e-02
vertex 4.002987e-01 2.491052e-01 2.451811e-02
vertex 4.480737e-01 2.684418e-01 2.377095e-02
endloop
endfacet
facet normal 0 0 0
outer loop
vertex -3.892893e-01 4.219448e-01 -7.242505e-02
vertex -3.414149e-01 4.175254e-01 -6.820474e-02
vertex -3.370430e-01 3.813860e-01 -5.678900e-02
endloop
endfacet
facet normal 0 0 0
outer loop
vertex 1.026139e-02 1.167656e-01 1.427556e-02
vertex -1.747008e-02 1.482045e-01 1.047325e-02
vertex -4.996316e-02 1.235861e-01 2.025491e-03
endloop
endfacet
facet normal 0 0 0
outer loop
vertex 1.727862e-01 9.634420e-01 4.907143e-03
vertex 1.909950e-01 9.539450e-01 -2.842000e-03
vertex 1.710880e-01 9.598147e-01 -9.240248e-03
endloop
endfacet
facet normal 0 0 0
outer loop
vertex -2.754943e-01 3.350640e-01 5.872221e-02
vertex -3.292421e-01 3.310533e-01 4.783576e-02
vertex -2.941050e-01 3.137934e-01 4.492453e-02
endloop
endfacet
facet normal 0 0 0
outer loop
vertex -5.773865e-02 2.782451e-01 -1.400379e-02
vertex -5.798936e-02 3.078856e-01 -3.737868e-02
vertex -3.142600e-02 2.913270e-01 -1.710600e-02
endloop
endfacet
facet normal 0 0 0
outer loop
vertex -1.242154e-02 2.311735e-01 -1.892063e-02
vertex -5.773865e-02 2.782451e-01 -1.400379e-02
vertex -3.142600e-02 2.913270e-01 -1.710600e-02
endloop
endfacet
facet normal 0 0 0
outer loop
vertex -3.233356e-01 6.922992e-01 4.506456e-02
vertex -3.154237e-01 7.181486e-01 2.742274e-02
vertex -3.870748e-01 6.943027e-01 2.266379e-02
endloop
endfacet
facet normal 0 0 0
outer loop
vertex -3.233356e-01 6.922992e-01 4.506456e-02
vertex -3.870748e-01 6.943027e-01 2.266379e-02
vertex -3.839608e-01 6.623476e-01 4.776021e-02
endloop
endfacet
facet normal 0 0 0
outer loop
vertex -9.872841e-02 6.861814e-01 -5.613493e-02
vertex -1.256063e-01 6.441083e-01 -6.842607e-02
vertex -1.336138e-01 7.110220e-01 -5.086585e-02
endloop
endfacet
facet normal 0 0 0
outer loop
vertex 2.966730e-01 1.368668e-01 -9.754032e-03
vertex 3.102520e-01 1.077520e-01 -9.831000e-03
vertex 2.782747e-01 1.181326e-01 -1.617298e-02
endloop
endfacet
facet normal 0 0 0
outer loop
vertex 2.631488e-01 7.399641e-01 -5.961730e-03
vertex 2.857829e-01 7.727267e-01 -9.647437e-03
vertex 2.854241e-01 7.648813e-01 4.332807e-03
endloop
endfacet
facet normal 0 0 0
outer loop
vertex 2.878140e-01 1.365350e-01 5.631000e-03
vertex 2.603185e-01 1.258576e-01 1.557422e-02
vertex 2.744874e-01 1.026273e-01 1.523438e-02
endloop
endfacet
facet normal 0 0 0
outer loop
vertex 2.603185e-01 1.258576e-01 1.557422e-02
vertex 2.327745e-01 1.386465e-01 1.901301e-02
vertex 2.478845e-01 8.457197e-02 2.017592e-02
endloop
endfacet
facet normal 0 0 0
outer loop
vertex -4.990184e-01 5.833833e-01 -4.461536e-02
vertex -4.651874e-01 5.624275e-01 -5.691082e-02
vertex -4.962634e-01 5.416487e-01 -5.491789e-02
endloop
endfacet
facet normal 0 0 0
outer loop
vertex -1.157469e-01 5.069485e-01 1.248543e-01
vertex -1.221863e-01 4.395750e-01 1.257930e-01
vertex -8.823833e-02 4.481995e-01 1.304475e-01
endloop
endfacet
facet normal 0 0 0
outer loop
vertex -1.157469e-01 5.069485e-01 1.248543e-01
vertex -8.823833e-02 4.481995e-01 1.304475e-01
vertex -7.507907e-02 4.975113e-01 1.325656e-01
endloop
endfacet
facet normal 0 0 0
outer loop
vertex -5.027550e-01 4.444340e-01 -5.486857e-02
vertex -5.529073e-01 4.732330e-01 -4.133227e-02
vertex -4.918365e-01 4.928657e-01 -5.884026e-02
endloop
endfacet
facet normal 0 0 0
outer loop
vertex -5.027550e-01 4.444340e-01 -5.486857e-02
vertex -5.556946e-01 4.408704e-01 -3.519858e-02
vertex -5.529073e-01 4.732330e-01 -4.133227e-02
endloop
endfacet
facet normal 0 0 0
outer loop
vertex 1.117376e-01 5.551636e-01 4.430423e-02
vertex 7.101823e-02 5.210791e-01 5.611314e-02
vertex 1.316701e-01 4.894799e-01 4.595174e-02
endloop
endfacet
facet normal 0 0 0
outer loop
vertex -3.126730e-01 2.634871e-01 -3.529653e-02
vertex -3.077977e-01 2.206171e-01 -5.263994e-02
vertex -3.064456e-01 2.392901e-01 -3.359815e-02
endloop
endfacet
facet normal 0 0 0
outer loop
vertex 2.419274e-02 5.669987e-01 -6.140945e-02
vertex 4.390429e-02 6.037796e-01 -5.356256e-02
vertex 6.736537e-02 5.581248e-01 -5.444803e-02
endloop
endfacet
facet normal 0 0 0
outer loop
vertex -2.011830e-01 7.538982e-01 8.050830e-03
vertex -1.488459e-01 7.459318e-01 2.672924e-02
vertex -1.685764e-01 7.792726e-01 1.242369e-02
endloop
endfacet
facet normal 0 0 0
outer loop
vertex -2.531367e-01 4.838807e-01 -9.370877e-02
vertex -2.057370e-01 5.093405e-01 -1.025742e-01
vertex -2.126999e-01 4.561212e-01 -1.039153e-01
endloop
endfacet
facet normal 0 0 0
outer loop
vertex -2.149453e-01 4.115699e-01 -1.040918e-01
vertex -2.126999e-01 4.561212e-01 -1.039153e-01
vertex -1.862613e-01 4.269331e-01 -1.108800e-01
endloop
endfacet
facet normal 0 0 0
outer loop
vertex 6.624302e-02 5.980107e-01 4.847685e-02
vertex 7.101823e-02 5.210791e-01 5.611314e-02
vertex 1.117376e-01 5.551636e-01 4.430423e-02
endloop
endfacet
facet normal 0 0 0
outer loop
vertex 1.586333e-02 5.693254e-01 6.210258e-02
vertex 7.101823e-02 5.210791e-01 5.611314e-02
vertex 6.624302e-02 5.980107e-01 4.847685e-02
endloop
endfacet
facet normal 0 0 0
outer loop
vertex -2.516196e-01 2.267854e-01 2.803625e-02
vertex -2.196030e-01 2.317770e-01 2.670900e-02
vertex -2.393702e-01 2.020884e-01 3.643700e-02
endloop
endfacet
facet normal 0 0 0
outer loop
vertex -1.737566e-01 1.090859e-01 -6.614312e-02
vertex -1.410327e-01 8.861672e-02 -7.186581e-02
vertex -1.430827e-01 1.345709e-01 -6.190553e-02
endloop
endfacet
facet normal 0 0 0
outer loop
vertex -2.924738e-01 1.724508e-01 4.629552e-02
vertex -2.496358e-01 1.706219e-01 4.468259e-02
vertex -2.660056e-01 1.402270e-01 5.403232e-02
endloop
endfacet
facet normal 0 0 0
outer loop
vertex -2.282698e-01 3.804460e-01 8.430591e-02
vertex -2.187911e-01 3.401127e-01 8.782290e-02
vertex -2.505124e-01 3.519057e-01 8.372672e-02
endloop
endfacet
facet normal 0 0 0
outer loop
vertex -2.215642e-01 3.923757e-01 7.396889e-02
vertex -2.516025e-01 3.754462e-01 7.228068e-02
vertex -2.063307e-01 3.624715e-01 6.922715e-02
endloop
endfacet
facet normal 0 0 0
outer loop
vertex -1.934010e-01 4.227890e-01 1.070990e-01
vertex -2.278155e-01 4.223370e-01 1.005434e-01
vertex -1.932273e-01 3.986868e-01 1.102107e-01
endloop
endfacet
facet normal 0 0 0
outer loop
vertex 2.124412e-01 2.705245e-01 -1.009197e-02
vertex 2.281413e-01 2.440612e-01 6.223900e-03
vertex 2.407793e-01 2.254460e-01 -8.217444e-03
endloop
endfacet
facet normal 0 0 0
outer loop
vertex -8.444045e-02 2.752619e-01 -9.094427e-03
vertex -5.798936e-02 3.078856e-01 -3.737868e-02
vertex -5.773865e-02 2.782451e-01 -1.400379e-02
endloop
endfacet
facet normal 0 0 0
outer loop
vertex -5.798936e-02 3.078856e-01 -3.737868e-02
vertex -8.444045e-02 2.752619e-01 -9.094427e-03
vertex -9.906404e-02 2.990644e-01 -3.699446e-02
endloop
endfacet
facet normal 0 0 0
outer loop
vertex -4.804051e-01 5.728449e-01 5.400675e-02
vertex -4.347159e-01 5.917650e-01 6.018170e-02
vertex -4.365381e-01 6.255764e-01 4.963319e-02
endloop
endfacet
facet normal 0 0 0
outer loop
vertex 5.278332e-01 3.336444e-01 1.427518e-02
vertex 5.363688e-01 3.003446e-01 4.847136e-03
vertex 5.553727e-01 3.391273e-01 6.103516e-03
endloop
endfacet
facet normal 0 0 0
outer loop
vertex -1.258788e-02 2.048289e-01 1.706211e-02
vertex -4.891835e-02 2.355954e-01 1.227744e-02
vertex -5.138392e-02 1.998002e-01 1.062269e-02
endloop
endfacet
facet normal 0 0 0
outer loop
vertex 1.773295e-01 7.018882e-02 2.099461e-02
vertex 2.134709e-01 9.823512e-02 2.260790e-02
vertex 1.785375e-01 1.203207e-01 2.383285e-02
endloop
endfacet
facet normal 0 0 0
outer loop
vertex -1.336138e-01 7.110220e-01 -5.086585e-02
vertex -8.117452e-02 7.218941e-01 -4.347875e-02
vertex -9.872841e-02 6.861814e-01 -5.613493e-02
endloop
endfacet
facet normal 0 0 0
outer loop
vertex -5.883079e-02 4.207252e-01 -1.315707e-01
vertex -5.187968e-02 4.503545e-01 -1.301609e-01
vertex -6.219256e-02 4.344947e-01 -1.214135e-01
endloop
endfacet
facet normal 0 0 0
outer loop
vertex 5.084106e-01 7.319514e-01 -1.079384e-02
vertex 5.302446e-01 7.064110e-01 3.535345e-03
vertex 5.341666e-01 6.907979e-01 -9.089222e-03
endloop
endfacet
facet normal 0 0 0
outer loop
vertex 2.427449e-01 9.155327e-01 -9.470104e-03
vertex 2.505772e-01 8.986236e-01 -7.564967e-03
vertex 2.211117e-01 8.709671e-01 -1.958917e-02
endloop
endfacet
facet normal 0 0 0
outer loop
vertex -2.303665e-01 4.221627e-01 7.854991e-02
vertex -2.249181e-01 4.788087e-01 8.298578e-02
vertex -1.969053e-01 4.367859e-01 9.132349e-02
endloop
endfacet
facet normal 0 0 0
outer loop
vertex -2.249181e-01 4.788087e-01 8.298578e-02
vertex -2.303665e-01 4.221627e-01 7.854991e-02
vertex -1.895963e-01 4.476925e-01 7.892661e-02
endloop
endfacet
facet normal 0 0 0
outer loop
vertex 1.247654e-01 6.220666e-01 -5.526086e-04
vertex 1.190975e-01 6.085971e-01 -2.938864e-02
vertex 1.098469e-01 6.323273e-01 -1.053807e-02
endloop
endfacet
facet normal 0 0 0
outer loop
vertex -1.895963e-01 4.476925e-01 7.892661e-02
vertex -2.303665e-01 4.221627e-01 7.854991e-02
vertex -1.893646e-01 4.076213e-01 7.645808e-02
endloop
endfacet
facet normal 0 0 0
outer loop
vertex -2.027966e-01 4.008140e-01 9.059698e-02
vertex -2.303665e-01 4.221627e-01 7.854991e-02
vertex -1.969053e-01 4.367859e-01 9.132349e-02
endloop
endfacet
facet normal 0 0 0
outer loop
vertex -2.092727e-01 3.742514e-01 -7.188731e-02
vertex -1.689361e-01 3.702134e-01 -6.555474e-02
vertex -1.835093e-01 3.231057e-01 -5.537587e-02
endloop
endfacet
facet normal 0 0 0
outer loop
vertex -1.689361e-01 3.702134e-01 -6.555474e-02
vertex -1.469423e-01 3.479611e-01 -6.326976e-02
vertex -1.835093e-01 3.231057e-01 -5.537587e-02
endloop
endfacet
facet normal 0 0 0
outer loop
vertex 1.534421e-02 8.868170e-01 -2.605033e-02
vertex -1.998404e-02 8.469661e-01 -2.862385e-02
vertex -1.235398e-02 9.060296e-01 -1.911101e-02
endloop
endfacet
facet normal 0 0 0
outer loop
vertex -5.749700e-03 3.478755e-01 4.706495e-02
vertex 3.529809e-02 3.748005e-01 4.713224e-02
vertex 1.391279e-02 4.082737e-01 5.989357e-02
endloop
endfacet
facet normal 0 0 0
outer loop
vertex 1.391279e-02 4.082737e-01 5.989357e-02
vertex 3.529809e-02 3.748005e-01 4.713224e-02
vertex 5.963015e-02 4.078982e-01 5.085639e-02
endloop
endfacet
facet normal 0 0 0
outer loop
vertex -2.137552e-01 2.711470e-01 2.991834e-02
vertex -2.181142e-01 2.434277e-01 4.143352e-02
vertex -1.878078e-01 2.565740e-01 3.232851e-02
endloop
endfacet
facet normal 0 0 0
outer loop
vertex 5.165830e-01 6.714764e-01 1.166239e-02
vertex 5.391191e-01 6.198210e-01 1.394983e-02
vertex 5.540598e-01 6.650460e-01 8.210873e-04
endloop
endfacet
facet normal 0 0 0
outer loop
vertex 4.981163e-01 6.308341e-01 2.097163e-02
vertex 5.181528e-01 5.971694e-01 1.954420e-02
vertex 5.391191e-01 6.198210e-01 1.394983e-02
endloop
endfacet
facet normal 0 0 0
outer loop
vertex 1.391279e-02 4.082737e-01 5.989357e-02
vertex -4.798611e-02 3.943755e-01 6.544746e-02
vertex -5.749700e-03 3.478755e-01 4.706495e-02
endloop
endfacet
facet normal 0 0 0
outer loop
vertex -1.235398e-02 9.060296e-01 -1.911101e-02
vertex -1.303347e-02 9.499328e-01 -8.220264e-03
vertex 3.817859e-02 9.258278e-01 -1.782666e-02
endloop
endfacet
facet normal 0 0 0
outer loop
vertex 3.817859e-02 9.258278e-01 -1.782666e-02
vertex 1.534421e-02 8.868170e-01 -2.605033e-02
vertex -1.235398e-02 9.060296e-01 -1.911101e-02
endloop
endfacet
facet normal 0 0 0
outer loop
vertex -2.149453e-01 4.115699e-01 -1.040918e-01
vertex -2.524310e-01 3.998927e-01 -9.405105e-02
vertex -2.519225e-01 4.438789e-01 -9.391209e-02
endloop
endfacet
facet normal 0 0 0
outer loop
vertex -2.129766e-01 1.099161e-01 -8.283006e-02
vertex -2.067727e-01 1.530069e-01 -7.173798e-02
vertex -1.745669e-01 1.230731e-01 -7.915595e-02
endloop
endfacet
facet normal 0 0 0
outer loop
vertex -1.024192e-02 5.104722e-01 6.800859e-02
vertex -2.189478e-04 4.671228e-01 6.627949e-02
vertex 2.983929e-02 5.086338e-01 6.299937e-02
endloop
endfacet
facet normal 0 0 0
outer loop
vertex -2.496358e-01 1.706219e-01 4.468259e-02
vertex -2.755800e-01 2.198670e-01 3.165300e-02
vertex -2.393702e-01 2.020884e-01 3.643700e-02
endloop
endfacet
facet normal 0 0 0
outer loop
vertex -1.448572e-01 5.134374e-02 8.654136e-02
vertex -1.690122e-01 7.004841e-02 8.695572e-02
vertex -1.798851e-01 7.445398e-02 6.981428e-02
endloop
endfacet
facet normal 0 0 0
outer loop
vertex -4.849895e-01 6.227777e-01 2.894716e-02
vertex -4.634931e-01 6.503155e-01 -4.006503e-03
vertex -4.952853e-01 6.242552e-01 -6.787888e-03
endloop
endfacet
facet normal 0 0 0
outer loop
vertex -4.952853e-01 6.242552e-01 -6.787888e-03
vertex -4.634931e-01 6.503155e-01 -4.006503e-03
vertex -4.735328e-01 6.274112e-01 -3.322824e-02
endloop
endfacet
facet normal 0 0 0
outer loop
vertex -1.430827e-01 1.345709e-01 -6.190553e-02
vertex -1.455234e-01 1.706677e-01 -5.069846e-02
vertex -1.676406e-01 1.843014e-01 -4.883116e-02
endloop
endfacet
facet normal 0 0 0
outer loop
vertex -1.455234e-01 1.706677e-01 -5.069846e-02
vertex -1.511628e-01 2.059774e-01 -4.195972e-02
vertex -1.676406e-01 1.843014e-01 -4.883116e-02
endloop
endfacet
facet normal 0 0 0
outer loop
vertex -2.938687e-01 3.907034e-01 -7.496400e-02
vertex -3.370430e-01 3.813860e-01 -5.678900e-02
vertex -2.852051e-01 4.086834e-01 -8.413056e-02
endloop
endfacet
facet normal 0 0 0
outer loop
vertex 1.701582e-01 4.365527e-01 -3.516642e-02
vertex 2.096149e-01 4.374043e-01 -2.753963e-02
vertex 1.750454e-01 4.072957e-01 -2.212058e-02
endloop
endfacet
facet normal 0 0 0
outer loop
vertex 1.549890e-01 7.274114e-01 2.033373e-02
vertex 1.456249e-01 6.738287e-01 1.172978e-02
vertex 1.923683e-01 6.890188e-01 1.094308e-02
endloop
endfacet
facet normal 0 0 0
outer loop
vertex 2.532920e-01 6.318610e-01 6.039000e-03
vertex 2.287028e-01 6.012864e-01 5.291530e-03
vertex 2.831086e-01 6.148744e-01 2.165166e-02
endloop
endfacet
facet normal 0 0 0
outer loop
vertex -2.584175e-01 4.740385e-01 9.342279e-02
vertex -2.206629e-01 4.577623e-01 1.020921e-01
vertex -2.221892e-01 4.987922e-01 1.029563e-01
endloop
endfacet
facet normal 0 0 0
outer loop
vertex 8.318200e-02 6.438620e-01 -1.152300e-02
vertex 4.171427e-02 6.899138e-01 -1.763665e-02
vertex 1.054088e-01 6.742284e-01 -1.550068e-02
endloop
endfacet
facet normal 0 0 0
outer loop
vertex 4.171427e-02 6.899138e-01 -1.763665e-02
vertex 8.318200e-02 6.438620e-01 -1.152300e-02
vertex 5.842304e-02 6.636992e-01 -3.083045e-02
endloop
endfacet
facet normal 0 0 0
outer loop
vertex 1.696567e-01 3.009846e-01 -1.513731e-02
vertex 1.085612e-01 2.906583e-01 -2.004105e-02
vertex 1.233466e-01 3.292212e-01 -1.610576e-02
endloop
endfacet
facet normal 0 0 0
outer loop
vertex 1.466290e-01 4.274937e-01 3.602814e-02
vertex 1.198754e-01 4.468609e-01 4.583956e-02
vertex 9.771334e-02 4.213573e-01 4.535434e-02
endloop
endfacet
facet normal 0 0 0
outer loop
vertex 1.926257e-01 4.393734e-01 2.899370e-02
vertex 1.634891e-01 4.640062e-01 3.857235e-02
vertex 1.466290e-01 4.274937e-01 3.602814e-02
endloop
endfacet
facet normal 0 0 0
outer loop
vertex -2.171321e-01 7.886661e-02 -7.298629e-02
vertex -2.153294e-01 1.086555e-01 -6.592235e-02
vertex -2.440558e-01 7.916390e-02 -7.442688e-02
endloop
endfacet
facet normal 0 0 0
outer loop
vertex -2.027073e-01 1.791264e-01 -4.662357e-02
vertex -1.962229e-01 1.428919e-01 -5.646492e-02
vertex -1.676406e-01 1.843014e-01 -4.883116e-02
endloop
endfacet
facet normal 0 0 0
outer loop
vertex 2.124412e-01 2.705245e-01 -1.009197e-02
vertex 1.696567e-01 3.009846e-01 -1.513731e-02
vertex 2.042808e-01 2.993557e-01 -1.488606e-03
endloop
endfacet
facet normal 0 0 0
outer loop
vertex -6.770515e-02 4.077514e-01 1.219648e-01
vertex -5.589827e-02 4.561645e-01 1.219906e-01
vertex -5.391447e-02 4.528198e-01 1.353335e-01
endloop
endfacet
facet normal 0 0 0
outer loop
vertex 2.983929e-02 5.086338e-01 6.299937e-02
vertex 7.101823e-02 5.210791e-01 5.611314e-02
vertex 1.586333e-02 5.693254e-01 6.210258e-02
endloop
endfacet
facet normal 0 0 0
outer loop
vertex -4.531898e-01 4.620257e-01 -6.662785e-02
vertex -5.027550e-01 4.444340e-01 -5.486857e-02
vertex -4.918365e-01 4.928657e-01 -5.884026e-02
endloop
endfacet
facet normal 0 0 0
outer loop
vertex 1.181910e-01 5.446541e-01 -4.494643e-02
vertex 6.736537e-02 5.581248e-01 -5.444803e-02
vertex 1.052451e-01 5.779709e-01 -4.230090e-02
endloop
endfacet
facet normal 0 0 0
outer loop
vertex -6.342215e-02 1.653517e-01 -9.497584e-03
vertex -3.034244e-02 1.825794e-01 -1.483112e-02
vertex -2.401595e-02 1.499313e-01 -1.362561e-02
endloop
endfacet
facet normal 0 0 0
outer loop
vertex -3.747132e-01 3.160069e-01 2.501631e-02
vertex -3.440540e-01 3.074751e-01 2.750737e-02
vertex -3.292421e-01 3.310533e-01 4.783576e-02
endloop
endfacet
facet normal 0 0 0
outer loop
vertex 2.417587e-03 1.750221e-01 -1.944577e-02
vertex 4.036526e-02 2.059107e-01 -2.221887e-02
vertex 4.983812e-02 1.604040e-01 -2.273214e-02
endloop
endfacet
facet normal 0 0 0
outer loop
vertex -1.669547e-01 4.326813e-01 1.159905e-01
vertex -1.934010e-01 4.227890e-01 1.070990e-01
vertex -1.627366e-01 3.955874e-01 1.179058e-01
endloop
endfacet
facet normal 0 0 0
outer loop
vertex 4.071084e-01 7.542272e-01 -6.942102e-03
vertex 3.593814e-01 7.330736e-01 -4.704744e-03
vertex 3.780110e-01 7.366316e-01 7.142419e-03
endloop
endfacet
facet normal 0 0 0
outer loop
vertex 6.801597e-02 3.035834e-01 -1.975848e-02
vertex 9.856808e-02 3.217592e-01 -1.853000e-02
vertex 1.085612e-01 2.906583e-01 -2.004105e-02
endloop
endfacet
facet normal 0 0 0
outer loop
vertex 5.609300e-02 3.383830e-01 -1.771700e-02
vertex 8.864374e-02 3.491221e-01 -1.684818e-02
vertex 6.801597e-02 3.035834e-01 -1.975848e-02
endloop
endfacet
facet normal 0 0 0
outer loop
vertex 2.096149e-01 4.374043e-01 -2.753963e-02
vertex 1.701582e-01 4.365527e-01 -3.516642e-02
vertex 1.648284e-01 4.825078e-01 -3.952238e-02
endloop
endfacet
facet normal 0 0 0
outer loop
vertex 3.249539e-01 7.033496e-01 7.315431e-03
vertex 3.593814e-01 7.330736e-01 -4.704744e-03
vertex 3.050697e-01 6.894084e-01 -8.284658e-03
endloop
endfacet
facet normal 0 0 0
outer loop
vertex -6.987134e-02 8.669198e-01 2.093218e-02
vertex -5.153838e-02 9.336499e-01 2.508469e-03
vertex -1.032149e-01 8.981546e-01 5.308143e-03
endloop
endfacet
facet normal 0 0 0
outer loop
vertex -1.987093e-01 4.799521e-01 -9.087267e-02
vertex -1.775835e-01 5.168076e-01 -9.672644e-02
vertex -2.055203e-01 5.028673e-01 -9.067598e-02
endloop
endfacet
facet normal 0 0 0
outer loop
vertex -2.116331e-01 4.925897e-01 -7.981399e-02
vertex -1.801309e-01 5.011457e-01 -7.930218e-02
vertex -1.987491e-01 4.506775e-01 -7.802970e-02
endloop
endfacet
facet normal 0 0 0
outer loop
vertex -2.577150e-01 3.639780e-01 -9.352300e-02
vertex -2.825176e-01 3.776507e-01 -8.167538e-02
vertex -2.524310e-01 3.998927e-01 -9.405105e-02
endloop
endfacet
facet normal 0 0 0
outer loop
vertex 4.583439e-02 9.494951e-02 -1.809913e-02
vertex 4.471678e-02 6.304797e-02 -5.033906e-03
vertex 7.284540e-03 8.237586e-02 -9.136072e-03
endloop
endfacet
facet normal 0 0 0
outer loop
vertex -1.380395e-01 5.891831e-01 -7.637397e-02
vertex -1.314279e-01 5.319422e-01 -7.906185e-02
vertex -1.657177e-01 5.456896e-01 -7.980783e-02
endloop
endfacet
facet normal 0 0 0
outer loop
vertex -8.186351e-02 3.811741e-01 1.204582e-01
vertex -6.770515e-02 4.077514e-01 1.219648e-01
vertex -7.776139e-02 3.776352e-01 1.308299e-01
endloop
endfacet
facet normal 0 0 0
outer loop
vertex -9.574566e-02 3.598856e-01 1.187572e-01
vertex -8.186351e-02 3.811741e-01 1.204582e-01
vertex -7.776139e-02 3.776352e-01 1.308299e-01
endloop
endfacet
facet normal 0 0 0
outer loop
vertex 1.593482e-01 2.577271e-01 -1.950114e-02
vertex 1.984183e-01 2.383544e-01 -1.581341e-02
vertex 1.739716e-01 1.798823e-01 -2.447016e-02
endloop
endfacet
facet normal 0 0 0
outer loop
vertex -5.344917e-01 3.934657e-01 1.756695e-02
vertex -4.951178e-01 3.689505e-01 1.650264e-02
vertex -4.808420e-01 3.927635e-01 4.661895e-02
endloop
endfacet
facet normal 0 0 0
outer loop
vertex -5.391447e-02 4.528198e-01 1.353335e-01
vertex -6.670260e-02 4.099288e-01 1.360898e-01
vertex -6.770515e-02 4.077514e-01 1.219648e-01
endloop
endfacet
facet normal 0 0 0
outer loop
vertex 7.284540e-03 8.237586e-02 -9.136072e-03
vertex 1.009377e-02 1.277694e-01 -1.763167e-02
vertex 4.583439e-02 9.494951e-02 -1.809913e-02
endloop
endfacet
facet normal 0 0 0
outer loop
vertex -1.104560e-01 3.436804e-01 -1.175099e-01
vertex -1.588018e-01 3.270874e-01 -1.081974e-01
vertex -1.328315e-01 3.347048e-01 -1.235453e-01
endloop
endfacet
facet normal 0 0 0
outer loop
vertex -2.564718e-01 4.000261e-01 -7.609129e-02
vertex -2.267246e-01 4.193721e-01 -7.786713e-02
vertex -2.429363e-01 3.759768e-01 -6.872826e-02
endloop
endfacet
facet normal 0 0 0
outer loop
vertex -2.267246e-01 4.193721e-01 -7.786713e-02
vertex -2.564718e-01 4.000261e-01 -7.609129e-02
vertex -2.379949e-01 3.863112e-01 -8.250803e-02
endloop
endfacet
facet normal 0 0 0
outer loop
vertex -2.370976e-01 1.774059e-01 6.216591e-02
vertex -2.362430e-01 1.383701e-01 7.155242e-02
vertex -1.810406e-01 1.460537e-01 6.992802e-02
endloop
endfacet
facet normal 0 0 0
outer loop
vertex 1.710880e-01 9.598147e-01 -9.240248e-03
vertex 1.359893e-01 9.573849e-01 -9.513818e-03
vertex 1.294130e-01 9.648911e-01 1.116075e-03
endloop
endfacet
facet normal 0 0 0
outer loop
vertex -2.844255e-01 1.361035e-01 -7.192954e-02
vertex -2.676098e-01 1.151793e-01 -8.109304e-02
vertex -2.789406e-01 1.267439e-01 -6.367080e-02
endloop
endfacet
facet normal 0 0 0
outer loop
vertex -2.496358e-01 1.706219e-01 4.468259e-02
vertex -2.286411e-01 1.520468e-01 4.988273e-02
vertex -2.660056e-01 1.402270e-01 5.403232e-02
endloop
endfacet
facet normal 0 0 0
outer loop
vertex -2.333349e-01 1.280120e-01 5.685533e-02
vertex -2.286411e-01 1.520468e-01 4.988273e-02
vertex -1.932776e-01 1.299496e-01 5.625673e-02
endloop
endfacet
facet normal 0 0 0
outer loop
vertex -1.005814e-01 3.496544e-01 1.282244e-01
vertex -1.308135e-01 3.394280e-01 1.264635e-01
vertex -1.327942e-01 3.361725e-01 1.111117e-01
endloop
endfacet
facet normal 0 0 0
outer loop
vertex 2.773339e-01 2.977844e-01 -9.789282e-03
vertex 2.911887e-01 2.791151e-01 6.375918e-03
vertex 2.668513e-01 3.154292e-01 6.592097e-03
endloop
endfacet
facet normal 0 0 0
outer loop
vertex -1.668258e-01 2.364097e-01 -3.256549e-02
vertex -1.495449e-01 2.231457e-01 -4.896926e-02
vertex -1.710843e-01 2.397366e-01 -4.742061e-02
endloop
endfacet
facet normal 0 0 0
outer loop
vertex -6.167156e-02 5.319393e-01 7.258265e-02
vertex -5.244247e-02 5.711035e-01 7.088691e-02
vertex -1.049734e-01 5.292401e-01 7.717795e-02
endloop
endfacet
facet normal 0 0 0
outer loop
vertex 2.222570e-01 7.053704e-01 8.323496e-03
vertex 2.157881e-01 7.504421e-01 1.711039e-02
vertex 1.923683e-01 6.890188e-01 1.094308e-02
endloop
endfacet
facet normal 0 0 0
outer loop
vertex 1.923683e-01 6.890188e-01 1.094308e-02
vertex 2.157881e-01 7.504421e-01 1.711039e-02
vertex 1.549890e-01 7.274114e-01 2.033373e-02
endloop
endfacet
facet normal 0 0 0
outer loop
vertex -2.067727e-01 1.530069e-01 -7.173798e-02
vertex -2.129766e-01 1.099161e-01 -8.283006e-02
vertex -2.328579e-01 1.422332e-01 -7.434101e-02
endloop
endfacet
facet normal 0 0 0
outer loop
vertex -2.328579e-01 1.422332e-01 -7.434101e-02
vertex -2.129766e-01 1.099161e-01 -8.283006e-02
vertex -2.676098e-01 1.151793e-01 -8.109304e-02
endloop
endfacet
facet normal 0 0 0
outer loop
vertex 1.916959e-02 3.171078e-01 -2.047973e-02
vertex 5.609300e-02 3.383830e-01 -1.771700e-02
vertex 6.801597e-02 3.035834e-01 -1.975848e-02
endloop
endfacet
facet normal 0 0 0
outer loop
vertex 1.293590e-01 7.575600e-02 2.022800e-02
vertex 1.773295e-01 7.018882e-02 2.099461e-02
vertex 1.785375e-01 1.203207e-01 2.383285e-02
endloop
endfacet
facet normal 0 0 0
outer loop
vertex -1.223140e-01 2.760555e-01 -1.547466e-02
vertex -8.444045e-02 2.752619e-01 -9.094427e-03
vertex -9.817980e-02 2.737198e-01 -9.088283e-04
endloop
endfacet
facet normal 0 0 0
outer loop
vertex -8.444045e-02 2.752619e-01 -9.094427e-03
vertex -8.727359e-02 2.457035e-01 -5.968877e-03
vertex -9.817980e-02 2.737198e-01 -9.088283e-04
endloop
endfacet
facet normal 0 0 0
outer loop
vertex -5.524500e-02 5.022135e-01 1.212424e-01
vertex -4.825563e-02 5.318559e-01 1.273353e-01
vertex -5.002056e-02 5.004891e-01 1.337720e-01
endloop
endfacet
facet normal 0 0 0
outer loop
vertex -2.757157e-01 4.387875e-01 8.633909e-02
vertex -2.616646e-01 4.086849e-01 8.944406e-02
vertex -2.278155e-01 4.223370e-01 1.005434e-01
endloop
endfacet
facet normal 0 0 0
outer loop
vertex -2.757157e-01 4.387875e-01 8.633909e-02
vertex -2.278155e-01 4.223370e-01 1.005434e-01
vertex -2.584175e-01 4.740385e-01 9.342279e-02
endloop
endfacet
facet normal 0 0 0
outer loop
vertex 4.390429e-02 6.037796e-01 -5.356256e-02
vertex 1.696723e-02 6.439999e-01 -5.201547e-02
vertex 5.709757e-02 6.346886e-01 -4.340530e-02
endloop
endfacet
facet normal 0 0 0
outer loop
vertex 1.696723e-02 6.439999e-01 -5.201547e-02
vertex 5.842304e-02 6.636992e-01 -3.083045e-02
vertex 5.709757e-02 6.346886e-01 -4.340530e-02
endloop
endfacet
facet normal 0 0 0
outer loop
vertex 2.274236e-02 3.187602e-01 1.740500e-02
vertex 7.219100e-02 3.473040e-01 1.512000e-02
vertex 4.199350e-02 3.487251e-01 3.385485e-02
endloop
endfacet
facet normal 0 0 0
outer loop
vertex 5.540598e-01 6.650460e-01 8.210873e-04
vertex 5.302446e-01 7.064110e-01 3.535345e-03
vertex 5.165830e-01 6.714764e-01 1.166239e-02
endloop
endfacet
facet normal 0 0 0
outer loop
vertex -1.671274e-01 1.450498e-01 5.309300e-02
vertex -1.922914e-01 1.858147e-01 4.117875e-02
vertex -1.380213e-01 1.607603e-01 4.974848e-02
endloop
endfacet
facet normal 0 0 0
outer loop
vertex -2.215714e-01 5.217354e-01 -8.043981e-02
vertex -1.801309e-01 5.011457e-01 -7.930218e-02
vertex -2.116331e-01 4.925897e-01 -7.981399e-02
endloop
endfacet
facet normal 0 0 0
outer loop
vertex -2.055203e-01 5.028673e-01 -9.067598e-02
vertex -2.057370e-01 5.093405e-01 -1.025742e-01
vertex -2.376908e-01 4.827808e-01 -8.071789e-02
endloop
endfacet
facet normal 0 0 0
outer loop
vertex 2.339611e-01 3.585272e-01 -2.810343e-03
vertex 2.365060e-01 3.710260e-01 -9.532000e-03
vertex 2.524309e-01 3.302487e-01 -4.906935e-03
endloop
endfacet
facet normal 0 0 0
outer loop
vertex -2.394638e-01 7.492182e-02 7.031332e-02
vertex -2.109507e-01 1.030210e-01 6.317816e-02
vertex -2.213897e-01 6.570820e-02 7.171966e-02
endloop
endfacet
facet normal 0 0 0
outer loop
vertex 4.873042e-01 6.332628e-01 -2.636695e-02
vertex 5.233678e-01 6.421372e-01 -1.685908e-02
vertex 5.286815e-01 5.831875e-01 -2.350391e-02
endloop
endfacet
facet normal 0 0 0
outer loop
vertex 4.976118e-01 6.832907e-01 -1.856370e-02
vertex 5.233678e-01 6.421372e-01 -1.685908e-02
vertex 4.873042e-01 6.332628e-01 -2.636695e-02
endloop
endfacet
facet normal 0 0 0
outer loop
vertex 3.781011e-01 2.239147e-01 -1.908581e-02
vertex 3.596668e-01 2.599800e-01 -2.674277e-02
vertex 4.158112e-01 2.689952e-01 -2.959315e-02
endloop
endfacet
facet normal 0 0 0
outer loop
vertex 2.106625e-01 5.754001e-01 -1.343742e-02
vertex 2.463911e-01 6.184847e-01 -1.002049e-02
vertex 2.552789e-01 5.572192e-01 -2.427316e-02
endloop
endfacet
facet normal 0 0 0
outer loop
vertex -1.471286e-01 4.236507e-01 -1.202415e-01
vertex -1.862613e-01 4.269331e-01 -1.108800e-01
vertex -1.701770e-01 4.599520e-01 -1.117090e-01
endloop
endfacet
facet normal 0 0 0
outer loop
vertex -1.701770e-01 4.599520e-01 -1.117090e-01
vertex -1.329025e-01 4.530014e-01 -1.225479e-01
vertex -1.471286e-01 4.236507e-01 -1.202415e-01
endloop
endfacet
facet normal 0 0 0
outer loop
vertex 5.362182e-01 3.703803e-01 1.501775e-02
vertex 5.807850e-01 3.757116e-01 4.446772e-03
vertex 5.876803e-01 4.036094e-01 3.865741e-03
endloop
endfacet
facet normal 0 0 0
outer loop
vertex 5.362182e-01 3.703803e-01 1.501775e-02
vertex 5.876803e-01 4.036094e-01 3.865741e-03
vertex 5.409110e-01 4.176620e-01 1.814021e-02
endloop
endfacet
facet normal 0 0 0
outer loop
vertex -4.996316e-02 1.235861e-01 2.025491e-03
vertex -4.948926e-02 1.647602e-01 8.480429e-03
vertex -6.813313e-02 1.688123e-01 4.228013e-03
endloop
endfacet
facet normal 0 0 0
outer loop
vertex -4.996316e-02 1.235861e-01 2.025491e-03
vertex -6.813313e-02 1.688123e-01 4.228013e-03
vertex -6.342215e-02 1.653517e-01 -9.497584e-03
endloop
endfacet
facet normal 0 0 0
outer loop
vertex -1.471286e-01 4.236507e-01 -1.202415e-01
vertex -1.803000e-01 3.846600e-01 -1.104170e-01
vertex -1.862613e-01 4.269331e-01 -1.108800e-01
endloop
endfacet
facet normal 0 0 0
outer loop
vertex 2.310477e-01 1.290032e-01 -2.424135e-02
vertex 2.671413e-01 9.046231e-02 -2.199597e-02
vertex 2.224137e-01 9.379705e-02 -2.536629e-02
endloop
endfacet
facet normal 0 0 0
outer loop
vertex 2.782747e-01 1.181326e-01 -1.617298e-02
vertex 3.102520e-01 1.077520e-01 -9.831000e-03
vertex 2.671413e-01 9.046231e-02 -2.199597e-02
endloop
endfacet
facet normal 0 0 0
outer loop
vertex 2.802294e-01 6.086727e-02 1.338006e-02
vertex 2.478845e-01 8.457197e-02 2.017592e-02
vertex 2.317956e-01 1.110273e-02 5.977393e-03
endloop
endfacet
facet normal 0 0 0
outer loop
vertex -1.747008e-02 1.482045e-01 1.047325e-02
vertex -1.258788e-02 2.048289e-01 1.706211e-02
vertex -4.948926e-02 1.647602e-01 8.480429e-03
endloop
endfacet
facet normal 0 0 0
outer loop
vertex -4.891835e-02 2.355954e-01 1.227744e-02
vertex -7.805170e-02 2.392413e-01 8.129103e-03
vertex -7.501210e-02 2.019860e-01 6.084251e-03
endloop
endfacet
facet normal 0 0 0
outer loop
vertex -1.543479e-01 8.540100e-01 -6.761999e-03
vertex -1.146576e-01 8.855771e-01 -8.309290e-03
vertex -1.133815e-01 8.482493e-01 -1.371934e-02
endloop
endfacet
facet normal 0 0 0
outer loop
vertex -1.214805e-01 8.004316e-01 -2.369099e-02
vertex -1.543479e-01 8.540100e-01 -6.761999e-03
vertex -1.133815e-01 8.482493e-01 -1.371934e-02
endloop
endfacet
facet normal 0 0 0
outer loop
vertex -1.715130e-01 4.945406e-01 -1.124131e-01
vertex -1.374409e-01 4.832572e-01 -1.205985e-01
vertex -1.701770e-01 4.599520e-01 -1.117090e-01
endloop
endfacet
facet normal 0 0 0
outer loop
vertex -1.701770e-01 4.599520e-01 -1.117090e-01
vertex -1.374409e-01 4.832572e-01 -1.205985e-01
vertex -1.329025e-01 4.530014e-01 -1.225479e-01
endloop
endfacet
facet normal 0 0 0
outer loop
vertex -1.851228e-01 4.669606e-01 1.107386e-01
vertex -1.934010e-01 4.227890e-01 1.070990e-01
vertex -1.669547e-01 4.326813e-01 1.159905e-01
endloop
endfacet
facet normal 0 0 0
outer loop
vertex 3.565585e-01 3.199003e-01 2.771829e-02
vertex 3.573902e-01 3.796389e-01 3.014368e-02
vertex 3.144870e-01 3.109040e-01 2.053400e-02
endloop
endfacet
facet normal 0 0 0
outer loop
vertex 2.582489e-01 8.072824e-01 1.690464e-02
vertex 2.157881e-01 7.504421e-01 1.711039e-02
vertex 2.538219e-01 7.674643e-01 1.292816e-02
endloop
endfacet
facet normal 0 0 0
outer loop
vertex 2.773339e-01 2.977844e-01 -9.789282e-03
vertex 3.288760e-01 2.967060e-01 -2.364200e-02
vertex 3.022783e-01 2.620951e-01 -8.680674e-03
endloop
endfacet
facet normal 0 0 0
outer loop
vertex -3.442285e-01 4.464881e-01 7.793079e-02
vertex -3.568569e-01 4.888176e-01 7.646223e-02
vertex -3.873023e-01 4.540918e-01 7.150988e-02
endloop
endfacet
facet normal 0 0 0
outer loop
vertex 2.073755e-01 2.026642e-01 -1.634380e-02
vertex 2.360774e-01 1.776255e-01 -1.614397e-02
vertex 1.739716e-01 1.798823e-01 -2.447016e-02
endloop
endfacet
facet normal 0 0 0
outer loop
vertex -1.934010e-01 4.227890e-01 1.070990e-01
vertex -1.932273e-01 3.986868e-01 1.102107e-01
vertex -1.627366e-01 3.955874e-01 1.179058e-01
endloop
endfacet
facet normal 0 0 0
outer loop
vertex -1.627366e-01 3.955874e-01 1.179058e-01
vertex -1.932273e-01 3.986868e-01 1.102107e-01
vertex -1.999269e-01 3.666754e-01 1.081771e-01
endloop
endfacet
facet normal 0 0 0
outer loop
vertex -6.219256e-02 4.344947e-01 -1.214135e-01
vertex -5.187968e-02 4.503545e-01 -1.301609e-01
vertex -6.097852e-02 4.808547e-01 -1.212882e-01
endloop
endfacet
facet normal 0 0 0
outer loop
vertex -1.321090e-01 1.643800e-01 -5.774600e-02
vertex -1.481606e-01 1.883380e-01 -6.285971e-02
vertex -1.455234e-01 1.706677e-01 -5.069846e-02
endloop
endfacet
facet normal 0 0 0
outer loop
vertex -1.455234e-01 1.706677e-01 -5.069846e-02
vertex -1.481606e-01 1.883380e-01 -6.285971e-02
vertex -1.511628e-01 2.059774e-01 -4.195972e-02
endloop
endfacet
facet normal 0 0 0
outer loop
vertex 4.662957e-01 5.451020e-01 -3.212786e-02
vertex 4.599565e-01 4.753404e-01 -3.381567e-02
vertex 4.064749e-01 5.264983e-01 -3.514884e-02
endloop
endfacet
facet normal 0 0 0
outer loop
vertex -2.181142e-01 2.434277e-01 4.143352e-02
vertex -2.558980e-01 2.096919e-01 5.375763e-02
vertex -1.875878e-01 2.115300e-01 5.203445e-02
endloop
endfacet
facet normal 0 0 0
outer loop
vertex -1.672845e-01 2.338087e-01 4.519400e-02
vertex -1.878078e-01 2.565740e-01 3.232851e-02
vertex -1.875878e-01 2.115300e-01 5.203445e-02
endloop
endfacet
facet normal 0 0 0
outer loop
vertex -1.875878e-01 2.115300e-01 5.203445e-02
vertex -1.878078e-01 2.565740e-01 3.232851e-02
vertex -2.181142e-01 2.434277e-01 4.143352e-02
endloop
endfacet
facet normal 0 0 0
outer loop
vertex 1.586333e-02 5.693254e-01 6.210258e-02
vertex -5.244247e-02 5.711035e-01 7.088691e-02
vertex -1.024192e-02 5.104722e-01 6.800859e-02
endloop
endfacet
facet normal 0 0 0
outer loop
vertex -5.050028e-02 7.400485e-01 -2.706430e-02
vertex -3.851740e-02 7.862062e-01 -3.123602e-02
vertex 1.469685e-02 7.462398e-01 -2.798418e-02
endloop
endfacet
facet normal 0 0 0
outer loop
vertex -2.171321e-01 7.886661e-02 -7.298629e-02
vertex -2.440558e-01 7.916390e-02 -7.442688e-02
vertex -2.277509e-01 6.455778e-02 -7.783614e-02
endloop
endfacet
facet normal 0 0 0
outer loop
vertex 1.912543e-01 5.092072e-01 3.248501e-02
vertex 1.316701e-01 4.894799e-01 4.595174e-02
vertex 1.634891e-01 4.640062e-01 3.857235e-02
endloop
endfacet
facet normal 0 0 0
outer loop
vertex 1.634891e-01 4.640062e-01 3.857235e-02
vertex 1.316701e-01 4.894799e-01 4.595174e-02
vertex 1.466290e-01 4.274937e-01 3.602814e-02
endloop
endfacet
facet normal 0 0 0
outer loop
vertex 3.319493e-01 2.327660e-01 -9.426776e-03
vertex 3.596668e-01 2.599800e-01 -2.674277e-02
vertex 3.781011e-01 2.239147e-01 -1.908581e-02
endloop
endfacet
facet normal 0 0 0
outer loop
vertex 2.442676e-01 1.735309e-01 1.169815e-02
vertex 2.508911e-01 2.042877e-01 6.519440e-03
vertex 2.085298e-01 1.791945e-01 1.793904e-02
endloop
endfacet
facet normal 0 0 0
outer loop
vertex 2.442676e-01 1.735309e-01 1.169815e-02
vertex 2.085298e-01 1.791945e-01 1.793904e-02
vertex 2.327745e-01 1.386465e-01 1.901301e-02
endloop
endfacet
facet normal 0 0 0
outer loop
vertex 5.233678e-01 6.421372e-01 -1.685908e-02
vertex 5.455061e-01 6.152586e-01 -1.734333e-02
vertex 5.286815e-01 5.831875e-01 -2.350391e-02
endloop
endfacet
facet normal 0 0 0
outer loop
vertex 5.455061e-01 6.152586e-01 -1.734333e-02
vertex 5.726198e-01 6.043087e-01 -1.060685e-02
vertex 5.286815e-01 5.831875e-01 -2.350391e-02
endloop
endfacet
facet normal 0 0 0
outer loop
vertex 2.096154e-01 1.084025e-02 -9.396573e-03
vertex 1.644568e-01 1.114376e-02 -9.041222e-03
vertex 1.874110e-01 4.180699e-02 -1.524497e-02
endloop
endfacet
facet normal 0 0 0
outer loop
vertex -2.313909e-02 6.784213e-01 -5.148727e-02
vertex -4.694987e-02 7.107465e-01 -4.398450e-02
vertex -1.636458e-02 6.992875e-01 -4.217141e-02
endloop
endfacet
facet normal 0 0 0
outer loop
vertex -1.258772e-02 7.152592e-01 -2.323402e-02
vertex -1.636458e-02 6.992875e-01 -4.217141e-02
vertex -4.694987e-02 7.107465e-01 -4.398450e-02
endloop
endfacet
facet normal 0 0 0
outer loop
vertex 1.984183e-01 2.383544e-01 -1.581341e-02
vertex 2.407793e-01 2.254460e-01 -8.217444e-03
vertex 2.073755e-01 2.026642e-01 -1.634380e-02
endloop
endfacet
facet normal 0 0 0
outer loop
vertex 2.360774e-01 1.776255e-01 -1.614397e-02
vertex 2.073755e-01 2.026642e-01 -1.634380e-02
vertex 2.407793e-01 2.254460e-01 -8.217444e-03
endloop
endfacet
facet normal 0 0 0
outer loop
vertex -5.326946e-02 4.337744e-01 -7.030975e-02
vertex -9.447072e-02 4.193683e-01 -7.236413e-02
vertex -8.208069e-02 4.645875e-01 -7.453933e-02
endloop
endfacet
facet normal 0 0 0
outer loop
vertex -1.455234e-01 1.706677e-01 -5.069846e-02
vertex -1.430827e-01 1.345709e-01 -6.190553e-02
vertex -1.321090e-01 1.643800e-01 -5.774600e-02
endloop
endfacet
facet normal 0 0 0
outer loop
vertex -5.589827e-02 4.561645e-01 1.219906e-01
vertex -5.002056e-02 5.004891e-01 1.337720e-01
vertex -5.391447e-02 4.528198e-01 1.353335e-01
endloop
endfacet
facet normal 0 0 0
outer loop
vertex -3.124036e-01 4.853030e-01 8.097623e-02
vertex -2.664242e-01 4.760274e-01 7.518885e-02
vertex -2.495089e-01 5.244975e-01 8.224021e-02
endloop
endfacet
facet normal 0 0 0
outer loop
vertex -7.501210e-02 2.019860e-01 6.084251e-03
vertex -5.138392e-02 1.998002e-01 1.062269e-02
vertex -4.891835e-02 2.355954e-01 1.227744e-02
endloop
endfacet
facet normal 0 0 0
outer loop
vertex -1.179959e-01 3.056336e-01 4.230022e-02
vertex -8.158756e-02 3.006564e-01 3.530441e-02
vertex -9.991575e-02 3.321092e-01 5.439327e-02
endloop
endfacet
facet normal 0 0 0
outer loop
vertex 2.530718e-01 7.367125e-01 7.175262e-03
vertex 2.288634e-01 7.167119e-01 -9.451253e-03
vertex 2.631488e-01 7.399641e-01 -5.961730e-03
endloop
endfacet
facet normal 0 0 0
outer loop
vertex -3.768156e-01 3.621083e-01 4.992902e-02
vertex -3.292421e-01 3.310533e-01 4.783576e-02
vertex -3.408720e-01 3.735130e-01 5.553300e-02
endloop
endfacet
facet normal 0 0 0
outer loop
vertex -1.329025e-01 4.530014e-01 -1.225479e-01
vertex -1.064812e-01 4.307159e-01 -1.288968e-01
vertex -1.471286e-01 4.236507e-01 -1.202415e-01
endloop
endfacet
facet normal 0 0 0
outer loop
vertex 5.153954e-02 9.668773e-01 7.180865e-03
vertex 2.472977e-03 9.574849e-01 6.205634e-03
vertex 3.114363e-02 9.370637e-01 1.194891e-02
endloop
endfacet
facet normal 0 0 0
outer loop
vertex -4.488492e-02 9.272818e-01 -9.636792e-03
vertex -4.940498e-02 8.818738e-01 -2.080102e-02
vertex -8.723462e-02 9.081251e-01 -7.327462e-03
endloop
endfacet
facet normal 0 0 0
outer loop
vertex -3.040987e-01 1.918108e-01 -5.471370e-02
vertex -2.965862e-01 1.637388e-01 -5.902237e-02
vertex -2.991411e-01 1.981293e-01 -4.431377e-02
endloop
endfacet
facet normal 0 0 0
outer loop
vertex -2.560215e-01 2.870670e-01 3.061763e-02
vertex -2.533454e-01 2.482891e-01 4.190334e-02
vertex -2.333246e-01 2.634659e-01 3.385883e-02
endloop
endfacet
facet normal 0 0 0
outer loop
vertex -2.809767e-01 2.280178e-01 -5.239629e-02
vertex -2.710432e-01 2.449058e-01 -4.633949e-02
vertex -2.539788e-01 2.273712e-01 -5.181565e-02
endloop
endfacet
facet normal 0 0 0
outer loop
vertex 1.987300e-01 2.714187e-01 9.332546e-03
vertex 1.856880e-01 2.317770e-01 1.464000e-02
vertex 2.281413e-01 2.440612e-01 6.223900e-03
endloop
endfacet
facet normal 0 0 0
outer loop
vertex 2.540805e-01 8.961847e-01 7.223106e-03
vertex 2.378023e-01 8.587601e-01 1.775321e-02
vertex 2.687060e-01 8.718328e-01 7.947260e-03
endloop
endfacet
facet normal 0 0 0
outer loop
vertex -5.556946e-01 4.408704e-01 -3.519858e-02
vertex -5.027550e-01 4.444340e-01 -5.486857e-02
vertex -5.261497e-01 4.117511e-01 -3.810601e-02
endloop
endfacet
facet normal 0 0 0
outer loop
vertex -1.406752e-01 7.527309e-01 -2.421451e-02
vertex -1.604343e-01 7.851790e-01 -1.414558e-02
vertex -1.214805e-01 8.004316e-01 -2.369099e-02
endloop
endfacet
facet normal 0 0 0
outer loop
vertex -3.370430e-01 3.813860e-01 -5.678900e-02
vertex -3.414149e-01 4.175254e-01 -6.820474e-02
vertex -2.999162e-01 4.359025e-01 -7.745700e-02
endloop
endfacet
facet normal 0 0 0
outer loop
vertex 2.744874e-01 1.026273e-01 1.523438e-02
vertex 2.603185e-01 1.258576e-01 1.557422e-02
vertex 2.478845e-01 8.457197e-02 2.017592e-02
endloop
endfacet
facet normal 0 0 0
outer loop
vertex 2.478845e-01 8.457197e-02 2.017592e-02
vertex 2.802294e-01 6.086727e-02 1.338006e-02
vertex 2.744874e-01 1.026273e-01 1.523438e-02
endloop
endfacet
facet normal 0 0 0
outer loop
vertex -4.474527e-01 3.385804e-01 7.384596e-03
vertex -4.441648e-01 3.675830e-01 3.898965e-02
vertex -4.951178e-01 3.689505e-01 1.650264e-02
endloop
endfacet
facet normal 0 0 0
outer loop
vertex -1.932776e-01 1.299496e-01 5.625673e-02
vertex -2.109507e-01 1.030210e-01 6.317816e-02
vertex -2.333349e-01 1.280120e-01 5.685533e-02
endloop
endfacet
facet normal 0 0 0
outer loop
vertex -2.660056e-01 1.402270e-01 5.403232e-02
vertex -2.286411e-01 1.520468e-01 4.988273e-02
vertex -2.333349e-01 1.280120e-01 5.685533e-02
endloop
endfacet
facet normal 0 0 0
outer loop
vertex 5.694804e-01 4.407485e-01 1.315049e-02
vertex 5.910797e-01 4.766255e-01 6.401373e-03
vertex 5.534653e-01 4.716745e-01 1.732747e-02
endloop
endfacet
facet normal 0 0 0
outer loop
vertex -1.588018e-01 3.270874e-01 -1.081974e-01
vertex -1.642784e-01 3.320823e-01 -1.180547e-01
vertex -1.328315e-01 3.347048e-01 -1.235453e-01
endloop
endfacet
facet normal 0 0 0
outer loop
vertex -2.935079e-01 1.871678e-01 -6.494642e-02
vertex -2.564090e-01 1.780670e-01 -6.636600e-02
vertex -2.844255e-01 1.361035e-01 -7.192954e-02
endloop
endfacet
facet normal 0 0 0
outer loop
vertex -5.491111e-02 2.347830e-01 -1.290551e-02
vertex -6.170115e-02 2.019695e-01 -1.014216e-02
vertex -7.611629e-02 2.131749e-01 -9.436212e-03
endloop
endfacet
facet normal 0 0 0
outer loop
vertex -6.170115e-02 2.019695e-01 -1.014216e-02
vertex -5.491111e-02 2.347830e-01 -1.290551e-02
vertex -1.242154e-02 2.311735e-01 -1.892063e-02
endloop
endfacet
facet normal 0 0 0
outer loop
vertex -1.798851e-01 7.445398e-02 6.981428e-02
vertex -1.932776e-01 1.299496e-01 5.625673e-02
vertex -1.631064e-01 1.169893e-01 6.225819e-02
endloop
endfacet
facet normal 0 0 0
outer loop
vertex -1.260925e-01 3.554125e-01 6.426804e-02
vertex -1.052164e-01 3.856784e-01 6.896394e-02
vertex -1.556852e-01 3.787232e-01 7.086988e-02
endloop
endfacet
facet normal 0 0 0
outer loop
vertex -1.798851e-01 7.445398e-02 6.981428e-02
vertex -1.631064e-01 1.169893e-01 6.225819e-02
vertex -1.457610e-01 9.728089e-02 6.516992e-02
endloop
endfacet
facet normal 0 0 0
outer loop
vertex -9.991575e-02 3.321092e-01 5.439327e-02
vertex -4.905660e-02 3.362943e-01 5.026111e-02
vertex -7.615429e-02 3.583655e-01 6.110548e-02
endloop
endfacet
facet normal 0 0 0
outer loop
vertex -1.919840e-01 4.388977e-01 -9.220167e-02
vertex -1.927536e-01 4.004650e-01 -9.299302e-02
vertex -1.612978e-01 4.251674e-01 -1.002407e-01
endloop
endfacet
facet normal 0 0 0
outer loop
vertex -7.358407e-02 5.515095e-01 1.197459e-01
vertex -4.825563e-02 5.318559e-01 1.273353e-01
vertex -7.988912e-02 5.068343e-01 1.173611e-01
endloop
endfacet
facet normal 0 0 0
outer loop
vertex -1.693276e-01 4.721133e-01 -9.737617e-02
vertex -1.412553e-01 4.557655e-01 -1.042446e-01
vertex -1.466965e-01 5.039088e-01 -1.028015e-01
endloop
endfacet
facet normal 0 0 0
outer loop
vertex -2.595575e-01 9.687584e-02 6.673159e-02
vertex -2.109507e-01 1.030210e-01 6.317816e-02
vertex -2.394638e-01 7.492182e-02 7.031332e-02
endloop
endfacet
facet normal 0 0 0
outer loop
vertex -4.595190e-01 5.670440e-01 5.487900e-02
vertex -4.362542e-01 5.589882e-01 6.942212e-02
vertex -4.347159e-01 5.917650e-01 6.018170e-02
endloop
endfacet
facet normal 0 0 0
outer loop
vertex -4.560447e-01 5.571328e-01 7.556331e-02
vertex -4.362542e-01 5.589882e-01 6.942212e-02
vertex -4.595190e-01 5.670440e-01 5.487900e-02
endloop
endfacet
facet normal 0 0 0
outer loop
vertex -4.858040e-01 5.346030e-01 5.479600e-02
vertex -4.657257e-01 5.326453e-01 7.393228e-02
vertex -4.595190e-01 5.670440e-01 5.487900e-02
endloop
endfacet
facet normal 0 0 0
outer loop
vertex -4.595190e-01 5.670440e-01 5.487900e-02
vertex -4.804051e-01 5.728449e-01 5.400675e-02
vertex -4.858040e-01 5.346030e-01 5.479600e-02
endloop
endfacet
facet normal 0 0 0
outer loop
vertex -4.657257e-01 5.326453e-01 7.393228e-02
vertex -4.560447e-01 5.571328e-01 7.556331e-02
vertex -4.595190e-01 5.670440e-01 5.487900e-02
endloop
endfacet
facet normal 0 0 0
outer loop
vertex -4.347159e-01 5.917650e-01 6.018170e-02
vertex -4.804051e-01 5.728449e-01 5.400675e-02
vertex -4.595190e-01 5.670440e-01 5.487900e-02
endloop
endfacet
facet normal 0 0 0
outer loop
vertex -2.999162e-01 4.359025e-01 -7.745700e-02
vertex -2.852051e-01 4.086834e-01 -8.413056e-02
vertex -3.370430e-01 3.813860e-01 -5.678900e-02
endloop
endfacet
facet normal 0 0 0
outer loop
vertex 2.773339e-01 2.977844e-01 -9.789282e-03
vertex 3.022783e-01 2.620951e-01 -8.680674e-03
vertex 2.911887e-01 2.791151e-01 6.375918e-03
endloop
endfacet
facet normal 0 0 0
outer loop
vertex 4.199350e-02 3.487251e-01 3.385485e-02
vertex 7.219100e-02 3.473040e-01 1.512000e-02
vertex 7.867853e-02 3.803185e-01 3.643326e-02
endloop
endfacet
facet normal 0 0 0
outer loop
vertex -1.962229e-01 1.428919e-01 -5.646492e-02
vertex -1.430827e-01 1.345709e-01 -6.190553e-02
vertex -1.676406e-01 1.843014e-01 -4.883116e-02
endloop
endfacet
facet normal 0 0 0
outer loop
vertex 5.279005e-01 2.320705e-01 3.582734e-03
vertex 5.311240e-01 2.661905e-01 6.151228e-03
vertex 5.041069e-01 2.695235e-01 1.249350e-02
endloop
endfacet
facet normal 0 0 0
outer loop
vertex 5.311240e-01 2.661905e-01 6.151228e-03
vertex 5.279005e-01 2.320705e-01 3.582734e-03
vertex 5.316558e-01 2.592865e-01 -1.050702e-02
endloop
endfacet
facet normal 0 0 0
outer loop
vertex -8.727359e-02 2.457035e-01 -5.968877e-03
vertex -7.805170e-02 2.392413e-01 8.129103e-03
vertex -8.659814e-02 2.729473e-01 8.274189e-03
endloop
endfacet
facet normal 0 0 0
outer loop
vertex 3.182319e-01 7.318625e-02 -1.370369e-02
vertex 3.274189e-01 1.030659e-01 -9.471817e-03
vertex 3.571902e-01 8.266068e-02 -5.236562e-03
endloop
endfacet
facet normal 0 0 0
outer loop
vertex -8.368697e-02 4.972225e-01 -1.163087e-01
vertex -1.083084e-01 4.677522e-01 -1.114479e-01
vertex -6.097852e-02 4.808547e-01 -1.212882e-01
endloop
endfacet
facet normal 0 0 0
outer loop
vertex -8.208069e-02 4.645875e-01 -7.453933e-02
vertex -1.359441e-01 4.722769e-01 -7.845479e-02
vertex -1.052069e-01 4.948250e-01 -7.722051e-02
endloop
endfacet
facet normal 0 0 0
outer loop
vertex 6.773088e-02 9.673972e-01 -8.677763e-03
vertex 3.817859e-02 9.258278e-01 -1.782666e-02
vertex 2.595652e-02 9.630902e-01 -8.102025e-03
endloop
endfacet
facet normal 0 0 0
outer loop
vertex -9.991575e-02 3.321092e-01 5.439327e-02
vertex -7.615429e-02 3.583655e-01 6.110548e-02
vertex -1.052164e-01 3.856784e-01 6.896394e-02
endloop
endfacet
facet normal 0 0 0
outer loop
vertex -1.205666e-01 4.095031e-01 1.111156e-01
vertex -1.607323e-01 4.668081e-01 9.972904e-02
vertex -1.015378e-01 4.718947e-01 1.134567e-01
endloop
endfacet
facet normal 0 0 0
outer loop
vertex -5.245389e-01 5.984500e-01 -1.615284e-02
vertex -4.735328e-01 6.274112e-01 -3.322824e-02
vertex -4.990184e-01 5.833833e-01 -4.461536e-02
endloop
endfacet
facet normal 0 0 0
outer loop
vertex -4.240030e-02 4.427108e-01 6.952969e-02
vertex -2.189478e-04 4.671228e-01 6.627949e-02
vertex -6.514649e-02 4.877213e-01 7.355119e-02
endloop
endfacet
facet normal 0 0 0
outer loop
vertex -2.595575e-01 9.687584e-02 6.673159e-02
vertex -2.333349e-01 1.280120e-01 5.685533e-02
vertex -2.109507e-01 1.030210e-01 6.317816e-02
endloop
endfacet
facet normal 0 0 0
outer loop
vertex 2.211117e-01 8.709671e-01 -1.958917e-02
vertex 2.174219e-01 7.959414e-01 -2.527711e-02
vertex 1.732579e-01 8.372708e-01 -2.936980e-02
endloop
endfacet
facet normal 0 0 0
outer loop
vertex 2.802294e-01 6.086727e-02 1.338006e-02
vertex 3.301969e-01 6.429870e-02 9.611464e-03
vertex 3.008655e-01 9.464046e-02 1.048590e-02
endloop
endfacet
facet normal 0 0 0
outer loop
vertex 3.329911e-01 9.847938e-02 5.082759e-03
vertex 3.008655e-01 9.464046e-02 1.048590e-02
vertex 3.301969e-01 6.429870e-02 9.611464e-03
endloop
endfacet
facet normal 0 0 0
outer loop
vertex -2.533454e-01 2.482891e-01 4.190334e-02
vertex -2.558980e-01 2.096919e-01 5.375763e-02
vertex -2.181142e-01 2.434277e-01 4.143352e-02
endloop
endfacet
facet normal 0 0 0
outer loop
vertex 5.391191e-01 6.198210e-01 1.394983e-02
vertex 5.181528e-01 5.971694e-01 1.954420e-02
vertex 5.733944e-01 5.979016e-01 6.135325e-03
endloop
endfacet
facet normal 0 0 0
outer loop
vertex -1.179959e-01 3.056336e-01 4.230022e-02
vertex -1.672173e-01 2.799211e-01 2.155764e-02
vertex -1.200852e-01 2.742781e-01 1.347161e-02
endloop
endfacet
facet normal 0 0 0
outer loop
vertex 1.056701e-01 8.885062e-01 2.785522e-02
vertex 6.980439e-02 9.076502e-01 2.473622e-02
vertex 8.754249e-02 8.533444e-01 3.168394e-02
endloop
endfacet
facet normal 0 0 0
outer loop
vertex -9.574566e-02 3.598856e-01 1.187572e-01
vertex -1.005814e-01 3.496544e-01 1.282244e-01
vertex -1.327942e-01 3.361725e-01 1.111117e-01
endloop
endfacet
facet normal 0 0 0
outer loop
vertex 2.161768e-01 2.722162e-01 3.006071e-03
vertex 2.281413e-01 2.440612e-01 6.223900e-03
vertex 2.124412e-01 2.705245e-01 -1.009197e-02
endloop
endfacet
facet normal 0 0 0
outer loop
vertex -5.748119e-01 4.166728e-01 5.067423e-03
vertex -5.344917e-01 3.934657e-01 1.756695e-02
vertex -5.370716e-01 4.219988e-01 3.722074e-02
endloop
endfacet
facet normal 0 0 0
outer loop
vertex 2.532920e-01 6.318610e-01 6.039000e-03
vertex 2.840023e-01 6.663783e-01 6.165183e-03
vertex 2.751637e-01 6.546149e-01 -9.852181e-03
endloop
endfacet
facet normal 0 0 0
outer loop
vertex 2.751637e-01 6.546149e-01 -9.852181e-03
vertex 2.463911e-01 6.184847e-01 -1.002049e-02
vertex 2.532920e-01 6.318610e-01 6.039000e-03
endloop
endfacet
facet normal 0 0 0
outer loop
vertex 4.553834e-01 1.786153e-01 3.086439e-03
vertex 4.185449e-01 1.806700e-01 -2.567599e-03
vertex 4.424188e-01 1.841370e-01 -1.095727e-02
endloop
endfacet
facet normal 0 0 0
outer loop
vertex -9.991575e-02 3.321092e-01 5.439327e-02
vertex -1.052164e-01 3.856784e-01 6.896394e-02
vertex -1.260925e-01 3.554125e-01 6.426804e-02
endloop
endfacet
facet normal 0 0 0
outer loop
vertex 5.963015e-02 4.078982e-01 5.085639e-02
vertex 7.867853e-02 3.803185e-01 3.643326e-02
vertex 9.771334e-02 4.213573e-01 4.535434e-02
endloop
endfacet
facet normal 0 0 0
outer loop
vertex 9.174950e-02 4.709008e-01 5.324370e-02
vertex 1.198754e-01 4.468609e-01 4.583956e-02
vertex 1.316701e-01 4.894799e-01 4.595174e-02
endloop
endfacet
facet normal 0 0 0
outer loop
vertex 1.466290e-01 4.274937e-01 3.602814e-02
vertex 1.316701e-01 4.894799e-01 4.595174e-02
vertex 1.198754e-01 4.468609e-01 4.583956e-02
endloop
endfacet
facet normal 0 0 0
outer loop
vertex -1.634493e-01 2.396502e-01 3.404571e-02
vertex -1.672845e-01 2.338087e-01 4.519400e-02
vertex -1.494498e-01 2.225039e-01 4.496800e-02
endloop
endfacet
facet normal 0 0 0
outer loop
vertex -9.574566e-02 3.598856e-01 1.187572e-01
vertex -1.320268e-01 3.710373e-01 1.097799e-01
vertex -1.205666e-01 4.095031e-01 1.111156e-01
endloop
endfacet
facet normal 0 0 0
outer loop
vertex 1.644568e-01 1.114376e-02 -9.041222e-03
vertex 1.957509e-01 8.236480e-03 6.004807e-03
vertex 1.595006e-01 6.316397e-03 6.404754e-03
endloop
endfacet
facet normal 0 0 0
outer loop
vertex 2.111338e-01 4.525314e-02 1.605983e-02
vertex 2.134709e-01 9.823512e-02 2.260790e-02
vertex 1.773295e-01 7.018882e-02 2.099461e-02
endloop
endfacet
facet normal 0 0 0
outer loop
vertex -1.457610e-01 9.728089e-02 6.516992e-02
vertex -1.353825e-01 7.363942e-02 7.251491e-02
vertex -1.798851e-01 7.445398e-02 6.981428e-02
endloop
endfacet
facet normal 0 0 0
outer loop
vertex 1.701996e-01 6.434903e-01 -6.522255e-03
vertex 1.707889e-01 6.432130e-01 6.822608e-03
vertex 1.482578e-01 6.450530e-01 8.169945e-03
endloop
endfacet
facet normal 0 0 0
outer loop
vertex -2.610169e-01 3.665842e-01 9.148473e-02
vertex -2.848594e-01 3.825372e-01 7.367031e-02
vertex -2.505124e-01 3.519057e-01 8.372672e-02
endloop
endfacet
facet normal 0 0 0
outer loop
vertex 4.901643e-01 3.177942e-01 2.144003e-02
vertex 4.480737e-01 2.684418e-01 2.377095e-02
vertex 5.041069e-01 2.695235e-01 1.249350e-02
endloop
endfacet
facet normal 0 0 0
outer loop
vertex -1.993917e-01 2.377876e-01 -4.666586e-02
vertex -1.979227e-01 2.621805e-01 -3.691901e-02
vertex -1.710843e-01 2.397366e-01 -4.742061e-02
endloop
endfacet
facet normal 0 0 0
outer loop
vertex -6.097852e-02 4.808547e-01 -1.212882e-01
vertex -4.883679e-02 4.845068e-01 -1.286050e-01
vertex -4.924795e-02 5.144767e-01 -1.239925e-01
endloop
endfacet
facet normal 0 0 0
outer loop
vertex -6.097852e-02 4.808547e-01 -1.212882e-01
vertex -4.924795e-02 5.144767e-01 -1.239925e-01
vertex -8.368697e-02 4.972225e-01 -1.163087e-01
endloop
endfacet
facet normal 0 0 0
outer loop
vertex -1.320268e-01 3.710373e-01 1.097799e-01
vertex -1.718658e-01 4.170359e-01 9.807432e-02
vertex -1.205666e-01 4.095031e-01 1.111156e-01
endloop
endfacet
facet normal 0 0 0
outer loop
vertex -2.807523e-01 3.166544e-01 -4.925758e-02
vertex -2.476597e-01 3.264352e-01 -5.666618e-02
vertex -2.686879e-01 2.939111e-01 -3.530943e-02
endloop
endfacet
facet normal 0 0 0
outer loop
vertex -2.776019e-01 2.065078e-01 -5.807958e-02
vertex -3.077977e-01 2.206171e-01 -5.263994e-02
vertex -2.809767e-01 2.280178e-01 -5.239629e-02
endloop
endfacet
facet normal 0 0 0
outer loop
vertex -2.776019e-01 2.065078e-01 -5.807958e-02
vertex -2.809767e-01 2.280178e-01 -5.239629e-02
vertex -2.539788e-01 2.273712e-01 -5.181565e-02
endloop
endfacet
facet normal 0 0 0
outer loop
vertex -6.608474e-02 4.001246e-01 -1.277614e-01
vertex -8.862592e-02 3.671693e-01 -1.196227e-01
vertex -7.831759e-02 3.799608e-01 -1.334026e-01
endloop
endfacet
facet normal 0 0 0
outer loop
vertex -1.242154e-02 2.311735e-01 -1.892063e-02
vertex -3.034244e-02 1.825794e-01 -1.483112e-02
vertex -6.170115e-02 2.019695e-01 -1.014216e-02
endloop
endfacet
facet normal 0 0 0
outer loop
vertex -3.034244e-02 1.825794e-01 -1.483112e-02
vertex -1.242154e-02 2.311735e-01 -1.892063e-02
vertex 2.417587e-03 1.750221e-01 -1.944577e-02
endloop
endfacet
facet normal 0 0 0
outer loop
vertex -1.223140e-01 2.760555e-01 -1.547466e-02
vertex -1.471412e-01 2.700049e-01 2.759137e-03
vertex -1.489898e-01 2.714782e-01 -1.436365e-02
endloop
endfacet
facet normal 0 0 0
outer loop
vertex -1.410585e-01 1.042214e-01 7.654978e-02
vertex -1.486924e-01 1.445849e-01 7.008512e-02
vertex -1.810406e-01 1.460537e-01 6.992802e-02
endloop
endfacet
facet normal 0 0 0
outer loop
vertex -5.092444e-02 5.426480e-01 -1.313043e-01
vertex -6.225473e-02 5.466588e-01 -1.196074e-01
vertex -4.924795e-02 5.144767e-01 -1.239925e-01
endloop
endfacet
facet normal 0 0 0
outer loop
vertex -1.796085e-01 3.261511e-01 1.023171e-01
vertex -1.577110e-01 3.550475e-01 1.037858e-01
vertex -1.327942e-01 3.361725e-01 1.111117e-01
endloop
endfacet
facet normal 0 0 0
outer loop
vertex -1.577110e-01 3.550475e-01 1.037858e-01
vertex -1.796085e-01 3.261511e-01 1.023171e-01
vertex -1.826278e-01 3.739225e-01 9.645998e-02
endloop
endfacet
facet normal 0 0 0
outer loop
vertex 2.966730e-01 1.368668e-01 -9.754032e-03
vertex 2.782747e-01 1.181326e-01 -1.617298e-02
vertex 2.626591e-01 1.431584e-01 -1.635931e-02
endloop
endfacet
facet normal 0 0 0
outer loop
vertex 2.310477e-01 1.290032e-01 -2.424135e-02
vertex 2.782747e-01 1.181326e-01 -1.617298e-02
vertex 2.671413e-01 9.046231e-02 -2.199597e-02
endloop
endfacet
facet normal 0 0 0
outer loop
vertex 5.341666e-01 6.907979e-01 -9.089222e-03
vertex 5.233678e-01 6.421372e-01 -1.685908e-02
vertex 4.976118e-01 6.832907e-01 -1.856370e-02
endloop
endfacet
facet normal 0 0 0
outer loop
vertex -1.005814e-01 3.496544e-01 1.282244e-01
vertex -9.574566e-02 3.598856e-01 1.187572e-01
vertex -7.776139e-02 3.776352e-01 1.308299e-01
endloop
endfacet
facet normal 0 0 0
outer loop
vertex -2.067727e-01 1.530069e-01 -7.173798e-02
vertex -2.004506e-01 2.007266e-01 -5.931451e-02
vertex -1.787525e-01 1.741565e-01 -6.632468e-02
endloop
endfacet
facet normal 0 0 0
outer loop
vertex -1.787525e-01 1.741565e-01 -6.632468e-02
vertex -2.004506e-01 2.007266e-01 -5.931451e-02
vertex -1.481606e-01 1.883380e-01 -6.285971e-02
endloop
endfacet
facet normal 0 0 0
outer loop
vertex -1.258772e-02 7.152592e-01 -2.323402e-02
vertex 1.618680e-02 6.814479e-01 -4.029547e-02
vertex -1.636458e-02 6.992875e-01 -4.217141e-02
endloop
endfacet
facet normal 0 0 0
outer loop
vertex -4.634931e-01 6.503155e-01 -4.006503e-03
vertex -4.849895e-01 6.227777e-01 2.894716e-02
vertex -4.459617e-01 6.575413e-01 2.531189e-02
endloop
endfacet
facet normal 0 0 0
outer loop
vertex -4.459617e-01 6.575413e-01 2.531189e-02
vertex -4.849895e-01 6.227777e-01 2.894716e-02
vertex -4.365381e-01 6.255764e-01 4.963319e-02
endloop
endfacet
facet normal 0 0 0
outer loop
vertex -1.950441e-01 4.144752e-01 -7.697262e-02
vertex -1.807324e-01 3.909008e-01 -7.382665e-02
vertex -2.092727e-01 3.742514e-01 -7.188731e-02
endloop
endfacet
facet normal 0 0 0
outer loop
vertex -2.757157e-01 4.387875e-01 8.633909e-02
vertex -2.996352e-01 4.032710e-01 7.797670e-02
vertex -2.616646e-01 4.086849e-01 8.944406e-02
endloop
endfacet
facet normal 0 0 0
outer loop
vertex -4.615810e-01 3.557946e-01 -2.367838e-02
vertex -4.251333e-01 3.341620e-01 -2.020919e-02
vertex -4.474527e-01 3.385804e-01 7.384596e-03
endloop
endfacet
facet normal 0 0 0
outer loop
vertex 4.673819e-01 7.290858e-01 -1.791745e-02
vertex 4.189243e-01 7.176727e-01 -2.260294e-02
vertex 4.492061e-01 7.432020e-01 -1.411445e-02
endloop
endfacet
facet normal 0 0 0
outer loop
vertex 7.171678e-02 4.778602e-02 -1.064418e-02
vertex 8.466870e-02 2.440010e-02 -2.882789e-03
vertex 6.544066e-02 4.535744e-02 1.786562e-03
endloop
endfacet
facet normal 0 0 0
outer loop
vertex 2.703256e-01 1.765753e-01 -9.474903e-03
vertex 2.966730e-01 1.368668e-01 -9.754032e-03
vertex 2.626591e-01 1.431584e-01 -1.635931e-02
endloop
endfacet
facet normal 0 0 0
outer loop
vertex 7.171678e-02 4.778602e-02 -1.064418e-02
vertex 4.471678e-02 6.304797e-02 -5.033906e-03
vertex 4.583439e-02 9.494951e-02 -1.809913e-02
endloop
endfacet
facet normal 0 0 0
outer loop
vertex -4.615810e-01 3.557946e-01 -2.367838e-02
vertex -4.474527e-01 3.385804e-01 7.384596e-03
vertex -5.029719e-01 3.732843e-01 -1.637262e-02
endloop
endfacet
facet normal 0 0 0
outer loop
vertex 5.963015e-02 4.078982e-01 5.085639e-02
vertex 3.529809e-02 3.748005e-01 4.713224e-02
vertex 7.867853e-02 3.803185e-01 3.643326e-02
endloop
endfacet
facet normal 0 0 0
outer loop
vertex -1.962229e-01 1.428919e-01 -5.646492e-02
vertex -2.153294e-01 1.086555e-01 -6.592235e-02
vertex -1.737566e-01 1.090859e-01 -6.614312e-02
endloop
endfacet
facet normal 0 0 0
outer loop
vertex -1.481606e-01 1.883380e-01 -6.285971e-02
vertex -1.495449e-01 2.231457e-01 -4.896926e-02
vertex -1.511628e-01 2.059774e-01 -4.195972e-02
endloop
endfacet
facet normal 0 0 0
outer loop
vertex -6.608474e-02 4.001246e-01 -1.277614e-01
vertex -6.219256e-02 4.344947e-01 -1.214135e-01
vertex -9.796978e-02 4.005389e-01 -1.163129e-01
endloop
endfacet
facet normal 0 0 0
outer loop
vertex 1.076701e-01 3.686748e-01 1.261838e-02
vertex 1.097059e-01 3.324977e-01 1.315459e-02
vertex 1.391747e-01 3.540937e-01 1.021687e-02
endloop
endfacet
facet normal 0 0 0
outer loop
vertex -6.097852e-02 4.808547e-01 -1.212882e-01
vertex -5.187968e-02 4.503545e-01 -1.301609e-01
vertex -4.883679e-02 4.845068e-01 -1.286050e-01
endloop
endfacet
facet normal 0 0 0
outer loop
vertex -3.845903e-01 3.178321e-01 -2.170870e-02
vertex -3.444242e-01 3.047248e-01 -2.106345e-02
vertex -3.639319e-01 3.034159e-01 9.492687e-03
endloop
endfacet
facet normal 0 0 0
outer loop
vertex -3.077977e-01 2.206171e-01 -5.263994e-02
vertex -3.037819e-01 2.536303e-01 -4.651120e-02
vertex -2.809767e-01 2.280178e-01 -5.239629e-02
endloop
endfacet
facet normal 0 0 0
outer loop
vertex 5.862156e-01 5.584075e-01 -8.415481e-03
vertex 5.726198e-01 6.043087e-01 -1.060685e-02
vertex 5.733944e-01 5.979016e-01 6.135325e-03
endloop
endfacet
facet normal 0 0 0
outer loop
vertex -1.466965e-01 5.039088e-01 -1.028015e-01
vertex -1.287583e-01 5.255339e-01 -1.071600e-01
vertex -1.489351e-01 5.341729e-01 -1.056605e-01
endloop
endfacet
facet normal 0 0 0
outer loop
vertex -1.891066e-01 2.496503e-01 -2.633501e-02
vertex -1.868100e-01 2.146737e-01 -3.764227e-02
vertex -1.668258e-01 2.364097e-01 -3.256549e-02
endloop
endfacet
facet normal 0 0 0
outer loop
vertex -8.862592e-02 3.671693e-01 -1.196227e-01
vertex -6.608474e-02 4.001246e-01 -1.277614e-01
vertex -9.796978e-02 4.005389e-01 -1.163129e-01
endloop
endfacet
facet normal 0 0 0
outer loop
vertex 1.644568e-01 1.114376e-02 -9.041222e-03
vertex 1.583953e-01 4.359826e-02 -1.869511e-02
vertex 1.874110e-01 4.180699e-02 -1.524497e-02
endloop
endfacet
facet normal 0 0 0
outer loop
vertex -1.878078e-01 2.565740e-01 3.232851e-02
vertex -1.672845e-01 2.338087e-01 4.519400e-02
vertex -1.634493e-01 2.396502e-01 3.404571e-02
endloop
endfacet
facet normal 0 0 0
outer loop
vertex -2.215642e-01 3.923757e-01 7.396889e-02
vertex -2.063307e-01 3.624715e-01 6.922715e-02
vertex -1.893646e-01 4.076213e-01 7.645808e-02
endloop
endfacet
facet normal 0 0 0
outer loop
vertex 2.112850e-01 3.956520e-01 8.081000e-03
vertex 2.352045e-01 3.828930e-01 1.041717e-02
vertex 2.240330e-01 4.146380e-01 2.029598e-02
endloop
endfacet
facet normal 0 0 0
outer loop
vertex 3.571902e-01 8.266068e-02 -5.236562e-03
vertex 3.828444e-01 6.769750e-02 -2.217358e-03
vertex 3.718916e-01 6.988940e-02 -1.050818e-02
endloop
endfacet
facet normal 0 0 0
outer loop
vertex 5.391191e-01 6.198210e-01 1.394983e-02
vertex 5.637271e-01 6.314738e-01 3.478206e-03
vertex 5.540598e-01 6.650460e-01 8.210873e-04
endloop
endfacet
facet normal 0 0 0
outer loop
vertex 5.637271e-01 6.314738e-01 3.478206e-03
vertex 5.593145e-01 6.433519e-01 -1.075364e-02
vertex 5.540598e-01 6.650460e-01 8.210873e-04
endloop
endfacet
facet normal 0 0 0
outer loop
vertex 5.362182e-01 3.703803e-01 1.501775e-02
vertex 4.901643e-01 3.177942e-01 2.144003e-02
vertex 5.278332e-01 3.336444e-01 1.427518e-02
endloop
endfacet
facet normal 0 0 0
outer loop
vertex 5.362182e-01 3.703803e-01 1.501775e-02
vertex 5.278332e-01 3.336444e-01 1.427518e-02
vertex 5.553727e-01 3.391273e-01 6.103516e-03
endloop
endfacet
facet normal 0 0 0
outer loop
vertex 2.352045e-01 3.828930e-01 1.041717e-02
vertex 2.461304e-01 3.483277e-01 7.256771e-03
vertex 2.717165e-01 3.799970e-01 2.080941e-02
endloop
endfacet
facet normal 0 0 0
outer loop
vertex -2.577150e-01 3.639780e-01 -9.352300e-02
vertex -2.206271e-01 3.700948e-01 -1.025875e-01
vertex -2.311255e-01 3.415860e-01 -9.991144e-02
endloop
endfacet
facet normal 0 0 0
outer loop
vertex 1.891985e-01 3.337622e-01 -2.874846e-03
vertex 1.744456e-01 3.443380e-01 7.720409e-03
vertex 1.887344e-01 3.192264e-01 7.346665e-03
endloop
endfacet
facet normal 0 0 0
outer loop
vertex 1.190975e-01 6.085971e-01 -2.938864e-02
vertex 1.052451e-01 5.779709e-01 -4.230090e-02
vertex 8.549976e-02 6.058367e-01 -4.182243e-02
endloop
endfacet
facet normal 0 0 0
outer loop
vertex 1.052451e-01 5.779709e-01 -4.230090e-02
vertex 6.736537e-02 5.581248e-01 -5.444803e-02
vertex 8.549976e-02 6.058367e-01 -4.182243e-02
endloop
endfacet
facet normal 0 0 0
outer loop
vertex 1.088744e-01 9.288623e-01 -1.930681e-02
vertex 1.112234e-01 8.941244e-01 -2.640497e-02
vertex 8.051895e-02 9.346322e-01 -1.689060e-02
endloop
endfacet
facet normal 0 0 0
outer loop
vertex 1.008907e-01 9.549550e-01 -9.787387e-03
vertex 8.051895e-02 9.346322e-01 -1.689060e-02
vertex 6.773088e-02 9.673972e-01 -8.677763e-03
endloop
endfacet
facet normal 0 0 0
outer loop
vertex 5.502612e-01 5.204797e-01 1.539902e-02
vertex 5.751352e-01 5.036974e-01 1.042454e-02
vertex 5.869477e-01 5.423362e-01 5.531259e-03
endloop
endfacet
facet normal 0 0 0
outer loop
vertex 2.719351e-01 8.420280e-01 -9.673436e-03
vertex 2.907350e-01 8.302470e-01 -5.811000e-03
vertex 2.947641e-01 7.977300e-01 -6.567566e-03
endloop
endfacet
facet normal 0 0 0
outer loop
vertex -9.574566e-02 3.598856e-01 1.187572e-01
vertex -1.327942e-01 3.361725e-01 1.111117e-01
vertex -1.320268e-01 3.710373e-01 1.097799e-01
endloop
endfacet
facet normal 0 0 0
outer loop
vertex -2.434230e-01 2.707761e-01 1.612918e-02
vertex -2.486104e-01 2.435909e-01 2.295287e-02
vertex -2.704400e-01 2.525725e-01 2.114247e-02
endloop
endfacet
facet normal 0 0 0
outer loop
vertex -3.034244e-02 1.825794e-01 -1.483112e-02
vertex 2.417587e-03 1.750221e-01 -1.944577e-02
vertex -2.401595e-02 1.499313e-01 -1.362561e-02
endloop
endfacet
facet normal 0 0 0
outer loop
vertex 2.157881e-01 7.504421e-01 1.711039e-02
vertex 2.582489e-01 8.072824e-01 1.690464e-02
vertex 1.828371e-01 7.925039e-01 2.833878e-02
endloop
endfacet
facet normal 0 0 0
outer loop
vertex -5.665644e-01 4.211063e-01 -1.837133e-02
vertex -5.556946e-01 4.408704e-01 -3.519858e-02
vertex -5.261497e-01 4.117511e-01 -3.810601e-02
endloop
endfacet
facet normal 0 0 0
outer loop
vertex 2.840023e-01 6.663783e-01 6.165183e-03
vertex 2.831086e-01 6.148744e-01 2.165166e-02
vertex 3.206646e-01 6.607512e-01 2.011224e-02
endloop
endfacet
facet normal 0 0 0
outer loop
vertex -1.537196e-01 8.164632e-01 -1.174533e-02
vertex -1.543479e-01 8.540100e-01 -6.761999e-03
vertex -1.214805e-01 8.004316e-01 -2.369099e-02
endloop
endfacet
facet normal 0 0 0
outer loop
vertex -1.832353e-01 8.093799e-01 -7.629993e-03
vertex -1.543479e-01 8.540100e-01 -6.761999e-03
vertex -1.537196e-01 8.164632e-01 -1.174533e-02
endloop
endfacet
facet normal 0 0 0
outer loop
vertex 4.981163e-01 6.308341e-01 2.097163e-02
vertex 4.516120e-01 6.409030e-01 2.273600e-02
vertex 4.644517e-01 5.793090e-01 2.779090e-02
endloop
endfacet
facet normal 0 0 0
outer loop
vertex 2.339611e-01 3.585272e-01 -2.810343e-03
vertex 2.461304e-01 3.483277e-01 7.256771e-03
vertex 2.352045e-01 3.828930e-01 1.041717e-02
endloop
endfacet
facet normal 0 0 0
outer loop
vertex 9.764133e-02 3.027872e-01 1.743610e-02
vertex 1.369889e-01 2.959022e-01 1.402816e-02
vertex 1.097059e-01 3.324977e-01 1.315459e-02
endloop
endfacet
facet normal 0 0 0
outer loop
vertex -5.822554e-01 4.791369e-01 -2.742042e-02
vertex -5.869582e-01 5.187047e-01 -1.661265e-02
vertex -5.529073e-01 4.732330e-01 -4.133227e-02
endloop
endfacet
facet normal 0 0 0
outer loop
vertex -1.895963e-01 4.476925e-01 7.892661e-02
vertex -1.893646e-01 4.076213e-01 7.645808e-02
vertex -1.483333e-01 4.266247e-01 7.645249e-02
endloop
endfacet
facet normal 0 0 0
outer loop
vertex 3.249539e-01 7.033496e-01 7.315431e-03
vertex 3.050697e-01 6.894084e-01 -8.284658e-03
vertex 2.840023e-01 6.663783e-01 6.165183e-03
endloop
endfacet
facet normal 0 0 0
outer loop
vertex -4.948926e-02 1.647602e-01 8.480429e-03
vertex -4.996316e-02 1.235861e-01 2.025491e-03
vertex -1.747008e-02 1.482045e-01 1.047325e-02
endloop
endfacet
facet normal 0 0 0
outer loop
vertex -3.768156e-01 3.621083e-01 4.992902e-02
vertex -3.747132e-01 3.160069e-01 2.501631e-02
vertex -3.292421e-01 3.310533e-01 4.783576e-02
endloop
endfacet
facet normal 0 0 0
outer loop
vertex -3.034345e-01 2.545007e-01 4.197069e-02
vertex -3.060571e-01 2.731113e-01 3.447688e-02
vertex -3.125046e-01 2.573599e-01 2.953857e-02
endloop
endfacet
facet normal 0 0 0
outer loop
vertex 1.644568e-01 1.114376e-02 -9.041222e-03
vertex 2.096154e-01 1.084025e-02 -9.396573e-03
vertex 1.957509e-01 8.236480e-03 6.004807e-03
endloop
endfacet
facet normal 0 0 0
outer loop
vertex 2.717165e-01 3.799970e-01 2.080941e-02
vertex 2.541007e-01 4.326770e-01 2.330978e-02
vertex 2.352045e-01 3.828930e-01 1.041717e-02
endloop
endfacet
facet normal 0 0 0
outer loop
vertex 2.541007e-01 4.326770e-01 2.330978e-02
vertex 2.240330e-01 4.146380e-01 2.029598e-02
vertex 2.352045e-01 3.828930e-01 1.041717e-02
endloop
endfacet
facet normal 0 0 0
outer loop
vertex -1.801309e-01 5.011457e-01 -7.930218e-02
vertex -1.314279e-01 5.319422e-01 -7.906185e-02
vertex -1.359441e-01 4.722769e-01 -7.845479e-02
endloop
endfacet
facet normal 0 0 0
outer loop
vertex -1.466965e-01 5.039088e-01 -1.028015e-01
vertex -1.489351e-01 5.341729e-01 -1.056605e-01
vertex -1.775835e-01 5.168076e-01 -9.672644e-02
endloop
endfacet
facet normal 0 0 0
outer loop
vertex 2.532920e-01 6.318610e-01 6.039000e-03
vertex 2.831086e-01 6.148744e-01 2.165166e-02
vertex 2.840023e-01 6.663783e-01 6.165183e-03
endloop
endfacet
facet normal 0 0 0
outer loop
vertex 1.652416e-01 5.669161e-01 2.630765e-02
vertex 1.912543e-01 5.092072e-01 3.248501e-02
vertex 2.051276e-01 5.618446e-01 2.012242e-02
endloop
endfacet
facet normal 0 0 0
outer loop
vertex 1.652416e-01 5.669161e-01 2.630765e-02
vertex 2.051276e-01 5.618446e-01 2.012242e-02
vertex 1.676181e-01 5.904338e-01 6.091427e-04
endloop
endfacet
facet normal 0 0 0
outer loop
vertex 1.676181e-01 5.904338e-01 6.091427e-04
vertex 2.051276e-01 5.618446e-01 2.012242e-02
vertex 2.019207e-01 5.847634e-01 1.659082e-03
endloop
endfacet
facet normal 0 0 0
outer loop
vertex 1.422949e-01 5.826489e-01 -2.835050e-02
vertex 1.052451e-01 5.779709e-01 -4.230090e-02
vertex 1.190975e-01 6.085971e-01 -2.938864e-02
endloop
endfacet
facet normal 0 0 0
outer loop
vertex 2.042808e-01 2.993557e-01 -1.488606e-03
vertex 1.891985e-01 3.337622e-01 -2.874846e-03
vertex 1.887344e-01 3.192264e-01 7.346665e-03
endloop
endfacet
facet normal 0 0 0
outer loop
vertex -4.825563e-02 5.318559e-01 1.273353e-01
vertex -5.524500e-02 5.022135e-01 1.212424e-01
vertex -7.988912e-02 5.068343e-01 1.173611e-01
endloop
endfacet
facet normal 0 0 0
outer loop
vertex -1.479516e-01 3.794029e-01 -1.052827e-01
vertex -1.148530e-01 3.749506e-01 -1.135657e-01
vertex -9.796978e-02 4.005389e-01 -1.163129e-01
endloop
endfacet
facet normal 0 0 0
outer loop
vertex -1.148530e-01 3.749506e-01 -1.135657e-01
vertex -1.479516e-01 3.794029e-01 -1.052827e-01
vertex -1.104560e-01 3.436804e-01 -1.175099e-01
endloop
endfacet
facet normal 0 0 0
outer loop
vertex -7.096181e-02 4.170828e-01 -1.366846e-01
vertex -6.608474e-02 4.001246e-01 -1.277614e-01
vertex -7.831759e-02 3.799608e-01 -1.334026e-01
endloop
endfacet
facet normal 0 0 0
outer loop
vertex 3.301969e-01 6.429870e-02 9.611464e-03
vertex 3.697985e-01 6.870494e-02 6.683775e-03
vertex 3.329911e-01 9.847938e-02 5.082759e-03
endloop
endfacet
facet normal 0 0 0
outer loop
vertex 3.085174e-01 1.252298e-01 4.718577e-03
vertex 2.795687e-01 1.608856e-01 6.163430e-03
vertex 2.878140e-01 1.365350e-01 5.631000e-03
endloop
endfacet
facet normal 0 0 0
outer loop
vertex 2.878140e-01 1.365350e-01 5.631000e-03
vertex 2.795687e-01 1.608856e-01 6.163430e-03
vertex 2.603185e-01 1.258576e-01 1.557422e-02
endloop
endfacet
facet normal 0 0 0
outer loop
vertex 3.893540e-01 1.962132e-01 6.738517e-03
vertex 3.952046e-01 1.909769e-01 -9.197242e-03
vertex 4.185449e-01 1.806700e-01 -2.567599e-03
endloop
endfacet
facet normal 0 0 0
outer loop
vertex -6.167156e-02 5.319393e-01 7.258265e-02
vertex -1.024192e-02 5.104722e-01 6.800859e-02
vertex -5.244247e-02 5.711035e-01 7.088691e-02
endloop
endfacet
facet normal 0 0 0
outer loop
vertex 1.593482e-01 2.577271e-01 -1.950114e-02
vertex 1.085612e-01 2.906583e-01 -2.004105e-02
vertex 1.696567e-01 3.009846e-01 -1.513731e-02
endloop
endfacet
facet normal 0 0 0
outer loop
vertex 1.234626e-01 2.353340e-01 -2.287212e-02
vertex 1.085612e-01 2.906583e-01 -2.004105e-02
vertex 1.593482e-01 2.577271e-01 -1.950114e-02
endloop
endfacet
facet normal 0 0 0
outer loop
vertex 1.359893e-01 9.573849e-01 -9.513818e-03
vertex 1.447630e-01 9.315730e-01 -1.551674e-02
vertex 1.209510e-01 9.429638e-01 -1.293841e-02
endloop
endfacet
facet normal 0 0 0
outer loop
vertex -1.119904e-01 5.009266e-01 -1.253156e-01
vertex -9.390264e-02 5.153796e-01 -1.283817e-01
vertex -9.246534e-02 4.744780e-01 -1.299180e-01
endloop
endfacet
facet normal 0 0 0
outer loop
vertex -9.246534e-02 4.744780e-01 -1.299180e-01
vertex -1.329025e-01 4.530014e-01 -1.225479e-01
vertex -1.374409e-01 4.832572e-01 -1.205985e-01
endloop
endfacet
facet normal 0 0 0
outer loop
vertex 2.773339e-01 2.977844e-01 -9.789282e-03
vertex 2.668513e-01 3.154292e-01 6.592097e-03
vertex 2.524309e-01 3.302487e-01 -4.906935e-03
endloop
endfacet
facet normal 0 0 0
outer loop
vertex 5.789825e-02 2.880279e-01 1.847421e-02
vertex 9.160580e-02 2.681450e-01 1.813519e-02
vertex 9.764133e-02 3.027872e-01 1.743610e-02
endloop
endfacet
facet normal 0 0 0
outer loop
vertex -2.704400e-01 2.525725e-01 2.114247e-02
vertex -2.755800e-01 2.198670e-01 3.165300e-02
vertex -3.125046e-01 2.573599e-01 2.953857e-02
endloop
endfacet
facet normal 0 0 0
outer loop
vertex 1.792795e-01 9.087365e-01 1.775164e-02
vertex 1.915722e-01 9.398471e-01 1.857188e-03
vertex 1.721220e-01 9.352995e-01 7.479747e-03
endloop
endfacet
facet normal 0 0 0
outer loop
vertex 1.984183e-01 2.383544e-01 -1.581341e-02
vertex 2.073755e-01 2.026642e-01 -1.634380e-02
vertex 1.739716e-01 1.798823e-01 -2.447016e-02
endloop
endfacet
facet normal 0 0 0
outer loop
vertex 4.750822e-01 2.252373e-01 1.513862e-02
vertex 4.306397e-01 2.019022e-01 1.337511e-02
vertex 4.553834e-01 1.786153e-01 3.086439e-03
endloop
endfacet
facet normal 0 0 0
outer loop
vertex 3.571902e-01 8.266068e-02 -5.236562e-03
vertex 3.426452e-01 4.114170e-02 -1.047144e-02
vertex 3.182319e-01 7.318625e-02 -1.370369e-02
endloop
endfacet
facet normal 0 0 0
outer loop
vertex 2.777400e-01 5.756522e-02 -1.583997e-02
vertex 3.102520e-01 1.077520e-01 -9.831000e-03
vertex 3.182319e-01 7.318625e-02 -1.370369e-02
endloop
endfacet
facet normal 0 0 0
outer loop
vertex 3.182319e-01 7.318625e-02 -1.370369e-02
vertex 3.426452e-01 4.114170e-02 -1.047144e-02
vertex 3.022335e-01 4.121700e-02 -1.066869e-02
endloop
endfacet
facet normal 0 0 0
outer loop
vertex -8.727359e-02 2.457035e-01 -5.968877e-03
vertex -8.444045e-02 2.752619e-01 -9.094427e-03
vertex -5.773865e-02 2.782451e-01 -1.400379e-02
endloop
endfacet
facet normal 0 0 0
outer loop
vertex -5.491111e-02 2.347830e-01 -1.290551e-02
vertex -8.727359e-02 2.457035e-01 -5.968877e-03
vertex -5.773865e-02 2.782451e-01 -1.400379e-02
endloop
endfacet
facet normal 0 0 0
outer loop
vertex 1.916959e-02 3.171078e-01 -2.047973e-02
vertex 5.122679e-02 2.617258e-01 -2.131441e-02
vertex 5.766028e-03 2.784142e-01 -1.949224e-02
endloop
endfacet
facet normal 0 0 0
outer loop
vertex 1.916959e-02 3.171078e-01 -2.047973e-02
vertex 6.801597e-02 3.035834e-01 -1.975848e-02
vertex 5.122679e-02 2.617258e-01 -2.131441e-02
endloop
endfacet
facet normal 0 0 0
outer loop
vertex -2.505124e-01 3.519057e-01 8.372672e-02
vertex -2.187911e-01 3.401127e-01 8.782290e-02
vertex -2.245704e-01 3.359502e-01 9.897719e-02
endloop
endfacet
facet normal 0 0 0
outer loop
vertex -9.246534e-02 4.744780e-01 -1.299180e-01
vertex -5.954813e-02 4.729976e-01 -1.366903e-01
vertex -7.096181e-02 4.170828e-01 -1.366846e-01
endloop
endfacet
facet normal 0 0 0
outer loop
vertex 2.339611e-01 3.585272e-01 -2.810343e-03
vertex 2.524309e-01 3.302487e-01 -4.906935e-03
vertex 2.461304e-01 3.483277e-01 7.256771e-03
endloop
endfacet
facet normal 0 0 0
outer loop
vertex -4.940498e-02 8.818738e-01 -2.080102e-02
vertex -8.571840e-02 8.259924e-01 -2.533047e-02
vertex -8.244204e-02 8.654134e-01 -1.538245e-02
endloop
endfacet
facet normal 0 0 0
outer loop
vertex -2.942837e-01 2.694915e-01 2.178427e-02
vertex -2.704400e-01 2.525725e-01 2.114247e-02
vertex -3.125046e-01 2.573599e-01 2.953857e-02
endloop
endfacet
facet normal 0 0 0
outer loop
vertex -1.612978e-01 4.251674e-01 -1.002407e-01
vertex -1.205994e-01 4.273347e-01 -1.099720e-01
vertex -1.412553e-01 4.557655e-01 -1.042446e-01
endloop
endfacet
facet normal 0 0 0
outer loop
vertex -1.412553e-01 4.557655e-01 -1.042446e-01
vertex -1.205994e-01 4.273347e-01 -1.099720e-01
vertex -1.083084e-01 4.677522e-01 -1.114479e-01
endloop
endfacet
facet normal 0 0 0
outer loop
vertex -1.810406e-01 1.460537e-01 6.992802e-02
vertex -1.462546e-01 1.866662e-01 5.804575e-02
vertex -1.875878e-01 2.115300e-01 5.203445e-02
endloop
endfacet
facet normal 0 0 0
outer loop
vertex -5.325927e-01 5.555388e-01 3.932713e-02
vertex -5.147883e-01 5.299823e-01 5.100647e-02
vertex -5.024430e-01 5.832558e-01 4.302502e-02
endloop
endfacet
facet normal 0 0 0
outer loop
vertex -5.024430e-01 5.832558e-01 4.302502e-02
vertex -5.313943e-01 5.825528e-01 2.580894e-02
vertex -5.325927e-01 5.555388e-01 3.932713e-02
endloop
endfacet
facet normal 0 0 0
outer loop
vertex -3.126730e-01 2.634871e-01 -3.529653e-02
vertex -3.037819e-01 2.536303e-01 -4.651120e-02
vertex -3.077977e-01 2.206171e-01 -5.263994e-02
endloop
endfacet
facet normal 0 0 0
outer loop
vertex 2.626591e-01 1.431584e-01 -1.635931e-02
vertex 2.782747e-01 1.181326e-01 -1.617298e-02
vertex 2.310477e-01 1.290032e-01 -2.424135e-02
endloop
endfacet
facet normal 0 0 0
outer loop
vertex 2.360774e-01 1.776255e-01 -1.614397e-02
vertex 2.626591e-01 1.431584e-01 -1.635931e-02
vertex 2.310477e-01 1.290032e-01 -2.424135e-02
endloop
endfacet
facet normal 0 0 0
outer loop
vertex -1.479516e-01 3.794029e-01 -1.052827e-01
vertex -1.205994e-01 4.273347e-01 -1.099720e-01
vertex -1.612978e-01 4.251674e-01 -1.002407e-01
endloop
endfacet
facet normal 0 0 0
outer loop
vertex 2.157881e-01 7.504421e-01 1.711039e-02
vertex 2.530718e-01 7.367125e-01 7.175262e-03
vertex 2.538219e-01 7.674643e-01 1.292816e-02
endloop
endfacet
facet normal 0 0 0
outer loop
vertex -5.187968e-02 4.503545e-01 -1.301609e-01
vertex -5.954813e-02 4.729976e-01 -1.366903e-01
vertex -4.883679e-02 4.845068e-01 -1.286050e-01
endloop
endfacet
facet normal 0 0 0
outer loop
vertex 2.042808e-01 2.993557e-01 -1.488606e-03
vertex 2.161768e-01 2.722162e-01 3.006071e-03
vertex 2.124412e-01 2.705245e-01 -1.009197e-02
endloop
endfacet
facet normal 0 0 0
outer loop
vertex 5.104997e-01 2.060217e-01 -1.015088e-02
vertex 5.279005e-01 2.320705e-01 3.582734e-03
vertex 5.034903e-01 2.009037e-01 6.037076e-03
endloop
endfacet
facet normal 0 0 0
outer loop
vertex -2.965862e-01 1.637388e-01 -5.902237e-02
vertex -2.844255e-01 1.361035e-01 -7.192954e-02
vertex -2.789406e-01 1.267439e-01 -6.367080e-02
endloop
endfacet
facet normal 0 0 0
outer loop
vertex -1.775835e-01 5.168076e-01 -9.672644e-02
vertex -1.693276e-01 4.721133e-01 -9.737617e-02
vertex -1.466965e-01 5.039088e-01 -1.028015e-01
endloop
endfacet
facet normal 0 0 0
outer loop
vertex -1.642784e-01 3.320823e-01 -1.180547e-01
vertex -1.874557e-01 3.274474e-01 -1.080448e-01
vertex -1.668366e-01 3.557068e-01 -1.163926e-01
endloop
endfacet
facet normal 0 0 0
outer loop
vertex -5.027550e-01 4.444340e-01 -5.486857e-02
vertex -4.402952e-01 3.940221e-01 -5.851120e-02
vertex -4.905753e-01 3.946416e-01 -4.452028e-02
endloop
endfacet
facet normal 0 0 0
outer loop
vertex -5.261497e-01 4.117511e-01 -3.810601e-02
vertex -5.027550e-01 4.444340e-01 -5.486857e-02
vertex -4.905753e-01 3.946416e-01 -4.452028e-02
endloop
endfacet
facet normal 0 0 0
outer loop
vertex -1.999269e-01 3.666754e-01 1.081771e-01
vertex -1.582049e-01 3.640650e-01 1.190825e-01
vertex -1.627366e-01 3.955874e-01 1.179058e-01
endloop
endfacet
facet normal 0 0 0
outer loop
vertex -5.261497e-01 4.117511e-01 -3.810601e-02
vertex -5.399001e-01 3.963265e-01 -1.342024e-02
vertex -5.665644e-01 4.211063e-01 -1.837133e-02
endloop
endfacet
facet normal 0 0 0
outer loop
vertex -2.440558e-01 7.916390e-02 -7.442688e-02
vertex -2.789406e-01 1.267439e-01 -6.367080e-02
vertex -2.676098e-01 1.151793e-01 -8.109304e-02
endloop
endfacet
facet normal 0 0 0
outer loop
vertex -1.634493e-01 2.396502e-01 3.404571e-02
vertex -1.494498e-01 2.225039e-01 4.496800e-02
vertex -1.504023e-01 2.222482e-01 3.654750e-02
endloop
endfacet
facet normal 0 0 0
outer loop
vertex 2.703256e-01 1.765753e-01 -9.474903e-03
vertex 2.626591e-01 1.431584e-01 -1.635931e-02
vertex 2.360774e-01 1.776255e-01 -1.614397e-02
endloop
endfacet
facet normal 0 0 0
outer loop
vertex -3.050928e-01 2.894878e-01 3.079497e-02
vertex -3.098023e-01 2.927867e-01 1.316207e-02
vertex -3.060571e-01 2.731113e-01 3.447688e-02
endloop
endfacet
facet normal 0 0 0
outer loop
vertex -2.149453e-01 4.115699e-01 -1.040918e-01
vertex -2.206271e-01 3.700948e-01 -1.025875e-01
vertex -2.524310e-01 3.998927e-01 -9.405105e-02
endloop
endfacet
facet normal 0 0 0
outer loop
vertex -1.258788e-02 2.048289e-01 1.706211e-02
vertex -5.138392e-02 1.998002e-01 1.062269e-02
vertex -4.948926e-02 1.647602e-01 8.480429e-03
endloop
endfacet
facet normal 0 0 0
outer loop
vertex -7.501210e-02 2.019860e-01 6.084251e-03
vertex -4.948926e-02 1.647602e-01 8.480429e-03
vertex -5.138392e-02 1.998002e-01 1.062269e-02
endloop
endfacet
facet normal 0 0 0
outer loop
vertex 5.655423e-01 4.803074e-01 -1.913045e-02
vertex 5.544882e-01 4.018640e-01 -1.978110e-02
vertex 5.390630e-01 4.505950e-01 -2.194400e-02
endloop
endfacet
facet normal 0 0 0
outer loop
vertex -1.489898e-01 2.714782e-01 -1.436365e-02
vertex -1.803909e-01 2.705944e-01 -1.445968e-02
vertex -1.548449e-01 2.918461e-01 -3.582612e-02
endloop
endfacet
facet normal 0 0 0
outer loop
vertex 2.211117e-01 8.709671e-01 -1.958917e-02
vertex 2.740453e-01 8.647278e-01 -9.385325e-03
vertex 2.719351e-01 8.420280e-01 -9.673436e-03
endloop
endfacet
facet normal 0 0 0
outer loop
vertex 4.840469e-01 7.549140e-01 -9.387379e-03
vertex 4.697088e-01 7.583696e-01 6.288387e-03
vertex 5.020241e-01 7.459392e-01 1.735424e-04
endloop
endfacet
facet normal 0 0 0
outer loop
vertex -7.096181e-02 4.170828e-01 -1.366846e-01
vertex -5.954813e-02 4.729976e-01 -1.366903e-01
vertex -5.187968e-02 4.503545e-01 -1.301609e-01
endloop
endfacet
facet normal 0 0 0
outer loop
vertex 1.891985e-01 3.337622e-01 -2.874846e-03
vertex 1.861649e-01 3.239256e-01 -1.069717e-02
vertex 1.727671e-01 3.629320e-01 -4.904080e-03
endloop
endfacet
facet normal 0 0 0
outer loop
vertex 1.727671e-01 3.629320e-01 -4.904080e-03
vertex 1.744456e-01 3.443380e-01 7.720409e-03
vertex 1.891985e-01 3.337622e-01 -2.874846e-03
endloop
endfacet
facet normal 0 0 0
outer loop
vertex 1.312983e-01 4.469336e-01 -4.391124e-02
vertex 9.406337e-02 4.574649e-01 -5.252967e-02
vertex 1.184914e-01 4.920674e-01 -4.892145e-02
endloop
endfacet
facet normal 0 0 0
outer loop
vertex -1.772847e-01 5.236982e-01 -1.112439e-01
vertex -1.775835e-01 5.168076e-01 -9.672644e-02
vertex -1.489351e-01 5.341729e-01 -1.056605e-01
endloop
endfacet
facet normal 0 0 0
outer loop
vertex -2.376908e-01 4.827808e-01 -8.071789e-02
vertex -2.116331e-01 4.925897e-01 -7.981399e-02
vertex -1.987491e-01 4.506775e-01 -7.802970e-02
endloop
endfacet
facet normal 0 0 0
outer loop
vertex -2.215714e-01 5.217354e-01 -8.043981e-02
vertex -2.116331e-01 4.925897e-01 -7.981399e-02
vertex -2.376908e-01 4.827808e-01 -8.071789e-02
endloop
endfacet
facet normal 0 0 0
outer loop
vertex -1.987093e-01 4.799521e-01 -9.087267e-02
vertex -2.055203e-01 5.028673e-01 -9.067598e-02
vertex -2.376908e-01 4.827808e-01 -8.071789e-02
endloop
endfacet
facet normal 0 0 0
outer loop
vertex -1.874557e-01 3.274474e-01 -1.080448e-01
vertex -2.115452e-01 3.304834e-01 -9.594589e-02
vertex -2.311255e-01 3.415860e-01 -9.991144e-02
endloop
endfacet
facet normal 0 0 0
outer loop
vertex -2.566988e-01 3.552151e-01 -8.551810e-02
vertex -2.311255e-01 3.415860e-01 -9.991144e-02
vertex -2.377770e-01 3.471041e-01 -8.422570e-02
endloop
endfacet
facet normal 0 0 0
outer loop
vertex 2.286583e-01 9.312421e-01 2.121357e-03
vertex 1.915722e-01 9.398471e-01 1.857188e-03
vertex 2.167073e-01 9.038991e-01 1.319677e-02
endloop
endfacet
facet normal 0 0 0
outer loop
vertex -1.493347e-01 1.892215e-01 4.224452e-02
vertex -1.380213e-01 1.607603e-01 4.974848e-02
vertex -1.922914e-01 1.858147e-01 4.117875e-02
endloop
endfacet
facet normal 0 0 0
outer loop
vertex -9.545048e-02 5.529066e-01 -1.219410e-01
vertex -9.066471e-02 5.441941e-01 -1.149246e-01
vertex -7.532804e-02 5.538717e-01 -1.289378e-01
endloop
endfacet
facet normal 0 0 0
outer loop
vertex -1.034923e-01 3.710057e-01 1.312176e-01
vertex -1.005814e-01 3.496544e-01 1.282244e-01
vertex -7.776139e-02 3.776352e-01 1.308299e-01
endloop
endfacet
facet normal 0 0 0
outer loop
vertex -6.342215e-02 1.653517e-01 -9.497584e-03
vertex -6.813313e-02 1.688123e-01 4.228013e-03
vertex -7.501210e-02 2.019860e-01 6.084251e-03
endloop
endfacet
facet normal 0 0 0
outer loop
vertex 5.325739e-01 2.927808e-01 -1.114774e-02
vertex 5.316558e-01 2.592865e-01 -1.050702e-02
vertex 4.850747e-01 2.720683e-01 -2.423557e-02
endloop
endfacet
facet normal 0 0 0
outer loop
vertex -4.804051e-01 5.728449e-01 5.400675e-02
vertex -5.024430e-01 5.832558e-01 4.302502e-02
vertex -5.147883e-01 5.299823e-01 5.100647e-02
endloop
endfacet
facet normal 0 0 0
outer loop
vertex 3.102520e-01 1.077520e-01 -9.831000e-03
vertex 3.274189e-01 1.030659e-01 -9.471817e-03
vertex 3.182319e-01 7.318625e-02 -1.370369e-02
endloop
endfacet
facet normal 0 0 0
outer loop
vertex 1.805012e-01 7.021559e-01 -1.564582e-02
vertex 2.242008e-01 6.889573e-01 -7.722176e-03
vertex 2.164341e-01 6.613122e-01 -8.018889e-03
endloop
endfacet
facet normal 0 0 0
outer loop
vertex 1.701582e-01 4.365527e-01 -3.516642e-02
vertex 1.312983e-01 4.469336e-01 -4.391124e-02
vertex 1.648284e-01 4.825078e-01 -3.952238e-02
endloop
endfacet
facet normal 0 0 0
outer loop
vertex 1.648284e-01 4.825078e-01 -3.952238e-02
vertex 1.312983e-01 4.469336e-01 -4.391124e-02
vertex 1.184914e-01 4.920674e-01 -4.892145e-02
endloop
endfacet
facet normal 0 0 0
outer loop
vertex 1.750454e-01 4.072957e-01 -2.212058e-02
vertex 1.486946e-01 4.202950e-01 -3.339671e-02
vertex 1.701582e-01 4.365527e-01 -3.516642e-02
endloop
endfacet
facet normal 0 0 0
outer loop
vertex -1.034923e-01 3.710057e-01 1.312176e-01
vertex -1.297107e-01 3.922194e-01 1.256556e-01
vertex -1.308135e-01 3.394280e-01 1.264635e-01
endloop
endfacet
facet normal 0 0 0
outer loop
vertex -1.297107e-01 3.922194e-01 1.256556e-01
vertex -1.582049e-01 3.640650e-01 1.190825e-01
vertex -1.308135e-01 3.394280e-01 1.264635e-01
endloop
endfacet
facet normal 0 0 0
outer loop
vertex 5.963015e-02 4.078982e-01 5.085639e-02
vertex 9.771334e-02 4.213573e-01 4.535434e-02
vertex 5.609073e-02 4.530003e-01 5.834883e-02
endloop
endfacet
facet normal 0 0 0
outer loop
vertex 5.609073e-02 4.530003e-01 5.834883e-02
vertex 9.771334e-02 4.213573e-01 4.535434e-02
vertex 9.174950e-02 4.709008e-01 5.324370e-02
endloop
endfacet
facet normal 0 0 0
outer loop
vertex 1.176828e-01 3.995533e-01 3.281492e-02
vertex 9.771334e-02 4.213573e-01 4.535434e-02
vertex 7.867853e-02 3.803185e-01 3.643326e-02
endloop
endfacet
facet normal 0 0 0
outer loop
vertex -2.595575e-01 9.687584e-02 6.673159e-02
vertex -2.660056e-01 1.402270e-01 5.403232e-02
vertex -2.333349e-01 1.280120e-01 5.685533e-02
endloop
endfacet
facet normal 0 0 0
outer loop
vertex 2.019207e-01 5.847634e-01 1.659082e-03
vertex 2.106625e-01 5.754001e-01 -1.343742e-02
vertex 1.676181e-01 5.904338e-01 6.091427e-04
endloop
endfacet
facet normal 0 0 0
outer loop
vertex 2.668513e-01 3.154292e-01 6.592097e-03
vertex 3.144870e-01 3.109040e-01 2.053400e-02
vertex 2.794737e-01 3.448164e-01 1.724161e-02
endloop
endfacet
facet normal 0 0 0
outer loop
vertex 5.807850e-01 3.757116e-01 4.446772e-03
vertex 5.753957e-01 3.707891e-01 -1.124658e-02
vertex 5.890064e-01 4.088651e-01 -1.075396e-02
endloop
endfacet
facet normal 0 0 0
outer loop
vertex 5.753957e-01 3.707891e-01 -1.124658e-02
vertex 5.544882e-01 4.018640e-01 -1.978110e-02
vertex 5.890064e-01 4.088651e-01 -1.075396e-02
endloop
endfacet
facet normal 0 0 0
outer loop
vertex 8.754249e-02 8.533444e-01 3.168394e-02
vertex 1.290052e-01 8.284130e-01 3.183668e-02
vertex 1.357780e-01 8.569305e-01 2.982553e-02
endloop
endfacet
facet normal 0 0 0
outer loop
vertex -3.063092e-01 1.944063e-01 5.843904e-02
vertex -2.903485e-01 1.757606e-01 6.337445e-02
vertex -2.558980e-01 2.096919e-01 5.375763e-02
endloop
endfacet
facet normal 0 0 0
outer loop
vertex -9.066471e-02 5.441941e-01 -1.149246e-01
vertex -1.101256e-01 5.131893e-01 -1.104850e-01
vertex -7.630686e-02 5.233786e-01 -1.174988e-01
endloop
endfacet
facet normal 0 0 0
outer loop
vertex -3.112922e-01 2.952756e-01 -1.984386e-02
vertex -3.126730e-01 2.634871e-01 -3.529653e-02
vertex -2.974483e-01 2.698930e-01 -2.355261e-02
endloop
endfacet
facet normal 0 0 0
outer loop
vertex 3.114363e-02 9.370637e-01 1.194891e-02
vertex 6.980439e-02 9.076502e-01 2.473622e-02
vertex 6.201017e-02 9.403607e-01 1.254296e-02
endloop
endfacet
facet normal 0 0 0
outer loop
vertex 3.571902e-01 8.266068e-02 -5.236562e-03
vertex 3.697985e-01 6.870494e-02 6.683775e-03
vertex 3.828444e-01 6.769750e-02 -2.217358e-03
endloop
endfacet
facet normal 0 0 0
outer loop
vertex -2.802522e-01 1.460243e-01 6.970689e-02
vertex -2.965710e-01 1.629094e-01 5.712638e-02
vertex -2.851817e-01 1.348719e-01 6.148251e-02
endloop
endfacet
facet normal 0 0 0
outer loop
vertex -2.924738e-01 1.724508e-01 4.629552e-02
vertex -2.851817e-01 1.348719e-01 6.148251e-02
vertex -2.965710e-01 1.629094e-01 5.712638e-02
endloop
endfacet
facet normal 0 0 0
outer loop
vertex -1.297107e-01 3.922194e-01 1.256556e-01
vertex -1.627366e-01 3.955874e-01 1.179058e-01
vertex -1.582049e-01 3.640650e-01 1.190825e-01
endloop
endfacet
facet normal 0 0 0
outer loop
vertex -2.844255e-01 1.361035e-01 -7.192954e-02
vertex -2.577415e-01 1.455903e-01 -7.307011e-02
vertex -2.676098e-01 1.151793e-01 -8.109304e-02
endloop
endfacet
facet normal 0 0 0
outer loop
vertex -2.577415e-01 1.455903e-01 -7.307011e-02
vertex -2.328579e-01 1.422332e-01 -7.434101e-02
vertex -2.676098e-01 1.151793e-01 -8.109304e-02
endloop
endfacet
facet normal 0 0 0
outer loop
vertex 2.288634e-01 7.167119e-01 -9.451253e-03
vertex 2.530718e-01 7.367125e-01 7.175262e-03
vertex 2.222570e-01 7.053704e-01 8.323496e-03
endloop
endfacet
facet normal 0 0 0
outer loop
vertex -1.372892e-01 5.215520e-02 7.473239e-02
vertex -1.353825e-01 7.363942e-02 7.251491e-02
vertex -1.254695e-01 5.312700e-02 8.353461e-02
endloop
endfacet
facet normal 0 0 0
outer loop
vertex 2.802294e-01 6.086727e-02 1.338006e-02
vertex 3.008655e-01 9.464046e-02 1.048590e-02
vertex 2.744874e-01 1.026273e-01 1.523438e-02
endloop
endfacet
facet normal 0 0 0
outer loop
vertex 6.201017e-02 9.403607e-01 1.254296e-02
vertex 6.980439e-02 9.076502e-01 2.473622e-02
vertex 9.135216e-02 9.202794e-01 2.122110e-02
endloop
endfacet
facet normal 0 0 0
outer loop
vertex -2.852051e-01 4.086834e-01 -8.413056e-02
vertex -2.999162e-01 4.359025e-01 -7.745700e-02
vertex -2.519225e-01 4.438789e-01 -9.391209e-02
endloop
endfacet
facet normal 0 0 0
outer loop
vertex -2.524310e-01 3.998927e-01 -9.405105e-02
vertex -2.852051e-01 4.086834e-01 -8.413056e-02
vertex -2.519225e-01 4.438789e-01 -9.391209e-02
endloop
endfacet
facet normal 0 0 0
outer loop
vertex -2.440558e-01 7.916390e-02 -7.442688e-02
vertex -2.153294e-01 1.086555e-01 -6.592235e-02
vertex -2.437005e-01 1.285635e-01 -6.000028e-02
endloop
endfacet
facet normal 0 0 0
outer loop
vertex -2.303665e-01 4.221627e-01 7.854991e-02
vertex -2.583930e-01 3.943690e-01 7.517300e-02
vertex -2.215642e-01 3.923757e-01 7.396889e-02
endloop
endfacet
facet normal 0 0 0
outer loop
vertex -2.282698e-01 3.804460e-01 8.430591e-02
vertex -2.583930e-01 3.943690e-01 7.517300e-02
vertex -2.303665e-01 4.221627e-01 7.854991e-02
endloop
endfacet
facet normal 0 0 0
outer loop
vertex -2.303665e-01 4.221627e-01 7.854991e-02
vertex -2.215642e-01 3.923757e-01 7.396889e-02
vertex -1.893646e-01 4.076213e-01 7.645808e-02
endloop
endfacet
facet normal 0 0 0
outer loop
vertex -2.027966e-01 4.008140e-01 9.059698e-02
vertex -2.282698e-01 3.804460e-01 8.430591e-02
vertex -2.303665e-01 4.221627e-01 7.854991e-02
endloop
endfacet
facet normal 0 0 0
outer loop
vertex -5.396138e-02 3.476437e-01 -5.107339e-02
vertex -5.798936e-02 3.078856e-01 -3.737868e-02
vertex -8.432949e-02 3.437552e-01 -5.765036e-02
endloop
endfacet
facet normal 0 0 0
outer loop
vertex 9.337026e-02 6.355252e-01 -3.097030e-02
vertex 5.709757e-02 6.346886e-01 -4.340530e-02
vertex 5.842304e-02 6.636992e-01 -3.083045e-02
endloop
endfacet
facet normal 0 0 0
outer loop
vertex 1.422949e-01 5.826489e-01 -2.835050e-02
vertex 1.247654e-01 6.220666e-01 -5.526086e-04
vertex 1.676181e-01 5.904338e-01 6.091427e-04
endloop
endfacet
facet normal 0 0 0
outer loop
vertex 1.422949e-01 5.826489e-01 -2.835050e-02
vertex 1.190975e-01 6.085971e-01 -2.938864e-02
vertex 1.247654e-01 6.220666e-01 -5.526086e-04
endloop
endfacet
facet normal 0 0 0
outer loop
vertex 1.591340e-01 3.258660e-01 1.138800e-02
vertex 1.744456e-01 3.443380e-01 7.720409e-03
vertex 1.391747e-01 3.540937e-01 1.021687e-02
endloop
endfacet
facet normal 0 0 0
outer loop
vertex -1.672173e-01 2.799211e-01 2.155764e-02
vertex -1.899234e-01 2.782260e-01 1.501194e-02
vertex -1.847626e-01 2.688077e-01 4.945344e-03
endloop
endfacet
facet normal 0 0 0
outer loop
vertex -1.675986e-01 2.689768e-01 6.459823e-03
vertex -1.471412e-01 2.700049e-01 2.759137e-03
vertex -1.672173e-01 2.799211e-01 2.155764e-02
endloop
endfacet
facet normal 0 0 0
outer loop
vertex -2.610169e-01 3.665842e-01 9.148473e-02
vertex -2.505124e-01 3.519057e-01 8.372672e-02
vertex -2.245704e-01 3.359502e-01 9.897719e-02
endloop
endfacet
facet normal 0 0 0
outer loop
vertex -5.589827e-02 4.561645e-01 1.219906e-01
vertex -1.015378e-01 4.718947e-01 1.134567e-01
vertex -7.988912e-02 5.068343e-01 1.173611e-01
endloop
endfacet
facet normal 0 0 0
outer loop
vertex -5.524500e-02 5.022135e-01 1.212424e-01
vertex -5.589827e-02 4.561645e-01 1.219906e-01
vertex -7.988912e-02 5.068343e-01 1.173611e-01
endloop
endfacet
facet normal 0 0 0
outer loop
vertex -4.459617e-01 6.575413e-01 2.531189e-02
vertex -3.870748e-01 6.943027e-01 2.266379e-02
vertex -4.236666e-01 6.783606e-01 2.410762e-04
endloop
endfacet
facet normal 0 0 0
outer loop
vertex -1.672173e-01 2.799211e-01 2.155764e-02
vertex -1.910053e-01 2.773504e-01 2.435421e-02
vertex -1.899234e-01 2.782260e-01 1.501194e-02
endloop
endfacet
facet normal 0 0 0
outer loop
vertex -1.772847e-01 5.236982e-01 -1.112439e-01
vertex -1.489351e-01 5.341729e-01 -1.056605e-01
vertex -1.484224e-01 5.328376e-01 -1.179981e-01
endloop
endfacet
facet normal 0 0 0
outer loop
vertex 2.508911e-01 2.042877e-01 6.519440e-03
vertex 2.281413e-01 2.440612e-01 6.223900e-03
vertex 2.085298e-01 1.791945e-01 1.793904e-02
endloop
endfacet
facet normal 0 0 0
outer loop
vertex 1.856880e-01 2.317770e-01 1.464000e-02
vertex 2.085298e-01 1.791945e-01 1.793904e-02
vertex 2.281413e-01 2.440612e-01 6.223900e-03
endloop
endfacet
facet normal 0 0 0
outer loop
vertex -1.718658e-01 4.170359e-01 9.807432e-02
vertex -2.027966e-01 4.008140e-01 9.059698e-02
vertex -1.969053e-01 4.367859e-01 9.132349e-02
endloop
endfacet
facet normal 0 0 0
outer loop
vertex -5.461204e-01 5.762962e-01 -4.919404e-04
vertex -5.536351e-01 5.631938e-01 -2.128025e-02
vertex -5.555230e-01 5.605580e-01 -1.035800e-02
endloop
endfacet
facet normal 0 0 0
outer loop
vertex -4.883679e-02 4.845068e-01 -1.286050e-01
vertex -5.763147e-02 5.114593e-01 -1.361779e-01
vertex -4.924795e-02 5.144767e-01 -1.239925e-01
endloop
endfacet
facet normal 0 0 0
outer loop
vertex -2.533454e-01 2.482891e-01 4.190334e-02
vertex -2.181142e-01 2.434277e-01 4.143352e-02
vertex -2.333246e-01 2.634659e-01 3.385883e-02
endloop
endfacet
facet normal 0 0 0
outer loop
vertex -1.993917e-01 2.377876e-01 -4.666586e-02
vertex -2.004506e-01 2.007266e-01 -5.931451e-02
vertex -2.278167e-01 2.132947e-01 -5.615607e-02
endloop
endfacet
facet normal 0 0 0
outer loop
vertex -5.954813e-02 4.729976e-01 -1.366903e-01
vertex -5.763147e-02 5.114593e-01 -1.361779e-01
vertex -4.883679e-02 4.845068e-01 -1.286050e-01
endloop
endfacet
facet normal 0 0 0
outer loop
vertex 5.751352e-01 5.036974e-01 1.042454e-02
vertex 5.983542e-01 5.179664e-01 -4.462859e-03
vertex 5.869477e-01 5.423362e-01 5.531259e-03
endloop
endfacet
facet normal 0 0 0
outer loop
vertex -1.577110e-01 3.550475e-01 1.037858e-01
vertex -1.320268e-01 3.710373e-01 1.097799e-01
vertex -1.327942e-01 3.361725e-01 1.111117e-01
endloop
endfacet
facet normal 0 0 0
outer loop
vertex 4.981163e-01 6.308341e-01 2.097163e-02
vertex 5.391191e-01 6.198210e-01 1.394983e-02
vertex 5.165830e-01 6.714764e-01 1.166239e-02
endloop
endfacet
facet normal 0 0 0
outer loop
vertex -3.408720e-01 3.735130e-01 5.553300e-02
vertex -3.292421e-01 3.310533e-01 4.783576e-02
vertex -3.074000e-01 3.521501e-01 6.147750e-02
endloop
endfacet
facet normal 0 0 0
outer loop
vertex -2.848594e-01 3.825372e-01 7.367031e-02
vertex -2.996352e-01 4.032710e-01 7.797670e-02
vertex -3.239068e-01 4.092941e-01 6.971965e-02
endloop
endfacet
facet normal 0 0 0
outer loop
vertex -3.239068e-01 4.092941e-01 6.971965e-02
vertex -3.140987e-01 3.790725e-01 6.447148e-02
vertex -2.848594e-01 3.825372e-01 7.367031e-02
endloop
endfacet
facet normal 0 0 0
outer loop
vertex 3.119448e-01 3.467474e-02 1.660982e-03
vertex 2.802294e-01 6.086727e-02 1.338006e-02
vertex 2.884214e-01 1.593040e-02 6.408082e-03
endloop
endfacet
facet normal 0 0 0
outer loop
vertex -1.032149e-01 8.981546e-01 5.308143e-03
vertex -8.723462e-02 9.081251e-01 -7.327462e-03
vertex -1.146576e-01 8.855771e-01 -8.309290e-03
endloop
endfacet
facet normal 0 0 0
outer loop
vertex -2.704400e-01 2.525725e-01 2.114247e-02
vertex -2.486104e-01 2.435909e-01 2.295287e-02
vertex -2.516196e-01 2.267854e-01 2.803625e-02
endloop
endfacet
facet normal 0 0 0
outer loop
vertex -2.411698e-01 3.294839e-01 5.795239e-02
vertex -2.516025e-01 3.754462e-01 7.228068e-02
vertex -2.754943e-01 3.350640e-01 5.872221e-02
endloop
endfacet
facet normal 0 0 0
outer loop
vertex -1.297107e-01 3.922194e-01 1.256556e-01
vertex -1.034923e-01 3.710057e-01 1.312176e-01
vertex -8.265400e-02 3.996350e-01 1.333980e-01
endloop
endfacet
facet normal 0 0 0
outer loop
vertex -1.221863e-01 4.395750e-01 1.257930e-01
vertex -1.297107e-01 3.922194e-01 1.256556e-01
vertex -8.265400e-02 3.996350e-01 1.333980e-01
endloop
endfacet
facet normal 0 0 0
outer loop
vertex 4.016081e-01 4.439351e-01 3.226056e-02
vertex 3.573902e-01 3.796389e-01 3.014368e-02
vertex 4.338824e-01 3.814749e-01 2.989292e-02
endloop
endfacet
facet normal 0 0 0
outer loop
vertex -1.462546e-01 1.866662e-01 5.804575e-02
vertex -1.494498e-01 2.225039e-01 4.496800e-02
vertex -1.875878e-01 2.115300e-01 5.203445e-02
endloop
endfacet
facet normal 0 0 0
outer loop
vertex 2.161768e-01 2.722162e-01 3.006071e-03
vertex 1.987300e-01 2.714187e-01 9.332546e-03
vertex 2.281413e-01 2.440612e-01 6.223900e-03
endloop
endfacet
facet normal 0 0 0
outer loop
vertex -8.186351e-02 3.811741e-01 1.204582e-01
vertex -1.205666e-01 4.095031e-01 1.111156e-01
vertex -6.770515e-02 4.077514e-01 1.219648e-01
endloop
endfacet
facet normal 0 0 0
outer loop
vertex 2.042808e-01 2.993557e-01 -1.488606e-03
vertex 1.987300e-01 2.714187e-01 9.332546e-03
vertex 2.161768e-01 2.722162e-01 3.006071e-03
endloop
endfacet
facet normal 0 0 0
outer loop
vertex 1.038543e-01 1.972845e-02 -9.988529e-03
vertex 8.466870e-02 2.440010e-02 -2.882789e-03
vertex 7.171678e-02 4.778602e-02 -1.064418e-02
endloop
endfacet
facet normal 0 0 0
outer loop
vertex -8.244204e-02 8.654134e-01 -1.538245e-02
vertex -8.723462e-02 9.081251e-01 -7.327462e-03
vertex -4.940498e-02 8.818738e-01 -2.080102e-02
endloop
endfacet
facet normal 0 0 0
outer loop
vertex -8.265400e-02 3.996350e-01 1.333980e-01
vertex -6.670260e-02 4.099288e-01 1.360898e-01
vertex -8.823833e-02 4.481995e-01 1.304475e-01
endloop
endfacet
facet normal 0 0 0
outer loop
vertex 2.524309e-01 3.302487e-01 -4.906935e-03
vertex 3.009219e-01 3.344315e-01 -2.521374e-02
vertex 2.773339e-01 2.977844e-01 -9.789282e-03
endloop
endfacet
facet normal 0 0 0
outer loop
vertex -7.096181e-02 4.170828e-01 -1.366846e-01
vertex -1.064812e-01 4.307159e-01 -1.288968e-01
vertex -9.246534e-02 4.744780e-01 -1.299180e-01
endloop
endfacet
facet normal 0 0 0
outer loop
vertex -1.457610e-01 9.728089e-02 6.516992e-02
vertex -1.439477e-01 1.375047e-01 5.734864e-02
vertex -1.363603e-01 1.163130e-01 6.980900e-02
endloop
endfacet
facet normal 0 0 0
outer loop
vertex -2.643868e-01 3.771254e-01 -7.227806e-02
vertex -2.564718e-01 4.000261e-01 -7.609129e-02
vertex -2.429363e-01 3.759768e-01 -6.872826e-02
endloop
endfacet
facet normal 0 0 0
outer loop
vertex -2.564718e-01 4.000261e-01 -7.609129e-02
vertex -2.643868e-01 3.771254e-01 -7.227806e-02
vertex -2.379949e-01 3.863112e-01 -8.250803e-02
endloop
endfacet
facet normal 0 0 0
outer loop
vertex 2.022304e-01 3.874496e-01 -2.199648e-03
vertex 2.339611e-01 3.585272e-01 -2.810343e-03
vertex 2.352045e-01 3.828930e-01 1.041717e-02
endloop
endfacet
facet normal 0 0 0
outer loop
vertex 2.112850e-01 3.956520e-01 8.081000e-03
vertex 1.832003e-01 4.038216e-01 1.780198e-02
vertex 2.022304e-01 3.874496e-01 -2.199648e-03
endloop
endfacet
facet normal 0 0 0
outer loop
vertex 1.832003e-01 4.038216e-01 1.780198e-02
vertex 2.112850e-01 3.956520e-01 8.081000e-03
vertex 1.926257e-01 4.393734e-01 2.899370e-02
endloop
endfacet
facet normal 0 0 0
outer loop
vertex 2.042808e-01 2.993557e-01 -1.488606e-03
vertex 1.696567e-01 3.009846e-01 -1.513731e-02
vertex 1.861649e-01 3.239256e-01 -1.069717e-02
endloop
endfacet
facet normal 0 0 0
outer loop
vertex -1.200852e-01 2.742781e-01 1.347161e-02
vertex -8.158756e-02 3.006564e-01 3.530441e-02
vertex -1.179959e-01 3.056336e-01 4.230022e-02
endloop
endfacet
facet normal 0 0 0
outer loop
vertex -2.267246e-01 4.193721e-01 -7.786713e-02
vertex -1.950441e-01 4.144752e-01 -7.697262e-02
vertex -2.092727e-01 3.742514e-01 -7.188731e-02
endloop
endfacet
facet normal 0 0 0
outer loop
vertex -2.267246e-01 4.193721e-01 -7.786713e-02
vertex -2.379949e-01 3.863112e-01 -8.250803e-02
vertex -1.927536e-01 4.004650e-01 -9.299302e-02
endloop
endfacet
facet normal 0 0 0
outer loop
vertex -2.092727e-01 3.742514e-01 -7.188731e-02
vertex -2.429363e-01 3.759768e-01 -6.872826e-02
vertex -2.267246e-01 4.193721e-01 -7.786713e-02
endloop
endfacet
facet normal 0 0 0
outer loop
vertex -2.157138e-01 2.562079e-01 2.047161e-02
vertex -2.434230e-01 2.707761e-01 1.612918e-02
vertex -2.139899e-01 2.756086e-01 1.336339e-02
endloop
endfacet
facet normal 0 0 0
outer loop
vertex -2.411698e-01 3.294839e-01 5.795239e-02
vertex -2.696630e-01 3.068781e-01 4.353967e-02
vertex -2.560215e-01 2.870670e-01 3.061763e-02
endloop
endfacet
facet normal 0 0 0
outer loop
vertex 1.919792e-01 6.473086e-01 6.581930e-03
vertex 1.970052e-01 6.491418e-01 -8.729867e-03
vertex 2.118491e-01 6.546921e-01 2.986660e-03
endloop
endfacet
facet normal 0 0 0
outer loop
vertex -5.261497e-01 4.117511e-01 -3.810601e-02
vertex -5.029719e-01 3.732843e-01 -1.637262e-02
vertex -5.399001e-01 3.963265e-01 -1.342024e-02
endloop
endfacet
facet normal 0 0 0
outer loop
vertex -2.057370e-01 5.093405e-01 -1.025742e-01
vertex -1.772847e-01 5.236982e-01 -1.112439e-01
vertex -1.715130e-01 4.945406e-01 -1.124131e-01
endloop
endfacet
facet normal 0 0 0
outer loop
vertex -2.692870e-01 1.865259e-01 -4.468191e-02
vertex -2.717116e-01 1.612452e-01 -5.234170e-02
vertex -2.389661e-01 1.743246e-01 -4.754683e-02
endloop
endfacet
facet normal 0 0 0
outer loop
vertex 5.950697e-01 4.336373e-01 3.942357e-03
vertex 5.876803e-01 4.036094e-01 3.865741e-03
vertex 5.890064e-01 4.088651e-01 -1.075396e-02
endloop
endfacet
facet normal 0 0 0
outer loop
vertex -3.408720e-01 3.735130e-01 5.553300e-02
vertex -3.239068e-01 4.092941e-01 6.971965e-02
vertex -3.660537e-01 4.123899e-01 7.105535e-02
endloop
endfacet
facet normal 0 0 0
outer loop
vertex -1.412553e-01 4.557655e-01 -1.042446e-01
vertex -1.083084e-01 4.677522e-01 -1.114479e-01
vertex -1.466965e-01 5.039088e-01 -1.028015e-01
endloop
endfacet
facet normal 0 0 0
outer loop
vertex 5.957142e-01 4.564801e-01 -9.469678e-03
vertex 5.544882e-01 4.018640e-01 -1.978110e-02
vertex 5.655423e-01 4.803074e-01 -1.913045e-02
endloop
endfacet
facet normal 0 0 0
outer loop
vertex -3.126730e-01 2.634871e-01 -3.529653e-02
vertex -3.112922e-01 2.952756e-01 -1.984386e-02
vertex -3.041988e-01 3.007780e-01 -3.456599e-02
endloop
endfacet
facet normal 0 0 0
outer loop
vertex 2.878140e-01 1.365350e-01 5.631000e-03
vertex 3.008655e-01 9.464046e-02 1.048590e-02
vertex 3.085174e-01 1.252298e-01 4.718577e-03
endloop
endfacet
facet normal 0 0 0
outer loop
vertex 9.017333e-02 4.100746e-02 1.063407e-02
vertex 5.277810e-02 7.430185e-02 1.168571e-02
vertex 6.544066e-02 4.535744e-02 1.786562e-03
endloop
endfacet
facet normal 0 0 0
outer loop
vertex 4.471678e-02 6.304797e-02 -5.033906e-03
vertex 6.544066e-02 4.535744e-02 1.786562e-03
vertex 5.277810e-02 7.430185e-02 1.168571e-02
endloop
endfacet
facet normal 0 0 0
outer loop
vertex -1.439477e-01 1.375047e-01 5.734864e-02
vertex -1.380213e-01 1.607603e-01 4.974848e-02
vertex -1.319423e-01 1.655491e-01 6.007699e-02
endloop
endfacet
facet normal 0 0 0
outer loop
vertex -1.205994e-01 4.273347e-01 -1.099720e-01
vertex -1.479516e-01 3.794029e-01 -1.052827e-01
vertex -9.796978e-02 4.005389e-01 -1.163129e-01
endloop
endfacet
facet normal 0 0 0
outer loop
vertex 1.393699e-01 6.425745e-01 -8.088366e-03
vertex 1.089311e-01 6.435421e-01 -9.575922e-03
vertex 1.054088e-01 6.742284e-01 -1.550068e-02
endloop
endfacet
facet normal 0 0 0
outer loop
vertex 8.466870e-02 2.440010e-02 -2.882789e-03
vertex 1.038543e-01 1.972845e-02 -9.988529e-03
vertex 1.069308e-01 1.705984e-02 6.075919e-03
endloop
endfacet
facet normal 0 0 0
outer loop
vertex 9.017333e-02 4.100746e-02 1.063407e-02
vertex 8.466870e-02 2.440010e-02 -2.882789e-03
vertex 1.069308e-01 1.705984e-02 6.075919e-03
endloop
endfacet
facet normal 0 0 0
outer loop
vertex -5.883079e-02 4.207252e-01 -1.315707e-01
vertex -7.096181e-02 4.170828e-01 -1.366846e-01
vertex -5.187968e-02 4.503545e-01 -1.301609e-01
endloop
endfacet
facet normal 0 0 0
outer loop
vertex 1.490302e-01 3.987097e-01 2.308944e-02
vertex 1.926257e-01 4.393734e-01 2.899370e-02
vertex 1.466290e-01 4.274937e-01 3.602814e-02
endloop
endfacet
facet normal 0 0 0
outer loop
vertex 3.329911e-01 9.847938e-02 5.082759e-03
vertex 3.697985e-01 6.870494e-02 6.683775e-03
vertex 3.571902e-01 8.266068e-02 -5.236562e-03
endloop
endfacet
facet normal 0 0 0
outer loop
vertex -2.524310e-01 3.998927e-01 -9.405105e-02
vertex -2.825176e-01 3.776507e-01 -8.167538e-02
vertex -2.852051e-01 4.086834e-01 -8.413056e-02
endloop
endfacet
facet normal 0 0 0
outer loop
vertex 2.022304e-01 3.874496e-01 -2.199648e-03
vertex 1.832003e-01 4.038216e-01 1.780198e-02
vertex 1.685655e-01 3.896823e-01 -6.413439e-03
endloop
endfacet
facet normal 0 0 0
outer loop
vertex -3.045770e-01 2.231950e-01 5.128977e-02
vertex -3.034345e-01 2.545007e-01 4.197069e-02
vertex -3.125046e-01 2.573599e-01 2.953857e-02
endloop
endfacet
facet normal 0 0 0
outer loop
vertex -3.063092e-01 1.944063e-01 5.843904e-02
vertex -2.965710e-01 1.629094e-01 5.712638e-02
vertex -2.903485e-01 1.757606e-01 6.337445e-02
endloop
endfacet
facet normal 0 0 0
outer loop
vertex 3.548067e-01 2.096011e-01 -9.653631e-04
vertex 3.169316e-01 2.473272e-01 5.780014e-03
vertex 3.319493e-01 2.327660e-01 -9.426776e-03
endloop
endfacet
facet normal 0 0 0
outer loop
vertex 9.337026e-02 6.355252e-01 -3.097030e-02
vertex 1.040720e-01 6.245050e-01 -1.356100e-02
vertex 1.190975e-01 6.085971e-01 -2.938864e-02
endloop
endfacet
facet normal 0 0 0
outer loop
vertex 1.040720e-01 6.245050e-01 -1.356100e-02
vertex 9.337026e-02 6.355252e-01 -3.097030e-02
vertex 1.098469e-01 6.323273e-01 -1.053807e-02
endloop
endfacet
facet normal 0 0 0
outer loop
vertex -9.574566e-02 3.598856e-01 1.187572e-01
vertex -1.205666e-01 4.095031e-01 1.111156e-01
vertex -8.186351e-02 3.811741e-01 1.204582e-01
endloop
endfacet
facet normal 0 0 0
outer loop
vertex 7.171678e-02 4.778602e-02 -1.064418e-02
vertex 6.544066e-02 4.535744e-02 1.786562e-03
vertex 4.471678e-02 6.304797e-02 -5.033906e-03
endloop
endfacet
facet normal 0 0 0
outer loop
vertex 2.966730e-01 1.368668e-01 -9.754032e-03
vertex 3.085174e-01 1.252298e-01 4.718577e-03
vertex 3.274189e-01 1.030659e-01 -9.471817e-03
endloop
endfacet
facet normal 0 0 0
outer loop
vertex 5.726198e-01 6.043087e-01 -1.060685e-02
vertex 5.593145e-01 6.433519e-01 -1.075364e-02
vertex 5.637271e-01 6.314738e-01 3.478206e-03
endloop
endfacet
facet normal 0 0 0
outer loop
vertex -1.588018e-01 3.270874e-01 -1.081974e-01
vertex -1.874557e-01 3.274474e-01 -1.080448e-01
vertex -1.642784e-01 3.320823e-01 -1.180547e-01
endloop
endfacet
facet normal 0 0 0
outer loop
vertex -2.825936e-01 3.862850e-01 8.465771e-02
vertex -2.610169e-01 3.665842e-01 9.148473e-02
vertex -2.616646e-01 4.086849e-01 8.944406e-02
endloop
endfacet
facet normal 0 0 0
outer loop
vertex -2.610169e-01 3.665842e-01 9.148473e-02
vertex -2.825936e-01 3.862850e-01 8.465771e-02
vertex -2.848594e-01 3.825372e-01 7.367031e-02
endloop
endfacet
facet normal 0 0 0
outer loop
vertex -1.919840e-01 4.388977e-01 -9.220167e-02
vertex -1.987093e-01 4.799521e-01 -9.087267e-02
vertex -2.175597e-01 4.614657e-01 -8.626373e-02
endloop
endfacet
facet normal 0 0 0
outer loop
vertex -2.089557e-01 1.203814e-01 7.565945e-02
vertex -1.810406e-01 1.460537e-01 6.992802e-02
vertex -2.362430e-01 1.383701e-01 7.155242e-02
endloop
endfacet
facet normal 0 0 0
outer loop
vertex -2.089557e-01 1.203814e-01 7.565945e-02
vertex -2.362430e-01 1.383701e-01 7.155242e-02
vertex -2.220390e-01 9.796285e-02 7.988331e-02
endloop
endfacet
facet normal 0 0 0
outer loop
vertex -7.191900e-02 7.343780e-01 -2.829300e-02
vertex -8.117452e-02 7.218941e-01 -4.347875e-02
vertex -1.082560e-01 7.469040e-01 -2.482500e-02
endloop
endfacet
facet normal 0 0 0
outer loop
vertex -1.082560e-01 7.469040e-01 -2.482500e-02
vertex -7.440835e-02 7.713737e-01 -2.990352e-02
vertex -7.191900e-02 7.343780e-01 -2.829300e-02
endloop
endfacet
facet normal 0 0 0
outer loop
vertex 2.990430e-01 1.801900e-02 -6.971000e-03
vertex 3.119448e-01 3.467474e-02 1.660982e-03
vertex 2.884214e-01 1.593040e-02 6.408082e-03
endloop
endfacet
facet normal 0 0 0
outer loop
vertex -8.727359e-02 2.457035e-01 -5.968877e-03
vertex -5.491111e-02 2.347830e-01 -1.290551e-02
vertex -7.611629e-02 2.131749e-01 -9.436212e-03
endloop
endfacet
facet normal 0 0 0
outer loop
vertex -2.848594e-01 3.825372e-01 7.367031e-02
vertex -3.140987e-01 3.790725e-01 6.447148e-02
vertex -3.074000e-01 3.521501e-01 6.147750e-02
endloop
endfacet
facet normal 0 0 0
outer loop
vertex 1.750454e-01 4.072957e-01 -2.212058e-02
vertex 1.345342e-01 4.001864e-01 -2.911708e-02
vertex 1.486946e-01 4.202950e-01 -3.339671e-02
endloop
endfacet
facet normal 0 0 0
outer loop
vertex 2.524309e-01 3.302487e-01 -4.906935e-03
vertex 2.668513e-01 3.154292e-01 6.592097e-03
vertex 2.461304e-01 3.483277e-01 7.256771e-03
endloop
endfacet
facet normal 0 0 0
outer loop
vertex -1.210908e-01 3.834881e-01 -1.274129e-01
vertex -7.096181e-02 4.170828e-01 -1.366846e-01
vertex -7.831759e-02 3.799608e-01 -1.334026e-01
endloop
endfacet
facet normal 0 0 0
outer loop
vertex -2.583930e-01 3.943690e-01 7.517300e-02
vertex -2.516025e-01 3.754462e-01 7.228068e-02
vertex -2.215642e-01 3.923757e-01 7.396889e-02
endloop
endfacet
facet normal 0 0 0
outer loop
vertex -2.282698e-01 3.804460e-01 8.430591e-02
vertex -2.516025e-01 3.754462e-01 7.228068e-02
vertex -2.583930e-01 3.943690e-01 7.517300e-02
endloop
endfacet
facet normal 0 0 0
outer loop
vertex -1.494498e-01 2.225039e-01 4.496800e-02
vertex -1.672845e-01 2.338087e-01 4.519400e-02
vertex -1.875878e-01 2.115300e-01 5.203445e-02
endloop
endfacet
facet normal 0 0 0
outer loop
vertex -2.924738e-01 1.724508e-01 4.629552e-02
vertex -2.965710e-01 1.629094e-01 5.712638e-02
vertex -3.063092e-01 1.944063e-01 5.843904e-02
endloop
endfacet
facet normal 0 0 0
outer loop
vertex 5.325739e-01 2.927808e-01 -1.114774e-02
vertex 5.363688e-01 3.003446e-01 4.847136e-03
vertex 5.316558e-01 2.592865e-01 -1.050702e-02
endloop
endfacet
facet normal 0 0 0
outer loop
vertex 5.363688e-01 3.003446e-01 4.847136e-03
vertex 5.311240e-01 2.661905e-01 6.151228e-03
vertex 5.316558e-01 2.592865e-01 -1.050702e-02
endloop
endfacet
facet normal 0 0 0
outer loop
vertex -8.659814e-02 2.729473e-01 8.274189e-03
vertex -3.481517e-02 2.932777e-01 2.031144e-02
vertex -8.158756e-02 3.006564e-01 3.530441e-02
endloop
endfacet
facet normal 0 0 0
outer loop
vertex -6.608474e-02 4.001246e-01 -1.277614e-01
vertex -5.883079e-02 4.207252e-01 -1.315707e-01
vertex -6.219256e-02 4.344947e-01 -1.214135e-01
endloop
endfacet
facet normal 0 0 0
outer loop
vertex -6.608474e-02 4.001246e-01 -1.277614e-01
vertex -7.096181e-02 4.170828e-01 -1.366846e-01
vertex -5.883079e-02 4.207252e-01 -1.315707e-01
endloop
endfacet
facet normal 0 0 0
outer loop
vertex -5.784569e-01 4.336245e-01 -1.056029e-02
vertex -5.556946e-01 4.408704e-01 -3.519858e-02
vertex -5.665644e-01 4.211063e-01 -1.837133e-02
endloop
endfacet
facet normal 0 0 0
outer loop
vertex -6.191791e-02 6.633287e-01 -6.054484e-02
vertex -8.117452e-02 7.218941e-01 -4.347875e-02
vertex -4.694987e-02 7.107465e-01 -4.398450e-02
endloop
endfacet
facet normal 0 0 0
outer loop
vertex -2.921068e-01 4.803859e-01 -7.622010e-02
vertex -2.624186e-01 5.378226e-01 -8.181166e-02
vertex -2.376908e-01 4.827808e-01 -8.071789e-02
endloop
endfacet
facet normal 0 0 0
outer loop
vertex -1.374675e-01 5.387998e-01 1.071361e-01
vertex -1.015378e-01 4.718947e-01 1.134567e-01
vertex -1.607323e-01 4.668081e-01 9.972904e-02
endloop
endfacet
facet normal 0 0 0
outer loop
vertex -1.374675e-01 5.387998e-01 1.071361e-01
vertex -1.989074e-01 5.126509e-01 9.474971e-02
vertex -1.715748e-01 5.253839e-01 1.140449e-01
endloop
endfacet
facet normal 0 0 0
outer loop
vertex -1.109578e-01 5.794458e-01 7.554590e-02
vertex -1.049734e-01 5.292401e-01 7.717795e-02
vertex -5.244247e-02 5.711035e-01 7.088691e-02
endloop
endfacet
facet normal 0 0 0
outer loop
vertex -5.510592e-02 6.366733e-01 6.436390e-02
vertex -1.032184e-02 6.838429e-01 4.679017e-02
vertex -5.382932e-02 7.066706e-01 4.679097e-02
endloop
endfacet
facet normal 0 0 0
outer loop
vertex -8.727359e-02 2.457035e-01 -5.968877e-03
vertex -7.501210e-02 2.019860e-01 6.084251e-03
vertex -7.805170e-02 2.392413e-01 8.129103e-03
endloop
endfacet
facet normal 0 0 0
outer loop
vertex -1.989597e-01 2.694784e-01 -1.025657e-02
vertex -2.139563e-01 2.713960e-01 -2.050109e-02
vertex -2.140725e-01 2.808958e-01 -1.372488e-02
endloop
endfacet
facet normal 0 0 0
outer loop
vertex -2.139563e-01 2.713960e-01 -2.050109e-02
vertex -2.130247e-01 2.762353e-01 -2.548866e-02
vertex -2.140725e-01 2.808958e-01 -1.372488e-02
endloop
endfacet
facet normal 0 0 0
outer loop
vertex -2.140725e-01 2.808958e-01 -1.372488e-02
vertex -2.130247e-01 2.762353e-01 -2.548866e-02
vertex -1.989597e-01 2.694784e-01 -1.025657e-02
endloop
endfacet
facet normal 0 0 0
outer loop
vertex -3.817308e-01 6.059667e-01 6.572142e-02
vertex -4.347159e-01 5.917650e-01 6.018170e-02
vertex -4.047622e-01 5.407044e-01 6.913546e-02
endloop
endfacet
facet normal 0 0 0
outer loop
vertex -1.483333e-01 4.266247e-01 7.645249e-02
vertex -1.893646e-01 4.076213e-01 7.645808e-02
vertex -1.556852e-01 3.787232e-01 7.086988e-02
endloop
endfacet
facet normal 0 0 0
outer loop
vertex -2.249181e-01 4.788087e-01 8.298578e-02
vertex -1.895963e-01 4.476925e-01 7.892661e-02
vertex -1.728006e-01 5.071138e-01 8.126821e-02
endloop
endfacet
facet normal 0 0 0
outer loop
vertex -1.826278e-01 3.739225e-01 9.645998e-02
vertex -1.320268e-01 3.710373e-01 1.097799e-01
vertex -1.577110e-01 3.550475e-01 1.037858e-01
endloop
endfacet
facet normal 0 0 0
outer loop
vertex -8.571840e-02 8.259924e-01 -2.533047e-02
vertex -3.851740e-02 7.862062e-01 -3.123602e-02
vertex -7.440835e-02 7.713737e-01 -2.990352e-02
endloop
endfacet
facet normal 0 0 0
outer loop
vertex 1.490302e-01 3.987097e-01 2.308944e-02
vertex 1.176828e-01 3.995533e-01 3.281492e-02
vertex 1.445878e-01 3.807147e-01 5.516033e-03
endloop
endfacet
facet normal 0 0 0
outer loop
vertex 2.211117e-01 8.709671e-01 -1.958917e-02
vertex 2.505772e-01 8.986236e-01 -7.564967e-03
vertex 2.740453e-01 8.647278e-01 -9.385325e-03
endloop
endfacet
facet normal 0 0 0
outer loop
vertex -1.005030e-01 7.617710e-01 2.718600e-02
vertex -1.488459e-01 7.459318e-01 2.672924e-02
vertex -7.475360e-02 7.401860e-01 2.835387e-02
endloop
endfacet
facet normal 0 0 0
outer loop
vertex 1.040720e-01 6.245050e-01 -1.356100e-02
vertex 8.318200e-02 6.438620e-01 -1.152300e-02
vertex 1.098469e-01 6.323273e-01 -1.053807e-02
endloop
endfacet
facet normal 0 0 0
outer loop
vertex -4.124681e-01 6.306357e-01 -5.424911e-02
vertex -4.516047e-01 5.951753e-01 -5.585437e-02
vertex -4.735328e-01 6.274112e-01 -3.322824e-02
endloop
endfacet
facet normal 0 0 0
outer loop
vertex 1.915722e-01 9.398471e-01 1.857188e-03
vertex 1.909950e-01 9.539450e-01 -2.842000e-03
vertex 1.817630e-01 9.481581e-01 7.998748e-03
endloop
endfacet
facet normal 0 0 0
outer loop
vertex -3.504233e-01 6.500902e-01 5.880725e-02
vertex -3.233356e-01 6.922992e-01 4.506456e-02
vertex -3.839608e-01 6.623476e-01 4.776021e-02
endloop
endfacet
facet normal 0 0 0
outer loop
vertex 4.957556e-02 6.810837e-01 1.701007e-02
vertex 4.740885e-02 7.578411e-01 2.575020e-02
vertex 1.429243e-02 7.045433e-01 2.245412e-02
endloop
endfacet
facet normal 0 0 0
outer loop
vertex -2.696630e-01 3.068781e-01 4.353967e-02
vertex -2.872499e-01 2.921187e-01 2.970529e-02
vertex -2.560215e-01 2.870670e-01 3.061763e-02
endloop
endfacet
facet normal 0 0 0
outer loop
vertex -2.664242e-01 4.760274e-01 7.518885e-02
vertex -2.971999e-01 4.568242e-01 7.269710e-02
vertex -2.584175e-01 4.740385e-01 9.342279e-02
endloop
endfacet
facet normal 0 0 0
outer loop
vertex -2.971999e-01 4.568242e-01 7.269710e-02
vertex -2.664242e-01 4.760274e-01 7.518885e-02
vertex -3.124036e-01 4.853030e-01 8.097623e-02
endloop
endfacet
facet normal 0 0 0
outer loop
vertex -4.203805e-01 3.998917e-01 6.398436e-02
vertex -4.808420e-01 3.927635e-01 4.661895e-02
vertex -4.441648e-01 3.675830e-01 3.898965e-02
endloop
endfacet
facet normal 0 0 0
outer loop
vertex -7.190470e-02 5.275845e-01 -7.480878e-02
vertex -2.003956e-02 5.417604e-01 -6.906345e-02
vertex -2.601254e-02 4.771692e-01 -6.984547e-02
endloop
endfacet
facet normal 0 0 0
outer loop
vertex 3.249539e-01 7.033496e-01 7.315431e-03
vertex 3.780110e-01 7.366316e-01 7.142419e-03
vertex 3.593814e-01 7.330736e-01 -4.704744e-03
endloop
endfacet
facet normal 0 0 0
outer loop
vertex -1.161775e-02 7.872031e-01 3.121822e-02
vertex 6.158743e-02 8.078144e-01 3.202416e-02
vertex 1.372742e-02 8.586270e-01 2.690362e-02
endloop
endfacet
facet normal 0 0 0
outer loop
vertex 2.777400e-01 5.756522e-02 -1.583997e-02
vertex 2.227122e-01 5.140370e-02 -1.956832e-02
vertex 2.671413e-01 9.046231e-02 -2.199597e-02
endloop
endfacet
facet normal 0 0 0
outer loop
vertex -6.514649e-02 4.877213e-01 7.355119e-02
vertex -6.167156e-02 5.319393e-01 7.258265e-02
vertex -1.049734e-01 5.292401e-01 7.717795e-02
endloop
endfacet
facet normal 0 0 0
outer loop
vertex -3.791196e-01 5.944343e-01 -6.817044e-02
vertex -4.516047e-01 5.951753e-01 -5.585437e-02
vertex -4.124681e-01 6.306357e-01 -5.424911e-02
endloop
endfacet
facet normal 0 0 0
outer loop
vertex -5.461204e-01 5.762962e-01 -4.919404e-04
vertex -5.313943e-01 5.825528e-01 2.580894e-02
vertex -5.289881e-01 5.932208e-01 5.700884e-03
endloop
endfacet
facet normal 0 0 0
outer loop
vertex 6.979100e-02 6.559930e-01 1.379000e-02
vertex 4.957556e-02 6.810837e-01 1.701007e-02
vertex 7.007630e-02 6.516774e-01 3.088171e-02
endloop
endfacet
facet normal 0 0 0
outer loop
vertex 1.021809e-01 6.931099e-01 1.767652e-02
vertex 4.957556e-02 6.810837e-01 1.701007e-02
vertex 6.979100e-02 6.559930e-01 1.379000e-02
endloop
endfacet
facet normal 0 0 0
outer loop
vertex -7.440835e-02 7.713737e-01 -2.990352e-02
vertex -5.050028e-02 7.400485e-01 -2.706430e-02
vertex -7.191900e-02 7.343780e-01 -2.829300e-02
endloop
endfacet
facet normal 0 0 0
outer loop
vertex -5.050028e-02 7.400485e-01 -2.706430e-02
vertex -8.117452e-02 7.218941e-01 -4.347875e-02
vertex -7.191900e-02 7.343780e-01 -2.829300e-02
endloop
endfacet
facet normal 0 0 0
outer loop
vertex -8.117452e-02 7.218941e-01 -4.347875e-02
vertex -7.191900e-02 7.343780e-01 -2.829300e-02
vertex -4.694987e-02 7.107465e-01 -4.398450e-02
endloop
endfacet
facet normal 0 0 0
outer loop
vertex -4.694987e-02 7.107465e-01 -4.398450e-02
vertex -7.191900e-02 7.343780e-01 -2.829300e-02
vertex -5.050028e-02 7.400485e-01 -2.706430e-02
endloop
endfacet
facet normal 0 0 0
outer loop
vertex -1.032149e-01 8.981546e-01 5.308143e-03
vertex -1.146576e-01 8.855771e-01 -8.309290e-03
vertex -1.326417e-01 8.757795e-01 4.922256e-03
endloop
endfacet
facet normal 0 0 0
outer loop
vertex -2.495089e-01 5.244975e-01 8.224021e-02
vertex -2.249181e-01 4.788087e-01 8.298578e-02
vertex -1.728006e-01 5.071138e-01 8.126821e-02
endloop
endfacet
facet normal 0 0 0
outer loop
vertex -3.169007e-01 6.976605e-01 -4.354041e-02
vertex -3.568976e-01 6.562791e-01 -5.594013e-02
vertex -3.800434e-01 6.975187e-01 -2.325574e-02
endloop
endfacet
facet normal 0 0 0
outer loop
vertex -1.607323e-01 4.668081e-01 9.972904e-02
vertex -2.249181e-01 4.788087e-01 8.298578e-02
vertex -1.989074e-01 5.126509e-01 9.474971e-02
endloop
endfacet
facet normal 0 0 0
outer loop
vertex -2.150369e-01 7.495576e-01 -2.042424e-03
vertex -1.987063e-01 7.666433e-01 -1.014364e-02
vertex -2.118213e-01 7.425503e-01 -1.385354e-02
endloop
endfacet
facet normal 0 0 0
outer loop
vertex -2.242820e-01 2.728211e-01 -3.515266e-03
vertex -2.434230e-01 2.707761e-01 1.612918e-02
vertex -2.388761e-01 2.788303e-01 -1.351704e-02
endloop
endfacet
facet normal 0 0 0
outer loop
vertex 1.098469e-01 6.323273e-01 -1.053807e-02
vertex 1.190975e-01 6.085971e-01 -2.938864e-02
vertex 9.337026e-02 6.355252e-01 -3.097030e-02
endloop
endfacet
facet normal 0 0 0
outer loop
vertex -2.286411e-01 1.520468e-01 4.988273e-02
vertex -1.922914e-01 1.858147e-01 4.117875e-02
vertex -1.932776e-01 1.299496e-01 5.625673e-02
endloop
endfacet
facet normal 0 0 0
outer loop
vertex -2.938687e-01 3.907034e-01 -7.496400e-02
vertex -2.852051e-01 4.086834e-01 -8.413056e-02
vertex -2.825176e-01 3.776507e-01 -8.167538e-02
endloop
endfacet
facet normal 0 0 0
outer loop
vertex -1.466965e-01 5.039088e-01 -1.028015e-01
vertex -1.083084e-01 4.677522e-01 -1.114479e-01
vertex -1.101256e-01 5.131893e-01 -1.104850e-01
endloop
endfacet
facet normal 0 0 0
outer loop
vertex -2.974483e-01 2.698930e-01 -2.355261e-02
vertex -3.064456e-01 2.392901e-01 -3.359815e-02
vertex -2.819850e-01 2.460784e-01 -2.861004e-02
endloop
endfacet
facet normal 0 0 0
outer loop
vertex -3.064456e-01 2.392901e-01 -3.359815e-02
vertex -3.077977e-01 2.206171e-01 -5.263994e-02
vertex -2.991411e-01 1.981293e-01 -4.431377e-02
endloop
endfacet
facet normal 0 0 0
outer loop
vertex -3.071886e-01 2.201230e-01 3.664931e-02
vertex -3.125046e-01 2.573599e-01 2.953857e-02
vertex -2.755800e-01 2.198670e-01 3.165300e-02
endloop
endfacet
facet normal 0 0 0
outer loop
vertex 1.546422e-01 1.570044e-02 5.944649e-03
vertex 1.595006e-01 6.316397e-03 6.404754e-03
vertex 1.522819e-01 2.872234e-02 1.180345e-02
endloop
endfacet
facet normal 0 0 0
outer loop
vertex 1.595006e-01 6.316397e-03 6.404754e-03
vertex 1.546422e-01 1.570044e-02 5.944649e-03
vertex 1.485164e-01 1.744248e-02 8.979687e-03
endloop
endfacet
facet normal 0 0 0
outer loop
vertex -2.151568e-01 2.619210e-01 -3.712676e-02
vertex -2.130247e-01 2.762353e-01 -2.548866e-02
vertex -1.979227e-01 2.621805e-01 -3.691901e-02
endloop
endfacet
facet normal 0 0 0
outer loop
vertex -8.432949e-02 3.437552e-01 -5.765036e-02
vertex -1.240022e-01 3.230161e-01 -5.266512e-02
vertex -1.072986e-01 3.779075e-01 -6.799282e-02
endloop
endfacet
facet normal 0 0 0
outer loop
vertex 1.652416e-01 5.669161e-01 2.630765e-02
vertex 1.316701e-01 4.894799e-01 4.595174e-02
vertex 1.912543e-01 5.092072e-01 3.248501e-02
endloop
endfacet
facet normal 0 0 0
outer loop
vertex -3.948051e-01 3.143790e-01 7.958610e-03
vertex -3.845903e-01 3.178321e-01 -2.170870e-02
vertex -3.639319e-01 3.034159e-01 9.492687e-03
endloop
endfacet
facet normal 0 0 0
outer loop
vertex -3.071886e-01 2.201230e-01 3.664931e-02
vertex -3.045770e-01 2.231950e-01 5.128977e-02
vertex -3.125046e-01 2.573599e-01 2.953857e-02
endloop
endfacet
facet normal 0 0 0
outer loop
vertex 6.158743e-02 8.078144e-01 3.202416e-02
vertex -1.161775e-02 7.872031e-01 3.121822e-02
vertex 4.740885e-02 7.578411e-01 2.575020e-02
endloop
endfacet
facet normal 0 0 0
outer loop
vertex 2.703256e-01 1.765753e-01 -9.474903e-03
vertex 2.508911e-01 2.042877e-01 6.519440e-03
vertex 2.795687e-01 1.608856e-01 6.163430e-03
endloop
endfacet
facet normal 0 0 0
outer loop
vertex 3.429399e-01 2.768281e-01 2.341458e-02
vertex 3.560096e-01 2.423177e-01 1.664668e-02
vertex 4.002987e-01 2.491052e-01 2.451811e-02
endloop
endfacet
facet normal 0 0 0
outer loop
vertex -2.531367e-01 4.838807e-01 -9.370877e-02
vertex -2.832950e-01 4.647631e-01 -8.190809e-02
vertex -2.376908e-01 4.827808e-01 -8.071789e-02
endloop
endfacet
facet normal 0 0 0
outer loop
vertex -2.215714e-01 5.217354e-01 -8.043981e-02
vertex -2.624186e-01 5.378226e-01 -8.181166e-02
vertex -1.999543e-01 5.567039e-01 -8.071160e-02
endloop
endfacet
facet normal 0 0 0
outer loop
vertex -2.999162e-01 4.359025e-01 -7.745700e-02
vertex -3.465908e-01 4.578614e-01 -7.882839e-02
vertex -2.921068e-01 4.803859e-01 -7.622010e-02
endloop
endfacet
facet normal 0 0 0
outer loop
vertex -2.921068e-01 4.803859e-01 -7.622010e-02
vertex -2.832950e-01 4.647631e-01 -8.190809e-02
vertex -2.999162e-01 4.359025e-01 -7.745700e-02
endloop
endfacet
facet normal 0 0 0
outer loop
vertex -1.034923e-01 3.710057e-01 1.312176e-01
vertex -7.776139e-02 3.776352e-01 1.308299e-01
vertex -8.265400e-02 3.996350e-01 1.333980e-01
endloop
endfacet
facet normal 0 0 0
outer loop
vertex 4.697088e-01 7.583696e-01 6.288387e-03
vertex 4.478790e-01 7.623897e-01 -8.225227e-03
vertex 4.291198e-01 7.561523e-01 6.657706e-03
endloop
endfacet
facet normal 0 0 0
outer loop
vertex -1.525987e-01 4.224160e-01 -7.611520e-02
vertex -1.072986e-01 3.779075e-01 -6.799282e-02
vertex -1.689361e-01 3.702134e-01 -6.555474e-02
endloop
endfacet
facet normal 0 0 0
outer loop
vertex -6.514649e-02 4.877213e-01 7.355119e-02
vertex -1.024192e-02 5.104722e-01 6.800859e-02
vertex -6.167156e-02 5.319393e-01 7.258265e-02
endloop
endfacet
facet normal 0 0 0
outer loop
vertex 4.478790e-01 7.623897e-01 -8.225227e-03
vertex 4.697088e-01 7.583696e-01 6.288387e-03
vertex 4.840469e-01 7.549140e-01 -9.387379e-03
endloop
endfacet
facet normal 0 0 0
outer loop
vertex -4.236666e-01 6.783606e-01 2.410762e-04
vertex -3.800434e-01 6.975187e-01 -2.325574e-02
vertex -4.276582e-01 6.638932e-01 -3.125476e-02
endloop
endfacet
facet normal 0 0 0
outer loop
vertex -2.213897e-01 6.570820e-02 7.171966e-02
vertex -2.109507e-01 1.030210e-01 6.317816e-02
vertex -2.138789e-01 7.098814e-02 8.157820e-02
endloop
endfacet
facet normal 0 0 0
outer loop
vertex -2.109507e-01 1.030210e-01 6.317816e-02
vertex -1.798851e-01 7.445398e-02 6.981428e-02
vertex -1.971453e-01 9.326388e-02 8.140495e-02
endloop
endfacet
facet normal 0 0 0
outer loop
vertex 9.337026e-02 6.355252e-01 -3.097030e-02
vertex 8.318200e-02 6.438620e-01 -1.152300e-02
vertex 1.098469e-01 6.323273e-01 -1.053807e-02
endloop
endfacet
facet normal 0 0 0
outer loop
vertex 8.318200e-02 6.438620e-01 -1.152300e-02
vertex 1.089311e-01 6.435421e-01 -9.575922e-03
vertex 1.098469e-01 6.323273e-01 -1.053807e-02
endloop
endfacet
facet normal 0 0 0
outer loop
vertex -7.611629e-02 2.131749e-01 -9.436212e-03
vertex -7.501210e-02 2.019860e-01 6.084251e-03
vertex -8.727359e-02 2.457035e-01 -5.968877e-03
endloop
endfacet
facet normal 0 0 0
outer loop
vertex -5.558815e-01 5.132914e-01 3.812040e-02
vertex -5.384979e-01 4.720864e-01 4.628238e-02
vertex -5.147883e-01 5.299823e-01 5.100647e-02
endloop
endfacet
facet normal 0 0 0
outer loop
vertex -5.147883e-01 5.299823e-01 5.100647e-02
vertex -5.325927e-01 5.555388e-01 3.932713e-02
vertex -5.558815e-01 5.132914e-01 3.812040e-02
endloop
endfacet
facet normal 0 0 0
outer loop
vertex -5.382932e-02 7.066706e-01 4.679097e-02
vertex -1.032184e-02 6.838429e-01 4.679017e-02
vertex -3.302827e-02 7.216883e-01 2.673346e-02
endloop
endfacet
facet normal 0 0 0
outer loop
vertex -1.711598e-01 8.260993e-01 7.928642e-03
vertex -1.685764e-01 7.792726e-01 1.242369e-02
vertex -1.289800e-01 8.206976e-01 1.460733e-02
endloop
endfacet
facet normal 0 0 0
outer loop
vertex -1.685764e-01 7.792726e-01 1.242369e-02
vertex -1.332702e-01 7.808036e-01 2.370658e-02
vertex -1.289800e-01 8.206976e-01 1.460733e-02
endloop
endfacet
facet normal 0 0 0
outer loop
vertex 3.311730e-01 2.466040e-01 -9.455000e-03
vertex 3.022783e-01 2.620951e-01 -8.680674e-03
vertex 3.596668e-01 2.599800e-01 -2.674277e-02
endloop
endfacet
endsolid /Users/dianne/Desktop/MIT/Graphics_final_project/fast_cody/outputs/converted/20251121_122103/model.msh__tracked_surface.stl
