v -0.534113965680409 0.12252951273971 0.207106487241962
v -0.533743078606277 0.117116331549808 0.213260737777447
v -0.533182167298219 0.130469049574039 0.206411775591291
v -0.532229556723424 0.115259657058773 0.205031370841311
v -0.533061951564411 0.12748709918355 0.213272920088231
v -0.53234536897737 0.0949946260685769 -0.21025738375865
v -0.531153477105573 0.0879070115390259 -0.206167995885986
v -0.531167998087767 0.127414707486118 0.200617354176927
v -0.531975 0.120794 0.217616
v -0.532474898899756 0.082797293031506 -0.215425997092018
v -0.531937424725955 0.111576494262647 0.209424061598889
v -0.53078403228762 0.114580203826542 0.21710942433136
v -0.531859507030555 0.0775673619878197 -0.212466242883411
v -0.53041327216282 0.100991981993031 -0.202953005443543
v -0.528311101345593 0.131882476906055 0.21573198799653
v -0.530071561192135 0.100799093633038 -0.213820065287641
v -0.529618080792368 0.110889808647102 0.214144443097885
v -0.530382747885015 0.107039678559235 -0.206735703224418
v -0.530822408190436 0.0873430800679592 -0.218828232812248
v -0.527509197398328 0.114818817881441 0.199454917589996
v -0.529638951194735 0.0728104805990304 -0.213977
v -0.52970794163183 0.0761050661066482 -0.218143740727997
v -0.527674130416035 0.14029951952403 0.207218203720691
v -0.527486002021033 0.108663988732809 0.203179117446493
v -0.527134636416824 0.126150159942705 0.219779132696494
v -0.529031924705125 0.0801959919609168 -0.220294822166345
v -0.529505530557559 0.074309260441728 -0.207723103465419
v -0.528402578407543 0.11150982561144 -0.19955455544923
v -0.528966265084663 0.140157178743899 0.199512834238094
v -0.523235241213638 0.100738828974871 -0.195609999230432
v -0.52527654157382 0.107369230835056 0.207883989015971
v -0.526444583753662 0.118988335859065 -0.201008772142545
v -0.525141615826862 0.136284612657697 0.192330883368224
v -0.523968775333154 0.0848094941362272 -0.222451759086478
v -0.526562743182233 0.11061019216072 -0.210625952847125
v -0.527315991767336 0.119206065372196 0.220760015273269
v -0.521777627560699 0.108457637554776 0.213662962374248
v -0.526085104817853 0.0717704897661318 -0.216921720428397
v -0.525656386361615 0.069041769418894 -0.208671
v -0.524536099173775 0.0778768995300868 -0.221428254335511
v -0.520350088686041 0.129651116180549 -0.188076884696887
v -0.522058505104952 0.0686755291863864 -0.203179308321903
v -0.524255116064108 0.0940928396663488 -0.220583507588307
v -0.523071328245235 0.104178596876134 -0.216845185812506
v -0.520950413825745 0.0730006945480298 -0.219272994251118
v -0.522168192150069 0.0684519035186216 -0.212648695741204
v -0.520553223304439 0.140885331668221 0.213037717154424
v -0.524096196535106 0.111923481059693 0.218264537470186
v -0.52095071530785 0.125361111585406 0.221778125395394
v -0.515785358890721 0.152003740820483 0.204917204038747
v -0.519697331907207 0.132181274041079 0.219511141079926
v -0.520191116798921 0.108991516797929 0.194764485921908
v -0.518137679499986 0.105728981647265 0.199347186949311
v -0.518826198734125 0.1373866663727 -0.191130930537548
v -0.519327887483011 0.0725047165957997 -0.197530945259255
v -0.520508964306724 0.153031407141 0.196900336614352
v -0.517212931892771 0.0670609422240919 -0.206031547005101
v -0.515931174241964 0.15862683418465 0.183181081204361
v -0.517287858784884 0.117579030234477 0.222132588240841
v -0.514370181610068 0.0788065238974521 -0.221957709849539
v -0.518001598762351 0.132857952666373 -0.200406921510461
v -0.513417799637366 0.12619199037746 0.184622434631957
v -0.513254856702447 0.0904769222951214 -0.223071507933979
v -0.513457859051906 0.068026123798763 -0.197375002824059
v -0.511284388234276 0.110349380828459 0.217166484513367
v -0.507197548426192 0.130757982752534 -0.174781352593777
v -0.512065156333846 0.151479155342745 0.176925131171137
v -0.50848760644106 0.130788422677627 0.221912717414678
v -0.511378099874648 0.1044950740917 -0.220040741127056
v -0.499627128818761 0.0898253784743909 -0.22189964050999
v -0.512796153490695 0.106854509528456 0.210427057485001
v -0.506505501428347 0.17159173038914 0.174062114177941
v -0.503152295155542 0.157230825099584 0.206514936129672
v -0.508577261814842 0.0966287148372051 -0.185139766548437
v -0.509243726139722 0.0726932936339729 -0.190156518527533
v -0.505294361797718 0.157715896621742 -0.18749818982375
v -0.508317181641367 0.1697655933057 0.184897744801449
v -0.504636864799672 0.141095255123896 -0.202701634100192
v -0.502111331625889 0.0783966429978296 -0.219085379299991
v -0.503262037702985 0.104557901543652 0.200094191461556
v -0.500388276000113 0.116848064812853 0.22097224272458
v -0.507273019299853 0.0675545509416682 -0.200207153975786
v -0.505128971785949 0.163571597988317 -0.175984039111532
v -0.50152959504017 0.0695700837877791 -0.190051329550395
v -0.503262979761477 0.0688805950042543 -0.206119301534733
v -0.508590000450371 0.140944780200406 0.217263609836494
v -0.498670421758896 0.175829383359526 0.188020639773053
v -0.506417952616656 0.1123437409364 0.182979325209898
v -0.489177253919938 0.176802435015238 0.192996690157403
v -0.499296246909198 0.226977686384962 0.000443637788487963
v -0.498700308084798 0.231658149811408 0.00359301645650524
v -0.498371379258808 0.232759846790839 -0.00150486860866195
v -0.497526057026232 0.228660923307265 -0.00463651511022087
v -0.499198814419069 0.104618649859783 -0.220603777746475
v -0.497285682256617 0.225668991616711 0.00598669173766809
v -0.495646913212822 0.236203052466823 0.00439928705595076
v -0.49561253487157 0.231386130778529 0.00812337281851968
v -0.495881917137456 0.222056724357281 -0.00272976916774079
v -0.49469984445413 0.220091458160536 0.00287602853027972
v -0.494409488559343 0.107300336547479 0.177756802043555
v -0.495210941037178 0.120222085204381 -0.215629514808499
v -0.489630773955852 0.177572542698028 -0.148785022942173
v -0.494629846083133 0.226581461682165 -0.00712681584623927
v -0.496093056248749 0.177794309364337 -0.161311175590548
v -0.495371101619097 0.177619835046338 -0.172593863600152
v -0.487664036895963 0.154479704380478 -0.199495463858852
v -0.494555772037202 0.237279918481508 -0.00256765819020783
v -0.490357581933311 0.236391846932245 0.00921828381934349
v -0.497186085432136 0.122269954075418 0.174084098103197
v -0.495398721655037 0.185825661351051 0.172893044133169
v -0.491715548039878 0.233652666745393 -0.0082200029626747
v -0.495188026250274 0.0752638011930198 -0.181383373931418
v -0.497605209605976 0.157597684888282 0.162652730954363
v -0.496251858420209 0.177269857758187 0.15841850724913
v -0.490343544726882 0.228491012503738 0.0116952739983681
v -0.491191014097748 0.220676381803466 0.00839385430528173
v -0.488489767945875 0.216259214970973 -0.00144881088707087
v -0.488222326911624 0.216339948959994 0.00435145365109036
v -0.492711088718684 0.0697936685733837 -0.194561149154595
v -0.489930644676396 0.220849633242808 -0.00745524891112682
v -0.48839872556285 0.241100209639382 0.0040952809678748
v -0.486857464288263 0.17378366451313 0.14821657441607
v -0.488233668253911 0.228290275476991 -0.0108493345707366
v -0.487803136041318 0.0889675726958001 -0.219044738426808
v -0.487368415782356 0.162591846515761 -0.148913530563264
v -0.495977149947043 0.0879059804061356 -0.178589796605604
v -0.493274680890894 0.14020064994481 0.219596748314243
v -0.487690197957397 0.167278684446603 0.202749697920361
v -0.492232850155051 0.110795270558599 0.215023584976706
v -0.489136075439549 0.16757826306209 -0.189589278193592
v -0.498704322674977 0.13096473962358 -0.210238232776038
v -0.488340072669635 0.179791649818303 -0.178481393104094
v -0.485715929068967 0.101553053930031 -0.219643416296025
v -0.480363951597588 0.212978478575484 -0.000776363844783307
v -0.485799714454147 0.240167920859263 -0.00660424362794548
v -0.488534457046457 0.188386494988327 -0.165514854262077
v -0.486875586045687 0.221923407582109 0.0116230230828759
v -0.487969878623551 0.193994144955063 0.154418492277051
v -0.484735349527421 0.242987759340144 -0.000711799197523858
v -0.486443982508073 0.0727673713352631 -0.182140401951444
v -0.48017963849336 0.240019811824251 0.011237055723345
v -0.483244506856642 0.101609278445051 -0.167496806457786
v -0.47832444036881 0.235299555754365 -0.0130997933984991
v -0.482757485390741 0.13026221311024 0.221267328888741
v -0.484084641231463 0.192009096468738 0.177179598551186
v -0.485134718265029 0.194518089143756 -0.154520049091019
v -0.492934512121092 0.153408174113605 0.21227059295598
v -0.484469090187328 0.21747908614303 0.00941102788700104
v -0.47709682846229 0.218455324823345 -0.0114660679466511
v -0.485730883799867 0.196808312415648 0.164889065592234
v -0.477005612957174 0.212606393299804 0.00575502352167317
v -0.481979053679905 0.194590156358235 -0.143111485376648
v -0.483006360780082 0.0724465294632235 -0.198447085139494
v -0.482779610459773 0.107230803631164 0.206957046227964
v -0.48708685040032 0.103656024305804 0.192480272294069
v -0.477672769731499 0.224294927446938 -0.0139905131651589
v -0.484975709191732 0.130350870458173 -0.15871850358388
v -0.480025739623513 0.200365611859835 0.1453519573003
v -0.482003590753307 0.108476322426887 0.170093898494873
v -0.480321184674575 0.119667246369459 0.219006578683424
v -0.47737147769173 0.185756396516483 -0.179076482323638
v -0.479049133049311 0.0798963967999227 -0.172316448364515
v -0.479878454154453 0.187741841167104 -0.136997914124102
v -0.474798831727716 0.151610346798933 0.214965590851923
v -0.479623949504504 0.194720855115447 0.139956194977497
v -0.47782012977317 0.204757567213924 0.154033006352396
v -0.475483357353655 0.148155139594747 -0.205138558822012
v -0.467376329796146 0.0790603800770564 -0.171425278933391
v -0.477155147411867 0.202459239390963 -0.146755646672928
v -0.475998322408925 0.19529237944543 -0.169596949484447
v -0.4758519806815 0.245145619939523 0.00591152299040361
v -0.477702254912902 0.214570842164384 -0.00725076919801584
v -0.477517526075761 0.201138468520786 -0.157947575340908
v -0.469586563565226 0.210583798267214 -0.00344243557705823
v -0.475729921381576 0.227278246870873 0.0167174562672424
v -0.473190919379627 0.074261032193713 -0.184856937486853
v -0.473822523720316 0.0760351003802492 -0.200323288396145
v -0.476487644476372 0.104101226160937 0.175019915979228
v -0.475254179066274 0.198202198997074 -0.135116326553641
v -0.4746762004433 0.272811169836571 -0.0115130485334437
v -0.474661245241184 0.246322127741379 -0.000501852874828454
v -0.474310311816125 0.275255221385556 0.00572199998609976
v -0.474423955552305 0.270241087155944 0.00108283983052918
v -0.472474154625928 0.188416919083267 0.13138783847337
v -0.471096050048613 0.149089188213979 0.145629144416723
v -0.474131463691863 0.270535082440945 0.0143269004441506
v -0.468474828130695 0.214009029806025 0.0122834831939514
v -0.474307413495212 0.203769456306925 0.165349746968885
v -0.473371175573071 0.27359745808688 -0.0241160092341003
v -0.470080701056498 0.207761046953571 -0.147822435305761
v -0.472736094663848 0.276105187730994 -0.0156456059741585
v -0.47259335893002 0.274864291957847 0.0258813651881199
v -0.473280485232328 0.207030147375886 0.145176096034557
v -0.471896735434863 0.203400185638491 0.136057402557295
v -0.470733491064963 0.229925888035903 -0.0164103283229284
v -0.471885184421848 0.268722909792485 -0.0250564564655376
v -0.478526283081464 0.126900642112928 0.160685778832738
v -0.476556005018898 0.183237863081258 0.19105327273791
v -0.467209281051511 0.105317791507686 0.19689494955176
v -0.471524170323318 0.177031374637133 -0.188058718516942
v -0.463830924437412 0.279870136350803 0.0138881114332415
v -0.470685300451037 0.270733442994204 -0.0429595680766806
v -0.469671594186139 0.20707024926572 -0.139398611505839
v -0.468792315976121 0.274859991017528 -0.0434918048627575
v -0.461749024089206 0.237280550432135 -0.0171855195260683
v -0.472405676132449 0.140403072446293 0.21890545309971
v -0.470763194471619 0.196289698790206 0.178808429920787
v -0.47273402539208 0.101651923307307 -0.216776173418726
v -0.468982981723111 0.179641206947702 -0.127279020839983
v -0.469624633642609 0.241690361309215 -0.0121591157738246
v -0.473701374688025 0.173993890986488 0.135903316428796
v -0.46916007571826 0.203303689950049 -0.131844321352592
v -0.47610944349173 0.11729333858712 -0.216241201161054
v -0.46777653376321 0.21067222342555 0.149113412057508
v -0.465865772173307 0.103450916841811 0.185181608936705
v -0.474395576985393 0.167765721214446 0.204872726769662
v -0.467745519970356 0.26734062624736 -0.0506452340660194
v -0.461030063879359 0.0931658198341742 -0.210459218333594
v -0.469945556246533 0.113159375755383 0.212087215195539
v -0.465814319402628 0.265953082336705 0.0536544566853468
v -0.467701324211668 0.271458650999184 -0.0564026960212528
v -0.466488474200724 0.220213542239775 0.0173171735985413
v -0.467020763988559 0.273993583174539 0.0537323156440722
v -0.470644040587807 0.134868620649761 -0.210924284805512
v -0.466232455209551 0.209659932244522 0.158260187060347
v -0.46769421115659 0.193051809476767 -0.125264785193728
v -0.467501803276058 0.204859227079711 -0.161071918175081
v -0.460604160458309 0.130105353252504 -0.143198867036456
v -0.464902749678559 0.247546037363906 -0.00644075876821489
v -0.465064700190739 0.275628787580152 -0.0500289042155923
v -0.463971786080222 0.13097757575709 0.218208297790568
v -0.464839543827725 0.210950986742108 0.139876073625385
v -0.463412582918172 0.265892210839548 -0.0671879921391392
v -0.463386006167061 0.272531174150171 -0.0678537012419659
v -0.464997633776297 0.198086570697465 0.12616777846624
v -0.462037648528527 0.268583932005161 -0.0762484149288442
v -0.461665063622391 0.203537672365335 -0.124558779245028
v -0.463293188442368 0.166804648516485 -0.196070747539467
v -0.458332513969964 0.122173085563201 0.214588298561155
v -0.464339329345479 0.269532188313816 0.0701324884252865
v -0.461950598294801 0.205696884912661 0.168597753483946
v -0.461945684319704 0.265550890519639 0.0741606974674663
v -0.464323066924475 0.206486789355715 0.130933226207237
v -0.461282557899745 0.0782455557924757 -0.175636379149784
v -0.459693646199947 0.210462326498164 -0.131487403181495
v -0.461277527793823 0.261425232642115 -0.0358571887641108
v -0.459963261373851 0.198178942466115 -0.172492503020037
v -0.462084589883779 0.108897896760866 0.203928317663984
v -0.459887385580789 0.272328556971514 0.0768452434690053
v -0.463216556586753 0.188508103166358 0.123988758705299
v -0.464033159648161 0.249044125593198 0.0033828898166916
v -0.457602475391638 0.18954838591035 -0.117701129191081
v -0.45721841139004 0.213566706738744 -0.14090779657443
v -0.45842843290699 0.265206217241085 0.0858923325127606
v -0.457179067431129 0.263834453916051 -0.084602856050749
v -0.460969024873661 0.209097649819711 0.00657113596362068
v -0.455161362408012 0.103454554519927 -0.211323394573321
v -0.454581960841039 0.213053734260419 0.155846867644028
v -0.462880266051743 0.21561999937414 -0.0136784459283152
v -0.464479073086741 0.0772856386368826 -0.192524015845717
v -0.460941619801501 0.172171921156489 0.126958741304047
v -0.455336767569314 0.225632404192833 0.0214617516605038
v -0.443706415428501 0.210327656192082 0.163772789317353
v -0.457406737976762 0.212535901093094 0.133870888225677
v -0.456220022614223 0.270174104723927 0.0894883782071869
v -0.454324297339271 0.245361674081001 -0.0141943456119454
v -0.454587700903653 0.277352535759833 0.0626674499499958
v -0.453006430668965 0.207045034611661 -0.0018052829634669
v -0.45685076974872 0.211742513493589 -0.152268652136369
v -0.450552479893466 0.200768678942005 0.177130389803991
v -0.457710403219272 0.162695626807791 -0.125533278863674
v -0.447662196186876 0.181554817554333 -0.187454997879502
v -0.455331388172073 0.0815064170930131 -0.194578845640583
v -0.45536965245708 0.257669691281257 0.0415768650559011
v -0.456914333608342 0.152370103815398 0.21381092561548
v -0.454892226536963 0.270179374697181 -0.0909451138420378
v -0.45143221219229 0.215978821064997 0.142616773091923
v -0.456544588321739 0.12189450818573 0.150864094334435
v -0.451826212828773 0.199492001077243 0.117947138328239
v -0.452058382197765 0.0802642885006967 -0.18242053986147
v -0.454171150853043 0.151884471140556 -0.203956527000154
v -0.454844245679835 0.284116887133207 0.000462010969219286
v -0.454955429116063 0.208850407367802 0.125828256900946
v -0.459824033053035 0.138939024561493 0.143587134018678
v -0.460359542549178 0.162831034560371 0.20898049776562
v -0.452783084736117 0.188077915719109 0.117438421472508
v -0.456688748702268 0.188751106631939 0.18944446661468
v -0.447530663556002 0.20816578870059 -0.161861495637166
v -0.452078693401513 0.268962769696011 0.0992733770487005
v -0.453962217520813 0.20004269777385 -0.117228950539412
v -0.447714384647684 0.209717922265266 -0.0113165479049209
v -0.447802877862985 0.233295018027362 0.0232805575281514
v -0.451866719151646 0.0847153813169739 -0.163809016773915
v -0.451885938443313 0.258554638958672 -0.0787739213642491
v -0.448107300023996 0.177066233358912 -0.114329693378082
v -0.455576212720726 0.114636874541462 0.208813260802634
v -0.447822339243279 0.120553488451703 -0.21027443074769
v -0.450327524607111 0.139075233667496 0.215371969936077
v -0.446947921258668 0.215382941449448 -0.131138316382912
v -0.448692584585061 0.211115294043025 0.0147023063491172
v -0.450446340600713 0.209723992672931 -0.122207423385292
v -0.449003381293225 0.254700962553385 -0.043827902620767
v -0.443804727576958 0.089455681354524 -0.197126038361616
v -0.446862201850701 0.0968978196686983 -0.205190386312751
v -0.450804703644059 0.152834363498241 0.130406189247384
v -0.456839291821969 0.229213517836228 -0.0198140742268977
v -0.439519424539189 0.217373547958063 0.145404340031263
v -0.448258527834892 0.262435238655381 -0.107896164088076
v -0.453357853672131 0.250922875709173 -0.0058782662397606
v -0.446709186715589 0.106888223767725 0.19249331332002
v -0.448289564567027 0.112611814709951 0.153648810499505
v -0.444812237894904 0.210551612261561 0.121612527533519
v -0.450476157101286 0.265290243820317 0.105687051957836
v -0.44762763921052 0.177595331774023 0.19902394890408
v -0.444510798215245 0.112548647487088 0.201972999121735
v -0.441461316489535 0.267707756825186 -0.115563205148814
v -0.449100487433537 0.238573979571908 -0.0201499380532993
v -0.447067002688306 0.241808048972193 0.0207864119370504
v -0.44753442754834 0.260193483461805 0.106102388540769
v -0.438091735809356 0.217364656899685 -0.139897269668651
v -0.446311349892455 0.104300173570975 0.178834295042702
v -0.446544696677103 0.248299722490593 0.015451304785695
v -0.446274010882998 0.223092140372604 -0.0213737984516287
v -0.44531579564875 0.173610878259024 0.11706598782711
v -0.442520837495626 0.263725481193388 -0.119817377562804
v -0.442507 0.25508 -0.006505
v -0.442381411380654 0.254757259748238 0.00745185122371645
v -0.446818387239684 0.136298541327077 -0.208013329718505
v -0.440400478008299 0.186966145462323 0.111441050589751
v -0.444663452333679 0.190994757299805 -0.110653427481939
v -0.439842302580381 0.291604640996303 -0.012331024067972
v -0.439816552480238 0.218121410333456 0.0224796144460201
v -0.439968515215399 0.29167585673149 0.0109459901235409
v -0.442834405737779 0.202213793458642 -0.169877859492208
v -0.43436732681385 0.192927468214231 -0.178617933080498
v -0.444844035379277 0.215669938959471 0.130548414972266
v -0.439228620433459 0.28983432051501 0.0280798960064109
v -0.438266333776576 0.259066173326292 0.127111393393937
v -0.436184150223537 0.109480135775259 0.155462475407383
v -0.437676555560366 0.264319735759192 0.127567110543858
v -0.437495055006419 0.290217321007859 -0.0332051279488981
v -0.446676995152558 0.253763373592736 0.0724064304380823
v -0.443607867294772 0.245072311385786 -0.0184539549379967
v -0.435133777448308 0.207139623377105 0.114371815834979
v -0.439713914780975 0.0978762834084638 -0.150865515809741
v -0.437637786700495 0.202727102208952 -0.110419389903102
v -0.430457127687812 0.215132559232198 -0.150079929839491
v -0.436431236842024 0.0871139669152712 -0.184155928153918
v -0.435858619091313 0.263938216416478 -0.129226173442986
v -0.435159432924371 0.153819755523859 -0.201060198912159
v -0.429637369582917 0.107890225796447 0.183902092516591
v -0.433067476535815 0.251592525858657 0.0199400582659676
v -0.44433345571666 0.143866050363845 -0.127246630888097
v -0.428644577384932 0.198737237908174 0.178986819249705
v -0.43086779697413 0.103272144719998 -0.199233695989228
v -0.438943755734906 0.112156822091726 -0.206514051478386
v -0.435241888985622 0.0882048961211875 -0.163434956170488
v -0.42697771151176 0.273693573851634 0.113654850781732
v -0.440855086523953 0.164863634156594 0.2064545356314
v -0.435848643107865 0.197455490197003 0.110249283167759
v -0.429495891977624 0.259745387821964 0.141313934203698
v -0.432086711818525 0.106487095851698 0.164575639531196
v -0.430425504058138 0.133703985376206 0.208609229272528
v -0.432739505597378 0.211514400644071 -0.115432920498693
v -0.437803835734066 0.138874714683869 0.132059747054665
v -0.432735350938739 0.119692402951245 0.143568062317097
v -0.43010234341261 0.261884714295465 -0.138197270370523
v -0.433205630655372 0.216981780049676 -0.125846632313225
v -0.431386887418885 0.218605233133273 0.133565293416954
v -0.435159607643209 0.149797294121125 0.210394623267091
v -0.432205386272081 0.287223667003965 0.0605870015336346
v -0.43308 0.251875 -0.019156
v -0.430058082933256 0.245971512825679 -0.0939918115166016
v -0.430585090160395 0.158743382308416 0.117122060116571
v -0.428073963515435 0.245986081122105 0.10982113134342
v -0.428369180328833 0.178671434978982 -0.105387748767146
v -0.428703240752468 0.179188085378473 0.108272326088468
v -0.430196433986062 0.287687820112564 -0.062539088293976
v -0.430260900043001 0.207649787852647 0.167934453494066
v -0.434901019273414 0.239894213954343 0.0257519533888327
v -0.425484476641884 0.188541353126691 0.188448027824728
v -0.434404161816873 0.228095957486782 0.0268736823123407
v -0.429741009432932 0.114797582524003 0.197236375036588
v -0.425249598281847 0.215779490492272 0.121118309601382
v -0.428492013365766 0.25622731482049 -0.140284254831204
v -0.420724074388214 0.147383855805862 0.20609692653184
v -0.431598517274401 0.216141140705731 -0.0216955567780576
v -0.432418567001574 0.24352778609608 -0.024224345485996
v -0.433117252442901 0.162161483058518 -0.112861738646137
v -0.426441756317289 0.246313584951538 0.0670896765969057
v -0.432371846041954 0.236098369920611 -0.0261667656749634
v -0.428832427385119 0.191978050389959 -0.104578811673469
v -0.431109778769626 0.274688287760349 -0.105712359786117
v -0.42632534478764 0.263327812224436 0.141139226916849
v -0.419935081923655 0.207423354566536 -0.162875054006182
v -0.419035197193806 0.215955856968687 0.152247345271144
v -0.421994360702129 0.132088869833333 -0.201272484910617
v -0.425924445118857 0.248791919753455 0.0303174626176234
v -0.423515472655019 0.0987156465715134 -0.149645001795475
v -0.425168745977371 0.254786230025293 0.145436059015287
v -0.423546734651731 0.259398376382779 -0.147626599748785
v -0.421958682205745 0.308382309662488 0.0454862511652966
v -0.424527371846056 0.145528953163433 -0.200847452362184
v -0.425468088735279 0.244359567742124 0.0293962704410848
v -0.417137714786519 0.175937402128747 0.196035368674473
v -0.416648699720578 0.185161410789555 -0.182537633232437
v -0.417189953804507 0.126678710857328 0.199977942847063
v -0.430660107014856 0.226521371572721 -0.0262783210178469
v -0.422838636777934 0.192330649526237 0.105349032410142
v -0.417183502970327 0.265438583823136 -0.141824113337968
v -0.417918675338789 0.17149613022745 0.107120346714342
v -0.418103218591612 0.202810856869052 -0.00318645083328565
v -0.42200230961569 0.107518061690306 0.169875948434251
v -0.405833591627879 0.237507357726867 -0.108599211769784
v -0.420229782446507 0.320478443574515 0.00496625877259069
v -0.418929867659168 0.233908086036131 0.0342607800537757
v -0.421425697734284 0.240246859741048 -0.0319220962511049
v -0.41809280310853 0.113953614654223 0.188608274969247
v -0.420470965791541 0.246008146567679 0.0472936244646972
v -0.419027904269636 0.242441961997763 -0.121486573225091
v -0.418567993023945 0.210515053138831 -0.109967833481709
v -0.418589142915833 0.0939799785148148 -0.173108554775918
v -0.419217254669118 0.259219769373198 0.153629654659697
v -0.418029661415055 0.285405120024881 0.0903583831719579
v -0.411957187347478 0.186683227957467 0.102380850338345
v -0.417303685938043 0.201177302770011 -0.103552684115421
v -0.423504816951304 0.221816960180572 0.0286767496724525
v -0.419150175335371 0.218359746230984 -0.0269899645699069
v -0.416131576240941 0.210301467631917 -0.0210733987549693
v -0.416764009537142 0.286636373581021 -0.0898161747237263
v -0.417494299188103 0.145010202406931 0.120632226454058
v -0.414272183740228 0.120483275591122 -0.196112269137101
v -0.408181798061315 0.238257366916036 0.107860084520816
v -0.413690363463427 0.235293686036717 0.0390571374297063
v -0.416120942777712 0.253454450387604 0.158252609923039
v -0.418759413253126 0.112922144780958 0.150088125347501
v -0.418425077653227 0.321176025700494 -0.0192239496231859
v -0.419490882183699 0.22848814698163 -0.031461333756508
v -0.414976740794671 0.111035836021228 0.179671206331129
v -0.420147562654081 0.142721725445527 -0.118112810896272
v -0.413505212085787 0.25507229400404 -0.16054509770587
v -0.416932891418774 0.170343389241882 -0.104092999671791
v -0.414864885740792 0.251761483559218 -0.156545164985931
v -0.409022063647254 0.21409252645519 0.029854774884405
v -0.413978728938507 0.205071432701864 0.106931764820267
v -0.417781117650615 0.162576924646501 0.202276336686406
v -0.414429269345931 0.110044271240119 0.159533098479268
v -0.414050547084291 0.190500590126689 -0.100375183864323
v -0.412040959843207 0.259139848677845 -0.158237114211885
v -0.411067288669819 0.140703214498362 0.201646947068788
v -0.411572356267378 0.212969838571369 0.112954106018895
v -0.410159151079813 0.129075170232075 -0.124280149938289
v -0.413906450470943 0.240994167976963 0.131565121912213
v -0.416705021984821 0.217148514706561 -0.11908948902299
v -0.403219280699183 0.200365973940529 -0.168587068507906
v -0.4106043393301 0.326289215928216 -0.0386499422003708
v -0.416298302665426 0.322099750498143 0.0285489767966967
v -0.414431296621982 0.241217157232835 -0.0416251313951688
v -0.413528665431618 0.16923704262873 -0.190536599941112
v -0.405823175708898 0.123621079513813 0.191084572677639
v -0.408307677027718 0.113533891534058 -0.136036799573718
v -0.407753064411794 0.111925471676422 -0.187960331013009
v -0.406723373155103 0.12265151000244 0.137164230837694
v -0.411996898268787 0.307815813522565 0.071951085943752
v -0.405578511589579 0.116753860693881 0.182951315262442
v -0.408441605172886 0.157492949299948 -0.107197957643868
v -0.406670442130282 0.218802608640891 -0.0344490034533335
v -0.403905298938749 0.236113153908391 -0.0595317111464855
v -0.410879149706731 0.134803987128646 0.126305600491757
v -0.403651848912258 0.182984865674918 -0.0982198235965233
v -0.412772909811828 0.219718416293145 -0.12733040992787
v -0.406494848713263 0.227554815048545 -0.0414262705211301
v -0.408479606509861 0.158230540188302 0.110513442704479
v -0.403522526349181 0.112598563977618 0.167019193493657
v -0.405133555441605 0.22036794117908 0.137848122699162
v -0.403937035841984 0.19894140380928 0.175110388951161
v -0.404626342085848 0.239070895332835 -0.147186337763287
v -0.408662807223163 0.219976076794392 0.127151129273541
v -0.402628316799142 0.106196381059838 -0.146079810550732
v -0.401986412148495 0.155541506353763 0.197794808482706
v -0.403055722666517 0.254173022681603 -0.171151437337831
v -0.403588415457483 0.340813545074116 0.0158881997590815
v -0.400384604934075 0.186635403011589 0.18466253586678
v -0.400476091115738 0.281031806130941 0.120229483144912
v -0.4094866021578 0.318445401615773 -0.0592806937533376
v -0.39506533764491 0.199343180728953 -0.0980788535077375
v -0.40262435987077 0.248636929117697 -0.171076717992339
v -0.398876691110056 0.10416871838525 -0.164982979466063
v -0.400808166611245 0.215502397500833 -0.111002275517218
v -0.40074123605986 0.315136750325861 -0.0815589969938715
v -0.401977761433175 0.242470789963227 -0.160246496134294
v -0.401847574897191 0.23681894532421 -0.0852221065581849
v -0.400555590496366 0.203581364749614 -0.0170971970884397
v -0.405572099735846 0.208300807087013 -0.104890362005157
v -0.398432568472772 0.220546436462395 -0.121040248614456
v -0.40182042015332 0.176252458402232 0.10200182308534
v -0.399072575964398 0.235160551845671 -0.132976811441325
v -0.399546779116987 0.208508032395754 -0.0277769924660685
v -0.402572481187861 0.281934637693079 -0.115791455703209
v -0.404008176222086 0.341242861953236 -0.00522811183246192
v -0.403444940105168 0.327763138237078 0.0572523952812976
v -0.398595188326189 0.213847464202438 0.0376863110732553
v -0.394350395571248 0.138889792766916 0.192084285671821
v -0.398676813908729 0.252895090523696 0.177014583972206
v -0.398505688856376 0.235591121582363 0.145845134880992
v -0.39763811519804 0.205092542012119 0.0241357135242621
v -0.394916556455529 0.217967586176962 -0.144349144812838
v -0.399251375801741 0.108379150654011 -0.176375732620916
v -0.398884595780406 0.145459134837603 -0.112068456109838
v -0.398483259919929 0.116476515521487 0.174636664544149
v -0.392171781189625 0.344379542512144 -0.0495823987967389
v -0.399204348103489 0.114858829429424 0.154636693856484
v -0.399772286080867 0.171888485144486 -0.0998339453945179
v -0.394462013541707 0.152893228041767 0.111382994078669
v -0.395345464873754 0.272624999277399 -0.142226573403145
v -0.389989629959734 0.226001372427096 0.0733359077348802
v -0.396502092945425 0.105758255308809 -0.154603309929962
v -0.396489885202679 0.140724629788862 -0.189680467020228
v -0.393311332330658 0.22227268036184 -0.0563187820853282
v -0.388950670368161 0.198389596872926 -0.00748799753930287
v -0.394533829466998 0.233551155670349 0.0922539978729746
v -0.387465504388507 0.11955169886408 0.165207608260562
v -0.398301316535293 0.200445071508863 0.00828195393711781
v -0.394666392279025 0.304431482678363 -0.102849884245835
v -0.389774426697366 0.121349574891881 0.143223573610859
v -0.395155085406256 0.233918058935181 0.12738084769917
v -0.395351517364131 0.17352610965704 0.190286635217321
v -0.393134094642722 0.300488641140774 0.109909479173933
v -0.388188356543839 0.228933257207537 -0.0888277582175775
v -0.393716835240056 0.219198254938482 0.0514633504156201
v -0.39043864503138 0.132673241166466 0.186575891977083
v -0.39064634579416 0.212889606148192 -0.0456312430000834
v -0.397504937067841 0.218641661272186 0.117093712262262
v -0.386992658270435 0.35798557499837 -0.0239144340932238
v -0.387226919574924 0.182015962146476 -0.096085529082514
v -0.383764115497437 0.174348903305944 0.100559341439724
v -0.393933632464672 0.222188961147641 0.127882877287586
v -0.392841404900951 0.124487327515992 0.181877759454579
v -0.389577621531607 0.131912634906972 0.128023284559577
v -0.394143924866009 0.346903921575631 0.037723715934821
v -0.390050899772661 0.245454562236683 0.184586565193879
v -0.396863640543009 0.212703334033125 0.108429389272278
v -0.385507506512969 0.361549731711249 0.0102193536465907
v -0.38455802864831 0.114640406037998 -0.145362233851085
v -0.384959944584094 0.123265278758648 -0.175595394321142
v -0.393785569264133 0.210909089368244 -0.103721552663162
v -0.386947005060834 0.280590078052561 -0.132838556250629
v -0.385096791922904 0.206619296835131 0.0436826561910981
v -0.385847985968255 0.191865197902224 -0.171597267993292
v -0.388747158866578 0.245363771379024 -0.184588806013939
v -0.388578041266681 0.223198586641522 -0.119704966539456
v -0.391329498538571 0.317946114689484 0.0936767755943615
v -0.388023974221605 0.119616574674221 -0.133805836323202
v -0.383523937871474 0.167160436309725 -0.100126517488055
v -0.386939987625779 0.219266224677668 -0.109069490199729
v -0.382233427515228 0.27867181175776 0.140570443040993
v -0.392179356559895 0.233189964647611 0.11564785578306
v -0.389245515563835 0.232091338172366 -0.112714482926558
v -0.386980635065735 0.223580703031251 -0.13154521768979
v -0.389470734977049 0.133352322647826 -0.120232876909841
v -0.384885468504572 0.338288595691992 0.0767589110222311
v -0.382632425495032 0.218336161716789 -0.0747522469332687
v -0.388898776288982 0.208663652683388 0.16176990436614
v -0.393480149312569 0.221361268877891 0.137868599152993
v -0.386091563084055 0.224701859912434 0.124397983889527
v -0.383623225437965 0.202452846431674 -0.033965623612178
v -0.3836018821537 0.249773986784999 -0.188430760542672
v -0.387003307678411 0.221428552080005 0.114499293196399
v -0.383177357121666 0.12091493303217 0.154976279123383
v -0.382552430835813 0.126191036096071 0.173392318620249
v -0.382808598066044 0.227610225045897 -0.114913225045897
v -0.394311886849994 0.217315718374598 0.148678110684819
v -0.382753780891242 0.228574014606982 0.119777790219907
v -0.380249060781478 0.15421429276728 0.186153243714566
v -0.380814272366953 0.137383753178668 -0.179043074299921
v -0.385051922251703 0.228172024726644 0.0999486423887037
v -0.381093 0.228474 -0.127398
v -0.38737465972577 0.143513600585076 0.117728525790472
v -0.381318753087337 0.224482819009636 -0.0986347391165813
v -0.381397586628272 0.224522138449199 0.107271892873161
v -0.385869602589862 0.176968517139476 -0.17902488510719
v -0.381512406957579 0.229039211550474 0.128159195236512
v -0.366013255941991 0.191499484017182 0.00697738110057989
v -0.384555884263555 0.210171695166983 -0.0999406636274631
v -0.384441010390028 0.225393022773836 0.128804590916602
v -0.381417067808617 0.223429579806313 -0.10546646143395
v -0.379173182082976 0.218334653172163 -0.0996858547811461
v -0.377318604081869 0.357488424921745 0.0568071792411624
v -0.372692009986536 0.366256704913306 -0.0456978886451498
v -0.372402901622751 0.121979063346178 -0.150300961808559
v -0.377557692548259 0.197433682022406 0.0273396823502081
v -0.381253212964628 0.222265706939158 -0.139917958599731
v -0.379989450719989 0.155426268730947 0.109717646448886
v -0.387693001576751 0.190248269175897 0.0979907225514409
v -0.376057637953124 0.205680320282522 -0.159465673231272
v -0.376104207401391 0.22669175502578 -0.137945530271885
v -0.381481469123913 0.187486325192957 0.177984721707638
v -0.379324834617075 0.119791233964629 -0.164403952870268
v -0.376955345310571 0.234178718065659 -0.180972673743609
v -0.375531681055428 0.228064883452662 -0.143516296846913
v -0.373460580057382 0.127783735678593 0.142579567393174
v -0.379681907075936 0.223176675605182 0.141327698883034
v -0.37497136031054 0.214448383404983 0.0952833863838243
v -0.3754446836745 0.219542566102585 -0.14628083800951
v -0.376864295618657 0.23387895248622 0.182277537585986
v -0.375692726282933 0.227597211371914 0.139672418344347
v -0.377891395070748 0.215042705070084 0.0809859997968052
v -0.373386824543067 0.145438946476872 -0.113134624831245
v -0.36899223633719 0.34127931817503 0.0963386613991887
v -0.375679648931457 0.206344290007315 0.097090857718438
v -0.377691542129465 0.261733923320811 -0.172867321376919
v -0.365854926238306 0.131199114282675 0.146651628771602
v -0.381372628789189 0.196751034534161 -0.0951168624655494
v -0.376060186472164 0.153212140550985 -0.178623809514874
v -0.373401441799311 0.208615790940245 -0.093735555760648
v -0.371864155591338 0.133424594176718 -0.124570200359753
v -0.37344257900176 0.12702326126662 0.160311630749389
v -0.371990082593837 0.202541111953263 0.0625898169027435
v -0.379956860210292 0.199827874488201 0.168842203148303
v -0.371224433204405 0.21027994900485 -0.0886985727272598
v -0.371354052607757 0.215650558899996 0.153751806999522
v -0.374579869841502 0.131964801079014 0.132826084299085
v -0.367662528322281 0.224013746358995 -0.146491356683606
v -0.368631348734465 0.166574197186678 0.104403144286061
v -0.361016307488772 0.190989494586065 -0.0274982063763967
v -0.366836507172411 0.379896028822554 -0.00925107368784518
v -0.374345028831794 0.331725444108515 -0.0996865777062801
v -0.379383026324774 0.15481589476973 -0.106183847447754
v -0.369098294705672 0.276601091786702 -0.152296701347291
v -0.366737741020184 0.202647060781275 -0.0756778064670603
v -0.37185550952764 0.184710466868595 -0.0948627747653648
v -0.374827504988804 0.139494368401678 0.123224236486325
v -0.367769583708488 0.24536685125658 -0.201109002227261
v -0.369152558849294 0.126582813697395 -0.137542896191216
v -0.361871457345324 0.384511820241365 0.00970966953640045
v -0.367028223210441 0.22542331943616 0.14903377973409
v -0.371162185065293 0.131035629941433 -0.166564868303797
v -0.365124261970778 0.203023209958703 0.0913136449378162
v -0.371061615021916 0.322004569891721 0.114760892267708
v -0.364725006937688 0.226283504393413 -0.176153635283024
v -0.36658575447911 0.203936784337132 0.0815213227759536
v -0.36151984774643 0.144809936466092 -0.117868559107862
v -0.366708909579916 0.192671254786587 0.0954581012496252
v -0.362953964206774 0.201984196287257 -0.0872224443820573
v -0.359435703003025 0.274717406837112 0.16265217766033
v -0.366037137917364 0.136886611310648 0.166531166192889
v -0.367303415726848 0.244898301686597 0.203195264395193
v -0.365788057051181 0.216346736007312 -0.15178523875038
v -0.361907336205995 0.197895186810244 0.165401629233434
v -0.365425743731491 0.151443659035767 0.114944024283502
v -0.364287052117077 0.184818183066424 0.172273560402824
v -0.362015354598329 0.171446044984871 0.174171298497542
v -0.359142847619481 0.139285302997542 0.13357641809703
v -0.365005281730432 0.172076837892445 -0.0992715927267203
v -0.361086844744599 0.363807665126384 0.075310429107741
v -0.362430015592054 0.222531996927552 0.15176737990429
v -0.37476780705686 0.30791214056372 -0.122748373807126
v -0.366839095148563 0.305770996252756 0.133788765712472
v -0.363619224268358 0.19729231891208 -0.0917058357932548
v -0.361211929039353 0.192832816079651 0.0477003550063255
v -0.370959801221144 0.37282236388954 0.0305964034011078
v -0.357930724251859 0.371822748635759 -0.0649257152471074
v -0.363430591793711 0.179489514504095 0.0991271364362949
v -0.368416044238074 0.260929179802657 0.180704387177414
v -0.362756492110437 0.131478394738548 -0.153465254849961
v -0.36040405017087 0.227811118584162 -0.189395961885175
v -0.362144723935012 0.157453824859642 -0.107530608369929
v -0.357020608245413 0.134938051594391 -0.141780402656669
v -0.356649125914994 0.138443485362973 0.150543279435382
v -0.361840672155716 0.183221347797691 -0.16754201951992
v -0.348666974807629 0.145581884134684 0.138922885783654
v -0.366759062085839 0.208241329375642 0.159876911243252
v -0.363782807388298 0.155334679466534 0.174652036248679
v -0.358359908017559 0.146072795129207 0.123568638065416
v -0.35720120754924 0.253144559366873 0.197428905206264
v -0.355349260252241 0.381662455042311 0.0490374798906003
v -0.360738937844993 0.194156850125088 -0.0570958748406451
v -0.358895041147603 0.136035556599109 -0.13167890392314
v -0.339504525684642 0.184941921029466 -0.0102444204685652
v -0.353167095148566 0.187537076044302 0.0965838525922995
v -0.350608042550131 0.297143609201013 0.154147887166015
v -0.357679412332602 0.195576616666281 0.0925397927170253
v -0.355149136892851 0.196560838848973 0.0881178933215691
v -0.35756229449793 0.196752737629202 -0.16144623111567
v -0.3602310031099 0.186747047756849 -0.0945238731442121
v -0.350743334514857 0.221471909144569 -0.168143131035039
v -0.354647960976859 0.220869022895086 -0.153856067803236
v -0.354376272263017 0.196021432610542 -0.0874231644730924
v -0.353805694168496 0.389298755018316 -0.0258048217665029
v -0.350017073973391 0.344038890470112 0.114635843532583
v -0.353573436486875 0.236893834476138 -0.211315345900436
v -0.349462650128884 0.361756383762121 0.0943632155084669
v -0.351752362859182 0.36381843405447 -0.0875583607829421
v -0.354753968826377 0.221674348429128 0.156171600772424
v -0.360183272889311 0.141003245165787 -0.161566926617924
v -0.356839352715289 0.170893305666575 -0.166851484824316
v -0.344639091917361 0.399603493252977 0.00161393750447455
v -0.351276845441083 0.385778283674813 -0.0462659313230093
v -0.337557187909764 0.185350796401014 0.037181887657052
v -0.356900908722286 0.209841689047826 -0.156027703999969
v -0.351799955001989 0.211009663177068 0.1580373490016
v -0.35491636370847 0.163812312443428 0.109185956226342
v -0.349983177511795 0.240871155712101 0.215090570736444
v -0.349817521120207 0.158299638646501 -0.112191389678251
v -0.350246396884215 0.148990866061134 -0.121439146659443
v -0.354640847058712 0.156591443348244 -0.163673782975572
v -0.349731563452776 0.192252353774468 0.0782939008292274
v -0.351437628764613 0.223053242195115 0.188563206627122
v -0.345718395919683 0.354728521939359 -0.106118452434548
v -0.344688209463647 0.147767398918937 -0.140561119511445
v -0.346601986298933 0.227237270061418 0.20652686350047
v -0.346335625726727 0.152395049974327 -0.152466344663267
v -0.350316978261842 0.147205569587383 0.155265159281559
v -0.348842757498831 0.182332655772675 -0.0976442391310562
v -0.348485128119231 0.192370126898593 0.091967395806544
v -0.346099190025588 0.190324221629075 -0.0925924265656971
v -0.34661798375064 0.166427988867863 0.162693916082651
v -0.34676336617192 0.31659157029448 -0.141053235698386
v -0.346876269302776 0.17675672685579 0.103747491193981
v -0.343504376416792 0.162733475399008 0.116152472575315
v -0.346061781123792 0.14758643491605 -0.130169146387447
v -0.342561547596617 0.152721779494797 0.146348500363444
v -0.34877682228279 0.171065590872271 -0.103696067168948
v -0.345966665699765 0.180573335753255 0.163271488286682
v -0.340289819116094 0.187611123656051 0.0974164368875964
v -0.338973324604267 0.187447851106124 -0.0658522177136302
v -0.338635576655873 0.202777011547001 -0.156178758410615
v -0.344420550898784 0.397618642370912 0.0242996963387595
v -0.340531670338213 0.383599245931008 0.0723246560776341
v -0.340923449264689 0.225936635097939 -0.20779958635315
v -0.342775996735593 0.171838708352121 -0.157259288939046
v -0.346229220143108 0.336806495007729 -0.124095620381655
v -0.341023783653164 0.21738720105124 0.160743800825477
v -0.34039436224162 0.21307175187361 -0.156879167292755
v -0.344005472570991 0.199077179007843 0.159905367396409
v -0.339184455778011 0.239214340506599 -0.219683301581628
v -0.341096796996776 0.156568497078185 0.126943623019154
v -0.339336020547687 0.16054239195008 -0.118820890623595
v -0.340184346307466 0.211614371015881 0.158401738259645
v -0.325113946918716 0.308888503870853 0.164504701773238
v -0.337883568480467 0.163851063766468 0.151714748938257
v -0.337573804048955 0.189239634983865 0.09093299805047
v -0.335770011308336 0.273130381880708 -0.178525914828276
v -0.336932324734432 0.188779069606541 -0.0853818844832927
v -0.335753855514237 0.215256842577921 -0.160129602600918
v -0.336161795177135 0.166945071965436 -0.14887587391028
v -0.33674779063398 0.181632728714927 -0.101635102503476
v -0.337706093868929 0.189600816110673 -0.155619443491879
v -0.338181684213911 0.331336732665168 0.137448700794285
v -0.33370375641947 0.218500282045458 -0.19760841686055
v -0.323309288639363 0.360273020069559 -0.120938837337056
v -0.336533084192417 0.158657057720858 0.135865173589568
v -0.333158144134935 0.176327353815041 0.152641084147223
v -0.328404606848295 0.381071255871985 0.0921660599569428
v -0.332193596732719 0.163749502767186 -0.127858490082677
v -0.332301244546106 0.188559345870693 0.155017372538074
v -0.333684309256869 0.186857214049517 -0.0969589637182794
v -0.33198413263199 0.384333786671002 -0.0816221546026774
v -0.326798362142365 0.402488604317498 0.0552848859347473
v -0.3317901632158 0.231850025660022 -0.224448668495565
v -0.333451405856982 0.270407518306973 0.18355231258795
v -0.33150006553792 0.1651866823252 -0.137672182883088
v -0.329781561246486 0.171005929368985 0.121471229004587
v -0.331543076411496 0.181912229775429 -0.150492780243583
v -0.333137835418111 0.404403045296086 -0.0336380157943962
v -0.32958908767145 0.168715291958076 0.140187102897196
v -0.321812941645814 0.412959642591199 0.0346800157625467
v -0.329051124263724 0.25010662379274 0.2127791294
v -0.325337898987973 0.375164610833796 -0.102205775313895
v -0.330478173742371 0.200196985461159 0.156014242279774
v -0.304348403145821 0.176829297559376 0.0018868713103777
v -0.327491744862979 0.184149029672622 0.106040897784828
v -0.326940427733783 0.206940146904195 0.15726824693052
v -0.326774589148819 0.23515675895713 0.229288566403555
v -0.320978187794973 0.406128520628308 -0.0556645019098397
v -0.324269693988881 0.17454505132665 0.133114639513075
v -0.325010724936272 0.364527355477042 0.116065139060715
v -0.32774271678205 0.248642883488231 -0.213152898990269
v -0.322116615170162 0.192307186492326 -0.14720482095967
v -0.327047455620106 0.177410804098132 -0.143327016072045
v -0.324324657923944 0.206049280891078 -0.155126279957879
v -0.325087261910638 0.181895198778912 -0.108651506996596
v -0.332004580806272 0.303084694368268 -0.162156259674934
v -0.32126922424172 0.220081731157833 0.219392469019302
v -0.31549891757174 0.182447270394788 0.0625232609488734
v -0.32614848101476 0.21438419897656 -0.17368079444911
v -0.329669229037881 0.411011849060949 -0.0117686983688835
v -0.324168320441949 0.186654955481108 0.147968780453678
v -0.325359140156672 0.199408596631798 -0.152255925936096
v -0.321342947348475 0.186322050246401 -0.100902829700857
v -0.320644492551595 0.18565151413342 -0.0865129439677462
v -0.323123240350842 0.195432092742924 0.151361858125083
v -0.309617964542954 0.425406958227112 0.0135490288090753
v -0.322025293097557 0.177286254365124 -0.123028947852391
v -0.321241747124142 0.210056674180992 -0.16107313753883
v -0.320013821630488 0.182090004374348 0.117549509678827
v -0.315739705747861 0.217184565285866 -0.216728400722719
v -0.321513996457073 0.181175935232198 0.139809014963736
v -0.319019718922602 0.215050035130153 0.208198757072544
v -0.317691762296157 0.183597595188004 -0.114641996777937
v -0.317868324278662 0.183550553093075 -0.133424907332874
v -0.318339655575819 0.228356428182067 0.233216524524606
v -0.315755143400505 0.201962413728509 0.152984900120047
v -0.308411186865173 0.354406416399152 0.139680838111179
v -0.316210296972138 0.233067094279562 -0.233060408589339
v -0.31816761369321 0.343048309367295 -0.141148523735907
v -0.317306163399399 0.188992272086285 -0.140392291560457
v -0.3169924071237 0.19366801207741 0.14638992561323
v -0.31284913777139 0.198111287686839 -0.14715968390318
v -0.317584230402021 0.186277506260454 0.107088383932319
v -0.312524285696896 0.403789810219497 0.0744573866137789
v -0.314739437825899 0.189343485799028 0.139464726651462
v -0.291914500519027 0.432386162789362 0.0384082540950066
v -0.311532696748231 0.186491267544559 -0.109364006084447
v -0.313225815905419 0.186079162783911 0.127529885019181
v -0.309043710603273 0.188630545048269 -0.127026703413792
v -0.311358314480785 0.212127202203805 -0.201110278411039
v -0.309858370211801 0.185013720519562 0.0962028878386709
v -0.308427 0.195356583494429 -0.142093672275411
v -0.304075327092085 0.40711504962093 -0.0777359166502207
v -0.308701833524465 0.195499883827676 0.14394740851395
v -0.306321306746597 0.202839236646165 0.158481942352123
v -0.307804095825955 0.187636261294387 0.118932969488012
v -0.303115237359059 0.333413524764248 -0.159408325779709
v -0.30317200250664 0.395755230203392 0.097602136230587
v -0.305343501008535 0.201832889707143 -0.155703568374024
v -0.306629118378983 0.22591360396294 -0.237249949522829
v -0.303534175708802 0.191221228102508 0.132863511043435
v -0.298769655556678 0.191765023179429 -0.134691906516807
v -0.29673010550921 0.430877677462092 -0.0311783202238578
v -0.298561435293029 0.186177000282371 -0.112983177638631
v -0.302620635002745 0.267303070264402 0.202566525959649
v -0.30035459204766 0.196674648945631 0.148407851269061
v -0.294142567804417 0.33225498143924 0.16750271569745
v -0.30048239400119 0.230232813199492 -0.240701746049454
v -0.295877405492338 0.424451883445107 0.0545022569687002
v -0.292373986528866 0.187705580939799 0.126548281105034
v -0.301102310686596 0.267405630650174 -0.201692207058511
v -0.291723015743572 0.376013591111616 -0.129059558767232
v -0.299113419321381 0.217050572940511 0.232993724763817
v -0.294135045654121 0.436071907986387 -0.00645613841427208
v -0.291347304504781 0.296053548800488 0.192785673490468
v -0.29183679205121 0.175932860773235 -0.0541235955319286
v -0.30184526637013 0.303901463867043 -0.180583294727291
v -0.27826553169317 0.176713582501212 -0.0924256120526797
v -0.29283755384748 0.209599904409331 0.221133351749824
v -0.289951074171424 0.223122312318455 -0.245343915841221
v -0.290778291567608 0.210044716052931 -0.223396343843037
v -0.292326335473182 0.216979030301992 -0.235606578592484
v -0.29147339596191 0.397177087297035 -0.10530648956439
v -0.287956036673248 0.202171111837231 0.178896691271448
v -0.289061728266231 0.205525133437622 -0.194796050593165
v -0.270112652056258 0.287210317775699 -0.206460735342607
v -0.284323437644145 0.431402389858857 -0.0546446637617787
v -0.275716786056112 0.370688003781798 0.146809840801434
v -0.283793207294711 0.179625388104515 0.100397872900446
v -0.270604114731767 0.450053068481598 0.00808854291451861
v -0.286986815251483 0.420856876743751 0.0747402370937622
v -0.276203795106337 0.187519782430148 0.146440589547889
v -0.271622979499404 0.447224918532159 0.0268212484927222
v -0.270437499699617 0.425837973636501 -0.0826280005138894
v -0.288582580196217 0.385912500163457 0.122486465700972
v -0.276278590233335 0.225116503629012 -0.251635756176841
v -0.279137718729031 0.19631084990986 -0.170027481048994
v -0.277398013401205 0.26214183725352 0.217158609064983
v -0.27263963424123 0.411349302598121 0.103552136268083
v -0.272643513579189 0.44804516978754 -0.0172248231938571
v -0.277624759781899 0.225708864139529 0.252829425138177
v -0.280577294314528 0.173438387276047 0.061302067440277
v -0.276461931550647 0.240537276678528 -0.238583510781389
v -0.269375132346234 0.320891667447091 0.189106154680131
v -0.269546585846755 0.230386779851433 -0.249866152084255
v -0.271276110895391 0.218778440041412 -0.251847369645662
v -0.269673635155529 0.21026707161849 -0.241046389852002
v -0.274816107374531 0.210286292006699 0.239815135059784
v -0.268586124096168 0.261302522891606 -0.219715151047308
v -0.275230970653466 0.333570295610021 -0.17554846976119
v -0.268464453421731 0.364201273781853 -0.155138342188237
v -0.264956792125124 0.401363292699388 -0.120547604515779
v -0.267453475803096 0.219017762098452 0.256120970744154
v -0.273824457904781 0.244776820455804 0.236896947155642
v -0.256387291041154 0.445297361632551 -0.0598111298176542
v -0.266908552357865 0.447715527143114 -0.0360137334175286
v -0.268994634479709 0.185549668649703 -0.147915308771475
v -0.258675555759074 0.202307843333978 0.229099428751593
v -0.25700368004044 0.429841950903998 0.0898435797927565
v -0.254713644840481 0.40133581304004 0.129150292256172
v -0.265662691018366 0.444656133078107 0.0492400181807485
v -0.25809626294058 0.234477632320696 -0.249233991060477
v -0.256940826229985 0.223093341665866 0.260764008841186
v -0.256863835241426 0.221952873693759 -0.259216837572865
v -0.251628050167038 0.390881363328354 -0.140163622097534
v -0.24718418139166 0.194423915443189 0.1998001211176
v -0.245300544482454 0.428928237100815 -0.09938218947192
v -0.261720403092785 0.302554574514059 0.203761445440885
v -0.254473051444587 0.174668164596558 0.122605330171806
v -0.253069956050824 0.317379506625993 -0.197309454882634
v -0.242517101363689 0.444218103317469 -0.0766990922352608
v -0.250920330177983 0.443536296404065 0.070908567548652
v -0.250657110092458 0.217217902733501 0.262692145035293
v -0.247411228273496 0.42261534702129 0.107972017006176
v -0.245267174125113 0.184510088846151 -0.17109675308228
v -0.247402682949182 0.462228368910926 -0.0115958493786329
v -0.24680803366604 0.201253951858463 -0.235859221778964
v -0.244552197625329 0.360546163653316 0.173001735694071
v -0.241179277260068 0.204897032442943 -0.249241154894211
v -0.242627050927879 0.459192925890521 -0.040613677502376
v -0.253782648185747 0.19780554968012 -0.20602330486356
v -0.248034648195278 0.166943007672317 0.0875641168076826
v -0.245907196748379 0.381569934536654 0.154269402249748
v -0.240645670954929 0.221286411448073 -0.264439952479719
v -0.240869481527189 0.465354612094194 0.0124532895168561
v -0.232409295314739 0.20321043352861 0.252999695769863
v -0.249408262295291 0.165918328080651 -0.076007559105335
v -0.254614880811418 0.163222135632703 0.024612431856072
v -0.240136202223697 0.178796460504112 0.15885978396982
v -0.237451145801421 0.220038120383006 0.267346449448818
v -0.242045892849624 0.160340384320437 -0.0347601438834203
v -0.241349320364416 0.350620122445038 -0.180373634764565
v -0.223791816961615 0.21302332868945 0.270042185217029
v -0.228809254388473 0.282110007303761 -0.225723329238236
v -0.236269408289429 0.332720307675791 0.19694508062195
v -0.244093287248326 0.460356312034231 0.0339810776510013
v -0.240565144073149 0.169108755255749 -0.114273888379288
v -0.231624986150428 0.257268285776986 0.237029567906687
v -0.229995523824595 0.256731907772964 -0.236371229334276
v -0.22227979117206 0.239985343063098 -0.253433501501718
v -0.238298298384925 0.414632275101071 -0.122552959210761
v -0.227032870406099 0.21490254487643 -0.268448013936213
v -0.223706982361291 0.17165869753105 -0.148445887035053
v -0.225957366060135 0.426498463154236 0.117021840127854
v -0.226501019508081 0.459779862648397 -0.0601859142873961
v -0.219671506138241 0.457663431280066 0.0723418899801476
v -0.22491435301372 0.196625474858785 0.235568705170635
v -0.228834311911465 0.377825436334573 -0.16459225086683
v -0.223975370370186 0.47017429134047 -0.0309603366152363
v -0.22529974964877 0.46490538932954 0.0488815620904904
v -0.214019631281005 0.17867835420494 0.182381120689797
v -0.217514974034079 0.476057311468038 -0.00624724914584896
v -0.212876350682341 0.309549990611093 -0.217736478702281
v -0.211896920389148 0.389375421910983 0.164206480589573
v -0.218355412047718 0.44439584539053 0.0968190371618371
v -0.215697515442033 0.218810030106681 -0.271462800202395
v -0.205679979476106 0.361322007894043 0.189477463254079
v -0.213026598473984 0.440565672164361 -0.104480160161547
v -0.218063954238908 0.164690837339425 0.122989261540417
v -0.208612207066257 0.203525042643082 0.263991363229546
v -0.219618069655212 0.192356565379586 -0.216319899976343
v -0.202804955829801 0.256978763545642 -0.244212409699784
v -0.219162487941323 0.45207809872097 -0.0820328463264385
v -0.203312975620129 0.32843137079335 0.212182433786624
v -0.210037086523292 0.155648434884958 -0.0711334344827143
v -0.202606907594791 0.421840674584305 -0.133643803213911
v -0.209272809914596 0.151867219815622 -0.00220855142853803
v -0.201111020887129 0.189071083654721 0.21896636746025
v -0.219224989351081 0.336212857399761 -0.19980282819068
v -0.208099387614146 0.215941218612654 0.275391110514411
v -0.20809124595799 0.195867647678475 -0.244833332753119
v -0.202620270695561 0.481322386960711 0.0123595324949181
v -0.212562719854245 0.154299826157395 0.0486456211703013
v -0.197483585234771 0.211057486166785 -0.275420902172387
v -0.207662060549248 0.470563885182564 -0.0522483949419311
v -0.218458715989736 0.473439767984931 0.0267066250222771
v -0.20192513910528 0.201482814110139 -0.261961357648151
v -0.202160461989847 0.218843416237502 0.275661764804033
v -0.195407368239655 0.282086909814695 -0.23626041869861
v -0.214651721584997 0.401153539542584 -0.14981421391388
v -0.20206297384624 0.416930012024017 0.14134530712831
v -0.199153152777632 0.479773974349501 -0.0305465235765377
v -0.192840156814728 0.464252295606278 0.0799153489057333
v -0.198257087509807 0.464405003651063 -0.0746699189952271
v -0.196033857578088 0.473825897075913 0.0557470451587535
v -0.204056200542487 0.17840218448219 -0.187720400953748
v -0.194112353172133 0.157980449341008 -0.114496277971988
v -0.200182413725541 0.167409272893419 0.155682905302095
v -0.184163789204729 0.233089954043815 0.267999271845572
v -0.208247781948016 0.157187820193045 0.0882589110315871
v -0.187137265997733 0.212298647609335 0.280091897591203
v -0.19546273691541 0.364300619319321 -0.189472513957481
v -0.193535996431004 0.43882452661795 0.119140656772565
v -0.190637110976285 0.215409418189546 -0.27782950555426
v -0.195580244887388 0.479393882689327 0.0384020524739252
v -0.190341214589007 0.389676774744798 -0.171097519566782
v -0.186754080864907 0.197010330034519 0.261364717520911
v -0.177048130582462 0.275817926250236 0.24518306285001
v -0.188393870706382 0.301830329630658 0.231031850891039
v -0.183631396561086 0.303138520922537 -0.230087203604476
v -0.190355851347583 0.485927891882914 -0.00381848965892143
v -0.193081838925913 0.149786084626104 -0.0374465491325937
v -0.187138124807358 0.476501655503967 -0.0557999471102791
v -0.18260572580207 0.486801544145127 0.0222260335650498
v -0.17841628028167 0.439692776360063 -0.123596320574561
v -0.190873756849439 0.163957929127639 -0.149456050843039
v -0.178754384914195 0.204158181928814 0.274717214716149
v -0.185337988019124 0.45678634507548 -0.0958902759874962
v -0.17268602075322 0.154407565537782 0.117317993571932
v -0.174676956435623 0.356094247999859 0.204135688550442
v -0.17848970592851 0.150095839324413 0.0748193549519665
v -0.18932132752323 0.453555024797802 0.100410506203263
v -0.179488251311531 0.33530998603526 -0.21388039316474
v -0.173253362257376 0.489497488867583 -0.0222427512410391
v -0.167968603252476 0.408626975730793 0.164174530730386
v -0.167474144790855 0.475262882031758 0.0741011363031636
v -0.162734582165594 0.412319464346927 -0.160575733041311
v -0.165467976686379 0.208397550159906 0.283172953831074
v -0.178663538311892 0.173985463726566 0.193083524536711
v -0.167023041119902 0.145235689836817 0.029799838123099
v -0.176940167519825 0.253221705562187 -0.252007205569504
v -0.171361714375542 0.485199141969085 0.0449443982598136
v -0.170833077622102 0.384698932862111 0.184439930218991
v -0.165044882781849 0.481333686734809 -0.0606543743553991
v -0.169039619361538 0.147832061618478 -0.0660488898773083
v -0.162353982383748 0.213988700228208 0.284539702076048
v -0.159106343162607 0.492953645707437 0.0245221859454175
v -0.169172705213087 0.46981836887133 -0.0826408759154475
v -0.162658574043705 0.191622855039205 -0.253815094360666
v -0.165990361222071 0.165450247605593 -0.174320693664869
v -0.164287373697424 0.493565778550496 -0.000545033370871057
v -0.160562696260241 0.38541227318923 -0.185254424990859
v -0.157219397156126 0.196940857724784 -0.269215906544799
v -0.159744881032829 0.432364009242932 0.142011951409913
v -0.151704359760975 0.356881124623724 -0.20840871128699
v -0.169015215038607 0.332300578850458 0.220459201942563
v -0.155058135239156 0.193572848142053 0.264703498367547
v -0.162045214312999 0.449009508365545 0.120089021490876
v -0.159251167983725 0.158985534114953 0.154696356458014
v -0.167000234321985 0.487130919729708 -0.0416787403852581
v -0.1470814079034 0.287765481295023 0.246887088274108
v -0.15183802884591 0.184844086796899 -0.230190762167118
v -0.152761578426774 0.48739298625913 0.0535497046653671
v -0.148623956576262 0.199783824664174 0.276739867664839
v -0.157339409358157 0.457738651609125 -0.108115825131102
v -0.157237823850884 0.143500996284415 -0.0189649947854202
v -0.144666327807618 0.3181528451426 0.233970190669024
v -0.14735137229081 0.323653032040339 -0.228923838015421
v -0.15006537132507 0.208331853138776 0.286197928035637
v -0.1609297305534 0.282794238563041 -0.244522236349145
v -0.160373330877309 0.464333547342319 0.0981999875383624
v -0.14667355526941 0.213299588518601 -0.285709380457538
v -0.145787377232351 0.249338174210457 0.261389092601736
v -0.164837439916529 0.187150777524607 0.232962949186271
v -0.149185489349496 0.154556470924386 -0.139807024718247
v -0.141397614222662 0.172713081648314 0.207537401837235
v -0.144223014344309 0.148348645361369 -0.103420605220455
v -0.138340010678385 0.252401063937718 -0.259389253599535
v -0.140630097557083 0.445364237399054 -0.131317310571505
v -0.135349147256737 0.399008755949679 0.183244404083507
v -0.143493295586251 0.146668704442643 0.0902083769086696
v -0.157011935713428 0.173741355607846 -0.202493236005196
v -0.139611181746942 0.498874189069068 0.0112128473274438
v -0.141585617828779 0.477921046813979 0.0825057710975281
v -0.133087853987309 0.346619769860215 0.220929127988102
v -0.134654942847741 0.48107466747684 -0.0780211572888574
v -0.123750541356923 0.185779944651198 -0.243818230671956
v -0.127577716375888 0.40073079075975 -0.18187790387953
v -0.121426454081194 0.277202570617486 0.255011494965787
v -0.127089528171083 0.467067517174827 -0.10577940572808
v -0.12750206021007 0.37578800413934 -0.201605480376349
v -0.125592226908689 0.172683710587049 -0.211867233165299
v -0.138939910319606 0.372104633445929 0.203291211680456
v -0.134414248474116 0.496937866390858 0.0328414187729082
v -0.130985753916362 0.212638119828773 0.289069643980665
v -0.134459126072524 0.462151243430882 0.112166807147666
v -0.131085605198791 0.425647783433431 -0.157133251455524
v -0.1287373977029 0.207195869679407 -0.287630401127726
v -0.139354953791072 0.162450023330297 0.180016491366673
v -0.13188898633894 0.142644409250794 -0.0587384191460957
v -0.138097800587057 0.490964730605038 -0.0519671581051421
v -0.132362260973948 0.422432223230814 0.161912069479197
v -0.121562293439586 0.442660469951273 0.142272239300521
v -0.126382649952534 0.206043566886563 0.288432633004194
v -0.123922808960882 0.160729752362395 -0.180186251489198
v -0.124370247886147 0.487392616776443 0.0695380448081725
v -0.122488600777284 0.494785841905927 0.0499578932767339
v -0.125385224206335 0.139904769680431 0.00738780598165461
v -0.113971329936172 0.503785693507261 -0.00157382819286132
v -0.115395657668035 0.35389064467343 -0.218438175197729
v -0.125481742603709 0.277872082133636 -0.252834268195294
v -0.11557100446214 0.15512204814318 0.162737801267639
v -0.112781977734943 0.498237705735965 -0.0428437107978906
v -0.126886918824752 0.306315426367682 -0.241186749023023
v -0.112423245690194 0.211665663080918 -0.289749162498985
v -0.111157977266037 0.332142018846694 -0.231300762998851
v -0.101487899164828 0.195253446149509 0.278108520689802
v -0.110904418972381 0.140755325398416 0.057056334343558
v -0.107490546834468 0.250490741746271 0.265268670504889
v -0.122374198238667 0.149290574173722 0.127817441006504
v -0.109222625893723 0.147794627251109 -0.124692427412206
v -0.108918569807615 0.211690182137322 0.291297353931627
v -0.106016286930527 0.492310951624083 -0.0639379892267505
v -0.105252597460019 0.462038106231068 0.120855905053148
v -0.0999707187301384 0.504068389503725 -0.0222200441670687
v -0.112816164503992 0.164844191136494 0.197397403006592
v -0.107254212000025 0.417511430584269 -0.17134450372541
v -0.104209426069159 0.394965595229454 0.193374474320527
v -0.108912276450351 0.317994144541116 0.240202315791802
v -0.105275715768622 0.457631254869337 -0.125537878502961
v -0.0986213595919867 0.153037839201326 -0.158672340820461
v -0.100147556949173 0.226160045293025 -0.281419184900338
v -0.105895327347404 0.47927854403952 0.0931404314952108
v -0.102739183343531 0.371049823909715 0.211064258855806
v -0.110059843829906 0.414465806873718 0.175276919797419
v -0.104609568998177 0.142732476979466 -0.0856792870510881
v -0.108352906492387 0.440288974479509 -0.146627531642594
v -0.0955992360522674 0.382837979569009 -0.202371720944686
v -0.0999734086647582 0.138764477834928 -0.0302569851339118
v -0.100372395402595 0.167122228625463 -0.205378202900704
v -0.106261833853562 0.503747757064816 0.0190939157499426
v -0.0962239332534301 0.431552665680722 0.160448755891126
v -0.0978133649033047 0.482842340171548 -0.0872531990919766
v -0.0938280874730933 0.179691928357339 -0.232625169694829
v -0.0987354640105643 0.248047260926943 -0.266182290493803
v -0.0917590910333232 0.138010182164552 0.0143923493154579
v -0.101516617949091 0.144398698633849 0.103188207554039
v -0.0908988643071161 0.403401189780781 -0.186780637417445
v -0.09073865729243 0.196392763606394 -0.279254618974561
v -0.0885438847640086 0.159562958891376 -0.186575343272372
v -0.104652393168039 0.347475284125168 0.225419255673762
v -0.0933314124922956 0.205380373324943 0.291283040965355
v -0.0948027646061787 0.301350702886033 -0.247429531607651
v -0.0891106681415117 0.473100519782476 -0.106181959015639
v -0.0956207380816491 0.227761845109447 0.281963978171952
v -0.0878860134799403 0.19056979048312 -0.269138584270462
v -0.088230610362365 0.353436356460147 -0.222363853009831
v -0.094330956435381 0.501360300624512 0.0404378579378553
v -0.0817390636390535 0.273181511245505 -0.258660017224885
v -0.0903042289266704 0.430696144714577 -0.160803666338517
v -0.092421517515269 0.287172195315421 0.254426252382271
v -0.0806670694638574 0.210669028582658 -0.291479320624057
v -0.0818095566465111 0.188731762140198 0.265230260276486
v -0.0758979970952843 0.493237654238795 -0.0694225283280644
v -0.0822164679507941 0.452114705339639 0.138326482661247
v -0.0733139365488181 0.183013547472365 0.24338319770548
v -0.0789476049941002 0.507322088378403 -0.00827437917925893
v -0.0851491118597545 0.159313457573384 0.18735283892922
v -0.0749113947178678 0.327555507560545 -0.236926337199505
v -0.0805335345213702 0.506579720408947 0.0169669280379029
v -0.0769272392482441 0.21100118037248 0.292870551556204
v -0.0895899401744251 0.492243796146364 0.0698277769244919
v -0.0763218031661189 0.195002342952471 0.2795396338514
v -0.0758066382395838 0.1388718995421 -0.0500924341113077
v -0.0637091710592485 0.154197121070126 -0.169821457706656
v -0.0836511159242885 0.149520458928527 0.144972625668001
v -0.0779599023616758 0.414376225808918 0.179972496387803
v -0.0869350371423883 0.172118257462256 0.219127417263794
v -0.0750552544451594 0.389750863445197 0.200703398937369
v -0.0785550953036968 0.502329501430058 -0.0413825663620837
v -0.0721123878170177 0.374067150666997 -0.210489524779834
v -0.0774742792689411 0.33982974086992 0.232190932874198
v -0.0717589103485069 0.250259239198569 0.26723602673945
v -0.0713813426951996 0.206182785601172 -0.291113637259736
v -0.0670550547614815 0.230170989668218 -0.279530061164115
v -0.0722965936036226 0.416185304703694 -0.177344894024329
v -0.0632887688047463 0.486108038520597 0.0875843376868908
v -0.071385051766114 0.451539843529684 -0.138563514587114
v -0.0680421998595616 0.468221657302621 0.117599777914917
v -0.0707450480518435 0.146531356608836 -0.128182851011354
v -0.0687368739569298 0.365459099593089 0.21763704774904
v -0.066197192755183 0.165617524286327 -0.205701015218021
v -0.066879687028581 0.311090489908531 0.24607861951475
v -0.0621324165787807 0.27021511369246 0.261215068552724
v -0.0566589175535272 0.205092418394356 0.291765444074719
v -0.0651658490679765 0.39707834482327 -0.19402692762096
v -0.0668506988238472 0.436516974236394 0.158189256462029
v -0.0630798377852959 0.138638999584207 0.0481745906649384
v -0.0640017589609813 0.14266202330363 0.0986892325944212
v -0.0730512447229579 0.499724812147785 0.0527198755752348
v -0.0664075515539563 0.50479636250095 0.0340894732628351
v -0.0670154595892026 0.14185079581264 -0.0898152279744255
v -0.0577768119688578 0.483816619982297 -0.091163225863825
v -0.0551778973912143 0.287333159649632 -0.253964525812049
v -0.0644452543288529 0.469805173060145 -0.11421400621805
v -0.0588208280505167 0.162623602316053 0.199184898808989
v -0.0581668135829457 0.137348816262962 -0.00192572487982954
v -0.0530403872372141 0.18032604473756 -0.23562991071657
v -0.0601221427867292 0.353709439254399 -0.223477804595798
v -0.0508204092667801 0.449913901515782 0.142913116347278
v -0.063331232820317 0.433090607757521 -0.160763107001526
v -0.0533298237897822 0.188665852703642 -0.26392700762918
v -0.0526152417917528 0.508465689150454 0.00746983665973137
v -0.045423630275075 0.506750021426112 -0.0252590042733737
v -0.0511750663773046 0.210858012544936 -0.291306580994684
v -0.0485191982109245 0.414372705232032 -0.179470198337143
v -0.0461313111472188 0.383837587815952 0.205314445627812
v -0.0525075256512775 0.231962842107605 0.279611832308119
v -0.0454116376059304 0.25282910700719 -0.264615759506565
v -0.0542036848459616 0.153938331606427 0.169878948645877
v -0.0435294868589152 0.426758042296713 0.168678374513876
v -0.0446872695408492 0.408807761517058 0.185675256573785
v -0.0473168494449544 0.494574653618674 -0.0685764845555678
v -0.0455160390579789 0.374778540752414 -0.21012388979161
v -0.0416174627743489 0.195718603420982 -0.278305330296892
v -0.0437983808196392 0.478665624106372 0.10156741046688
v -0.0411172820047959 0.189219578776638 0.266157729403575
v -0.0407271010014106 0.501312989768912 0.0500021367941555
v -0.0447174484557716 0.147350860159119 0.134109
v -0.0360082352282226 0.506340497052743 0.0275213279850052
v -0.0325784462469444 0.284947861417998 0.254993822346466
v -0.0498351143305889 0.173534042648525 0.223232405626206
v -0.0511750304523198 0.495658995612832 0.0665512433077972
v -0.031724414644304 0.500165768488081 -0.0525924637338732
v -0.037978823034433 0.345255275701643 0.228951076538262
v -0.0325292416978503 0.183617702109645 0.242983915898339
v -0.0309107056653468 0.160531121947014 0.19129459924651
v -0.0397950480759677 0.464764005475895 -0.121673113955741
v -0.0303184035575356 0.392627772749299 -0.196484063998488
v -0.0340020278209713 0.463580543429953 0.124347792558461
v -0.0403137134470596 0.20686346959448 -0.290651985972237
v -0.0282756671024565 0.157914412280918 -0.181352740508287
v -0.0286651002095466 0.490860249734665 0.0771288758591538
v -0.0229890662948492 0.368309047419468 0.213988844659268
v -0.0326475703003 0.138441380768589 -0.0300952733502395
v -0.0314325827787625 0.193883692254729 0.276046935012789
v -0.0381625777815861 0.321132834493215 -0.239421062626968
v -0.029772162624764 0.248938671615466 0.266916918039721
v -0.0322221396604552 0.449748827245658 -0.140832413572867
v -0.0293205436122351 0.21096866525056 0.291742182169646
v -0.034621435684759 0.144546726306885 -0.111027927165752
v -0.0249284212294107 0.27927553077348 -0.254980355939736
v -0.0303405945143251 0.234881312966948 -0.275337310564485
v -0.0321466423756741 0.149996714077219 -0.147535389188547
v -0.0354677215462423 0.140733795734063 -0.0729963762641224
v -0.0237658698598755 0.315151447422641 0.242374973107535
v -0.0293792504117151 0.432755775543629 -0.160233258270247
v -0.0224988698836474 0.349395803407734 -0.223768609709502
v -0.0239284786056776 0.206909485861876 0.290873459480677
v -0.0260664829986201 0.479343675532147 -0.0980934796237947
v -0.0113006472674582 0.503278531128132 -0.0370149527373888
v -0.0249474423787957 0.189598791739381 -0.263639066975412
v -0.0219305161577233 0.491224994974456 -0.0745709368637423
v -0.0223349250273821 0.507785260818875 -0.00999258611911791
v -0.0236544188845029 0.445923539050678 0.146037708838499
v -0.0145359827241 0.479398263272258 0.0974642223478142
v -0.0327642709313541 0.168877350141365 -0.211389471117997
v -0.0224078190530285 0.142103068368342 0.0826414132418535
v -0.0161230902264898 0.400476697961043 0.190101063970479
v -0.0190594459819194 0.152017196871085 0.155079964545367
v -0.0198663729169327 0.413992823375255 -0.177648377330837
v -0.0050247052206356 0.373354065897172 -0.206781201187159
v -0.0198130137251335 0.179877154899991 -0.230942957936439
v -0.0190655598123005 0.139136854022068 0.0309232586179584
v -0.0152212420605133 0.206271220206116 -0.288098820415587
v -0.0142695232533508 0.496999505144752 0.0598774997767095
v -0.0113918954961922 0.170207903488357 0.211329291511174
v -0.0237449710818474 0.18550780291218 -0.24681636341966
v -0.0107069547275893 0.423771371812231 0.168209322701973
v 0.00131893384523577 0.277396106690924 0.253557191214813
v -0.00765546744354318 0.195051083919918 -0.272813124976005
v -0.0080508867647818 0.211609076423281 -0.288302887589343
v -0.00773242329555692 0.507038756530135 0.00811029132118018
v 0.00183882140141414 0.145303312262172 -0.0971573368705586
v -0.00939823535256926 0.45955147500133 -0.125441471133174
v -0.00471080531046766 0.158791475408574 0.178828140171927
v 0.00717465294405728 0.497406065902286 -0.0519972514513889
v 0.0053171550647402 0.385135058055686 0.198256580174396
v -0.000248203639167698 0.50172473307026 0.0401406358524888
v -0.008927971565847 0.189554036821176 0.260238990955956
v -0.00257727706572427 0.252130823238218 -0.261083725110487
v 0.0124372857981002 0.346870144914276 -0.219335523521683
v 0.000127831822666295 0.173694864610753 -0.214284028246548
v -0.00548727531670235 0.30982229523298 -0.240668756177422
v -0.0074007094263877 0.148519303360164 -0.129127921643787
v -0.00332836817753004 0.213818875136087 0.288615961242561
v 0.00345555108968568 0.208910565119301 0.288217619639966
v 0.00497486343258816 0.488707685091049 0.0752679047260701
v 0.00303606065520593 0.404915265778721 -0.181598531517638
v 0.0073487178046577 0.471155923126884 -0.105323237152977
v -0.00702872761216855 0.229440998707563 0.278791569292162
v -0.00235588271941597 0.337047492355724 0.229003067020623
v 0.00334187210259619 0.444098734041176 0.143658098712335
v 0.0124880809467794 0.504675443510422 -0.0146321532840362
v 0.00100072246885574 0.43761221826922 -0.150129439292399
v 0.0113100168284492 0.465932963521943 0.113378645313514
v 0.00412204433586362 0.163945066584073 -0.190367088151431
v 0.0180013710352237 0.490789410944883 -0.0655060984508485
v 0.00365991707560465 0.141692629763898 -0.0494689094611591
v 0.0167570467184161 0.165809253994735 0.191416306527577
v 0.0152178761269967 0.360916694923774 0.21222077485108
v 0.00204622349734221 0.189674589385217 -0.255332378783295
v 0.00528898101464208 0.183370865711266 0.23300787159888
v 0.0032115795344097 0.154326807788136 -0.156284775700952
v 0.01653878949233 0.504634900530333 0.00921483007763013
v 0.0152261411314192 0.501505628278543 -0.0330237294757942
v 0.00971212956687201 0.143552633936583 0.0690882543484168
v 0.0154745863096988 0.31237771470042 0.237656258684636
v 0.0105544532976717 0.140932544274541 0.00150293663568779
v 0.00725537679616774 0.148868886615046 0.122585851778358
v 0.0154600732266517 0.402411725757202 0.182497342565875
v 0.0105465916676382 0.481544142454582 -0.0869711039561602
v 0.0163432892677274 0.229747275252838 -0.274696957311033
v 0.0209069505433937 0.209132926680071 -0.283539736128013
v 0.0200253705453634 0.495970054627497 0.0517966051102842
v 0.0215850671917525 0.215338242945098 0.284891879907553
v 0.0240637967298444 0.196208043397369 -0.266175345817123
v 0.0251354362827192 0.213270020799685 -0.283429198467335
v 0.0250007883809603 0.201541927320147 0.275422261413051
v 0.0294708250302167 0.209928338677553 0.283555881839261
v 0.0284664455922564 0.501300051667304 0.0248205731302168
v 0.0122319844935574 0.185802644488917 -0.235483233628611
v 0.0286066374641779 0.19470805000967 0.262355175702257
v 0.030656058416432 0.426081234288401 0.156433717974735
v 0.0281106123364107 0.157957924284434 0.158397270302728
v 0.0259857152322738 0.320723556974655 -0.229872984249129
v 0.0355856553029619 0.203495951497688 -0.273040136342138
v 0.0308322599825279 0.453039538951933 -0.12403107786631
v 0.0291950639112474 0.150926430790738 -0.117846126603946
v 0.029117062816322 0.423811843632767 -0.157727042477423
v 0.0307040862388067 0.255866811345648 0.255559102409312
v 0.0333448204950351 0.338498718781584 0.2207573323522
v 0.0402804054946449 0.501325943611408 -0.00191333614053208
v 0.0359967043762958 0.174786193442732 -0.20242895340567
v 0.0316327580961909 0.163048799837968 -0.174284341617449
v 0.026948481777476 0.477017915777866 0.0912606726021785
v 0.0373046101007665 0.378640862313986 0.195036658305473
v 0.0262940238304522 0.289245924838488 -0.243306370483266
v 0.0333330426762497 0.44885536701611 0.130025093194032
v 0.0291883764760616 0.396483131005977 -0.182226588536382
v 0.0463938256745811 0.166312137261736 0.175725257968964
v 0.0388483000268662 0.487258904882598 0.0660469319744264
v 0.0413208685497539 0.145598594657092 0.0392912932699799
v 0.0379008132150709 0.369056491622709 -0.199752151536158
v 0.0400095059896874 0.494833272825 -0.0439736886266991
v 0.0367846292780768 0.176296798102626 0.206558719483726
v 0.0421790301832787 0.499424038053301 -0.0216983079085645
v 0.0420920127721539 0.187095683120417 -0.223872630161602
v 0.0417559605726469 0.213454382241478 -0.280144061405693
v 0.0389654683500046 0.468952269132671 -0.0988525105979855
v 0.0353984348972184 0.283237136415718 0.245127544266993
v 0.0404300679482881 0.200959533958929 0.269495943635782
v 0.0447369667492259 0.462868064925489 0.107229621370416
v 0.0462941881358183 0.306564515068983 0.233084970558912
v 0.0403774126094409 0.14747473913874 -0.0708804471101575
v 0.0422073890909028 0.190284733943676 0.234175619564771
v 0.0437767910609886 0.145199024522967 -0.0161034052564145
v 0.0451094970987631 0.482898416319343 -0.071704537940471
v 0.0486520375459148 0.215948747480927 0.280035072944801
v 0.0441824027445609 0.210600125076895 0.279880076924509
v 0.0375536073140559 0.25655091938746 -0.252758204318232
v 0.0484158530739136 0.343542470133934 -0.212198262772173
v 0.0472803302523467 0.158754653118637 -0.145763007985358
v 0.0455200557251052 0.496450741650153 0.0344506833222317
v 0.0482001430672156 0.353100812216406 0.208344318350729
v 0.056812015827275 0.161842408017617 0.151169205904614
v 0.0511948666992503 0.436066364181189 -0.137296908183411
v 0.0470144196138777 0.400525176967527 0.175127014641462
v 0.0473927178069758 0.154216809839389 0.121050401200805
v 0.0529105988917952 0.498114095689885 0.0157458694165498
v 0.0549990034803903 0.204932218720367 -0.267460785353306
v 0.0644177168576188 0.318866758166124 -0.220311755852991
v 0.054835610949396 0.476083568577003 0.0815456050387656
v 0.0599526652230179 0.23309665933705 0.267741664873977
v 0.0619073631646792 0.250893849570876 -0.254042048176345
v 0.06365514991947 0.407224650281224 -0.161502976257783
v 0.0598939669481008 0.4879693994946 -0.0515342548590547
v 0.0628642804131547 0.217068535174331 -0.27480152484269
v 0.0587625680830592 0.211913684865638 -0.273902928076246
v 0.0661561930695235 0.378982035630448 -0.18352154657104
v 0.0643648919801976 0.154653982443633 -0.101831819167931
v 0.041478786225422 0.148584199645441 0.0818365363006921
v 0.0609416522915361 0.205173247235488 0.266614955142234
v 0.0600706093926385 0.198678097594295 -0.253708393257917
v 0.0628844389190523 0.488876408424909 0.0474725148936701
v 0.059760229068966 0.198112954034674 0.25345209533511
v 0.0624895981982752 0.413964044663552 0.157457352077671
v 0.0618683509124663 0.179420909085107 0.197997999952491
v 0.0687391388555525 0.315377903230502 0.222312907699882
v 0.0646293071615827 0.493140246587601 -0.0297541075293268
v 0.0700717180062334 0.214172709270265 0.272810764053685
v 0.0703864243350465 0.494873865150342 0.00164060649824504
v 0.0644811273398049 0.468445374850245 -0.088711457356899
v 0.0643056785333536 0.437592698260114 0.131950828743886
v 0.0715388181967823 0.026487711483638 0.370900614410078
v 0.072045646168726 0.0240959411245571 -0.371065537401116
v 0.0723666868841578 0.0192005549509955 0.368442398370826
v 0.0728080025981544 0.0198490312344193 0.375028578559766
v 0.074132380542083 0.0292237579947545 0.362943072773256
v 0.0656386849532622 0.289649515146816 -0.233218455563916
v 0.0727760984821781 0.0335344755587628 0.369135568546811
v 0.0732274209088903 0.0327548102745999 -0.369884780982779
v 0.0733099063274013 0.0167717562083947 -0.372612378909262
v 0.0703809869268371 0.374059078618641 0.187247901434932
v 0.0741782354616824 0.0113098172696837 0.368526292462837
v 0.0740200788686649 0.0321084569914482 -0.362642088638271
v 0.0765413291867353 0.476834961294666 -0.0669910777059276
v 0.0736924946659429 0.0144514589196592 0.373261572553104
v 0.0754590475846266 0.458494495709424 0.099676663655681
v 0.0748734898118812 0.0258602331309932 -0.376009883927618
v 0.0685549080035558 0.452520617360278 -0.110216771188016
v 0.0751899060542211 0.014698642515486 -0.36304979464605
v 0.0747409332102736 0.22169198728042 -0.27064971309359
v 0.0738660212745338 0.0265491877562286 0.376343806002171
v 0.0696904584062574 0.1938860076124 -0.221370461094618
v 0.0771304777540582 0.0160632138765492 -0.37653535557224
v 0.073025823511422 0.169207448869816 0.162693530705044
v 0.0758876173349404 0.0115848173175943 -0.371933933058932
v 0.0752966826696233 0.0104798459836619 -0.365681915464092
v 0.0755264232694748 0.034950887973638 0.373335728092291
v 0.0763723624491855 0.0421512158150123 -0.362291996920959
v 0.0767088167802191 0.0345354119213039 -0.373573267429403
v 0.0630168981558779 0.171445241252412 -0.177235109701212
v 0.0790821085782265 0.00534120653012668 0.362701709488136
v 0.0763979404621897 0.0423869597845941 0.361008960781678
v 0.0774498910990736 0.341504875079951 0.205407818071414
v 0.0777893378519585 0.0109685425277854 0.374803942466525
v 0.0830738761693947 0.427310356191872 -0.133554705828098
v 0.0769918709267504 0.0107694114654064 0.361155256782967
v 0.077305736461714 0.0396079332556777 -0.369557478620062
v 0.0784595592857145 0.0428348858170491 0.367778135926329
v 0.0805844653256262 0.00584201734227031 0.368842426420311
v 0.0772306863536984 0.151258131267908 -0.0346150543604857
v 0.0793563720828325 0.0323274299859675 0.377339487537412
v 0.0779177304206685 0.024612977829757 0.379557921435617
v 0.077542780888701 0.200129715113073 0.243282074861376
v 0.077862740159072 0.0180451542970567 0.379161084384891
v 0.0789075636473955 0.00593625338812265 -0.364233976448103
v 0.0638555563793946 0.247850396614794 0.257193668707826
v 0.080893205482693 0.0103324554516931 -0.374337905707044
v 0.0803185094029779 0.00642036999068327 -0.368268802319156
v 0.0802166444991024 0.489451947257706 0.0273888205073577
v 0.0786218195437258 0.00831414124005043 -0.358427371741432
v 0.0799015512229475 0.0438461607049572 -0.352113003462614
v 0.0803765773094935 0.0155326896640085 0.379158868101753
v 0.0828316721942061 0.0106593928037478 -0.351982539623908
v 0.072898311989817 0.193350619136156 0.217594699453556
v 0.0822468366776182 0.49062418455065 -0.0155664817856998
v 0.0805681388601545 0.0228801834363055 -0.378857992348006
v 0.0818611880546459 0.479420908469249 0.0582850571722826
v 0.0713577915268634 0.208318151078128 -0.263938043910956
v 0.0806340179593642 0.267106699632208 0.239239829227572
v 0.0817760262914797 0.0311120675721247 -0.377173821898603
v 0.0827409369034411 0.0151529001394784 -0.377783710760771
v 0.0789886185513435 0.220392224422545 0.271212046035521
v 0.0830755931119337 0.0455329571104629 0.348303322341955
v 0.0791511360074893 0.167457445449553 -0.149820184170818
v 0.0812659885123847 0.0462286057633648 -0.3647320865016
v 0.0828244692723221 0.00344617255822458 0.355955840995494
v 0.0830829697029111 0.0521649794005923 -0.353118414592417
v 0.0941045816693957 0.376651443827332 -0.173697441027935
v 0.0855479436967678 0.00556449263067873 0.370438249780816
v 0.0821071009658633 0.218442665553681 -0.268506457973227
v 0.0814998690930748 0.0488103060264601 0.361483664854924
v 0.0822284838700314 0.00349937472288301 -0.36025364517217
v 0.0844644390683829 0.0238208196939469 0.380401642299153
v 0.0839569915328677 0.0397985555020396 0.373268888142162
v 0.0779532589102777 0.162030486738063 0.128216002552649
v 0.0806631479827 0.151010624776637 0.00297898364651023
v 0.0832877716793113 0.00379383509887025 -0.35374740552685
v 0.083695749792798 0.010382371968656 0.376499272875989
v 0.0869279234430552 0.413182323012465 0.147652741999951
v 0.087994467358964 0.0551815326979185 -0.34182183498828
v 0.0834969289281727 0.345043459561162 -0.199595088350122
v 0.085101792347788 0.0405101305506388 -0.371863164063226
v 0.0847767352943957 0.390611302923809 0.168743330187425
v 0.0864496005612684 0.0039322246238473 -0.365229308114413
v 0.0850122449331911 0.470329806828038 0.075137299013008
v 0.0894776603147939 0.032544112821703 0.377193086180294
v 0.0805822284056129 0.156360079070915 0.0875620320812499
v 0.0837734679499058 0.0213905633581176 -0.350079467865971
v 0.0866532962049291 0.193806195554926 -0.203780905833526
v 0.0869171155284225 0.00702974872859597 -0.371294723875586
v 0.0861739312042605 0.0554827967496656 0.352757088081745
v 0.0888410175007519 0.0574832375887132 0.343366262511257
v 0.0894952571798481 0.0198243225947013 -0.378091910711168
v 0.0930675802192847 0.0585726288586084 -0.352643000677004
v 0.0886993805988376 0.015930189780379 0.37907453844688
v 0.0887057156267307 0.0110056979918421 -0.375150688966568
v 0.0880784458882898 0.00252886965766135 0.362706779658907
v 0.0870201697801624 0.178938259255625 -0.174751737784727
v 0.0835341472423208 0.18870408125567 0.198372378002951
v 0.087134351402502 0.00329295490141244 0.349235805430494
v 0.0863564802683706 0.208612089134284 -0.25567770904754
v 0.090047477054702 0.00075562871064891 0.352750303863566
v 0.084878475591717 0.207717325483837 0.256701770696576
v 0.0894151286332213 0.0504696746379148 0.363861473717608
v 0.0861633763250209 0.153583588263472 0.0447262279319476
v 0.0941732812213375 0.0151486256081499 -0.375705768239744
v 0.0808755940759044 0.484559259702343 -0.0445797526685953
v 0.089127 0.001473 -0.348421
v 0.0932147806921157 0.00948505911621845 0.374499014326684
v 0.0878731276352507 0.203677526524038 -0.24432125455577
v 0.0880958757770614 0.163234944078203 -0.119821518634087
v 0.0974287637785938 0.0397268597491434 0.332459351356848
v 0.0897251321955655 0.00106836123542104 -0.3538943095175
v 0.0897758428397087 0.00452381693833878 -0.344300811425191
v 0.0907919519136536 0.0280578957427372 -0.377130417045771
v 0.0927418141134109 0.036858885149233 -0.373323377415111
v 0.0916022284463174 0.488537728880655 0.00165975579780425
v 0.0927901381917679 0.0422316310351941 -0.335904292884631
v 0.0990990228326694 0.00592680029775219 0.368535879628849
v 0.0947498059457632 0.0642295114903938 -0.339995511722916
v 0.0952993139779362 0.172762675487042 0.148908493122473
v 0.0873719489374397 0.461008933426905 -0.0882465863623026
v 0.0917712865649372 0.200294918075023 0.215268530265394
v 0.0811083254553119 0.154607821543826 -0.0706672105010809
v 0.0886157086776881 0.179707862490708 0.175626233337484
v 0.0906440086552372 0.307962006568887 -0.21675417151454
v 0.0929430537672727 0.238195898523255 -0.256478025683966
v 0.100179431828392 0.0242864827796203 0.375776481082116
v 0.0927223588000191 0.272450869350469 -0.231874096808196
v 0.0973988988164787 0.000205626032133302 -0.347169742502527
v 0.0928275899148627 0.401699680832596 -0.153813414709997
v 0.0987719585198974 0.0238843640040409 -0.375016207461894
v 0.0941747775941549 0.00411309400473747 -0.365161040935094
v 0.0932626376138018 0.225358089584561 0.265323732054972
v 0.0999300925242959 0.42458708242952 0.129378775652
v 0.100111760942353 0.0624628311324941 0.350456961778543
v 0.0953972933353848 0.223768331337841 -0.263805704074696
v 0.0957802007347637 0.051607648497802 -0.361902221810666
v 0.0997996281835463 0.479697995817899 0.0401692040909875
v 0.0987476757153949 0.194939232082776 -0.19126583598537
v 0.0994309392303973 0.000392744125711869 0.340580604131471
v 0.0987854826247831 0.00871912128556684 -0.370279565785485
v 0.0955483367108792 0.014230633509331 -0.337455028205414
v 0.0970399164437579 0.206130410977275 0.24216360346955
v 0.0980867013094672 0.00031619378474302 -0.340845157051224
v 0.0952679947899242 0.202570061056843 -0.218528893272274
v 0.0974375753636665 0.0661152549320091 0.340330841228621
v 0.100561804260692 0.00143113648081308 -0.354842728059836
v 0.0983320317422701 0.255916585942372 0.245742714239374
v 0.10218342240678 0.0511495712646645 0.362721163482349
v 0.096970235238662 0.443916285405373 0.108191040362163
v 0.0979750734144058 0.0444793749816906 -0.367518862073054
v 0.0987803926376206 0.00348977443304069 0.336767805510322
v 0.101292437697494 0.202040388563534 0.202205467302513
v 0.0995276430415615 0.0684438371357453 0.330048119759863
v 0.104897544002817 0.00159398107554024 0.354516482500639
v 0.102293578773994 0.0139107421883672 0.373535837636217
v 0.102069323224652 0.194783360163882 0.187435907209958
v 0.0973706198459663 0.219872132502003 0.263090501990024
v 0.100817778104613 0.206525237621164 -0.236892482905889
v 0.104962960565324 0.34616766271543 0.191522283505838
v 0.101412605885581 0.00322450755717886 -0.333119260351459
v 0.110515548642218 0.0343169265839731 0.369143500038069
v 0.105278788769626 0.0365243385650324 -0.36949882864173
v 0.10233646615612 0.22157036725107 -0.259835359029654
v 0.103747339823529 0.064277510928382 0.320983774790166
v 0.103817958071916 0.212250649811305 -0.248159826951386
v 0.103342785508581 0.0737372620231234 -0.327893701596279
v 0.104571299405017 0.0171658334439047 -0.371859719750638
v 0.110631069987588 0.000792750934020938 -0.330367552561701
v 0.108240030601611 0.0725860342315869 0.337926374683493
v 0.0992157441831796 0.483139179985897 -0.0267440532658271
v 0.109119998715848 0.196077102806443 -0.1771735003393
v 0.108307669776144 0.207929164014381 -0.205950956705753
v 0.106928334036609 0.227573611944916 0.260002288445012
v 0.108448070368383 0.180831124120112 0.154278597109813
v 0.108123176762995 0.0785839123916543 0.326055929072478
v 0.108855735367723 0.0178225685635524 -0.324120117410382
v 0.104236660463758 0.173566197484047 -0.139379292137019
v 0.108487698305992 0.0724456015370272 -0.33727501886792
v 0.104389570109329 0.181964004508173 -0.161570779945837
v 0.10844848079876 0.077193366463882 -0.311931404572966
v 0.10962451156271 0.200268891785065 0.181978161746525
v 0.108660018794731 0.00407703433431082 -0.358913794889947
v 0.108719241244805 0.000466802451337141 -0.342570165120865
v 0.102977996113185 0.482893009193734 0.0213238925940512
v 0.108433291843049 0.0792800678897283 0.314631140646333
v 0.108509099417866 0.315859161457038 0.207606960019715
v 0.11164343297404 0.209213244792823 0.193374451583529
v 0.110302871364753 0.0515648530503351 0.316407981177081
v 0.113954156832519 0.00474886302385024 0.358383580950786
v 0.11314985045013 0.0115711468173691 0.366692279656787
v 0.108627190780495 0.0497269728732856 -0.316986275853651
v 0.104001961241996 0.445885229832424 -0.100032891483193
v 0.108984829670161 0.465110446096846 -0.0661843224317288
v 0.109008855565625 0.205506233856889 -0.192521076147274
v 0.110872517467996 0.228345545893015 -0.256881796919342
v 0.111717335702994 0.161564512954762 0.0640655199563186
v 0.108020586546621 0.213647425977631 0.247716292032543
v 0.106072246598675 0.16516841086177 0.100404538894
v 0.110886636355045 0.193615843829981 0.170927017919243
v 0.112171407969635 0.00392398751847353 0.325649657652162
v 0.115309696837503 0.211723305288852 -0.218357405579548
v 0.114691633930091 0.212342059737749 0.21153884156776
v 0.110012078213171 0.469457991703045 0.0572358854947821
v 0.113200183623618 0.206329810779653 0.177883133846115
v 0.113297928821903 0.20286930472435 -0.172839634619219
v 0.114859600392719 0.187358185072371 0.156174310736144
v 0.114351518045072 0.0713426559047291 0.341453235470305
v 0.113738520174819 0.0918002135578279 -0.309262039347591
v 0.116152739522881 0.224554150637024 -0.252381678985929
v 0.117375406777288 0.0846126769129791 0.325884090349042
v 0.113863948458257 0.0112960697772978 -0.364330536600311
v 0.11411998715558 0.0923978122205174 0.309394092901631
v 0.115438329837459 0.022434763722816 0.36832387982583
v 0.114463481608726 0.211511382087119 0.232590134810876
v 0.114649491180188 0.197524040598424 0.16521048593342
v 0.117339139763857 0.0014846580114746 0.341026343070007
v 0.114835517269318 0.00510582302045866 -0.321608903831972
v 0.117289034113548 0.39745131942745 0.146503595357365
v 0.11439 0.210687 -0.180424
v 0.114039980185161 0.0901355874353514 -0.299893995116671
v 0.11237088285257 0.000646167772261981 0.332833818423599
v 0.11492590353837 0.00229045198071318 -0.34871012113287
v 0.112332336538542 0.0511720270387598 -0.359061421290859
v 0.112654730447371 0.18782690289476 -0.16021462780675
v 0.119138120851646 0.217979611647893 -0.198623434387379
v 0.115362589085676 0.0933942376240379 0.297321939987184
v 0.106808371342917 0.158137828097735 -0.0424793271279584
v 0.117575453170743 0.197800154561391 -0.172416761292332
v 0.117138715806032 0.078396286606353 0.29922886709696
v 0.114706490559487 0.385919714848295 -0.156285640749566
v 0.118878458079926 0.405777652174731 -0.136092967281151
v 0.119692130150096 0.160905637324667 0.0328514281956955
v 0.119592721835241 0.0506315187135054 0.358255638058219
v 0.116792908099056 0.215241193119308 -0.240388103206443
v 0.113417852885932 0.34529066779665 -0.18668785850107
v 0.118512587577466 0.0909306443985818 -0.317603488014224
v 0.117144494993486 0.142455514516804 -0.245638989472911
v 0.117028136501285 0.225633810961783 0.254103284409627
v 0.122578428785376 0.285482187531942 0.217002077559852
v 0.112371515311385 0.47266846718164 -0.0456283497446247
v 0.117070313383164 0.136920356520341 0.254024233573594
v 0.110815903735005 0.427169347882611 -0.119032422817937
v 0.118435948979 0.108531611247633 0.283274533100047
v 0.117024181895337 0.074035462076674 -0.299579793196694
v 0.107460640304771 0.45977060740678 0.0781566124702757
v 0.117920524661478 0.148704624601986 0.242953684188442
v 0.118173280893944 0.146938394137444 -0.256014593751151
v 0.118558543797848 0.133704809347634 -0.265286299995792
v 0.119588700835586 0.0989167166538474 -0.283278514457168
v 0.118974696527378 0.156477479082443 -0.247107973816319
v 0.112658801312973 0.163801021391837 -0.0788963648594328
v 0.118715823064527 0.193504132701605 0.152428003184356
v 0.121841103510821 0.0322370577627269 -0.30948649366916
v 0.118792953831929 0.115393497984074 -0.28142380795833
v 0.119212468808535 0.119020986811339 0.268900496867535
v 0.11861457690522 0.145777019715035 0.259226833892745
v 0.119076730957523 0.12170220356417 -0.264289247391592
v 0.119165054905461 0.024202663503991 -0.364853032850806
v 0.119347638078893 0.142002780828745 0.23974454848597
v 0.119227443082857 0.110997811833998 0.291894636570075
v 0.120936309920028 0.0952016343070241 0.284715743468585
v 0.118542253712902 0.219897128963192 0.187779180586733
v 0.121560912606961 0.119369648915563 0.258413698715249
v 0.119371042294616 0.120268785827096 0.279764084717282
v 0.11952147097616 0.132236323484388 0.246478440507076
v 0.119887057655671 0.192224108225594 -0.149296491527729
v 0.119298113768264 0.152032986191303 -0.237440342066895
v 0.119767302425441 0.221016943596587 -0.186768509192976
v 0.121351006220125 0.122908967733566 -0.25242544891142
v 0.123346872481237 0.103108856422019 0.273885763304106
v 0.117842232189683 0.151998961718651 0.249168765581227
v 0.115378100622748 0.368281305085549 0.171410236757911
v 0.121793209406729 0.270108409501569 0.231622565598087
v 0.120136315305738 0.142767266879923 -0.236154190907612
v 0.124630654821935 0.00394570355186244 0.345979228981811
v 0.121848010955457 0.00224357129958615 -0.322470944121473
v 0.124044334266638 0.00835202688287163 -0.354721353377361
v 0.123984877802278 0.18989965482477 -0.162450641849618
v 0.120285058837553 0.159776107814636 -0.24027065894009
v 0.129757060652616 0.223322710800055 -0.209129079808644
v 0.120931182058431 0.132519816697349 -0.241192564990464
v 0.125457076052013 0.0431772209001496 -0.357974880286651
v 0.117842571024183 0.159264225489765 -0.00666487000108721
v 0.121689809437882 0.127555535791141 -0.278028286078567
v 0.128382749840671 0.0183430575501532 0.359755245179908
v 0.123560416909201 0.178929318453425 -0.126215122782405
v 0.123050133195928 0.115246332191311 -0.292541594939698
v 0.122087429981705 0.161629115097089 0.236520284566684
v 0.121434086774601 0.199462884152991 -0.180095648483088
v 0.122287921889013 0.232573036159919 -0.250827179258851
v 0.123003536095455 0.154596360472908 -0.259276641176225
v 0.125735406917465 0.00851870711589404 0.35528759067282
v 0.12235797879875 0.232034332612774 0.252277347676312
v 0.123001029256326 0.101144347542116 0.309798333781288
v 0.123130910043134 0.143011674771513 0.268955813042375
v 0.123193130126476 0.215436559337796 -0.228623941798849
v 0.122068938455025 0.206220544824402 0.186720589047716
v 0.122505848265334 0.140444120623131 -0.268918392812138
v 0.123017475502917 0.151133752877527 0.23122965231211
v 0.122603992385338 0.322846390934209 -0.195961304394105
v 0.132510284128817 0.0315184562344336 0.358226836551532
v 0.120676602417136 0.15830673360587 0.252617126771248
v 0.118488797573692 0.17635675962073 0.126867262509904
v 0.119517010732509 0.0212493747367999 0.315840049487175
v 0.12552416313799 0.166396017409979 -0.230987982590021
v 0.125747228604011 0.147802738790644 -0.226047876957546
v 0.124176995310379 0.168338102123148 0.242887158437556
v 0.124840630398448 0.273674229115235 -0.227131320212166
v 0.124115467992293 0.0067993525985359 0.316017261488
v 0.124796897500366 0.12745991737589 0.283339914909556
v 0.12598788183852 0.131113856186461 0.235728135503856
v 0.12556171916069 0.106249827844985 -0.264702675760113
v 0.129182757513928 0.0866742882491011 0.326941328883292
v 0.129124242867574 0.230146501916719 0.191404785536651
v 0.125125789937497 0.157190070053793 0.260693156333129
v 0.125294431683678 0.0131739748383151 -0.311547307921327
v 0.12528483048512 0.185444888062234 0.136271359546965
v 0.122697740988729 0.196640020320293 0.179291723893367
v 0.12795703794979 0.364686444972029 -0.165711424715278
v 0.12626876569765 0.192483072767359 0.137699938379031
v 0.124164576495701 0.192130516151253 -0.172381532774976
v 0.127647599925191 0.119470378521424 -0.244293043483027
v 0.129698754314105 0.117133458864988 0.245794031234806
v 0.125788546913002 0.00233493047264093 -0.33034343684024
v 0.128544881444352 0.0820741005172414 -0.281024769034965
v 0.128859758619576 0.140710251919233 0.226684207944819
v 0.125555181371163 0.11796251103888 0.293287800785545
v 0.125168334931054 0.135947207609619 -0.231574906469979
v 0.123464426214001 0.207433305563817 -0.186937467610399
v 0.125066159703569 0.00290916169477375 0.3226200882348
v 0.1211844414231 0.446973621175375 0.088054933595601
v 0.124242112037598 0.16626816650226 -0.248704584345345
v 0.123151139257227 0.174419151153658 -0.11239075829115
v 0.126341503278553 0.227412777335827 0.247118802385344
v 0.1259345003942 0.170960289629941 -0.238933753225954
v 0.126328245721001 0.16650362884387 0.253232787175414
v 0.12317144453488 0.476311135083864 0.000607663262377812
v 0.126172928866916 0.069131917765199 0.343163856773078
v 0.126698508502185 0.422789045721932 0.115166924614751
v 0.130915489679421 0.0816758182876678 0.280452878556552
v 0.130733774268263 0.10851993342271 -0.304659712839733
v 0.127517393720753 0.228927088398899 -0.190676868925478
v 0.129421033131445 0.168348314638503 0.227218829276656
v 0.130353834897686 0.149950850838924 -0.268317209649142
v 0.125454902739537 0.00544048372881092 -0.314959812109828
v 0.130553169768457 0.00569172270242256 -0.343599596140248
v 0.127615492725492 0.290836436250686 -0.210547976271401
v 0.130029510469528 0.215420545990308 0.193621313926658
v 0.127479983936434 0.172151897324948 0.235989714790749
v 0.141223805032631 0.261293844747797 0.230309599033916
v 0.128675895451592 0.0544747625448503 -0.29554627764686
v 0.133987580429616 0.0340242750259803 0.300598672518669
v 0.12911968382747 0.133270102442371 -0.280362522326357
v 0.130279721633096 0.150268578706852 0.269302967664195
v 0.12760163456077 0.158508841638602 -0.223834489486764
v 0.126902376177265 0.187900989955853 0.162620036430704
v 0.128069784976467 0.158470626741023 0.224925505421948
v 0.132519575975369 0.100153061311611 0.2626139073343
v 0.124135040220654 0.46951967694272 0.0404289505516825
v 0.13000925310833 0.0589728227209464 0.294073025718994
v 0.123250300608948 0.452777740548204 -0.076151710875019
v 0.12959434961054 0.164710244554492 -0.25700820734341
v 0.134463905330078 0.469625025922825 0.0187149925201498
v 0.130356220694409 0.175400874580123 0.245380472652013
v 0.126098971288353 0.190355880349441 0.172080977123269
v 0.141968690244998 0.0488673581851815 -0.347642936851831
v 0.128505272828059 0.198595190830228 0.186623749298446
v 0.130804203908097 0.231440864905726 -0.245265343152755
v 0.123468615738931 0.475000347639871 -0.0169585853998065
v 0.133478984611681 0.172319767379955 0.253554618538619
v 0.134020452281458 0.168939727747258 -0.220006746065783
v 0.137667176096596 0.153196074254885 -0.214251644378878
v 0.13484820369682 0.138544964545946 -0.220661888427399
v 0.131377156116533 0.019823835168976 -0.356386203152349
v 0.136076324040917 0.128059560164726 0.228259871469489
v 0.134159055904425 0.24328475858017 0.242428078798529
v 0.140308539228424 0.101627139937397 -0.312989888514837
v 0.130837060933131 0.468379338670029 -0.0324124683008942
v 0.130099473590121 0.191113089119631 -0.177938161158703
v 0.131882554084858 0.126716979735484 -0.231375420313303
v 0.130946838434541 0.220598486242481 0.223017343593914
v 0.1325765951589 0.177217281524796 -0.230451587255093
v 0.133895022673883 0.109164136605231 0.306222413298134
v 0.132393348155222 0.457156676038523 0.0605052945606964
v 0.13525911665339 0.151161504008008 0.218119059621779
v 0.135295502261794 0.225335831509209 -0.233285434494785
v 0.134891008550468 0.337713443876708 0.182440009766093
v 0.132850875479354 0.00444075895384407 -0.315115166897574
v 0.131889340185554 0.205460800010428 0.192467252945931
v 0.133283296951989 0.223107602359772 0.233475798496739
v 0.131488 0.193512 -0.1296
v 0.131829186469867 0.178040025855246 -0.239118724232591
v 0.134715942364507 0.180415929915995 0.236075442135125
v 0.130566019079052 0.197317725864717 -0.185630876283527
v 0.139924561757548 0.420174485936117 -0.107331561243637
v 0.135843985364596 0.178028800880717 0.227210856127662
v 0.13306045504743 0.186186455574398 0.149573279190733
v 0.1359640034492 0.205214452874897 -0.192816296923805
v 0.131874181239413 0.186535228943481 -0.168911431152526
v 0.134278229336361 0.177965746655728 -0.245554097180344
v 0.130810956722523 0.212336127088088 -0.192444925853334
v 0.137346525271803 0.164352216083309 0.216753448520468
v 0.136055401398947 0.124893746606498 -0.290663278857699
v 0.129237771373575 0.173850106169795 0.0985726781717475
v 0.137759154546233 0.126068205807318 0.291448766190048
v 0.13798791367085 0.180318303146978 0.246334847023319
v 0.139991615361827 0.137954283389014 0.219240550550519
v 0.136596365338398 0.22418775495655 -0.223581212424267
v 0.140013521080794 0.174139310715829 0.218456629037562
v 0.142085177829058 0.00774135753249847 0.309054472894333
v 0.138542343968086 0.169047154308737 -0.257200933336843
v 0.13724923178132 0.219753956671886 -0.195412527846338
v 0.13874413994296 0.177770298922814 -0.221290990577963
v 0.139740794253169 0.00856133644537362 0.340336253837186
v 0.13798957068757 0.0132719258410792 0.349502585385267
v 0.136203405308158 0.297143490453841 0.20530556276328
v 0.143462846750392 0.167195914734803 0.00824600183097829
v 0.140589307395759 0.182950236854989 -0.2261937778847
v 0.135094991481066 0.189325443945285 0.180050177321041
v 0.135737370967304 0.00518218956105571 0.332899208826873
v 0.137607083073864 0.236806005186926 0.243002094363491
v 0.142172103933678 0.140312258946674 -0.279016477528155
v 0.146773677474261 0.0910968093033113 0.323151130514581
v 0.137889287964867 0.183330005139657 -0.154658054117485
v 0.14735337932246 0.122732625314307 -0.223229378406163
v 0.137321282194568 0.011836106903721 0.305525499249046
v 0.144894190375679 0.157608465100116 -0.266665276520842
v 0.136664146724833 0.0458712912928558 0.353033254611262
v 0.135944995360775 0.183632036403787 0.160753971773526
v 0.139012937820885 0.188051181159364 -0.178586200750148
v 0.139546430007092 0.22820664722777 0.218174182134217
v 0.137215702978263 0.19568322929112 0.188767865885428
v 0.138055354297746 0.208949693701712 0.196011098299447
v 0.139331533930261 0.183943744101058 -0.233270314551331
v 0.138027416577191 0.188485143959269 0.12090496001354
v 0.14325500073841 0.16478200417453 -0.210670574724988
v 0.144426208245452 0.137556704434585 -0.214983776554687
v 0.143887713340258 0.453106987573011 -0.0541707599754305
v 0.1426537636111 0.00654083777659489 0.320780722682329
v 0.138758502299619 0.104639303733637 -0.248633102885213
v 0.140631670623581 0.0145590741922755 -0.346430145213076
v 0.142471786501021 0.174299230510556 0.254945206299233
v 0.135740298082894 0.166131047540875 -0.0346194771638328
v 0.142052131278805 0.0224800611505796 0.350919209334319
v 0.140449137046519 0.193600122223503 -0.186046231338146
v 0.139615705546138 0.184385064499694 0.171892103245656
v 0.138258782672128 0.02976582300962 -0.297215919732817
v 0.144373814668481 0.43306159169308 0.0886950919132597
v 0.144748257470543 0.1852825146146 -0.139564828387217
v 0.14188 0.19577 0.118543
v 0.143614282702454 0.144951625610012 0.276993673734032
v 0.146482551243287 0.179131410240524 -0.249493588812768
v 0.134123849174376 0.0587867248750299 -0.346796874391726
v 0.146987892593092 0.14919343395687 0.210892516178736
v 0.152784712549456 0.360764066041746 0.155224356977556
v 0.141721608563382 0.0111562568357869 -0.302386997098293
v 0.138102438035352 0.181904587584035 0.109571062871399
v 0.14054756608011 0.224464842243574 0.196887632523952
v 0.142281718867726 0.200382179806943 -0.191943654398458
v 0.141865569192048 0.0687799191826239 0.340008444369991
v 0.136529145107342 0.171736195559328 0.0729619196280954
v 0.138558672665548 0.186002770340693 -0.116850691670534
v 0.148214182453714 0.0263351826501883 -0.345389254698421
v 0.141854548284776 0.183084486639745 -0.167435303463075
v 0.14539184413698 0.185704465911706 0.226714186546936
v 0.148108764701224 0.0999542169246172 0.246563572215628
v 0.143367065041442 0.196334977719857 -0.116687962416292
v 0.143125493069927 0.190696605305937 0.183209009446937
v 0.141870753557579 0.20051026872329 0.193204158309449
v 0.141998902148498 0.241292721397805 -0.190985031453186
v 0.145903413135932 0.16376231451107 0.263590657663304
v 0.142993190590465 0.0063102351880988 -0.320201806396311
v 0.144973549213263 0.0816359568563296 0.266053773684313
v 0.141959560788864 0.232477723771029 0.234830089056531
v 0.140927606161396 0.183909306073001 -0.240400354243421
v 0.142650098626405 0.380774269290609 -0.144056313063197
v 0.142103801672743 0.437253795378157 -0.0835628791934227
v 0.143486733325914 0.186122598312197 0.236723110095632
v 0.14421932751496 0.210309621883011 -0.196847814211281
v 0.146800729843358 0.297451029403034 -0.204879664896199
v 0.145461965227098 0.181215780319426 0.158173714506967
v 0.141610992055063 0.240008953449131 -0.239072252171111
v 0.143304202033443 0.188111310833228 0.134745561622991
v 0.144529392116056 0.242991365577511 0.190988065958344
v 0.144716363959567 0.212738491003248 0.198616659015105
v 0.147204151610095 0.241206307442362 0.236237516425495
v 0.141823598980399 0.0657355661260366 -0.278069673069718
v 0.142424194019206 0.234621815484576 -0.235475350238736
v 0.150358452360262 0.183044950788565 0.0908101909614506
v 0.14888190072194 0.185377282987598 0.243458762498413
v 0.149028676111047 0.187931284999922 -0.225512774894748
v 0.14967476004148 0.0468153782240475 -0.281724246891525
v 0.15241184098793 0.0819725306663605 -0.257388834177592
v 0.152444506216639 0.238344486266491 -0.224845717681133
v 0.146959004466434 0.010334520205415 -0.333773620248927
v 0.150193541003006 0.458011584452686 -0.0305303631934474
v 0.148037264788026 0.183475632262072 -0.217962765101846
v 0.151816401333001 0.460494672410671 -0.0127494329279334
v 0.153722899664766 0.24215181505802 0.229530133779778
v 0.152657059156254 0.170753786553779 -0.257217463846388
v 0.151024571777688 0.189335035841785 0.18240138239241
v 0.148995241217348 0.292958377550286 0.210465157927866
v 0.148861899068264 0.189576122935193 -0.180030777432194
v 0.145441818819147 0.231549970112738 -0.221420058034882
v 0.148815055888859 0.188533677294684 -0.233179664729587
v 0.151439709130233 0.00975684112799223 -0.30392982080018
v 0.14655322086489 0.197847137504733 0.190399924060796
v 0.14956956603761 0.181227978550843 -0.156584308612042
v 0.14887610659565 0.181819918162086 0.146969071436206
v 0.14836584136114 0.196949553591948 -0.18866321605992
v 0.150332673438923 0.106418448450898 -0.236465865687823
v 0.149391467953924 0.17522719270349 0.211032363901219
v 0.168005354383573 0.103814939392909 0.228730604258426
v 0.151499736050827 0.0548467154783404 0.27782532197734
v 0.148257991974568 0.18788027889074 0.177776905562801
v 0.149926296663661 0.203651429745473 -0.19362048080224
v 0.154047290668522 0.173001558429791 0.034030192270115
v 0.149942311952303 0.462400670880331 0.000604342940297056
v 0.154335935798148 0.190214160088266 0.23224531330669
v 0.153302541008566 0.18635304128992 -0.241364355484506
v 0.150388243637886 0.202972007917113 0.194251642988795
v 0.145879574878282 0.237135539424277 -0.207206095619666
v 0.150610553948995 0.184037180341561 0.167855577835023
v 0.151645982570572 0.183153180852997 0.214941014055584
v 0.1485532744193 0.457558495516646 0.0364244781535901
v 0.15155186401002 0.19390173601682 0.189264841030464
v 0.152533975616482 0.183518649619834 -0.165294179420483
v 0.151872641159289 0.169290566079138 -0.205054523037528
v 0.152172836214506 0.249416680898816 -0.230968946325678
v 0.157477860629465 0.0421352652856122 -0.339743703048212
v 0.147985889067267 0.234013484236199 -0.195233316669165
v 0.154485111911927 0.0252026263737405 0.289734694877567
v 0.157482270016279 0.177008485730129 -0.051036089106953
v 0.153892421902069 0.18981348633954 -0.18728515819863
v 0.149999834858487 0.221681413946583 0.199917982761497
v 0.154138214963617 0.0276905968135756 -0.287419752133944
v 0.147018875835248 0.116588357147312 -0.300106506765703
v 0.153088031453525 0.181297109573229 -0.20918922349881
v 0.156750446236785 0.155847405683544 0.203310574704229
v 0.153211 0.211533230354614 0.197685669078416
v 0.152699676104266 0.224321431698134 -0.199223266894105
v 0.154335191923166 0.390194528821267 0.128943814634683
v 0.153953304668062 0.199920084086672 -0.194804103079184
v 0.156441762450806 0.410445596090511 0.106451530036022
v 0.148578028040723 0.0134459182224673 0.299124363306332
v 0.153709978474141 0.181810322866667 -0.143149207705869
v 0.157427400694692 0.182017025406273 0.149427130159865
v 0.152672064540078 0.00997061457264708 0.319999921147251
v 0.153556918780531 0.243460295795945 -0.230036674755124
v 0.155332134411264 0.184969664983886 -0.180259755657427
v 0.148993401573395 0.191309863515657 0.109624458179703
v 0.150070416659065 0.164701813782443 0.207395274972972
v 0.154507653923628 0.211632106370234 -0.196993861815047
v 0.155036630584506 0.313882751556541 -0.184893694362855
v 0.155453250097156 0.189246336642572 -0.217344077799515
v 0.159481679224656 0.195841104932325 -0.115521029881122
v 0.161308713131005 0.454259712056004 0.0142216104106717
v 0.157070376158317 0.0136811415498994 0.326708211208203
v 0.153375688566869 0.0169560726598335 0.337240563170893
v 0.155773869664987 0.185442510647771 0.207495842108747
v 0.156724 0.253042 0.186109
v 0.154485589339615 0.188518453763855 0.219371618578268
v 0.154447918546997 0.193007894464442 0.194020679053328
v 0.15575845835469 0.181406227913336 0.249034351996827
v 0.156233743328052 0.176843373115809 0.201869621234386
v 0.155738090956485 0.307705621749533 0.194954075153333
v 0.15720516315411 0.190467350516925 -0.210330537331668
v 0.160969004046492 0.0672133945837187 0.333778440479279
v 0.157125342886172 0.205367717176479 0.200035920013579
v 0.155551367258717 0.193259861809991 -0.195440134543274
v 0.158418275028527 0.173323158395481 -0.0173423016606751
v 0.156343401592431 0.184417399920292 0.188435814106247
v 0.156505622259485 0.1871163708431 -0.203412498554023
v 0.160171173768432 0.396112084121804 -0.117182832464902
v 0.15682031715128 0.173611484961016 -0.199715556801458
v 0.15960072463102 0.181951414102696 0.157365733354874
v 0.159812761265707 0.434888453306923 -0.0688285589979167
v 0.159667887648737 0.180110406317304 0.175210298734856
v 0.156635862705301 0.184711656117535 0.199268408082388
v 0.157023953666436 0.182400039514112 -0.170721468751319
v 0.157608735886433 0.202131408830234 -0.199855532483698
v 0.143221813776902 0.335730390553558 -0.177543224261898
v 0.152235263265647 0.440775274898287 0.0687655557963146
v 0.156507599037463 0.0198975197827132 -0.335190108159639
v 0.157129576235596 0.0119202641224532 0.302170389557913
v 0.162468962562668 0.124399198520714 0.21565827171074
v 0.157676708836696 0.195539825522892 0.20403794581379
v 0.157423081702401 0.253183589410157 -0.18438366917338
v 0.157909565349596 0.249778403596137 0.228744764522845
v 0.159744357030228 0.166705050591565 0.197733305861727
v 0.157267122017899 0.160521275218887 -0.200427797514366
v 0.164017912179403 0.0184777228326213 0.289502433268768
v 0.1581655406395 0.180176208993524 -0.19321720849435
v 0.169313496196406 0.164831334260172 -0.261118384994196
v 0.158894 0.202074 -0.10297
v 0.15506493686552 0.306470726279509 -0.195395182913553
v 0.16014119751099 0.156600788051391 0.269237669763895
v 0.159345128774369 0.012918565881739 -0.319702000604305
v 0.160276826879466 0.193049662802538 -0.224138200163981
v 0.155039447591167 0.015955217848487 -0.293115188139618
v 0.159760368870641 0.19432898346156 0.215589356789295
v 0.158517 0.182781416606415 0.139938137045153
v 0.162956055477716 0.179546318932216 0.164526497547014
v 0.165337217031491 0.0320861571022311 0.334348977314451
v 0.162899038805787 0.248942853734252 0.220621488738034
v 0.159648019261094 0.250940533064061 -0.200623847761936
v 0.160112630352666 0.182587080917845 -0.151665377409404
v 0.163477619764435 0.195398621285567 0.223982468289025
v 0.170250792506095 0.103332030585096 -0.225786716192581
v 0.158681105965993 0.196324857321297 -0.20513824722555
v 0.156835512810801 0.144826052641552 -0.205144399534143
v 0.162584650008806 0.214652008654246 -0.200757198767251
v 0.160523203686311 0.176463773745208 0.187731870384186
v 0.161446320791059 0.220552277733286 0.19889744172907
v 0.165872968199201 0.182522038662267 -0.245762904551342
v 0.168488015253492 0.415500666986419 -0.0876401090892052
v 0.155699 0.200966 0.107149
v 0.161562142821975 0.166644546955417 -0.194321761845797
v 0.161881547835356 0.443035515827968 0.0516247304743741
v 0.161629054210944 0.196899187335372 -0.214018582570822
v 0.158068947830301 0.140944674373829 0.20803217285946
v 0.159757613019987 0.179519119686626 -0.183380946978158
v 0.158618276959559 0.233163640616009 0.198629565996305
v 0.161185296530829 0.318284028258177 0.18019218872191
v 0.161903785103723 0.1846169294313 -0.133638813488272
v 0.161933699675203 0.23639268715694 -0.196980637699765
v 0.162891913587503 0.0715378378484822 -0.329499029347208
v 0.158419106243013 0.184577601267877 -0.0801369461387158
v 0.157902895601104 0.246410781644179 0.210745798559819
v 0.163596131673315 0.302727858912028 -0.199015344556415
v 0.160022935580702 0.198383045456606 0.102395587444259
v 0.159989551669337 0.193986210410067 -0.0982299936841182
v 0.168044669947286 0.148942888725792 0.198129132835988
v 0.164321163227883 0.125746593192394 -0.211775041988494
v 0.165374760766007 0.191593475580688 0.234742082359708
v 0.16360203310583 0.211473127773761 0.204185718841396
v 0.164750446315901 0.201306591983574 0.214817700839414
v 0.170545882376945 0.374753017938989 -0.129108598560216
v 0.162124371851293 0.0128587525743261 -0.306444587529369
v 0.165190276863974 0.206553881353893 -0.208252206471568
v 0.166254426105018 0.168971290403748 -0.185153637495444
v 0.166789604360412 0.164423959151547 0.189528036068348
v 0.164110905801411 0.224161596198659 -0.197459182275965
v 0.167372525097832 0.44442774647176 -0.0374008466506598
v 0.164271510629945 0.176820245187098 -0.172818631742213
v 0.166214784502034 0.0190873875051153 -0.322730954129556
v 0.172072290495403 0.178592548232297 0.0047210366233375
v 0.169725655223905 0.242344246864225 0.195134971691407
v 0.164790830110611 0.191856298648357 -0.232562032660843
v 0.165320760426903 0.25451 -0.221634743237273
v 0.166641947019871 0.186221351585692 0.131653694024108
v 0.166791977986792 0.260122605018737 0.179126549114226
v 0.167693798059587 0.152412581604427 -0.195044518970334
v 0.168859309067973 0.0237965682420266 0.326037172319494
v 0.167009549969339 0.252776422608264 -0.214903294647286
v 0.170136059764215 0.23092315716853 0.196344311191585
v 0.168950013120617 0.198370190472177 -0.222989095542765
v 0.163087055456857 0.0570750211634844 -0.334074311047758
v 0.15905152329507 0.267248411048243 0.221030602740368
v 0.168733299750977 0.0359505234418175 -0.33077728505553
v 0.170558590212116 0.17051553221369 0.176062230821157
v 0.167673953186785 0.322502026284644 -0.171952119806349
v 0.169084888866239 0.447669428539109 -0.0209542611451026
v 0.168486723864495 0.187704449421279 -0.127484834054053
v 0.169740678800156 0.183785601258618 0.145533142548342
v 0.166062641595899 0.0150366345628469 0.311233116262393
v 0.171667817765655 0.186110546168764 -0.139444112130567
v 0.169079795814954 0.0216936959089985 -0.28321631692305
v 0.172619 0.208461 -0.095118
v 0.17187737215578 0.258021526836952 0.212205935542
v 0.169031008110335 0.176374647206621 -0.164173023548559
v 0.170192478632575 0.202687208627765 -0.107313039933768
v 0.169320369688334 0.309856542495687 0.193358869685794
v 0.174792876625689 0.409127212403282 0.090595548825373
v 0.168212532623242 0.0169228142575447 -0.290324702328554
v 0.176698333628226 0.431387151746573 -0.051835798147035
v 0.167978764233744 0.312412546824919 -0.189486556062229
v 0.165419717525322 0.186142767765665 0.0718925528045937
v 0.170018087131453 0.207366712129974 0.0974516546597887
v 0.170941903891182 0.262993326141175 -0.17501771681154
v 0.173796761534309 0.218151207494363 -0.205802008209299
v 0.169608478303136 0.316615491437074 0.184778735289288
v 0.169228246090408 0.197404755035028 0.116300424980798
v 0.181240779808285 0.396256729607029 -0.0980191924295288
v 0.172666053906191 0.26444848755877 -0.215827505791908
v 0.173589780761595 0.202398450638302 0.222319026643982
v 0.175455640765468 0.0991270574535053 0.312325277840155
v 0.170146367174266 0.0572429586690089 -0.261291741900831
v 0.17448227217909 0.0181494108001789 -0.297524947172352
v 0.186500130809376 0.124178987056966 0.2020239876945
v 0.178639098232595 0.0209916233348723 0.288827649103792
v 0.171228560685014 0.115423134782465 -0.30050314700407
v 0.17374626465796 0.423000105726704 0.0724035811042643
v 0.163792685467808 0.352900560367369 -0.152452375406813
v 0.175440473296427 0.261591791036129 -0.211328754220942
v 0.176930094035242 0.266803251773146 0.169992197459424
v 0.170415733856065 0.12581808790016 0.293767154255403
v 0.174383159878593 0.235047470764555 -0.193394193475035
v 0.17178412922868 0.203751556560883 0.108127208491052
v 0.174266472904747 0.247004935096369 -0.191253357714629
v 0.175264462504475 0.208718121247111 -0.21540029299844
v 0.173897967586444 0.26367785108736 0.215978888388401
v 0.17461247630274 0.0197431193652864 -0.309563046333872
v 0.177665517151061 0.191283684881791 0.125482819918308
v 0.178347530889761 0.250333136457742 0.189592342707222
v 0.177619988205652 0.22382447252095 0.204291153720546
v 0.171010697094801 0.44320506809527 0.0340786557442306
v 0.177839592129876 0.360857813991352 0.136641422205914
v 0.176532176978349 0.0193853527152139 0.300686891994008
v 0.178195299021573 0.0234772069280715 0.312513540574127
v 0.180845499179055 0.197840223566887 -0.22916486127004
v 0.18105390795092 0.150655474864846 0.186697997030003
v 0.173800513379127 0.168590566554109 -0.174017421425248
v 0.179955369278242 0.30357989900841 -0.192265575605942
v 0.17218871392707 0.0531782628862878 0.264356002265835
v 0.184999567383458 0.243766173021781 0.188209222634844
v 0.176760419444047 0.444024142981266 -0.00249722552904098
v 0.179669074991728 0.314164867849118 -0.184680750004033
v 0.184070079928269 0.0398147661256946 -0.3178587691197
v 0.173323042619239 0.262318244011236 0.19735680086672
v 0.182620613463595 0.171570004515352 0.16192851877795
v 0.174347571891205 0.0945848569119636 -0.313844610903737
v 0.175051581131973 0.178075369335488 -0.154701369447455
v 0.177931587786306 0.14714813896293 -0.274708203167022
v 0.189450360254026 0.432267364198825 0.0196393527315258
v 0.175948749063856 0.26369930332687 -0.198546046963626
v 0.185290809537434 0.184878020774623 -0.242200156668757
v 0.184563403110821 0.193571854821599 -0.130619864435604
v 0.185203992440339 0.213989042936443 0.0893267103514816
v 0.186271966265447 0.088370417189036 0.313733346152674
v 0.179497435203055 0.211154677373913 -0.0994947229887566
v 0.176482734256215 0.049639441335388 0.327767049564176
v 0.180803 0.0272220791933812 0.276791131507079
v 0.188182320585541 0.431683384393068 -0.0261303770663217
v 0.189967575735018 0.358887354966531 -0.126502936040469
v 0.180543110140667 0.314907711912518 0.185046082308893
v 0.180523996744949 0.292849575742393 0.200115100914149
v 0.183316433739759 0.025696889008901 -0.276783383933303
v 0.185894458833112 0.182337491492415 0.145737557253384
v 0.180761626492755 0.255966271043173 -0.183618465319951
v 0.182089696694577 0.0330255930062291 0.318082350815065
v 0.180042127270981 0.190363283713918 0.134942754806588
v 0.181144207265233 0.193425952910548 -0.122144242440845
v 0.180255393180084 0.322174557825502 -0.174288224632908
v 0.181669270824763 0.38854705511437 0.107418868228329
v 0.181561850593648 0.213407704983242 0.098586786444704
v 0.182906590740243 0.202073386241544 0.114959205510024
v 0.170229430389015 0.0359438784337097 0.275440474152266
v 0.181432940525892 0.153926644658008 -0.182561212701189
v 0.183458606932482 0.19228110173055 0.236624350007124
v 0.181790765774869 0.137984434344158 -0.193723865557458
v 0.178379504188194 0.16951531737864 0.257890057565743
v 0.179199150382481 0.203974118407931 -0.109993313701417
v 0.182983010418472 0.0343464091284344 -0.268339398008377
v 0.182366802329583 0.322778431738062 0.174364490075422
v 0.194635960629635 0.194450565079535 -0.0410597895407891
v 0.182673748440522 0.328309350534579 0.159361498269169
v 0.184182789196247 0.252301401728722 -0.185396005025748
v 0.186768576785604 0.196819057852145 0.121915413696978
v 0.184922085860087 0.16831561749275 -0.16396495043121
v 0.187713326896987 0.42342818875749 0.0509713274846523
v 0.183987 0.328292231280006 -0.157616382532436
v 0.189072962136344 0.212430592573645 -0.217607874299147
v 0.187898259026525 0.268919384448927 -0.161124737090158
v 0.194036887584447 0.189243137559111 -0.137172097928268
v 0.187560685007381 0.410858032088828 -0.0721320674131681
v 0.184771189840307 0.271305328351956 -0.205030784731459
v 0.19629334548049 0.190683548279711 -0.0151665066182409
v 0.185168187209427 0.271513825619581 -0.161641443333463
v 0.181765458101165 0.070828392549246 -0.319976219701269
v 0.183512583793943 0.1822556986226 -0.145475630133441
v 0.187365194339836 0.256838998868531 0.182704104404852
v 0.189239779928579 0.0277620830668868 0.299854950091072
v 0.193180984933268 0.190276044331861 0.136972351240685
v 0.186799794567306 0.278543170538864 -0.204344578959055
v 0.186924700155281 0.268186216306923 0.164338499562495
v 0.189956932367525 0.0261791896056433 -0.284249460178932
v 0.190469709337393 0.248603680657656 -0.18259415529916
v 0.186157971024473 0.272388823295192 0.204141352726926
v 0.187540092478026 0.278638505701043 0.204925644133037
v 0.192046060749607 0.21912946557087 -0.0883724019990694
v 0.193120615292327 0.028309200400282 0.288055489588484
v 0.187394011125577 0.0257208787278953 -0.297582737511678
v 0.191429544410951 0.213664236507284 0.109389244515282
v 0.189221772083351 0.273821229115232 0.157448228598285
v 0.188847014079993 0.235753670015704 0.197599825863601
v 0.189491306260035 0.046345243262084 0.316132388533086
v 0.190053422626286 0.264456607640045 0.172120651958081
v 0.185887489084859 0.272255257125648 -0.183436832560811
v 0.19503721396042 0.371359138988711 -0.110128939568552
v 0.190734820586117 0.201104198965088 -0.117080735852964
v 0.192858728358975 0.318985347046065 0.174623887408564
v 0.190087059063981 0.158484118263252 0.172616395090259
v 0.185863739683718 0.203835935564137 -0.0775824042329004
v 0.186492581906397 0.263898330669662 -0.172529108712032
v 0.192323322478281 0.219478867105547 -0.102771834142244
v 0.18852000883774 0.0772862199144913 -0.235218849094031
v 0.188436756701361 0.210797444156836 0.220040633976216
v 0.192704609096522 0.212180828172894 -0.109927348394221
v 0.191235444447065 0.25992117035634 -0.177632497413757
v 0.188476615560885 0.0312260271474427 -0.306761146966963
v 0.192120669450126 0.270950583611801 0.155271060613004
v 0.192241345105899 0.320864853714463 -0.172018050477397
v 0.193326568780555 0.332269298191248 0.148676569563699
v 0.19126746277979 0.237028055137617 -0.195947906397849
v 0.194780199416043 0.201614360771536 0.126499557194047
v 0.192968010199127 0.270619185506008 -0.15367830469274
v 0.19422557965057 0.138467572012373 -0.279337218597814
v 0.193128098329802 0.203121879921659 0.117542707297534
v 0.19432952911949 0.0371036674847651 0.264245910125416
v 0.19398306945685 0.223350824780289 0.0960677866118987
v 0.20416597179727 0.40330177174024 0.0610120250799457
v 0.196832499521571 0.226126976843808 -0.0964785268102709
v 0.195083829476473 0.251692414297791 0.179608280569241
v 0.200575244010296 0.415356476349887 -0.0422934724555814
v 0.198575383316731 0.274447684462476 -0.142058630523854
v 0.197416960380794 0.2256058510694 -0.208001966371401
v 0.186462092815684 0.272557569111566 0.187014954977987
v 0.203005251991045 0.385650038354849 -0.0863279383037397
v 0.191266792897621 0.198790232023396 0.0606462366399127
v 0.199873763002975 0.0333357379506331 -0.26955612733243
v 0.194055130579599 0.0933967042697423 -0.306194723572219
v 0.196691036106495 0.278415304309599 0.144550301959539
v 0.19685743852897 0.285410828079733 0.197252922090508
v 0.1995637314599 0.153357793823572 -0.169636160572033
v 0.198025544864634 0.223827564090308 0.0887298143945668
v 0.195922905916655 0.261309501336186 0.174915786552321
v 0.192907 0.276332 -0.150573
v 0.200468138580021 0.392313655814138 0.0822892332651443
v 0.197777669637541 0.206772020479258 -0.115860012659429
v 0.202429948058844 0.0365580837146656 0.290372280483413
v 0.195264036075489 0.2012166171502 -0.126456634918569
v 0.199675402376265 0.203655658796148 -0.0582763303000939
v 0.198227900950452 0.282040368245568 -0.193372240779905
v 0.201234320968174 0.269456251095583 0.149813766994085
v 0.193916014751746 0.0307011186507348 0.27375650736724
v 0.198541315932504 0.271310899655919 0.145522783170539
v 0.207108704058752 0.182132575761565 0.142844131189208
v 0.200077 0.281907 -0.136507
v 0.204209717109038 0.198249834933716 0.131798154992281
v 0.199914363088609 0.226643274390219 0.106943103653683
v 0.191683074618355 0.117380170414947 -0.201968608497107
v 0.20051229555544 0.215408620667217 0.075938458365987
v 0.201636447299271 0.202970236910568 -0.226900636310306
v 0.198186300339973 0.120355113592223 -0.290686910255583
v 0.194516692501043 0.125734388956543 0.289928916650463
v 0.204590923139303 0.232935194218068 0.0941001326688203
v 0.200931073028851 0.0458416284409472 -0.302101660726409
v 0.200618889262026 0.230302456487878 -0.102201413648156
v 0.198939556227406 0.176002369428143 -0.149011669909592
v 0.199178802344733 0.265139820253705 -0.167721565712477
v 0.201037792404967 0.167160225733037 0.157754786921706
v 0.201408197482228 0.269665583717021 -0.142012451634309
v 0.200620799878055 0.224166477638212 -0.107960056402486
v 0.201015601245249 0.256503089169739 -0.171666258526227
v 0.200648737788211 0.0341178459322312 -0.28851173110569
v 0.202670994051994 0.290253537686404 -0.190364404134383
v 0.204305415748242 0.233009707080356 -0.094151491293162
v 0.202282677055777 0.266253532088222 0.165378261993275
v 0.201114321639952 0.423837275654238 -0.00471968871881737
v 0.201239477279529 0.216950436764692 -0.11085148286257
v 0.210666334484461 0.409157892185151 0.03441497361938
v 0.203819680293669 0.222465067423087 0.111318600382975
v 0.20333698053663 0.277376038710693 0.132403798132212
v 0.201873396670223 0.280486651311788 0.157753121992049
v 0.199002239840701 0.225310328044159 0.20969619434268
v 0.208125486067065 0.400594017071235 -0.0577858065121416
v 0.204408 0.287293 0.12668
v 0.203607384464341 0.269895129033959 0.136426556328247
v 0.201583980642323 0.330708008579082 -0.152661649107038
v 0.20260148965222 0.211611073111445 0.115744284745714
v 0.205540526435234 0.257572165143214 0.169345846109996
v 0.201708891089262 0.0336758725495308 0.278013352660594
v 0.204155852380887 0.235734898176867 0.103103847868662
v 0.201049237043985 0.247018991495195 0.187550307909288
v 0.199319203217916 0.301647363184673 0.185463287629996
v 0.206273 0.340746090719035 -0.128254631238281
v 0.205395402517711 0.268732778530611 -0.131813609438025
v 0.210087712480068 0.0390142250929055 -0.267115674089143
v 0.20623286001497 0.233867937032518 -0.108847097951501
v 0.210279850872824 0.0878949870344902 -0.297627110254965
v 0.192824780908492 0.0892937240256221 0.225213203326859
v 0.210292692093481 0.20070839788861 -0.12994530567311
v 0.211916029041989 0.411024160814772 -0.0225239299989939
v 0.207595861919108 0.213917832345011 0.123202879842933
v 0.207037118832562 0.266226582033318 -0.159626649478989
v 0.202940997964766 0.281051406863078 -0.155792367872716
v 0.207327146230448 0.266738652315385 0.135952714554307
v 0.206253977907434 0.283279490586746 0.170446919815599
v 0.206462207265298 0.24000048001789 -0.103715997731663
v 0.204465572207414 0.225171982380238 -0.082064796727196
v 0.2082675547505 0.23831766780064 0.111197725054811
v 0.212844340467787 0.186298980675524 -0.138164621420829
v 0.208628991135243 0.26369293550965 0.126117440652692
v 0.20731851362336 0.29183437462318 -0.117389163270367
v 0.209392134592611 0.215644506791025 -0.122148627198291
v 0.214874846200609 0.23541475167982 0.0830089418809604
v 0.203344422771521 0.0710938105904943 -0.304807648251677
v 0.209202572194574 0.246838902402253 0.108517499203357
v 0.208861857508806 0.264989950988598 -0.131409759009875
v 0.208671337949613 0.268670498719821 0.148340178475133
v 0.210667350698788 0.24358809339596 -0.0976198306405122
v 0.209394245796034 0.287538853687888 0.182779274678568
v 0.207617190258414 0.263754039992092 0.16280819909991
v 0.209989584104987 0.24263924715872 -0.111573613798967
v 0.208197693380568 0.0877312200532953 0.300864772775994
v 0.209655326424832 0.345099946754717 0.122024354130476
v 0.208422139227197 0.218756145599833 -0.113849523060209
v 0.209766681536375 0.268387197497114 -0.14848218129575
v 0.212261526652611 0.0568513352753225 0.295190859246768
v 0.210204332323292 0.263114155068887 -0.117348160486975
v 0.210028336651286 0.250642756668999 -0.10887164243907
v 0.209897199469817 0.254174767608505 0.17837603697135
v 0.210546551092783 0.255607981738057 0.113766770990985
v 0.210564281740747 0.260777775821429 -0.124200830363798
v 0.212704042581106 0.129057555525701 0.281567039577392
v 0.210847956317634 0.252857539931917 -0.115456526406709
v 0.207621113588982 0.0521959033924247 -0.244958368717124
v 0.210887391797395 0.248313610454195 0.11457533909769
v 0.210235673247108 0.244769979667973 0.100913670973573
v 0.211765989394706 0.294053580892479 0.182860505954233
v 0.212165676097369 0.224501575522729 0.114361857792313
v 0.211439361289231 0.299148343433316 0.109168105705869
v 0.215685239866232 0.10783002843304 -0.288347422971724
v 0.211395890183918 0.0475526484664307 -0.289009200925485
v 0.212730690814965 0.348673591229919 -0.11537827592731
v 0.212907063207596 0.261232014637747 -0.156564075585194
v 0.21112318977683 0.268630581271145 0.116281788566025
v 0.210730980810311 0.276287445799182 -0.1154798394548
v 0.214103189987183 0.259644543499827 0.126144641571042
v 0.214494236747685 0.290577758556161 -0.130631487145866
v 0.208884231193854 0.184207213545499 -0.241193345527709
v 0.212387491889641 0.260990420136152 0.158740817748059
v 0.2112397363649 0.285762122174722 0.144214241131752
v 0.212518607736704 0.257386543868062 0.108550224423047
v 0.212103016753542 0.236590577783048 -0.199425175664096
v 0.212370755314412 0.254521349332887 0.119887809914622
v 0.213787187828235 0.0496857404586611 0.248639388160133
v 0.207331603888365 0.337189576259705 0.1377375278776
v 0.212944288989806 0.0416935419495378 0.273910895243958
v 0.212284855238579 0.0475029071023285 0.288509765940276
v 0.212332412922445 0.0622253586131198 -0.295456410745959
v 0.21396593738018 0.220851744806135 0.122972644183206
v 0.20845054066994 0.237305495608144 0.199654473952326
v 0.217853753056819 0.199103034391732 0.131703756835411
v 0.205713194167295 0.0708923349707746 -0.230425463491967
v 0.210815433802999 0.0415077934129398 0.261656004772436
v 0.205795364249499 0.184917808434755 0.242544787147341
v 0.21450024640487 0.294685885452175 -0.178986177853647
v 0.214606492035083 0.229449953431592 -0.113371776071985
v 0.214714297575661 0.266575639298775 -0.140025990617785
v 0.213989936792063 0.304440670569135 -0.102224187544039
v 0.214969328992654 0.368453308033769 -0.0921637886130902
v 0.213118940433503 0.261724107031834 -0.108270168383777
v 0.213414791952729 0.265545567028654 0.152860416073347
v 0.216461899697684 0.266117906563274 0.143723284689955
v 0.218164395597239 0.238788917962673 -0.0822148807297405
v 0.214722831060104 0.0720240879785774 0.227486620987703
v 0.208527054225205 0.208727179270184 0.223753063151786
v 0.216221542745348 0.377000581762849 0.0816091359037163
v 0.218533779589394 0.29269044673124 -0.0988784035409556
v 0.213224204023791 0.286664108979527 -0.168371367550069
v 0.216601507508575 0.0442527750067269 -0.272344516858212
v 0.212012065513967 0.412713294237711 0.0137260219595347
v 0.217779251221572 0.25511101607099 -0.0960113427188817
v 0.214591397844037 0.286376022516068 -0.146626789574574
v 0.217387 0.38237 -0.07227
v 0.218423787036433 0.299395436424863 -0.116224744461287
v 0.212510621304264 0.304490221399002 0.173723935355366
v 0.217944850141054 0.228068487878622 -0.121565576340014
v 0.217162349569862 0.235509284326298 0.115152555799694
v 0.21657541277311 0.246941799872606 0.189446402676485
v 0.219652177446304 0.340594740590592 -0.128590352955682
v 0.217972819955881 0.386248500608078 0.0665640627014883
v 0.218468 0.316569 0.090086
v 0.218514578740592 0.2643960489652 -0.140708199927999
v 0.218591965269452 0.337931685532719 0.133774196061867
v 0.21971487576324 0.236242751526479 -0.117977155217713
v 0.218442938516578 0.261663750501939 0.146470857283513
v 0.219285059952221 0.317519678830437 -0.0875226368932348
v 0.217591705654248 0.264339159314248 -0.134738743501805
v 0.219346608101045 0.260935826713539 -0.145970636114747
v 0.218885617379581 0.241653926461221 -0.115358729806761
v 0.219598348688124 0.255382868205392 0.12340491347364
v 0.219877936904495 0.262826643645156 0.135437525957031
v 0.209817171552812 0.218697206283975 -0.214599419380816
v 0.218572256364293 0.279383676572241 0.102602677925757
v 0.213864606267989 0.291465203276774 0.129002271795903
v 0.219062977953525 0.389343683114969 -0.0588872841397287
v 0.219312440597274 0.229892162427704 0.12278082894031
v 0.21994688288425 0.248242866739696 0.0890939671092038
v 0.220293092626421 0.258536311205662 0.170589342003331
v 0.222416950822327 0.312257750981954 -0.155966798346514
v 0.218410178296167 0.291723726967544 -0.173591819362499
v 0.218937339731334 0.244285093019036 0.117062808161055
v 0.221055209231682 0.300361455699615 0.117597086048198
v 0.221321138253799 0.392889451494579 0.0495193307722264
v 0.221034648461626 0.354457383726056 -0.111423208466296
v 0.221306923382665 0.257628127214352 -0.126216275633158
v 0.220722625194167 0.250669651073791 -0.119611178749046
v 0.221662863525151 0.260351727050303 -0.134438200088192
v 0.221461037264044 0.259466591767876 -0.138253709676608
v 0.223449678698549 0.0492963927361293 0.263371131469227
v 0.222498338528014 0.244936280312531 -0.121073661532625
v 0.219859283496734 0.298975131944485 0.0960153309348818
v 0.221453340427536 0.241409931411842 0.120453743922619
v 0.219764060454598 0.273701464292577 -0.0997131653648737
v 0.222327525353487 0.252040748775091 0.123404741513346
v 0.201122420044975 0.192678755609429 0.0122825980381727
v 0.221543842843741 0.25823946866227 0.128225817742287
v 0.222598128263259 0.0487891354435827 -0.253921299460951
v 0.222438331218085 0.352975301886214 0.114346124099556
v 0.222474434536058 0.257737112576842 0.13737791087598
v 0.229713980372068 0.064044415998857 0.275484774909365
v 0.222522220997545 0.240182594493943 0.124318175010597
v 0.222650352885982 0.330160735658174 0.0778080084041542
v 0.229306807368356 0.32363329874212 0.092763748869318
v 0.222228076156645 0.239201632709016 -0.123218722393141
v 0.221092400202802 0.295618646033377 0.173104475471756
v 0.222988302210108 0.370502392337357 0.0953346148427733
v 0.220024494659829 0.253338074375311 0.180760134813268
v 0.224256520164993 0.0523365598969966 0.248977276765936
v 0.223623570344568 0.154387160445555 -0.259772381282678
v 0.223019169021347 0.396207606444387 -0.0362513256594575
v 0.222600603983742 0.397164591037561 0.0341189263053492
v 0.223236433450055 0.251336775305986 -0.124772869701722
v 0.222151732354076 0.368936576556543 -0.0954627757403496
v 0.227188585782764 0.346525028791951 -0.116638001758543
v 0.223746757217276 0.2538707932646 -0.131918901115842
v 0.224159816306041 0.24769450636694 -0.127120281117912
v 0.226736024222396 0.330919462332857 -0.0821588850512256
v 0.224435197482351 0.0907078036829015 -0.285861901572495
v 0.234883667524842 0.117048598398358 -0.272033862256593
v 0.223084037049424 0.166278122105866 0.150032703219734
v 0.221162220761439 0.261192120079677 -0.161389770576169
v 0.223747065880889 0.250941613488773 0.129580230385442
v 0.22426940879923 0.298055405808203 -0.167725602337874
v 0.221677695619075 0.0678964505986203 -0.226852357967456
v 0.231552368172504 0.0559603438544619 -0.25721600317374
v 0.224685672619832 0.399253648792885 0.0170207040063619
v 0.223497089588646 0.386669844919948 -0.0699016400675641
v 0.228087809257342 0.320629115398523 -0.0942102349514852
v 0.21746226673934 0.255835073040796 -0.175168018188141
v 0.224404986849739 0.399103615318551 -0.0191024724390903
v 0.221701948925323 0.379133154303974 -0.0815785275850502
v 0.229458322521157 0.312342930663071 -0.104642431082681
v 0.212831248142289 0.247991792743297 -0.186702667787759
v 0.230734806458442 0.323480195111029 -0.074521410022692
v 0.225210516551273 0.131086661223083 -0.272664355067471
v 0.209446357505123 0.216288239965611 -0.0670388520305829
v 0.226054786927367 0.260122370555654 0.142454214932559
v 0.22478303929451 0.400370204323906 -0.00305372679749343
v 0.225848200007459 0.383148069941089 0.0798950904076399
v 0.225893842714285 0.341963228804734 0.0682600980316261
v 0.226380230340295 0.061343424719024 -0.27734649013458
v 0.219008683065609 0.262473834402728 0.0990962809688399
v 0.225307009469231 0.0562085605333162 -0.239878551782154
v 0.226860911219812 0.345050755295803 -0.0641366608310661
v 0.222544083547373 0.112700465774811 0.284061049119532
v 0.22735197669756 0.363226376717122 -0.100755216881429
v 0.225651249113052 0.392714674575451 0.0584568545754707
v 0.227221291556888 0.29377203199657 -0.163380540983535
v 0.229382359008205 0.243751921564479 0.126697745294325
v 0.229367742160747 0.301277709739765 -0.0853999929449189
v 0.221787908841399 0.205231379399781 -0.223921748768324
v 0.221366285262325 0.22666084958243 0.208981596964156
v 0.225642393352472 0.393378497813193 -0.0543626261304033
v 0.228418591490474 0.256235560686436 -0.134945068767643
v 0.229642833653682 0.299293826750004 0.16197738689133
v 0.227744270936723 0.306682691635851 0.0856578794046612
v 0.232463571707971 0.336665984460948 0.0817783947140417
v 0.22858521633985 0.377964168406844 -0.0852178220163164
v 0.228603125621841 0.387090999280509 0.0740522961190626
v 0.226947284942151 0.0549592472053074 -0.269570714769962
v 0.228698443366959 0.293541538469343 0.161903144452811
v 0.228726222588558 0.291661700358122 -0.155023938847958
v 0.230164994454345 0.251107404550315 0.130922784862087
v 0.228926901419917 0.367536470870764 0.0966589196882628
v 0.229088648390233 0.37687281146048 0.0873094104319872
v 0.218746381145925 0.124114146520228 -0.180917636662182
v 0.227533750044467 0.292450733558904 0.0905725486232396
v 0.229604130371439 0.385615186340627 -0.0749827029450658
v 0.222987335421822 0.21423757471776 -0.125221073530206
v 0.224638773432741 0.261789028340185 0.159206749220926
v 0.229828620837496 0.271624764248578 -0.0882724142140153
v 0.230595696094006 0.391275219207707 -0.0644481740984998
v 0.229097698832733 0.351313748960016 0.0573392257885241
v 0.230835650823831 0.240567174747807 -0.193539562361145
v 0.228531132576184 0.192590844206693 -0.132796081081627
v 0.229882005157493 0.0942403582776025 0.282412937519844
v 0.230035888093607 0.400779292319662 0.0240206514104464
v 0.234879976569216 0.341147259072101 0.115628651993191
v 0.232796360193649 0.337253620174691 -0.065182689603479
v 0.230114754658301 0.260395582112791 -0.142453072529906
v 0.229578561492774 0.398885028408723 -0.0376225904196629
v 0.231735082092277 0.14252542093517 0.264953744896964
v 0.231070658253252 0.397920592648088 0.0461054767222814
v 0.220005081573868 0.157497568522749 -0.155888340096493
v 0.228484225152272 0.310676562128529 0.15226854367702
v 0.229172024201031 0.261815891052078 0.149104584718261
v 0.231347586485213 0.279672294275542 0.0886025882812056
v 0.231463356344474 0.299255759047484 -0.158849100283132
v 0.224702046959942 0.21251405522127 -0.0427226414518168
v 0.237595369821014 0.31893505758467 0.0751194055353541
v 0.223340486990242 0.0858601119372985 -0.21007612859125
v 0.231133 0.35577 -0.049917
v 0.232085301025689 0.261728723393297 -0.150522437707352
v 0.232195605961083 0.257505382719421 -0.169045158058159
v 0.226003642675691 0.203359961000563 -0.00356372301310358
v 0.225266293512945 0.213243498768321 0.126513696449246
v 0.231435910686312 0.256602309567864 0.13663232166664
v 0.23955004778391 0.359328915448396 -0.0589784621000738
v 0.231368642271153 0.248545093315734 -0.12847903797426
v 0.231462414609739 0.261966202432293 0.0849113060493373
v 0.232639328705112 0.394995008087124 0.0558518412752628
v 0.23119689112396 0.251012133192515 -0.180741708689997
v 0.23292846136547 0.395531188785475 -0.0529084209259339
v 0.232320436604855 0.250231691117207 0.182879717480545
v 0.228972893448661 0.253943110854228 -0.0825674810760176
v 0.22991751803345 0.124198244345266 0.177294412229512
v 0.241358707591128 0.360119107267787 0.0610019038787225
v 0.225228861403166 0.217983696997405 0.0527488392425578
v 0.227512540601867 0.182936021163296 -0.238738820738612
v 0.22919763966704 0.225942191806841 -0.207141071637328
v 0.232804 0.402220827254734 -0.0179299336475003
v 0.230951237149299 0.242178577937519 0.193066153049134
v 0.231816329665681 0.293576750634583 -0.137929275077526
v 0.234731471810034 0.259537205392705 0.143273728046358
v 0.23223 0.357974 0.047542
v 0.230661710238823 0.291865590815108 0.151170786437366
v 0.231924264279319 0.186496668971342 0.136398218126504
v 0.241973789366163 0.385791281577045 0.0633773839871392
v 0.234547271841748 0.209929755110393 -0.0196213743020778
v 0.239554615885416 0.072932645852436 0.223646609778523
v 0.234673780596526 0.208453242162067 0.0122139248594002
v 0.238296166642631 0.24206313288646 0.127910035248991
v 0.226890439295981 0.103897127405585 0.195363726584141
v 0.226988406161446 0.294420278182552 0.132877093407562
v 0.235465430000605 0.25650378464999 0.170406068646619
v 0.236758765384527 0.339698189447909 0.0630324453518165
v 0.23512171785762 0.403173389113492 0.00358847898584854
v 0.228398020779856 0.174688178463903 0.24606352405826
v 0.240937655510513 0.35095687394013 0.0735312780755448
v 0.235188882855725 0.296169518451298 -0.152682254967523
v 0.238032950780969 0.351888103568959 -0.0689066386153567
v 0.239232553632487 0.331945207856699 -0.118709808612013
v 0.231285548838455 0.226333771616283 -0.123830258267801
v 0.236162157712332 0.399439822175546 -0.0355495513068821
v 0.235952503000054 0.294246239853808 -0.145311104106941
v 0.236861888782765 0.40168185705924 0.0222089879576151
v 0.2433636352889 0.329555978857607 -0.0680345477557494
v 0.23715587639234 0.0864174102838165 -0.272843884960421
v 0.231699975825276 0.23324995821402 0.124702789958196
v 0.229458611394455 0.147228106748665 0.160558053410902
v 0.238574667379623 0.250189742375183 0.132603569981687
v 0.237702047187923 0.223968991184031 -0.0452621045585444
v 0.230135788182063 0.234769525019596 -0.066793996080229
v 0.237040246174884 0.398523034401435 0.0384622390877444
v 0.231633468645735 0.203401894914026 0.225019548420849
v 0.237286448336823 0.294939729020934 0.143695897481732
v 0.237317709038522 0.296921609666401 0.149806536868434
v 0.238691967040984 0.354890255190573 0.0483652870165419
v 0.237408209380478 0.364243939940373 -0.0342211347910114
v 0.237605693905883 0.255815760834865 -0.137200195200421
v 0.237301833825256 0.284534560829983 -0.0831931900000191
v 0.24203425259352 0.312206840027421 -0.0755905450964197
v 0.235991569821626 0.0601555822155584 -0.244139887744504
v 0.244189971686564 0.0726445424111141 0.25669409701752
v 0.240259106204062 0.299931772645002 0.0806265825914478
v 0.239915327835378 0.401148562236584 -0.0110485872808951
v 0.237353823067357 0.364494365661535 0.0350934469141167
v 0.237655621663471 0.259301738734478 0.158842853580992
v 0.242345703661702 0.257795193762974 0.150525547125901
v 0.249466492957082 0.372117064325919 -0.0346047180886633
v 0.236068468726085 0.214270942303202 0.0304227727922371
v 0.241154470543454 0.29895118977298 -0.14260907780866
v 0.246041259583818 0.39732098767404 0.00981742880021047
v 0.240265491281534 0.302346543651048 0.146069330374233
v 0.247711057316427 0.228437524351275 -0.19988405336788
v 0.240650391523714 0.302612960855594 -0.14477541746765
v 0.236399094082359 0.0843577911580376 0.210522534264481
v 0.241269462068786 0.258031577275407 -0.146450185198947
v 0.245853755994668 0.343197267019173 -0.0593720787964443
v 0.237535995095218 0.215011257594609 0.12655088941779
v 0.245956869040393 0.104174202171551 0.265885512496561
v 0.239665419896346 0.376478615213037 0.0788003735276691
v 0.239165913379888 0.248734764337925 -0.130886991790058
v 0.241653697912673 0.356314831796536 -0.0459596359352692
v 0.241737337787559 0.215674303064036 -0.0221454895871457
v 0.242053062032888 0.299599283169086 0.141142544996975
v 0.245867104571017 0.25437992919645 -0.164585296161052
v 0.233976040171438 0.238803696410151 -0.125161222008663
v 0.240215510118667 0.297200528186188 -0.137438723858387
v 0.241283248105513 0.298993811171844 0.133616613022392
v 0.248869723642023 0.346422791066917 0.0583795141589573
v 0.245302239349191 0.363624984401164 0.0360348436766971
v 0.251037983551797 0.333182589031156 0.0673451890439536
v 0.243040714299414 0.15102793174041 0.154585394237155
v 0.242611654556862 0.212740585326417 -0.00140722151689604
v 0.242683982336535 0.369769314485948 -0.0203408660818377
v 0.238548998397619 0.250120107381335 0.0724963390379287
v 0.245881715856467 0.268184918238107 -0.0757100070651947
v 0.243746691361517 0.370133580351976 0.0196259557302985
v 0.246405448117483 0.151890678876709 -0.24996228278577
v 0.244851804889685 0.0704360025842616 -0.250601058770607
v 0.244922001639289 0.215833900714547 0.0115426033637679
v 0.239085227271165 0.204554902565546 -0.127986160270481
v 0.245335013230039 0.362465921318451 0.0880097036990379
v 0.241071431931117 0.31020367118347 -0.113570847077589
v 0.244577918305899 0.303470365394775 -0.126138616798372
v 0.234283661878898 0.11208943037375 -0.184008780493468
v 0.240685486962896 0.0675614859613647 -0.23044730067592
v 0.24268953270277 0.333071958549171 0.0917880465493478
v 0.24479897665024 0.249566497580682 -0.176346971547647
v 0.247522024062463 0.0719259735733551 0.24288039060683
v 0.240742094816328 0.228587277218509 0.203623539676798
v 0.245893355359315 0.372121849591294 0.00802363802757309
v 0.246326062779269 0.371434273195706 -0.00986688097158147
v 0.248857632655828 0.252320153768682 0.167187194137598
v 0.244895412058807 0.241819856464487 -0.187278277023696
v 0.246185801651731 0.305002168754017 0.132437982240436
v 0.249545499983945 0.363495756396332 -0.0380262902761551
v 0.250214958441277 0.23116310666709 0.0386910606417857
v 0.251637042227124 0.236631504510746 -0.0461735591867986
v 0.252872568617466 0.371145420128515 0.0217607975997205
v 0.243375965410808 0.15606086711473 -0.150066326851999
v 0.250418258826108 0.253646874131619 -0.152666625184765
v 0.249865836505882 0.076082931267003 0.227762608695495
v 0.245611449500099 0.0784805914057222 -0.215795546363257
v 0.246011359402229 0.304746112781711 -0.132968587552886
v 0.251102871646662 0.369705700189954 -0.0239547682086345
v 0.236368174325852 0.131937590387944 -0.16767946332456
v 0.250218790121873 0.228229649730641 -0.031413285345732
v 0.241693801598683 0.204794901064813 -0.219665416893772
v 0.247486148258586 0.247999582858161 0.178179148083164
v 0.245455096637133 0.349164892068739 -0.0778605100926681
v 0.247016910139867 0.372556993909324 5.58950577766689e-06
v 0.250986203623731 0.31576856333343 0.0742018048062826
v 0.247274653299556 0.308498289766049 0.121443491747142
v 0.250953713308601 0.169438648197265 0.239904270480658
v 0.247800376494544 0.131976126080453 0.167040573428057
v 0.248169749409617 0.289169164248527 0.0786476137597796
v 0.25466509295695 0.302578314989225 0.0761890184717235
v 0.24214352719764 0.0962196208237485 -0.196338582039887
v 0.245464352845668 0.239568566695856 0.0570620672539562
v 0.251872158333963 0.391832624655506 -0.0248811192403322
v 0.249175400070016 0.073016910585192 -0.234322758349433
v 0.246143934001125 0.239434147721766 0.190814703339619
v 0.245919830391168 0.315256102069105 -0.127503985645848
v 0.248591592140655 0.3510414400061 -0.0948226376098854
v 0.247578677818293 0.309503868696483 -0.118875443890362
v 0.254926017682225 0.249920528559383 0.148311079255344
v 0.255461815251648 0.358243282245034 0.0494526945867955
v 0.25288194734232 0.125462957016907 0.25642762638974
v 0.253035857784319 0.100599464773928 -0.25566966634412
v 0.244396874902372 0.107061807127546 -0.265602358463095
v 0.24977943696904 0.320700383866071 0.108147034870052
v 0.247447820438351 0.22041341605801 0.127013474403911
v 0.251656970079461 0.249221352357093 -0.1405989240842
v 0.252804257131295 0.24087391696159 0.133857944186203
v 0.240285944209269 0.324978458612264 -0.0971491853728965
v 0.25003630857885 0.31388000519675 -0.121129496529194
v 0.250284944077211 0.314432668417662 0.119331471149269
v 0.245982521007551 0.389764298419802 -0.0479058899684492
v 0.246335559449464 0.395025196639077 0.0275819508853806
v 0.249207153433618 0.0890393226529729 0.259537987267878
v 0.234304531853566 0.172937035422446 -0.141906931871735
v 0.249206719579465 0.318858656936274 0.121527995842945
v 0.250812657738072 0.320582600279354 -0.108334784067019
v 0.251163938335823 0.367298436667831 -0.0786724529293308
v 0.251245249783061 0.334511074611805 -0.105999724603015
v 0.252213414479097 0.223424875358823 0.00409490209053251
v 0.251485307500988 0.0863566911503263 0.210899216982017
v 0.24880414544122 0.389454667878301 0.0443197254586918
v 0.252100083921149 0.324594782475859 0.107871742222217
v 0.254391870923593 0.0833478339124336 0.246003345455128
v 0.252271726487055 0.330989810324393 0.108067818085746
v 0.252516499024846 0.348385951245396 0.0946634041538818
v 0.252658139612474 0.344760181578735 -0.0868550361342623
v 0.254049529364259 0.145721283395394 0.249237677548055
v 0.254370922137409 0.225259241653558 -0.0095299793230467
v 0.249638409779666 0.231121455129976 0.128443710714667
v 0.254305756496839 0.0799078279255654 -0.239502665830707
v 0.253280468349366 0.376054651587755 0.0678058891175755
v 0.253295450674808 0.356665174179753 0.0775336495751264
v 0.248261953095904 0.368831475999366 0.0492531565961048
v 0.249032176883708 0.273851255662764 0.0763137533179681
v 0.253448669685925 0.375697714980355 0.0197358423043937
v 0.252661282967401 0.342553262853029 0.0894712125458656
v 0.253672962119073 0.226219352696892 0.0180704004773313
v 0.253978567732519 0.33696753579818 -0.0981657701582307
v 0.253977524768024 0.319906144500553 -0.0718371824574203
v 0.255578369499809 0.285781793989886 -0.0749543708537515
v 0.254691345395686 0.352187256509781 0.0863097434902187
v 0.253624986550909 0.360781084230238 -0.0724951247119892
v 0.254586158205987 0.367386616944268 -0.0647047924560923
v 0.254800349175426 0.351845346635351 -0.0546553658931506
v 0.254602430041975 0.367456690093635 0.075966828871004
v 0.254770148808357 0.366417420712443 0.0675934858114717
v 0.254320436233509 0.373690137853338 -0.0689960397100222
v 0.248123984007919 0.382812713149753 -0.0608546609830546
v 0.244573492236631 0.197037645508028 0.131335503457565
v 0.258711099039756 0.336005151855673 -0.0662962623106828
v 0.249978718918667 0.226653594594531 -0.127006027553572
v 0.259073813204189 0.0849649192586533 0.229320817355165
v 0.258714634588117 0.369092855726596 0.0353864027323433
v 0.255382250489211 0.366929591023421 -0.0736791535221306
v 0.253947324416471 0.180034037029816 0.138053831271867
v 0.257019765704245 0.301925958334655 -0.0748416054778566
v 0.253447005280364 0.138073538292493 -0.160855350337783
v 0.255863489825976 0.369291701075103 0.0702671408654484
v 0.250388822802538 0.187039828063596 -0.133761527064374
v 0.253477561753123 0.21511525850843 0.209873670368406
v 0.255808835218769 0.380271259916853 0.0572774433996927
v 0.25807160498735 0.36080964617937 -0.046868801250633
v 0.254838269552757 0.376829602350069 -0.01251950606578
v 0.256572659276815 0.371656106974829 -0.0638196899588333
v 0.256641387370675 0.378739849223012 -0.0579436257162107
v 0.25713550388519 0.37578560577586 0.0600916338265982
v 0.252709966585596 0.252213029712209 -0.0626051556313626
v 0.256157284754217 0.375312997667982 0.0014055685142337
v 0.257349934950295 0.374989370590056 -0.0524805409047159
v 0.24995833566853 0.118838379818146 -0.175683841752788
v 0.257578901026236 0.375518084335732 0.0506177109122936
v 0.257932306051234 0.381003328093142 -0.0497379262003228
v 0.254265517818083 0.189725638905222 0.226357135188963
v 0.249473411422964 0.212963055696781 -0.127023056999453
v 0.255366502735337 0.0950254615765437 -0.199345138694516
v 0.258257589587269 0.384910288121928 -0.0385939016965266
v 0.25298309417412 0.0788587709481637 -0.222865445541221
v 0.258988878196242 0.382775803607825 0.0426877808335257
v 0.25899907933023 0.378588988742168 -0.0297115681357438
v 0.255786897593931 0.388392861174613 0.0311725661433083
v 0.25939754363592 0.379711708502521 -0.0420691343012854
v 0.260412287749332 0.232913667063404 -0.189100666289845
v 0.261459978040956 0.213133613859859 -0.205705349231435
v 0.260358475416433 0.0894412287720459 0.214730089207547
v 0.245267681761083 0.175312563892298 -0.237498634410677
v 0.252004446424271 0.169050910199328 -0.142034462884177
v 0.263086588707682 0.347738227604156 0.0619183561816128
v 0.262281411956448 0.202319660840315 -0.130594989460567
v 0.261042493638142 0.387663762752835 -0.00230127242010999
v 0.261244532704577 0.38148862147934 -0.0161944939851954
v 0.260851354926402 0.383621007326029 0.0293185967702817
v 0.26129870562955 0.386328290595701 0.0151779065259297
v 0.259562144977226 0.243787745001465 0.142189850467251
v 0.2595975516328 0.235718308070893 -0.133757125570121
v 0.260716669178931 0.0864294093311814 -0.22783542457254
v 0.261882047649962 0.0899917545555497 0.23362320070818
v 0.258183069184863 0.113449396069297 0.252107552236409
v 0.262161156450678 0.384822237080064 -0.00763668937579398
v 0.262062053914627 0.152519380044285 0.153257813660766
v 0.260426158850995 0.112822796789251 -0.182299130643961
v 0.262254401596924 0.0962335453915958 0.240824403467459
v 0.264165219561761 0.294734764645974 0.0744992389161731
v 0.268569418347386 0.231726468411217 0.00753331700582502
v 0.264016607254649 0.262117312395837 0.0635611938742029
v 0.259726606517635 0.205955998350787 0.13053823117517
v 0.264819826870529 0.325226119189602 0.0720110878129521
v 0.26684132858891 0.243355136964886 -0.153763906196446
v 0.267757508319277 0.154890734431752 -0.232346777984463
v 0.266875519652519 0.272172566661691 -0.0669385328971221
v 0.261826125551458 0.240669118896488 -0.177403101437735
v 0.268172187023498 0.239252425540378 -0.144686495263695
v 0.267105311545355 0.11160052199517 -0.237872193805175
v 0.26714182843159 0.224767918195588 0.19470561074678
v 0.26627398707058 0.133758074029303 0.167241424094698
v 0.26259446451353 0.125778092683751 -0.2445086893277
v 0.259049153064442 0.193036323284376 -0.219882943631149
v 0.26591948312481 0.218337227252322 0.131888214595791
v 0.272759434172209 0.30987594905732 0.0740063137802778
v 0.26571319294733 0.218666818211585 -0.130950016778071
v 0.265523203565608 0.15324334212441 -0.152035736656243
v 0.263169271199237 0.174392761261393 -0.227695668489039
v 0.268390313200908 0.207744906663882 0.207337194637152
v 0.266359627980755 0.176418570657044 0.141075530558773
v 0.270612619832347 0.229882743193497 -0.13729194590723
v 0.273134815486354 0.295936745003919 -0.0719178261186149
v 0.270613929207572 0.100424197521527 0.218276760654789
v 0.263133120994421 0.245068164059371 -0.16473733575328
v 0.26362239640802 0.100955429565666 0.199438568351207
v 0.265251864806005 0.130080704005407 -0.168292741185694
v 0.265912240271743 0.173440155997932 -0.140970007440803
v 0.271746624725628 0.340742768773493 0.0681718270960766
v 0.267063344358436 0.366943246426808 0.0457502405480433
v 0.265065938214285 0.238108257134368 0.17969794468103
v 0.263250776430039 0.112484231375733 0.185411362412933
v 0.268120949836975 0.356271819894612 -0.0567380536528202
v 0.267693787568838 0.107917288279586 -0.191304192090956
v 0.267672615005377 0.187818449026808 -0.13550160943239
v 0.266546417165642 0.360317187306287 0.053230708103332
v 0.26776992005914 0.364069181980537 -0.0488925762285788
v 0.270431117117788 0.382456768944429 0.00194104831703094
v 0.270634204838193 0.233192607847537 0.14076478386403
v 0.270418016935644 0.381368799700997 -0.0115643219305074
v 0.269378582850535 0.114543756954809 0.236712697971121
v 0.28094331571073 0.257186715663881 0.0501667197635877
v 0.267327797593004 0.227604036650262 0.134955269958887
v 0.269386706423274 0.19346138387288 0.135411931695383
v 0.265641638454315 0.346990923820036 -0.0623369653655313
v 0.270042042605378 0.170407296554741 0.226553535356667
v 0.272283288024284 0.380336655714826 0.0227224581112402
v 0.272461888676474 0.379343786398909 -0.0248709664143724
v 0.276024804302241 0.226409978891953 -0.184588291787605
v 0.2702017695583 0.28382620730318 0.0709442878366989
v 0.274881876893959 0.200941149430797 -0.134652492213335
v 0.274108267722172 0.389748551789823 0.00774698886221545
v 0.275059940216781 0.228483605975804 0.184458606435545
v 0.274224841120423 0.117012768578167 0.187680202771998
v 0.273537461315696 0.188182060543391 0.215371278910071
v 0.275004705240078 0.390965041153196 -0.0092762782276509
v 0.275111099854194 0.16399317608192 0.149825357597529
v 0.275092590573824 0.375716397872689 -0.0362150044405739
v 0.27208809195098 0.218495315238741 -0.19528802808536
v 0.276190943084908 0.243479091113747 0.0349124842691693
v 0.275186245531386 0.373626262083063 0.0401043674805677
v 0.27829337403589 0.217247450891538 0.137872149119997
v 0.277872473265573 0.114188437498732 0.198003092543477
v 0.2772886236688 0.23771242453578 0.019331416742291
v 0.275718679591778 0.126033893927095 -0.177061891912943
v 0.281035228250787 0.39958212426596 0.000876686579178851
v 0.274574934700366 0.201452577471041 -0.205316504328512
v 0.276829263900207 0.145649507045061 -0.161020812542855
v 0.277671302007797 0.111106797604059 0.210011501315957
v 0.279789649056093 0.255612784893192 -0.0485092033454042
v 0.273885 0.353826 0.061478
v 0.279056488323125 0.148146116932402 0.161825398077315
v 0.27487700665915 0.131104668121713 0.173290388370888
v 0.273398010352557 0.328873565347964 -0.0709201250783399
v 0.277442557345872 0.391752418224881 0.0197429509783742
v 0.278436356380223 0.14709616124926 -0.223175431787153
v 0.278062239818123 0.389347512160435 -0.026778320362236
v 0.270492672323946 0.313542989167991 -0.0729024939893007
v 0.277413487786775 0.207374112928613 0.136290050190432
v 0.279227725583379 0.118975472791433 0.219684274431669
v 0.277191464609187 0.114003524487885 -0.194297719554201
v 0.277640010439546 0.213875387759589 -0.135847071072305
v 0.277972578049631 0.222900383951588 -0.138755352091993
v 0.280961513685479 0.380193155489234 -0.0436533095981759
v 0.278133092322531 0.166291522986414 -0.148546859687902
v 0.277016152676183 0.384865155241752 0.0312244222994742
v 0.280077569526951 0.23078655906356 -0.173964159559341
v 0.277580893719198 0.235789176652883 0.155723877450103
v 0.280495136288564 0.169031633223162 0.217627160926441
v 0.278635503548726 0.229918877349683 -0.144640867695802
v 0.277177799691212 0.23567106742649 0.167603812013502
v 0.279067089229509 0.177318114441631 -0.213778545651881
v 0.277563799855887 0.232646767024957 0.147728136347256
v 0.279912932880499 0.179602325951082 0.144227567541891
v 0.27995406144915 0.365370603465325 0.0528958732690087
v 0.281536358451399 0.216640147048127 0.190875635075924
v 0.27516246615104 0.343791642529439 -0.0665879678396053
v 0.279578007616737 0.367753027963666 -0.0498646710751209
v 0.276713156372881 0.109175319338475 -0.21011919512645
v 0.285037765539399 0.285698480508159 -0.0664988745920724
v 0.282824404354448 0.126395718535591 0.186456606094863
v 0.280781213275508 0.224595255545619 0.1431208452654
v 0.289587492920262 0.248306240783953 -0.0314596138256822
v 0.282978546382014 0.388740795862491 -0.0384505566865344
v 0.283116159404527 0.13825547968093 0.219007016937255
v 0.285893071969143 0.162336048941874 0.156831533893738
v 0.283266163012691 0.388240833720204 0.040219085069713
v 0.284841944212169 0.204267546458983 -0.139872367636181
v 0.284936586537097 0.213297481198398 -0.188715842611672
v 0.28369942118613 0.357319586870629 -0.0602721124144749
v 0.282676077912013 0.203995218656308 0.199104830273353
v 0.275492328088633 0.234861764642814 -0.00795840741644556
v 0.284217920421901 0.380771987411788 0.0491103992598106
v 0.281233789321328 0.233406458306659 -0.162717181373211
v 0.284069379618492 0.227537899404918 0.17479723837789
v 0.28253486286971 0.194597100549839 0.14068541989
v 0.282349723170173 0.231181265990617 -0.152506168251028
v 0.285332337530461 0.140940558486711 -0.171326652174466
v 0.286918227083604 0.127743124415248 0.19871609728779
v 0.285655525895253 0.39664219173666 0.0319424947203561
v 0.285339898462549 0.402877352589402 0.0137076299981934
v 0.285855617723415 0.129655091154718 -0.20832793430476
v 0.287746633535931 0.199371249030214 -0.195122451194183
v 0.290477554769896 0.222913771533649 -0.169460776044491
v 0.284944521852552 0.40226342838791 -0.0146001382237015
v 0.286435648219476 0.214648302698482 -0.142544193668371
v 0.288350142707164 0.135580036182972 0.207454525370662
v 0.285845028543941 0.12557929561043 -0.195610344550781
v 0.287235404368266 0.353205 0.0646534148973253
v 0.28836141258691 0.369971940576169 0.060816065767781
v 0.28148982739201 0.320881448304849 0.0734260647018292
v 0.285235540097459 0.130911529962598 -0.182509608670183
v 0.288876271794399 0.219073603233158 -0.178634217094685
v 0.288419258956102 0.152282958891528 -0.209029363284576
v 0.288763619468188 0.16259761969383 -0.157832935170985
v 0.287794843046077 0.147354410953828 0.169778427077605
v 0.288029456516058 0.167588789690972 -0.2073627104136
v 0.289462034295417 0.186811104227494 0.201315501628116
v 0.286358436974441 0.222569097144126 -0.146841614925164
v 0.292511907158793 0.411292399854633 0.000478568507067124
v 0.292332064086448 0.204559894248772 0.18828497707053
v 0.288072876696176 0.227164230763333 0.164062514600629
v 0.288024901496776 0.159359592770047 0.211163736575773
v 0.288467045189359 0.377296565115977 -0.0562571611800507
v 0.285564736538281 0.308613393543525 -0.071855207852127
v 0.28842291622514 0.225044016914672 0.154388572923278
v 0.292662309552493 0.202943775971319 -0.147008702253245
v 0.29238287563155 0.406859278491083 0.024541112492491
v 0.287819589696286 0.270674639793425 -0.0575325370465117
v 0.289402990735759 0.400941504614148 -0.0309896418721645
v 0.289433347990706 0.179472981408275 -0.14928709753203
v 0.289722812440173 0.191412302916797 -0.145436664699866
v 0.29060451765315 0.215255868317445 0.181745124348648
v 0.288331099922626 0.20708483888136 0.143881790400263
v 0.291963439542116 0.364264108850735 -0.0661775446669671
v 0.291612047214731 0.338131512953129 0.0707025840471017
v 0.289525943388033 0.343688495204559 -0.0681072291410341
v 0.289801576165475 0.388667036160129 -0.048627323465897
v 0.291512559594552 0.223088405775735 -0.161548319307276
v 0.293395321784536 0.145888585185568 0.181704035401429
v 0.28949272445324 0.223109468881463 -0.152774943928077
v 0.289901926550267 0.240782240626984 0.00607080457598054
v 0.290598285092353 0.179543748972253 0.151553797404221
v 0.293124695508877 0.141858320098872 -0.188790836843494
v 0.291278069789156 0.215159654331266 0.149365045952703
v 0.292427858913503 0.164446947416614 0.161740164032122
v 0.293778472644724 0.153048931087182 0.200853354278853
v 0.293072147641216 0.142695358533844 0.196121589946272
v 0.292438154586374 0.146804034669935 -0.200558544848611
v 0.296117693143501 0.214122232884098 -0.16950940802388
v 0.291527637877592 0.194575832322604 0.147686962440056
v 0.289667930969167 0.290160648867219 0.0679246826857767
v 0.294888786095599 0.216261393224381 0.171124086752774
v 0.292874970238729 0.154876592828295 -0.168402269326858
v 0.294875919662922 0.211786720312931 -0.152572910752981
v 0.295417 0.324937092136582 -0.0715450512195304
v 0.295096144836873 0.205480937217421 -0.181688441547227
v 0.294978801914303 0.186479077358019 -0.192103664634795
v 0.29479649456463 0.218088023409755 0.162831743649768
v 0.297799216916117 0.165374598049505 0.170224336121764
v 0.297152643819653 0.20689062346756 0.177817216427877
v 0.297266335010877 0.192497377446299 -0.15423337151815
v 0.297170077691958 0.21006201146159 0.157914519196423
v 0.293381596630892 0.243844654243042 -0.0150776123970167
v 0.299906368210224 0.41542163228692 -0.0184796324972205
v 0.295856441068472 0.165049735362888 -0.195600545516119
v 0.296566885214849 0.201014275457573 0.153491638898457
v 0.300553123052129 0.381108550568606 -0.0654514527837129
v 0.296980300784117 0.175653278788865 0.161158732029893
v 0.294449809037122 0.217696446158724 -0.158370895259705
v 0.302633603762281 0.369629300053277 -0.0728794526054445
v 0.295691584558575 0.392652080045631 0.0523619641458039
v 0.294103630399748 0.400755045351593 0.0401130109544631
v 0.300334931567008 0.362774897056139 0.074528889418758
v 0.29515978703337 0.32374821296663 0.0723181514729204
v 0.29566240298945 0.175667754090134 0.196267671745792
v 0.29607652041161 0.178144455400563 -0.157243840930066
v 0.295392392419755 0.383458677563229 0.060061838861489
v 0.297605695202701 0.162756327638634 0.192463374882168
v 0.297109665116348 0.155891706026517 -0.189440856193586
v 0.298448856984355 0.1606914776171 -0.176848514643806
v 0.298910411620468 0.161425288854546 0.183785023882133
v 0.296982095739898 0.169273682819533 -0.164009333759156
v 0.297707741258443 0.190188022920129 0.15647835714667
v 0.299061516672578 0.311123898862137 -0.0704386902009418
v 0.299547163206184 0.185260547391466 -0.183421628341739
v 0.296013861564935 0.399602623902649 -0.0437713160132026
v 0.299146484800118 0.202161138281779 -0.158579940025692
v 0.299928552700982 0.177240018482123 0.185871744712744
v 0.298388185522849 0.209866039432415 -0.163959989363855
v 0.301772245527954 0.249468008314644 0.0213468755220355
v 0.299821860593682 0.311713368652141 0.0716428126775014
v 0.299625331582723 0.201176007599437 -0.174363332467103
v 0.299024334015619 0.352073273387982 -0.0750031672343604
v 0.300058638619662 0.203857989747061 0.169778722984746
v 0.297623860378571 0.194573455753628 0.185633423573257
v 0.300519721571317 0.172673822045539 -0.181217011826562
v 0.300979494972087 0.198598811807717 -0.166847288806976
v 0.300991296520026 0.180822075697306 0.16847734350839
v 0.301063251097247 0.174299795623541 0.17620302649947
v 0.297940137405298 0.277768855713778 0.0589666860369541
v 0.300896625459837 0.186452564628379 -0.164536647644422
v 0.300931105375945 0.176431807508744 -0.170595539665634
v 0.301286510629997 0.188000719381519 0.178093019225577
v 0.301459354066089 0.193067533478738 0.167379363728118
v 0.301719381204133 0.186623656513885 -0.173095378167673
v 0.300691414713172 0.417092725329111 0.014185488079666
v 0.303406276583277 0.296545092958377 -0.0658217631614644
v 0.302656263952508 0.333264585960682 -0.077836643966537
v 0.304813821777197 0.377693512911483 0.071454757446564
v 0.304174323368176 0.296382799827711 0.0667844484071124
v 0.300956094557234 0.264701444596221 -0.0463124556839126
v 0.304275211472982 0.393873620816444 -0.0587653786378493
v 0.304096338661473 0.413910760028415 0.0326757014057896
v 0.297903243822807 0.254661277397617 0.0358775938966113
v 0.306836612625138 0.286612209427765 -0.0601769423506807
v 0.304804014784696 0.345136347700228 0.0806174616844669
v 0.306118748679604 0.422524263121303 -0.00518130600307854
v 0.307068550429648 0.406217757015649 0.0491547922989716
v 0.304709782711362 0.324694075611571 0.0789172919996151
v 0.308103689979873 0.286225909993626 0.0610175164127296
v 0.310503618852972 0.41904896829145 -0.0318129932559719
v 0.316406941074545 0.386821017748683 -0.0725583978783757
v 0.315570357537602 0.395689115244215 0.0667333461299749
v 0.310906670706728 0.30629615264948 0.0768101572571741
v 0.307527544293982 0.252625203434503 -0.0223682829440381
v 0.308643413841229 0.258570145481944 -0.0331252255084076
v 0.313284556000048 0.364598193927513 -0.0810463559790161
v 0.31137012455252 0.273350139414717 -0.0478159029902405
v 0.30561961610658 0.24751345942771 -0.00113832980378083
v 0.313850698047898 0.365880689570507 0.0818298961940707
v 0.312116028187135 0.27481800197828 0.0499110981199615
v 0.310572927790086 0.251079147996394 0.0119106297295638
v 0.310244201853051 0.317876846289041 -0.0796588940961589
v 0.313815971720799 0.347662154181965 -0.0846378839923146
v 0.315953915931816 0.334757788096766 0.0865834050545794
v 0.317612577575297 0.427291435427199 0.0241288437184594
v 0.320842276882831 0.272852790406836 -0.0495303790612364
v 0.31482067730803 0.253456966967352 -0.0114434023534235
v 0.317939766695525 0.331818145158209 -0.086290494639982
v 0.318970291087726 0.302713997840382 -0.0782399023023701
v 0.311779131921194 0.409881076691073 -0.0484776581233176
v 0.318052356058687 0.266052369823818 -0.0348253303531309
v 0.31848643696444 0.267642728641156 0.0383867978856365
v 0.323366840317784 0.306966140948653 0.0832676283940797
v 0.317820214345136 0.420190061105906 0.0409306623110859
v 0.321705810709521 0.264210031101625 0.0296641615403947
v 0.320495551702934 0.351115857118889 0.0880508530626156
v 0.316429611013231 0.429868770306341 0.00506787983768356
v 0.324144615266727 0.261482167152575 -0.0185690390707089
v 0.32312332702859 0.432325082254372 -0.0182385668295113
v 0.321821657948489 0.29491397945074 0.0764414243715667
v 0.330042194729961 0.390326179771595 0.0783911220202598
v 0.321770555487653 0.321077275056826 0.0870289920616227
v 0.328335787479505 0.356817786383929 -0.089085590599534
v 0.32348737762621 0.260331988206135 0.0145433089666307
v 0.322446871137483 0.282748060141861 -0.0653820236384934
v 0.324941249045247 0.259360561448283 0.000749253695293377
v 0.325261125967624 0.375867031215539 -0.0824052372157554
v 0.322936591420384 0.41206279246766 0.0570525863116513
v 0.325477491194323 0.408995140144398 -0.0611503255254088
v 0.333527069771272 0.336676370711434 0.0924472409596663
v 0.331470181984739 0.340660573781397 -0.0912437895269163
v 0.329446363386902 0.43072453191478 0.0354374330595895
v 0.333753962794456 0.368628707766082 0.0888431479210161
v 0.326674155055979 0.311223584259288 -0.0848783946043945
v 0.32951494061806 0.32231228838867 -0.0887820654238811
v 0.329365667218451 0.290346676050322 -0.075118346771479
v 0.32486384286086 0.284339991207454 0.069469882936124
v 0.328667812127148 0.435972999468441 0.0173090484809003
v 0.330988491515397 0.274323838581609 -0.0587581605811025
v 0.338099482679668 0.394584412065195 -0.0784262044675862
v 0.341378629788127 0.322389331620773 0.0919387976469691
v 0.33526307926708 0.425271043896022 0.0512921065382802
v 0.337667332747549 0.306598862881882 0.0870145511632259
v 0.335486139729507 0.293617497238392 0.0805330804166345
v 0.343857884659491 0.414475096594789 0.068624808807941
v 0.335176302064769 0.42815012596049 -0.0458700990234082
v 0.345546520073306 0.384084953270801 0.0869160553591559
v 0.346238213194037 0.348733362121769 -0.0935682421107694
v 0.335531268457429 0.266550779155349 -0.0436066873889587
v 0.33767663846999 0.303612811251018 -0.084696618794598
v 0.349713902364508 0.437778001360648 0.0430291414854106
v 0.344615151234202 0.328874762262085 -0.0925676454345009
v 0.339995090856077 0.27135610729812 0.0584999327931527
v 0.343259676468344 0.278693171397222 -0.0690061802049248
v 0.342611933389648 0.439409902299602 0.0315247669723923
v 0.33889344249942 0.351368135523468 0.0932072942560945
v 0.334965444543128 0.435124929079617 -0.0316594596031051
v 0.338842683136496 0.286092370185941 0.0761631086411355
v 0.355749239729375 0.371162898208636 0.0927585731157635
v 0.345773069828965 0.259785730213069 0.00614445761432674
v 0.339278003647956 0.443058005922614 -0.00276759357916689
v 0.344774848498818 0.44407444150524 0.0175450789296142
v 0.352581081959468 0.368644177325907 -0.0918195060432693
v 0.342255226972216 0.315263801885201 -0.0894682153535376
v 0.339737914744187 0.441044667361342 -0.0204092816423192
v 0.336265086887761 0.277938922136622 0.0673909969769004
v 0.343302377140321 0.380380174001124 -0.086587823583222
v 0.348848138159061 0.296153137865176 0.0838893871192573
v 0.338562369203802 0.406070770130614 -0.0712859475702909
v 0.346042178155448 0.262673031421108 -0.0319168891792619
v 0.348013368685587 0.291581645865303 -0.0800797113744611
v 0.34543798189672 0.270808972241043 -0.0580903113651909
v 0.35597892024938 0.315387479079266 0.091017720805987
v 0.348879149405884 0.39927472340386 0.0809034423281347
v 0.355926719036027 0.431049435426712 0.0585525552457225
v 0.343602000385238 0.26433823840533 0.0399945488082527
v 0.353002254202428 0.284279973342912 0.0768202306632667
v 0.359138536944886 0.399071128073253 -0.0830696835057788
v 0.359169632491217 0.337116917467652 0.0948724937139857
v 0.356338128479419 0.2604039911253 -0.0105677823673641
v 0.349329400502969 0.425027588320069 -0.0608482586962025
v 0.355989211132524 0.352163032230759 0.0951112300469293
v 0.358942474138048 0.44553072530612 -0.0309722184414226
v 0.354802985591442 0.275224659774175 0.0677842237239576
v 0.361177048121218 0.339187156310007 -0.0942489983424924
v 0.358435489355481 0.445781404871455 0.0307413529328538
v 0.358000045074202 0.30439103916919 -0.0865724907473395
v 0.356768792939238 0.43933890670613 -0.0443905789613756
v 0.363847077933294 0.262378404927119 0.0283219618942681
v 0.360938280521213 0.283497489545202 -0.0750715235552289
v 0.362652325679658 0.273409938278943 -0.0642760939032367
v 0.359352768881798 0.449831817320091 0.0132593060339496
v 0.366138272263119 0.297792887170569 0.0843522754364644
v 0.365804833157976 0.278985509269822 0.0720666123312865
v 0.365883466522822 0.355472205291611 -0.0944998220396375
v 0.358807154128345 0.269358061811601 0.0578152259915822
v 0.361589153962104 0.451203561853135 -0.00249385608555135
v 0.357386377802431 0.26672881910841 -0.0500584024552123
v 0.371057069906278 0.392382695650699 0.0892440732661272
v 0.356230230536112 0.448295655553108 -0.0164604397327129
v 0.379734632001817 0.263004986736179 0.0122668171555749
v 0.369870430436307 0.387731942847172 -0.0893538358252892
v 0.364378330667256 0.321164298469069 -0.0913547331789409
v 0.367902183716487 0.262828063320305 -0.0284990272359421
v 0.381304851088861 0.313202631620523 0.0879571394142202
v 0.371407911063703 0.292488691301749 -0.0802382548113558
v 0.371858280505153 0.266151317710618 -0.0454446707873715
v 0.361654316272186 0.414272271580495 -0.0756983503092571
v 0.366401200434417 0.440327084861277 0.049667523763526
v 0.370391144160143 0.425249970282328 0.0719544247490315
v 0.37485016142824 0.271597453492975 -0.0596085958914546
v 0.371519267361516 0.433902596903934 -0.0615321925867467
v 0.374759029819126 0.280852984408479 -0.0716629858825603
v 0.377856607651948 0.453211927149502 -0.0163581965222865
v 0.375748012367038 0.35233798426744 0.0952766664079205
v 0.374586942557042 0.267839357150425 0.0513645393448504
v 0.371548495992825 0.446220321238789 0.0391896601279428
v 0.372661792011178 0.45296301524106 0.0123990523486398
v 0.381558762781933 0.4477122581329 -0.038277003729573
v 0.392458211205753 0.26623057780045 0.0297635257795445
v 0.387004844699824 0.288525174815422 -0.0751601003125141
v 0.376278983267045 0.287298058268909 0.0776740749208693
v 0.388652839884029 0.34660664153653 -0.0932088621118533
v 0.402010557450398 0.300788146909874 0.0788950393874573
v 0.382542310694547 0.451579529251209 0.0276501877317792
v 0.387355969935057 0.270693656099967 -0.0531918048561204
v 0.386582253133376 0.374074304538725 -0.0932248715372813
v 0.38421166957193 0.306233937370503 -0.0842787327501221
v 0.387269763477821 0.340628639478398 0.0934094298662669
v 0.37862874820963 0.275555703064646 0.0662330972316511
v 0.38831839958353 0.264231901917918 -0.0103620099821665
v 0.38277157430543 0.439745884060059 -0.0557196801233409
v 0.384328933890505 0.278925688681581 -0.0677677997509964
v 0.383543046595547 0.455251631706393 0.00242276189025295
v 0.377467880740999 0.437145855651816 0.0598958381099481
v 0.376896505835642 0.425158464043337 -0.0732886535140389
v 0.380848805275842 0.411424307448949 0.0838900854786828
v 0.393416277267205 0.285842316062114 0.0729111719122768
v 0.393722756603488 0.452699709521673 -0.0264998163831661
v 0.392936630460537 0.26682758252846 -0.0333240896649693
v 0.396176480883815 0.270727985366629 0.0491817607367468
v 0.388698870354836 0.425866223316392 0.0769283516589961
v 0.392581909518006 0.393724502165093 -0.0901436246459099
v 0.390885050672568 0.416923917008912 -0.0822828830170003
v 0.387406622604907 0.446449916214027 0.044103787198493
v 0.394483810976892 0.36377550636716 0.0945011095338925
v 0.39703395876432 0.455838905661085 -0.011105960149706
v 0.394177333404573 0.437091169080473 0.0635011658954468
v 0.400279728949238 0.322706658925703 0.0868896039243332
v 0.400146748476081 0.44177910994131 -0.0545661842506723
v 0.401596359617899 0.456454866411694 0.00704977376648495
v 0.404500252960956 0.365448764136294 -0.092744531780179
v 0.398469844900434 0.402942870218116 0.0894090042000858
v 0.406950983047841 0.271276530681683 -0.0418915858964476
v 0.404252452687436 0.410594131147947 -0.0862031307693703
v 0.403699781008096 0.417331553568616 0.084478260163617
v 0.406072914824454 0.30057164027255 -0.0763794092093739
v 0.40984273603556 0.440445233734292 0.0585287697460289
v 0.40788854647505 0.422064356814734 -0.081012735731284
v 0.41416990986698 0.290378275201183 0.068960182618021
v 0.399540064258913 0.277068912604298 0.0611898801636362
v 0.40850420410484 0.427913997296379 0.0773065088022885
v 0.417040490518694 0.439452603342984 -0.0593500574285389
v 0.408376382227159 0.381567349055444 -0.0918017762928317
v 0.409765820974016 0.267461664996718 0.00134018688398826
v 0.413533709752463 0.338645609452595 -0.088173225835888
v 0.410058240634138 0.389682900491271 0.0919663819367402
v 0.406803813230372 0.448394371868452 -0.0406863181339862
v 0.407797968761259 0.395735557728124 -0.0900159662291978
v 0.412502379248137 0.357401535987706 0.0925535120404335
v 0.412648563553519 0.398762066888803 0.0878932311037066
v 0.415895676247635 0.321089730282407 0.0818731928425677
v 0.413572248084242 0.408686295514032 -0.0861924853306551
v 0.41406955071975 0.334697065997528 0.0879808489015729
v 0.41224153487037 0.406298302943527 0.0882136498921701
v 0.415112072726078 0.393112012216419 0.0895748510449418
v 0.416406630839608 0.38738754883025 -0.0888365334058446
v 0.415891108668497 0.398956079655875 -0.087191428738788
v 0.415381513687636 0.37296642439478 0.092525879759464
v 0.418782787113969 0.430674041745016 0.0737093348216945
v 0.416654101331669 0.391849358883804 0.0844070053506725
v 0.416781838726966 0.389355933120481 -0.0834416887380077
v 0.417136640386642 0.404538675337991 0.0864637819346072
v 0.416929 0.398298 -0.080788
v 0.417940410526264 0.401211 0.081387
v 0.41801646045936 0.42844725644694 -0.0752379407304446
v 0.41861822822761 0.418900219964241 -0.0816286706638891
v 0.416752100520718 0.415642624569421 0.08436851478874
v 0.416778892265616 0.329330039499259 -0.0834802121965535
v 0.420045 0.380152 -0.083842
v 0.42121 0.377137 -0.08932
v 0.418237435710584 0.384594387622652 0.0850078379489061
v 0.418748746036074 0.330695066573635 0.0841213717145561
v 0.416087963540376 0.45430983243104 -0.0230550092453151
v 0.420792811858292 0.36541858809059 -0.0902782712219239
v 0.419415644425993 0.407531601077408 -0.0837708163903964
v 0.418986356112138 0.380838009855822 0.0898990933296368
v 0.409104591679109 0.286486144794932 -0.0667249506383018
v 0.419934763179314 0.333336095306885 -0.0818500974151524
v 0.417998317269328 0.456960697581797 -0.00235781309629789
v 0.420560769425732 0.334260723145122 0.0853176959870075
v 0.420021479755763 0.333571202442367 0.0791948540882822
v 0.417526649327299 0.42328907472181 0.0804960425478632
v 0.422125432018724 0.301134642800504 -0.0707950813345561
v 0.420948783289667 0.334300332636974 -0.0752989866097689
v 0.421126 0.407915 -0.077484
v 0.421461743502221 0.334616296173247 0.0831335714806675
v 0.42224 0.33464 0.077321
v 0.422484526412987 0.334606372478298 -0.078726980985881
v 0.422810377332444 0.351583043184971 -0.0887942188574436
v 0.42016099038678 0.342868953599342 0.0893328046707302
v 0.422133 0.409025 0.078154
v 0.421735289380522 0.334794278829524 -0.0848105376974683
v 0.423206778292912 0.327624195605931 -0.0793278493813984
v 0.414701525037022 0.449953111599261 0.0379104681268144
v 0.422173205929771 0.394266560123776 0.0874829774419728
v 0.424888 0.375307 0.08456
v 0.422256722524325 0.411700084669551 0.0827414603144166
v 0.426724109396211 0.42533434657904 -0.0763052676981932
v 0.427779842605417 0.313482429454246 0.074534382080647
v 0.425689157658421 0.437756761566541 0.0625181265459126
v 0.425527187653095 0.327491201793476 0.077990822114321
v 0.428610397325135 0.300846923048827 0.0689240679049866
v 0.427205928548079 0.372619845964485 -0.082756841629495
v 0.4260938958336 0.335797618161177 0.0864389171187468
v 0.427099171585946 0.401322277420168 -0.0857463770212557
v 0.428402252606121 0.369821185044192 0.0890643869286541
v 0.428041786436715 0.397909815482809 0.0888911374244282
v 0.425270410141176 0.403881010929615 0.0845851628509865
v 0.425132744105406 0.363310871460148 0.0905077986027104
v 0.427217725933023 0.33168365439709 -0.0830473640711611
v 0.427845232489997 0.329727832620779 0.0832002164870458
v 0.428970721938048 0.338950317100301 -0.0852243822437795
v 0.42539167815445 0.418999925661628 0.0800988798374981
v 0.429940780884459 0.326545478458969 -0.0796255342287319
v 0.425557781835741 0.321702408610294 0.078193956050644
v 0.426312467942274 0.31749668140346 -0.0754627710011951
v 0.427732732553811 0.415164866707393 0.0795528020609852
v 0.41695792938892 0.279292102598408 0.0555071778703413
v 0.428467 0.41323 0.075086
v 0.437155158810392 0.374462418753631 0.0866313231589598
v 0.429771467197618 0.380006734512864 0.0890473463207732
v 0.4251533000578 0.393642441362106 -0.0877397290768312
v 0.42919996587362 0.432729071341915 -0.068516073303191
v 0.428049958884852 0.388273096718769 0.0903615403882961
v 0.434800642615634 0.350953806155674 0.0863926696710365
v 0.426124373990523 0.4150044822291 -0.0798732217543607
v 0.430500531780944 0.407427961626679 -0.0821709581767562
v 0.43058 0.414286 -0.073211
v 0.430835046365803 0.376389644642438 -0.0858999234055971
v 0.426789548056644 0.282350213788372 -0.0530184522634366
v 0.427795085334115 0.386547428331815 -0.0888308538463144
v 0.426014688551941 0.274375701838634 0.0359707131240821
v 0.422568420688222 0.271098831484929 -0.0228717759717475
v 0.433935334342747 0.325699625908963 0.0814516930393505
v 0.415960926203698 0.455106964470228 0.0199985468608655
v 0.433234072535859 0.369750949201265 -0.0806894150401016
v 0.4308705115451 0.425007728605319 0.0762603632006701
v 0.433177036004155 0.330827395174658 0.0839739536075973
v 0.433195328479645 0.328453620382952 -0.0817336829352305
v 0.429979370833445 0.277134815745349 -0.0402819397225589
v 0.432125312478907 0.368525082154539 -0.086553444217781
v 0.435096867511099 0.402675252809244 0.0876957564470558
v 0.433287905291353 0.395213664374399 -0.0893542331654654
v 0.434428780190985 0.431609282073808 0.0695061863406729
v 0.435463717592899 0.401800921769652 -0.0870393137458243
v 0.432582830407819 0.32351035775827 0.0777931384584738
v 0.433275015864115 0.381713648358469 -0.0888159470048688
v 0.433753625875108 0.363568336218262 -0.0855940082033573
v 0.43591462026577 0.411492465242935 -0.0781324934621558
v 0.435380191457386 0.418997741215125 0.0765507470624203
v 0.438171988931946 0.419037292145625 -0.0747117286685509
v 0.436595866800971 0.368888485525514 0.0812057778079799
v 0.438049623809218 0.425398712328308 -0.0725558880589637
v 0.435771705527629 0.322485691587624 -0.0765791755043241
v 0.434882087247086 0.393764962179417 0.0909646088232179
v 0.430740756291493 0.449312959064998 -0.0375509652022498
v 0.432497866400871 0.408981379115619 0.0820899872558069
v 0.441990287103993 0.436202290677812 0.0607346569402423
v 0.434814203300298 0.445162295017518 0.0471608256229851
v 0.432650963468 0.323037540906539 -0.0735828456598126
v 0.437371028001622 0.320316622319985 0.0707323276251611
v 0.438408825428652 0.37514683414422 -0.0856753606285874
v 0.440078412250346 0.405972734763104 -0.0838152257531505
v 0.432221212735094 0.295087791501871 -0.0624563344157483
v 0.43621559617593 0.455554210829318 -0.0115786666253483
v 0.437557325569847 0.388517208851725 -0.0899776754446938
v 0.441239 0.415286 -0.069092
v 0.43978737468506 0.320144501085783 -0.0717473289624615
v 0.43918764751354 0.382197068285507 0.0901411857857858
v 0.43138228357408 0.289459912491581 0.0595768161391983
v 0.437682834725425 0.346173791099306 -0.083230720448026
v 0.439256326301278 0.365864901140652 -0.0844196039903171
v 0.437959281789046 0.415133613930422 0.0716227747268689
v 0.440583762819062 0.321531525645431 0.077073891168122
v 0.435293366873196 0.272545828460225 -0.00799666063931711
v 0.441472473911415 0.367556172092885 -0.0786737971653576
v 0.44094314760134 0.3261320317606 -0.0787132553951157
v 0.435403838185475 0.311873365930673 -0.0689557256912047
v 0.442254971695982 0.364935890191832 0.0844482810952991
v 0.442727984546153 0.32845211657443 0.0798161455176238
v 0.435206043786303 0.452088860899007 0.0293119715708239
v 0.442112604114338 0.397099246316554 0.0893958940380007
v 0.44219706257484 0.301757724959718 0.0618273422789737
v 0.434259990016282 0.455949839668125 0.00958750364752001
v 0.444013658493818 0.403165964562442 0.0858062625616222
v 0.44352401426287 0.424918047746827 0.0712198150803902
v 0.441873284847234 0.397837153562078 -0.0881716162776064
v 0.438004841038592 0.44033018518119 -0.0549324421226679
v 0.442974990059434 0.409511365466558 0.0800994129991397
v 0.443852057151999 0.35658710880445 -0.0814455622324631
v 0.441555602487341 0.452621195304504 -0.0243279709881722
v 0.44238 0.319791 -0.065922
v 0.443929891278775 0.431766659281522 -0.0647017673416563
v 0.444555752222094 0.388340895113868 0.0899272834799519
v 0.447695 0.368591 0.076267
v 0.445544266057999 0.373136347602283 -0.0821689493694779
v 0.444768858059247 0.381182079707694 -0.0873378715132983
v 0.446119343329913 0.409678176539963 -0.0774655943012287
v 0.445253551091578 0.389348750103889 -0.0886274788995858
v 0.448634746043756 0.395880857423898 0.0872567422754315
v 0.447179418551732 0.319368664873837 -0.0704759525871242
v 0.447366709532286 0.380471103612045 0.0871708844354208
v 0.444963423290488 0.322143569270933 -0.0752712201193296
v 0.451385047306013 0.430481401824508 0.062732551808815
v 0.446072625219525 0.414279431688796 0.0687627092733215
v 0.447899808111399 0.417934420820368 0.0717100339670867
v 0.441934356656749 0.288393741336767 -0.0501596173848768
v 0.448066220949642 0.318981307709576 0.0698279789417856
v 0.449513312982409 0.409687190273662 0.0752641070149813
v 0.447182034776574 0.402108066608761 -0.0842151966469705
v 0.444934794304482 0.373118843455786 0.0836727433168851
v 0.431775789880739 0.272051407183738 0.0138850725791195
v 0.448222688343891 0.311733738475795 -0.0611678295034128
v 0.450340433322544 0.31939646107545 0.063005930703442
v 0.440058709455691 0.282987617289962 0.0448335460117229
v 0.448948725864827 0.345043665806546 0.0791499763791608
v 0.448602761213073 0.446707689477058 -0.0382628625461172
v 0.452116833105748 0.366631598621934 0.0795892111335516
v 0.452652448690888 0.385764838351889 -0.0843730542268468
v 0.452409529020231 0.453987612995558 0.000990850358439004
v 0.449963284570008 0.417345105543483 -0.070185759741052
v 0.449899759948954 0.365742083144656 -0.0799139034996223
v 0.444307650067991 0.277356164958871 -0.0244011224522872
v 0.451564761424501 0.395120564538827 -0.0847821659676289
v 0.448909326222682 0.283881437936834 -0.0371597167205595
v 0.451797600611045 0.403714859855704 -0.0798411727725657
v 0.454410543996066 0.406520586786554 -0.0734144205217466
v 0.452778918751288 0.402213403517061 0.0811251706355405
v 0.447444823250927 0.279752507524125 0.029401398415481
v 0.452163925134631 0.341493004328335 -0.0755936537881624
v 0.45342226922261 0.385987737994434 0.0847828624477188
v 0.453341174734993 0.321468615236953 0.0717859543136289
v 0.45248 0.410876 -0.065825
v 0.452820557026685 0.323349520196772 -0.0720602162729711
v 0.452986318190021 0.376753322253223 -0.0799290211678539
v 0.453734860370452 0.434831404155519 -0.0556403662957046
v 0.454859233928903 0.441910295461296 0.0454064411936296
v 0.453746328758422 0.371488322720236 -0.0724146307302078
v 0.454099886101745 0.395632202535035 0.0835186659378001
v 0.454381754099711 0.377570647816644 0.0802001093013197
v 0.448559017898575 0.275924217550975 -0.000610118042139826
v 0.455587293167019 0.405682992409682 0.0734139712925876
v 0.453887 0.409855 0.0666
v 0.455188628068988 0.452273714800881 -0.0145009438977607
v 0.455951250601554 0.293906374872793 0.0456674258636649
v 0.459146936826947 0.447194070692484 0.0310263550164094
v 0.453991 0.371849 0.072973
v 0.448695050476746 0.299018027850086 -0.054747732115752
v 0.457979246169302 0.280690658003645 -0.0147515566389617
v 0.456619160952571 0.319862870308476 -0.0566888454336696
v 0.456491283296947 0.360113924523328 0.0763134785030876
v 0.454973075985592 0.30376325972434 0.0540456989070693
v 0.45920398038317 0.395254169458531 0.077398882604062
v 0.457624937245072 0.451301477746707 0.0175654193204848
v 0.457964434661118 0.360366958153968 -0.0740074818416479
v 0.460051877418652 0.434836345746818 0.0522290577854653
v 0.456902474381036 0.313722141498332 0.0567072044710663
v 0.457482020244896 0.399391556924866 -0.0768404978371314
v 0.455580652881311 0.421256738425235 0.0662985807256645
v 0.458578257861893 0.42282359989585 -0.0626108176678504
v 0.469465200552586 0.427167913940071 0.0520443796875239
v 0.458107240255548 0.319854967220769 0.0640707439903095
v 0.45782087426416 0.391195727012938 -0.0796056497540057
v 0.460994539286574 0.383025470671422 0.0731309149293933
v 0.45835244554793 0.382077935880504 -0.0771594561208559
v 0.460314388272528 0.387696742859724 0.076799621560944
v 0.458375 0.413223 0.067861
v 0.462307496526711 0.373057437934161 -0.0724326020384791
v 0.459521034524357 0.321170877144014 -0.0653574479761699
v 0.463401077357705 0.443102337618369 -0.0361395256792377
v 0.459680102839908 0.370508045252652 0.0752565031604036
v 0.458616453991666 0.312028366773136 -0.0538733553446808
v 0.46034873781422 0.399520777533066 0.0715814068753128
v 0.4615007048576 0.400510604163657 -0.0638153810609399
v 0.460444 0.378113 -0.068031
v 0.461107561284068 0.401238873323461 0.0653711260589974
v 0.461735236339237 0.394867758707277 -0.0716001123398592
v 0.456761956060608 0.448266475944714 -0.0290182530678164
v 0.461662171498877 0.386722946695645 -0.0729518393798226
v 0.462530940119045 0.328847394361287 -0.0677218751358946
v 0.462473 0.38224 0.067697
v 0.46367 0.40688 0.066766
v 0.463330485916766 0.389622932777202 -0.065404
v 0.463478240401895 0.391298335439345 0.0659275008615504
v 0.46196108229782 0.409679772347659 -0.0660399147452158
v 0.472312185146799 0.401407397704088 0.0611972418543237
v 0.461426 0.321934 0.054011
v 0.453862237071173 0.278791627618394 0.0145917895529327
v 0.464253627474129 0.288317192648517 0.0286510639028843
v 0.464993457051193 0.330153783465612 0.0677751729008236
v 0.470986603607577 0.43183578068252 -0.045652695091058
v 0.465412 0.322994 -0.049836
v 0.466885259256211 0.323615847894766 0.0625441747635808
v 0.466845214612107 0.398055951524594 -0.065376088930919
v 0.46664975305738 0.304301638747261 0.0445255872436145
v 0.462737690148361 0.295741757261136 -0.0401618755356645
v 0.467284583875292 0.382955547177235 0.0691027029670931
v 0.467356 0.38694885603349 -0.0668950620808879
v 0.46773884729326 0.393766839576282 0.0668629839360949
v 0.466326 0.321885 -0.055853
v 0.464130883128906 0.287292124183433 -0.0257353655186782
v 0.471012737425412 0.448910401468914 -0.00466384921809018
v 0.464743147632298 0.282278862441589 -0.0006275217824018
v 0.471430152558046 0.414405202101187 0.0576474437281905
v 0.472238341226932 0.439435051293558 0.0358499904935259
v 0.471222256719236 0.325533031328142 -0.0593777166561683
v 0.470910014654734 0.448847424440779 0.00673623212904884
v 0.477828226260942 0.443754129517457 0.0198412113899759
v 0.470771063562941 0.44676385245849 -0.0188929088468797
v 0.473847529591861 0.288936213189318 -0.0124624353995437
v 0.46922849094109 0.286250830842678 0.0146059818394829
v 0.476788118828511 0.309813648762655 0.0380615482832979
v 0.478022659041779 0.382088847023578 0.0603050947000097
v 0.478029979959837 0.290089602722044 0.00394716025181748
v 0.480963256764909 0.30526493148343 -0.0294549120514608
v 0.473118671107561 0.362565356497559 0.0648643700300601
v 0.475057873035728 0.29941642967007 0.0317593336557526
v 0.479646074153167 0.337945574708525 -0.05740435705528
v 0.482931486368133 0.318597163545428 -0.0345126724567052
v 0.483508809676889 0.398756212621883 0.053348002710029
v 0.479403 0.327239 0.0391161011631307
v 0.477077912299987 0.295964168278104 -0.0236862784686095
v 0.48119110969747 0.326256208552908 -0.0447140862677552
v 0.484112323828432 0.327449627814853 -0.0342095811535891
v 0.487207885583778 0.297437093121701 -0.00460300520330229
v 0.485899623333792 0.321795828509586 0.033144003124613
v 0.480682722041437 0.295288409487678 0.0171846006052582
v 0.488653913888892 0.313521567236119 -0.0260028560518747
v 0.478292674938602 0.439207851810999 -0.0291331586410045
v 0.480510633345964 0.327493266289377 0.0526646684472239
v 0.480717504168805 0.392271940756175 -0.0556666832925117
v 0.487793867215906 0.314858899505899 0.028616439895707
v 0.486525963693514 0.441556621083317 -0.010954963061269
v 0.486732011825046 0.301475238022488 -0.0168512248293686
v 0.488790463827228 0.327279692878517 0.0311032069302382
v 0.484714395573637 0.428995354666588 0.03723082805784
v 0.490193612023142 0.41975851093224 -0.0380264975053513
v 0.485454328459005 0.417678347769151 0.0447184694748818
v 0.491217 0.327213 -0.026682
v 0.490388675793576 0.30062615849695 0.00624269845438054
v 0.488012323068883 0.441943222981479 0.00364474826202896
v 0.475116727779904 0.406349868622953 -0.0565252161410036
v 0.487555018405401 0.373424407834458 -0.0525693626521393
v 0.48875735505929 0.33047025003562 -0.0473880008899778
v 0.495406933543959 0.374490538719267 0.0474282322162715
v 0.49316941149107 0.326094834617419 -0.032007470546546
v 0.495005939443998 0.324552 0.0229316552814971
v 0.495060002204302 0.433917026260367 -0.0178931324564552
v 0.497543638938228 0.308548933268104 -0.00450415522118627
v 0.496075013024183 0.333942290703265 0.0451865505636063
v 0.495614454570049 0.316427832009246 0.0193066783252032
v 0.497348364134245 0.31360359558958 -0.0135565122704414
v 0.493482406019196 0.308066359311226 0.0148876125308836
v 0.496822939615056 0.325179165049783 0.0310783381890747
v 0.491202025550915 0.429383849517387 -0.0290919452371158
v 0.504068230288696 0.345991123624558 0.040372927783234
v 0.50297696987605 0.334929026862579 -0.0384864015461376
v 0.496305456135477 0.352259536940011 -0.0460044749981308
v 0.49931203594582 0.31116094726933 0.00555669717102066
v 0.496487276399627 0.436059112166652 0.010676775072694
v 0.501377075099928 0.321277368868772 0.0126968966511307
v 0.507013081693598 0.404420732669603 0.0302613094663509
v 0.510201764386981 0.389186944468652 0.0321859572019835
v 0.499643068957957 0.435068362238972 -0.00381394703534042
v 0.499665727018883 0.323145784038494 -0.0157585687501517
v 0.499457858047935 0.327503331669077 0.0371689504717654
v 0.503787517595973 0.319802213530553 -0.00406745716048805
v 0.504472598357637 0.320036869503162 0.00451923505992378
v 0.503596386144451 0.418706050110032 0.026130766896984
v 0.502657288795087 0.322782700283888 -0.0234545889307612
v 0.506176350087566 0.405723625039483 -0.0293330737208778
v 0.505646810641004 0.426992198201358 0.014330538183427
v 0.502496649786029 0.41923458453105 -0.0257759661791192
v 0.507733521251608 0.425876591831877 -0.0110422920064392
v 0.508169 0.386686 -0.014931
v 0.508712349777605 0.323051854705915 0.0263696275813559
v 0.505888993278759 0.430521190569703 0.00204827678481458
v 0.51048918191725 0.38713026748882 0.0148185039817365
v 0.509360024359787 0.387731214456486 0.0169269819389802
v 0.510272 0.385504 -0.018211
v 0.509321315724937 0.384326669471109 0.0160839388335079
v 0.509421458161467 0.384125333712744 -0.0139834849260829
v 0.51245711936024 0.387091355485332 -0.0136596445146677
v 0.512255359134826 0.388729048740852 -0.0178989571253877
v 0.511316158545049 0.386321427014214 0.0196175927734881
v 0.510059731902134 0.324345881165374 -0.026202518865693
v 0.514630993900938 0.388308851389693 0.016238286940841
v 0.511209493569342 0.384413346525255 0.0143337366467025
v 0.512566659756405 0.422482945838328 0.00575224140202824
v 0.513757505048354 0.388241176124047 0.0203223236828262
v 0.515201021213142 0.396493883690963 0.0240091322762207
v 0.512284436998157 0.412620448307948 -0.0177741843457601
v 0.516535042901939 0.385132337909606 -0.0144753607119946
v 0.516207384047392 0.38360134766385 0.018464734964321
v 0.514142546292894 0.420186319231204 -0.0040749785975162
v 0.515823863697145 0.384731131171075 0.0212529884777467
v 0.515284788888742 0.383516612681267 -0.0167429627192886
v 0.513261359338964 0.315993080209576 -0.00397375207511985
v 0.516266458196797 0.404808554762524 0.017871402618833
v 0.514028288730985 0.414847881339361 0.013908682455966
v 0.514536565387064 0.384275708585267 -0.0194034641705069
v 0.516457357604123 0.3888967058165 -0.0162220268272194
v 0.51249784765133 0.363244871584124 0.0329491283662612
v 0.51297234202282 0.317990755697527 -0.0137866139726088
v 0.514871772464858 0.386041671836279 -0.0210205091723509
v 0.512581577765682 0.389015749901488 -0.0287673744824358
v 0.51693772048696 0.378325766827797 0.0274378243772818
v 0.517611355111066 0.395106889032952 -0.0203387821274818
v 0.516212809500784 0.385512859122245 0.0269816276446532
v 0.518100283373921 0.401352550660139 -0.0159653152503902
v 0.516558559237954 0.389062300485311 -0.0233472406912873
v 0.51612628624478 0.389682217921303 0.0255917290907743
v 0.516257146249442 0.387005684253183 0.0231784216984955
v 0.517699492878402 0.410300533642081 -0.00907550860533589
v 0.516900302861427 0.38973059105477 0.0205900068144167
v 0.514252723478575 0.375906267131399 -0.0291552081939111
v 0.516600310097303 0.318779772263948 0.0166890554485626
v 0.518307729010845 0.412724590446242 0.0023917606104124
v 0.517896438773555 0.326210186879571 0.0232163105002572
v 0.517605013873059 0.390182217624272 -0.0197239956121528
v 0.518262745806196 0.315031554303096 0.00624574733261765
v 0.518665074496622 0.384207449869046 0.0173540612920398
v 0.518631661307792 0.38323790503571 -0.0228235947178025
v 0.517891733823982 0.345220755361498 -0.0264138364129406
v 0.519069170886751 0.383594979895676 0.0224124168320397
v 0.518852931394942 0.388863022133261 0.0174271652691362
v 0.520001484846235 0.383021087646185 -0.0203053693977332
v 0.519492643016173 0.336739123969436 0.0252170798563941
v 0.520618331315395 0.391524476229334 0.018269308755787
v 0.520543785534885 0.328643655706473 -0.0206196439547215
v 0.520872325653658 0.385831701883906 -0.0157809498865381
v 0.521520118930994 0.389787039322853 -0.0161584993001271
v 0.520350533119699 0.352243870853667 0.0255291328202328
v 0.521921448295992 0.387237456242017 0.0164156570859493
v 0.52236898770347 0.383461192543022 0.0185865349102029
v 0.520088155300736 0.315037070084483 -0.00479177422914142
v 0.523719614960127 0.391919523493983 -0.0117805196640889
v 0.523933486064342 0.396678984580313 0.00813210758047474
v 0.524857117177707 0.383850339169178 -0.0138172093558273
v 0.525193429457507 0.317732006270328 0.00894733680719026
v 0.524494453623251 0.315163311064614 0.00225502458211074
v 0.519804824268104 0.319197948650107 -0.014157035925384
v 0.525533059255351 0.386450256879195 0.012565879762595
v 0.525471106969545 0.376470436665065 0.0165165349142475
v 0.521338866667414 0.366801600616141 0.0238220833543833
v 0.52676038557747 0.317326596240959 -0.00410777433333031
v 0.527302881153438 0.323967064794566 0.0123869964255058
v 0.522740581585437 0.375386241835543 -0.0194526186413348
v 0.527557510758496 0.390037571248059 -2.46377272930988e-05
v 0.526979245245746 0.321919512357245 -0.00998102281533268
v 0.529026300658502 0.318811446825359 0.00330393583046371
v 0.529153376788443 0.381387917935619 -0.00513593521380398
v 0.529247223880777 0.381739717873452 0.00565087548141275
v 0.525831447273761 0.335879204953606 -0.0168211347740926
v 0.530577317288909 0.322443210371984 -0.00393696015134129
v 0.528756425063498 0.366692611173612 0.0134967471945829
v 0.529670319708434 0.351830760113946 -0.0126438803876504
v 0.531999359310321 0.325086447359696 0.00394874977665738
v 0.531635784528867 0.368960931507125 0.00573201905933602
v 0.529307034802396 0.346672198114851 0.0146548402650236
v 0.532537892422835 0.330836690450948 -0.00517359066819667
v 0.528754676456159 0.332376917256127 0.0137786295573108
v 0.53116116353922 0.371646682643283 -0.00472525876377177
v 0.534019148594404 0.348075223345392 -0.00309230511154745
v 0.533935690928445 0.337245447225936 0.00448544109971262
v 0.533538849450356 0.35401670674051 0.00518502311622394
v -0.374750501701855 0.24244472080486 -0.196596746395486
v -0.410485996120489 0.219755825476003 -0.136114529097966
v 0.395901747920222 0.383563664631425 0.0931036506749657
v -0.449998352169541 0.255012987304622 -0.0578150453790155
v 0.259884527125254 0.37978833288741 0.0160805779795515
v 0.244496681829551 0.109103893789797 0.186250530982312
v -0.357570723007517 0.237847018170335 0.210304204173574
v -0.461492293056737 0.261135000764859 0.00138984477994776
v -0.452198602844888 0.105554121686765 0.164691671857285
v 0.26218260664529 0.383697364784 0.00835346415028578
v 0.492206071481966 0.433209376909088 0.0239974641587438
v 0.258747864731546 0.378480180818961 0.0266665514111986
v -0.460528590528247 0.109184645798492 0.160542192996487
v 0.225790940720567 0.0605614585485124 0.235824984089033
v -0.420878149504223 0.0974202182284157 -0.185878514641381
v -0.233241427406009 0.294983968964976 0.219561636867408
v 0.255292320354348 0.250580503845411 0.157421499712114
v -0.481273234388537 0.234137057087245 0.0142562427123472
v 0.25389435152385 0.339401439195661 0.0980345608043395
v 0.176152239239851 0.0500829237025057 -0.326251862370164
v -0.338794 0.232659 0.221751
v -0.399307631954669 0.200344402077429 0.101506504751847
v 0.261722183651378 0.383329728133593 0.0189738898129861
v -0.31305003215327 0.210292614287598 0.174836148307807
v -0.445481796809546 0.278662719457373 0.0729485755477694
v 0.240711010821178 0.0976166527624187 0.197289699081457
v -0.409252876265397 0.283218463077911 0.105293933158435
v -0.137849399439496 0.191859426781008 0.265476261252104
v 0.173766192654612 0.289072812065382 -0.203660694794885
v 0.508109127942916 0.358125347735664 -0.0358717206895686
v 0.195277025772559 0.0377274366426722 0.30475091656738
v 0.35909447147114 0.266088797777878 0.0456795440765516
v 0.118154365081081 0.132801230834123 -0.24951995395334
v -0.384788750292376 0.231479594662231 -0.162739831380247
v 0.159941168767867 0.168761232588533 0.259904708664236
v -0.313933588884084 0.256032349750527 -0.209503340471772
v 0.0779539812660091 0.244528217022467 -0.255194810532398
v 0.155117324504093 0.0442711268184599 0.342802828227354
v -0.388966967795812 0.232341397478203 -0.147327717102574
v 0.399787203476019 0.429299640327375 -0.0749225342496215
v -0.422684253691013 0.243143496784434 0.0983827320980121
v 0.263480540719803 0.0964641204507554 -0.236368798990628
v 0.497298134533295 0.328105627952231 -0.037994934107949
v 0.493160497017075 0.339454202538256 -0.0474783303688698
v 0.156618086208012 0.0977834195347109 -0.315692315910851
v 0.214111028774268 0.411432528649457 -0.00394914833405026
v 0.248448761584756 0.133735539419562 -0.256294834801602
v -0.255671023455146 0.208698962483365 -0.247135813499258
v 0.187919968636132 0.0486765117851476 0.258097676372427
v -0.42608639212376 0.250030170651628 0.129338257653075
v 0.0738830870639709 0.201601725747004 -0.250228752228649
v 0.470468679300272 0.323257644490018 0.0538146626562967
v -0.122524561739443 0.182970442949721 0.23537042759548
v 0.15059354538968 0.269261300555344 -0.221704361272782
v 5.22751506959445e-05 0.252147400838336 0.261456807070454
v -0.496824094063487 0.106216858046241 0.207174183842009
v -0.306283628209013 0.219252163693179 -0.228274813240685
v 0.175535807494154 0.0728397954076644 0.249073532123608
v 0.202582695567183 0.054050873403125 0.24679120181385
v 0.51530495183084 0.361024318206055 -0.0291424059141256
v 0.0652607018915849 0.266040729328595 -0.241621829082499
v -0.208216897046477 0.255034335543134 0.244513922364838
v 0.162383128919865 0.289893678298598 -0.20654817498062
v 0.15055469852535 0.236310752580117 0.223562367239444
v -0.439581237578409 0.275952373174875 -0.0904809467731014
v 0.172678691148488 0.028232986046084 -0.323842345504938
v 0.210528427376538 0.323984835721261 -0.154837458368858
v 0.228624632706765 0.0774436007890124 0.28264241725249
v -0.441040229665026 0.25119454660964 -0.0848972927553792
v 0.257926878303807 0.378529098162163 0.00950360044534637
v 0.13764146502371 0.174267314327141 -0.0831513304925048
v -0.434123717118749 0.127793152270652 -0.131615531782098
v 0.201685482013708 0.106553128873546 0.298375777032467
v -0.381148216687581 0.248427037947322 0.192260024889565
v 0.110599671698473 0.249799617094649 -0.244932419553427
v -0.52318630808754 0.0848249910469767 -0.198958832634994
v -0.305891116913269 0.181741979979188 -0.0753653029235593
v 0.0826716977161391 0.234702412769299 0.262278154586681
v -0.27579725684902 0.181958036558859 -0.121263891755557
v 0.155634718002579 0.197673575626692 0.113765039146195
v 0.103997685226575 0.187928259649199 0.174032881663969
v -0.424049697168259 0.308253268468038 -0.0359275350746345
v -0.498108651712155 0.115344463975513 -0.172700540024046
v 0.185367549519386 0.290873780018876 -0.198247840632231
v -0.297730983358052 0.179908279003817 0.0783180063148102
v -0.116740801521675 0.19003608542179 0.264489977624269
v -0.446080902784579 0.255762066750973 0.0908600159684779
v -0.270611903627058 0.202363056177827 0.209530010299106
v -0.200086757683358 0.243148949394935 -0.255386759955065
v 0.194134948508979 0.214377336599839 -0.0811521817437452
v 0.13163925890311 0.0196170270565822 -0.305243443007973
v 0.163112213606113 0.18007579184418 0.0531029843316105
v -0.335181054444248 0.186758144828679 0.068498144417196
v 0.115420129084864 0.197045286419092 -0.163999840947232
v 0.260263221969882 0.0986780756552209 -0.244538224983978
v -0.373957168967535 0.141361891998736 0.178126484434799
v -0.424658583124733 0.210797106459393 0.0204759970230023
v -0.408482328436751 0.22287558712215 0.0374358767561936
v 0.261754619107683 0.385716229305197 -0.0226201843719026
v 0.401182867834573 0.276390322083118 -0.0582531344233749
v -0.474273306207988 0.147907011217878 -0.143902814912496
v -0.300249007358382 0.247109899767596 0.226082130687331
v 0.18875783596787 0.190401098587061 0.0383451866849871
v 0.0736734933263409 0.204337438404748 -0.25723828750396
v -0.456135915339044 0.258534133712217 -0.0457608650392574
v -0.0666691794880016 0.197655490104379 -0.28167718777086
v 0.244043587474796 0.298032067976983 -0.0785355684014222
v -0.413948084129031 0.241937642197415 0.0743338990260072
v 0.238404439094205 0.0625129388030297 0.241560479447828
v 0.10250446053707 0.327678800310732 -0.20200534801131
v -0.232027893472028 0.230489990918635 -0.258925693092498
v 0.20768499183963 0.103170243278037 0.205657255650662
v -0.418644541325286 0.273258784462721 -0.122357038334955
v 0.206662934449376 0.133367590168288 0.181954904255721
v 0.508162030209584 0.378025342461841 0.0359753345155891
v 0.264663691587513 0.37802954604161 0.0115338864917314
v 0.172975312163822 0.278909814849702 -0.209179677038942
v 0.186461976072007 0.0440956052398406 -0.260021167758509
v 0.10004136120531 0.168821187944615 0.127548374588138
v -0.446886550631342 0.20677267331186 0.00682078581250269
v 0.14721771570874 0.020039677863609 -0.294799002190537
v 0.0291181198212579 0.235242657054999 0.270877959913467
v 0.252136656819854 0.373834938607569 0.0327334302756513
v -0.452642628758776 0.284528290816181 -0.0156607897994346
v 0.0437870983709768 0.236077217594332 -0.266914567442092
v 0.144009537721555 0.18174388021656 -0.0984584501487035
v 0.220070393298594 0.305868436627539 -0.0918738808032142
v 0.210179331624791 0.155613243361102 0.264590936952837
v 0.1795316260403 0.1442462445435 0.278320006509478
v 0.270524952406508 0.137900608196769 0.23582619187663
v -0.289826996111901 0.19468895131557 -0.152273112751293
v -0.13778488251572 0.231656644063407 0.274799943725775
v -0.441527991860937 0.253235384980266 0.0335143421987598
v -0.118692477919792 0.228331844693272 0.280034939217165
v 0.501718185995723 0.396235946484154 -0.0370807459637208
v 0.259634716349229 0.379802442358547 -0.00245552192895516
v -0.370869454922 0.227819009497422 0.170946657894075
v 0.270842909631994 0.238765159987918 0.148687161197549
v -0.348941896491249 0.154476263144111 0.160225547782872
v 0.252159690462841 0.336395865983227 0.0950293203887575
v 0.484193741562863 0.304028696620466 0.0237218802196088
v -0.426039586212448 0.24594171608339 -0.0686055808082872
v -0.424896720917207 0.206596451797891 -0.0138961094488469
v 0.292116665781146 0.144140602202929 -0.178710259346928
v -0.296446953568051 0.245164381442629 -0.227887337537899
v 0.279598781472272 0.299557898782746 0.072451616948975
v -0.208725728230844 0.239595059209916 0.258282382940842
v 0.205575913104384 0.0946808398817915 -0.211451702700289
v -0.411048593084376 0.243965130257812 0.148014129795292
v -0.501802411546755 0.104612480741061 0.184897734935376
v -0.462538595483715 0.0884797947073935 -0.161526237536415
v 0.393298160787267 0.32749069869908 -0.0889279566043387
v -0.439410438126511 0.168310650937945 -0.195195158090516
v -0.470942768534087 0.27549874383298 -0.0288239353945833
v -0.499007780925681 0.146057647662248 -0.163864730131864
v -0.433323435605072 0.247555299109694 0.0796956151237257
v 0.192995089582204 0.0517597750689072 -0.312416145859485
v 0.19922507534336 0.0680621041702248 0.238083077313518
v -0.403402327616278 0.265789821729499 -0.15062815285271
v 0.349698424936048 0.267034049364989 0.0509890901840922
v -0.389545400612274 0.257932862751646 -0.17316272263657
v 0.136012976060902 0.00508986838857336 -0.332376581907864
v -0.318757709809132 0.181285694344394 -0.0343819525974285
v -0.466599439175627 0.2355620136497 0.018086198051693
v 0.242462814940949 0.329794636969127 0.118378247919637
v 0.195746642180926 0.365392471860704 0.116521722681694
v -0.0724136542087893 0.248477487974717 -0.266317579250783
v -0.330415243218333 0.222265733152588 -0.21211116396185
v -0.393328802410108 0.251973504733301 -0.179791098940251
v 0.0660653249491368 0.183015594532381 -0.201020544044967
v -0.384722517240116 0.231970185236819 0.16180680777024
v -0.382322158565034 0.265564104219049 0.165300640489827
v 0.174791323249358 0.188482157959919 -0.0611540232509008
v -0.125155178659884 0.197865326878379 0.27866959529672
v 0.0810906100403267 0.0278278660243251 0.353532880540479
v -0.324721731083665 0.217842423665662 -0.207168408791635
v 0.178040778974011 0.195819458898496 -0.0749111386719293
v 0.188219516487254 0.0602054583080529 -0.316994855578215
v -0.0645502332509253 0.193043113255891 -0.273565203020093
v 0.236185844131622 0.259970851332421 -0.158100650485435
v 0.220859457652144 0.0841999903307095 0.214845233677131
v 0.218645514520995 0.4055262891551 -0.0127468177588762
v 0.145282597166906 0.0773050697893225 -0.333008875194682
v 0.0914716685989225 0.25782990021749 -0.244427539144828
v -0.188297039157973 0.23028320548772 -0.268113821399427
v 0.20693391036959 0.161198151278365 -0.259585351318263
v 0.116673715119219 0.101697812027258 0.300644364735853
v -0.229681629035196 0.220620063000329 -0.267566677783184
v 0.131929495162826 0.162558021150016 0.261276445846349
v -0.0923276635735236 0.205393114846736 -0.290179492751712
v -0.342681799851337 0.23437193006808 -0.217882007198001
v -0.162746389098996 0.231952747220431 0.272217322976594
v 0.239399941045964 0.321656782831882 0.101170826736988
v -0.446893003433628 0.282517741148934 -0.0518092398415786
v 0.126858704195082 0.248754601453928 -0.24062524544569
v -0.191492002021261 0.193654299957904 -0.244660882326171
v -0.268793162616824 0.205649333955697 -0.229627782811001
v 0.240478644190992 0.0745896984556765 -0.264145423458934
v 0.088544454721788 0.0321610794507669 -0.342620527704313
v -0.47751002743848 0.0809938600926371 -0.210678011421873
v 0.270194989863048 0.10214130473139 0.206796701621184
v 0.186774480770172 0.344638461104708 -0.141486695296736
v -0.408874575932107 0.273109799888187 -0.130876182970479
v 0.202260790432049 0.329830322184843 0.156404662586331
v -0.144022029508524 0.231390958490727 -0.273772546390436
v 0.416535729092707 0.309928891359737 -0.0767196849322263
v 0.223985276675612 0.0533869425406427 0.274357256643781
v -0.352478354510065 0.258264670572862 -0.190101647680509
v -0.360699997124054 0.264898345874246 -0.176786233405895
v -0.386794416066001 0.231459245597147 -0.138836113885139
v -0.141125800539749 0.192337449355092 -0.264077272034769
v -0.452725743964334 0.277990516215172 -0.0626666040200033
v -0.505979533366142 0.163358312054182 0.169465435869313
v -0.235519595314212 0.209952441492119 -0.25936654842056
v -0.436871765985028 0.250443860548278 0.0528833981195511
v -0.00448930585667062 0.229080103044898 -0.277310646765807
v -0.399509573225413 0.265419896036905 0.15535943114224
v -0.294431410989275 0.207738951201012 0.202822683311893
v -0.00506066244334555 0.195919757330401 0.275135226349183
v 0.0465967568098982 0.222352693356349 -0.275534588955979
v -0.244813706879991 0.201524177941281 0.2403196119736
v -0.440188772124978 0.120912306761113 0.207447787716261
v -0.43943321549385 0.13668332394564 0.212456634879927
v 0.207930722726691 0.267796215373781 0.156532111934739
v -0.430715208166023 0.123765072785932 0.205063722275212
v 0.110168925762756 0.281643652800578 -0.221211036539798
v -0.133543555685226 0.222149894371451 0.282841260747306
v -0.289645234904811 0.235858764550049 -0.239269952786233
v -0.445087328988359 0.255233444245232 0.0198094965347074
v 0.182272891990384 0.067582222760985 0.322202535676481
v 0.0832181510453379 0.0175685924007863 0.352652100599876
v 0.177980877270085 0.0397039281766172 0.325177157047645
v -0.0290852818823091 0.229826830999399 0.280150971995629
v -0.0524161360842589 0.196164629034361 0.281009814748047
v -0.168655333122847 0.214354503354074 -0.281769443005899
v -0.440803454055371 0.277908226644813 0.083346715188605
v 0.151655202076146 0.172307862574413 0.256568391152426
v -0.429244928067065 0.110163585965375 -0.140641030343996
v -0.452718797633011 0.263134846285716 -0.0962495100694127
v -0.332396398912991 0.216841140036084 0.180848662479427
v 0.0402170922144342 0.228492161966082 0.273852541704781
v -0.387099207569654 0.231594166477139 0.142758776612669
v -0.242634538945553 0.216585609245565 -0.263138745112793
v -0.438282868865948 0.249548638136461 -0.0748927062044299
v -0.373945089748114 0.228063013277068 0.160718816944916
v -0.211072016302877 0.230719125408243 -0.263542094087739
v -0.408944325603422 0.270101436759324 0.138839857691172
v 0.108569195958968 0.0617545033546312 -0.350588116237283
v -0.347250442166335 0.250977753505312 -0.202777101376055
v 0.375825216206828 0.368822866967698 0.0944742532030336
v -0.44338011371416 0.272851144135726 -0.0973488242194458
v 0.473083964139364 0.325256411467921 -0.0434359659740363
v -0.461676721353572 0.245232526158532 0.01306530970555
v 0.230051274309595 0.312378952425397 -0.0799607014838054
v 0.164772779052916 0.256440957379264 0.223285568806549
v 0.158834192732901 0.133091058623547 -0.286662785342178
v 0.23938139548103 0.365464381887212 -0.0890872824310151
v 0.160056291146389 0.0131190612135464 -0.29738727156207
v 0.248569405329867 0.0815346918908459 -0.254753370608742
v 0.0374065181447916 0.218667161539652 -0.279284001313077
v -0.120678542094509 0.232846806873261 -0.275315042370573
v 0.174929983434648 0.0422186519856727 -0.267476066716762
v 0.135871363950075 0.0335039251861683 -0.354443280792393
v -0.456124538769454 0.260410217526115 0.0646688024789763
v -0.42999802417925 0.251602627408098 -0.124536063813431
v -0.30464014623884 0.207373786694328 -0.174627245841198
v 0.207265389565009 0.149599539332297 0.169231674802819
v -0.242528898003029 0.239931098245925 0.250195607189344
v -0.179396479616955 0.251927740331794 0.253781129767459
v 0.179509330005175 0.270755496244942 -0.210340109416895
v 0.00832407802483801 0.195668569149767 -0.269534515100938
v -0.447897131502471 0.131309470544777 0.141419189433378
v -0.0296129765710432 0.211233544484109 -0.289804734292014
v -0.431174013726247 0.269814990970628 -0.119465186794988
v 0.262384592995595 0.376386999964325 -0.0180911291056687
v -0.459881210355969 0.279046401500509 -0.0395159209941503
v 0.253338308016698 0.096842670737044 0.198959116948325
v -0.258537835982248 0.247979862368197 -0.23670319930523
v -0.450603583929426 0.282562573969191 -0.0404680851872362
v 0.0894444311639254 0.0243677733361661 0.344148944416785
v 0.499284416074208 0.372295771938247 -0.0430387405775257
v -0.466817579273119 0.0812588505374043 -0.203145498778233
v 0.161532366584307 0.277999473215514 -0.213482478606344
v -0.363841926871412 0.224817045252201 0.154169715778001
v -0.444972321219601 0.113742064948457 -0.143557218582743
v -0.463454074784674 0.273161070073027 0.0652887795565388
v -0.415353404523609 0.241511830783943 0.0873875721482046
v -0.423777563002811 0.244642810222661 0.0780798407705723
v -0.316126219955149 0.241022669473418 0.226933637569092
v 0.491263598571514 0.403646703613881 -0.0441407159246914
v 0.19473539430965 0.284398354112634 -0.197354491546719
v -0.166194408214363 0.234179614645276 -0.268694802719656
v 0.201184594635745 0.0389365026154206 -0.296090387571035
v 0.141343799350686 0.301576194707365 -0.198377892014224
v 0.202603465361798 0.0654511894117563 0.307032847075343
v -0.304466431326328 0.183969994339584 -0.0945925083245689
v 0.237121820986427 0.40077618374309 -0.0236085998789425
v 0.25356268066489 0.353854880770103 -0.079025544525108
v 0.243190823541905 0.16811034448003 0.14435661395294
v 0.243155286860518 0.0690365316344822 0.233988662455277
v 0.0908038932785814 0.013420178529788 0.34386916838006
v 0.157192409459921 0.0150383837102942 -0.328820975013367
v 0.154192307846663 0.00986861081840082 -0.312709173752336
v -0.443229834098743 0.282483646498664 0.0609691678377755
v -0.3865763531819 0.229918996101317 -0.102244583562652
v -0.184879991525532 0.203062632216042 -0.270049051622876
v 0.119111605359963 0.0875077015193385 -0.290568260361591
v 0.0915688153884356 0.29854164943887 0.222407984949959
v -0.138224010638802 0.207187710012669 0.287315280519916
v -0.424006518062366 0.249567629278357 -0.131475547934685
v -0.447490744582991 0.0837041438482539 -0.190614745612171
v 0.424562467407592 0.352566343610641 0.0899082565780281
v 0.235727019698747 0.0616736712078652 0.259868631758364
v -0.331967831199636 0.25951825777108 -0.197899485195237
v -0.454377978474732 0.282637785948555 -0.0286624570995684
v -0.248865262055962 0.211646557689755 -0.254918849728181
v -0.482125756515865 0.0722163574933112 -0.189805671070083
v 0.124787069312867 0.109814715027065 0.301473178302811
v 0.07846273347022 0.0355586678249274 0.355661548613566
v -0.505294158256666 0.139106509697731 0.174611124466209
v 0.505663061182904 0.38358469100039 -0.0361985377958028
v -0.0550242235476977 0.221109974546513 -0.285341683826247
v 0.23712219642902 0.0649709574676914 -0.261378389079277
v -0.395512251992191 0.260508623701826 -0.1646941273571
v 0.135680743316903 0.0936265940874451 -0.263337645727626
v 0.262939831400649 0.244811935989184 0.166607300996511
v 0.282157209822643 0.271867599561556 0.0618914586312866
v -0.335563034049341 0.177097924899721 -0.106325676613216
v -0.452981430227665 0.262699850351445 0.0959973605267646
v -0.228208892573942 0.197639664246876 -0.236742741781651
v -0.377134700457055 0.228688360960531 0.149653829227166
v -0.438227204142553 0.253359019021828 0.108124347797411
v -0.122783947082651 0.194729457778964 -0.273095416679155
v 0.261816201758441 0.375554871484258 0.0212339694917316
v 0.157084074351321 0.150009745928602 -0.272940560948417
v 0.0818798735134423 0.0333841582925588 -0.351236065329666
v 0.471610579720586 0.311737495063879 -0.043030641338335
v -0.182257222186798 0.216416058232855 0.28010073344004
v -0.435269620020067 0.24843102501563 0.0930487029777605
v 0.175716700447086 0.0279851826834751 -0.275932635818398
v -0.452777593796506 0.281849632257479 0.0408735348312886
v 0.156131390408911 0.136285484274609 0.285342089417917
v -0.378129975654327 0.206469583667963 -0.0577090378384716
v -0.375836897262942 0.242225519896669 0.196526214553808
v -0.463716907592524 0.27928460157593 -0.0223242718734334
v 0.20503678886401 0.0383700326586918 -0.261975510629825
v 0.340876777681181 0.261491942093532 0.0244590848673096
v -0.144527229793473 0.189230216430503 -0.251536467709637
v 0.242036943279178 0.375366302060967 -0.0771679768169525
v -0.489036054964327 0.186192232861286 -0.152211330483598
v 0.23250996682967 0.401863663247627 0.014816854328421
v 0.236292002341984 0.317980574690384 0.136294325080966
v 0.145525896240351 0.287600919184106 -0.213399929910207
v 0.219999764139797 0.32555289186631 -0.143907916290545
v -0.418949149415679 0.244813471385099 -0.0548413730916265
v -0.437770889845104 0.258738365561975 -0.126869058981176
v 0.227150780596448 0.317054590047766 0.0806907989974883
v -0.434727894981494 0.252915215688764 0.117755104519474
v -0.32376493448183 0.224517295472944 -0.220588534609142
v -0.125158608042474 0.180108895971037 -0.227442488018544
v 0.249877765238239 0.359169938336966 -0.0867475452696081
v 0.254058924034581 0.37305708318995 0.01115110599148
v -0.0831472499327373 0.233746153196117 -0.276924196204251
v -0.350669439379482 0.222460506260255 -0.184438784161746
v 0.200394881922388 0.13412049259534 -0.184025988783238
v 0.1085406528417 0.0827687377904757 -0.318577870471935
v -0.0485436232756592 0.232219748761918 -0.277863214684967
v 0.25930330240046 0.100866872850385 0.248589990210168
v -0.432412718388697 0.0938722199627428 -0.19266159167083
v -0.381409172826139 0.215406019280191 0.102898509119648
v -0.415134110960659 0.242095029754458 0.0423516730172775
v -0.408244384216761 0.237132398615297 0.0495411788284003
v 0.490801179246725 0.327589804625578 0.0442159632897077
v -0.420422469443931 0.271022065142972 0.12711111182663
v 0.219213419888443 0.405939944829141 0.00470204258951216
v -0.306856961188576 0.238087090052087 -0.2318765780334
v -0.358241093490164 0.22369814600842 0.168150150687204
v -0.431717539876974 0.256926201675792 0.136273726204612
v -0.441378778019223 0.251289372351254 0.0822652018285969
v 0.107368351109347 0.0292304810143296 0.324691018281924
v -0.381485176000114 0.343828369530817 -0.0730003939374388
v -0.460845742743302 0.262342567910108 -0.0536395962023039
v -0.384580162975044 0.214955759566294 -0.151394122623818
v 0.490753206639451 0.356838552556534 0.051735882749783
v -0.14845452845718 0.208288051755802 -0.285020498335719
v 0.512669547134413 0.340149708082444 0.032173218082614
v 0.111179160753692 0.309508941043083 -0.208157129126061
v 0.494010450443713 0.387985581216547 -0.0456349325183662
v -0.453207285514407 0.251900692670718 0.00541737052020403
v -0.476910156152109 0.0759138757061598 -0.176782840442417
v 0.474885210309597 0.420671668996556 -0.0507181610525832
v 0.190508284918617 0.0538414489372876 -0.251205359837634
v 0.267663839532858 0.370682557752342 -0.0398071726677686
v 0.252235725979093 0.358795317998897 0.0864213769969463
v -0.416486562960984 0.0947413127155308 -0.16032285429501
v 0.242954453469798 0.399194716696584 -0.00188720920110934
v -0.425603601953383 0.24511210762555 0.0900219686683079
v -0.220435735739441 0.202878685244526 -0.256336377529339
v -0.481874478602555 0.112084988316867 0.214198698884747
v -0.116139612671936 0.200979380367019 0.283902061851312
v -0.424886925305592 0.266605733457782 -0.13329487323506
v 0.0979593825790391 0.246051326177159 -0.250364537559203
v -0.442638108598933 0.252391633212788 0.062005515482131
v -0.5000592823744 0.153914771082251 -0.195344674041105
v 0.270526559207355 0.10785914017851 0.19645849959981
v -0.123899539679585 0.220068391156099 0.285204638318953
v -0.455212645800449 0.266184 0.0950117874625144
v 0.234514657963301 0.065848652763583 0.231666278611518
v 0.157939110216146 0.0832873873391546 0.326762154468094
v 0.139938091326844 0.00649191943034963 -0.309888199894345
v 0.503731383175706 0.383463389536202 0.0389152848108943
v -0.177978111573755 0.190057837845031 -0.237606183921889
v 0.19513 0.33451916099952 -0.142935506885358
v -0.447702419583801 0.129252275042275 0.213086285868137
v 0.259622131108415 0.379185885012073 0.0358673107916377
v 0.191219152214285 0.0381944856466297 -0.262208282644367
v 0.476753549806108 0.380857240107721 -0.0601997892934523
v -0.464675176323325 0.27974216053563 -0.00927654224940079
v 0.0922064573313116 0.218620331398847 -0.263678539191913
v -0.517791250380621 0.116021786507779 -0.187352057142575
v 0.245480651728554 0.253096485502563 0.140787951447215
v 0.233531720034671 0.0790525256273321 -0.213607630335232
v -0.424232515017968 0.247761438928567 -0.0358627251125565
v 0.181871348031243 0.213155694630976 -0.0912613146435733
v -0.327709598278568 0.187199412415192 -0.0927457684580576
v 0.19728661309979 0.279178155098897 0.179843310587185
v 0.408130589995049 0.318812951698259 -0.0823716358361286
v -0.457745839724382 0.272489446425028 -0.0793610032181133
v 0.012442782013348 0.22109341193216 -0.280281500169686
v -0.293389332379653 0.19788989649888 0.15867895116895
v 0.235195458828244 0.3165988425611 -0.137804857987837
v -0.443014708839998 0.260586802108678 -0.117382611534626
v 0.11716054893296 0.136967658552373 -0.256160980467643
v 0.25239411275595 0.339687880784894 0.101365611119814
v 0.0664561157013438 0.234542888524315 -0.264311319315628
v 0.245880186981349 0.345590420145914 0.0825015451595344
v -0.343336655277499 0.245608654783221 -0.211017278114007
v 0.0861255569834222 0.043454709876986 -0.344519830509984
v -0.186166361219816 0.195465135781518 -0.25622232607379
v -0.338218068504442 0.218098480410339 0.170524705769591
v 0.0198588862713646 0.201998369873978 -0.275949940513731
v -0.46661233813225 0.121659104206871 0.216651358139116
v 0.213936416924147 0.266178770474649 -0.149313685829167
v 0.0850691132728292 0.222730159309131 -0.267227708584143
v 0.188365688201129 0.219223814071267 -0.096505456294718
v 0.182738809734675 0.0222398490453319 -0.290072653873599
v -0.107484115473279 0.187961874546883 -0.257362946005457
v -0.437339251625248 0.274865530141113 0.0985852446084987
v -0.50997004552337 0.105170731194163 0.192122460942344
v -0.263954921320268 0.214267872616595 -0.249437933070688
v 0.116423293068256 0.246794238187597 0.246373151785901
v 0.479989805889263 0.328001640681881 -0.053382858773073
v -0.436748977569801 0.250083154682347 0.0698501681171174
v 0.233899342424459 0.328395171234497 0.127651095952406
v 0.247589472835747 0.39263693547642 -0.0345473142813579
v -0.426218801338467 0.204645573032598 0.00889744296401059
v -0.46478947922568 0.266508110170694 0.0637202335675338
v -0.253977032013364 0.206886980127112 0.247390807182524
v 0.203372582813313 0.0343444538887254 -0.277515226125924
v 0.131949456972038 0.236290994804525 -0.244949715714981
v 0.233318450872301 0.32926914717521 -0.0885968830977164
v -0.420904052463198 0.253576112436991 -0.149315594551635
v -0.0531238914302396 0.21098492281152 0.292306366862925
v -0.378681491348875 0.2292466185355 -0.152845467170751
v 0.493424432219241 0.343895059557085 0.0484335426572243
v -0.448356716710766 0.267986604805151 -0.106065807021797
v 0.0323914815133771 0.208890533992148 -0.280424837225186
v 0.185799048049986 0.212250903254428 -0.10459473284805
v -0.395901440766548 0.249768397030314 -0.177870121675885
v 0.219521963095135 0.290103610898288 0.139278378837771
v 0.479182752331181 0.334299916243837 0.0584229900041256
v 0.155607023726142 0.183713298911478 0.171151701554907
v -0.446363586763832 0.27329743679917 0.0926540094061715
v 0.486195026447834 0.333284920151581 0.0526702424425692
v -0.473523203239987 0.275680204558275 -0.00496180299402938
v -0.337474575667346 0.24940835740497 -0.208465582627049
v 0.104342692331849 0.041808569521905 0.368417370774289
v -0.476859098481853 0.103581149948228 0.189382805747933
v -0.465627560534603 0.264656129435646 0.0170167967953799
v 0.408222987504465 0.328744173251167 -0.0858390591714276
v -0.441807494217114 0.254504427285788 0.0991131808799401
v -0.0627262313013927 0.189059464896284 0.26685989957289
v -0.038390032169714 0.22275170750204 -0.283792553366531
v -0.510505848106523 0.107687355837038 0.187864478037554
v 0.0424164359952486 0.19737585606406 -0.260900311212527
v -0.434742039740375 0.249901767242499 -0.0509315369165751
v 0.489952151087559 0.339149848807889 0.0513532670929519
v -0.458968333675429 0.261367437177171 0.0542283385790438
v -0.476682030123206 0.221068474910942 0.0144700983407086
v -0.453179741104774 0.259267342104387 0.0779018854594546
v 0.483903174222387 0.345099679224317 0.0563947967354384
v -0.41333915684023 0.216741329307631 -0.146678504152514
v 0.123345379333503 0.133566746614117 0.27635204709518
v -0.450534793526376 0.255306708626337 0.0547468361842237
v 0.246525916727311 0.358998035653612 -0.0678710087548006
v 0.197456169578947 0.305559195700434 -0.18119122730589
v 0.439576743218614 0.311158224375013 0.0670042664029964
v 0.163871937895479 0.037726888796569 -0.276592004798195
v 0.471821187704734 0.314977056740958 0.0449752961734461
v -0.119401137329474 0.212169496908254 0.290241138991401
v 0.193671089802588 0.351898812812711 0.130645755661653
v -0.323329624303798 0.213571578963668 0.17658426681356
v -0.45689288621079 0.105794095628375 -0.152420051523689
v 0.279052886439997 0.131128434821196 -0.222748759636181
v -0.451936852218695 0.257946130256549 0.0044208480018321
v -0.399900338172314 0.156288822111716 -0.190202190090695
v -0.38177959441463 0.216403873626445 0.151459105316425
v 0.27009246721143 0.38117632436369 0.012388001226209
v 0.222713 0.330404 -0.076534
v 0.495923644031283 0.398836868526785 0.0429867912542041
v -0.457123657377342 0.258777176430347 0.0197066931466092
v -0.455851616851449 0.278540787838247 0.0536876625690476
v 0.194914288913425 0.277076396122169 0.163972649451531
v 0.117065657854105 0.101577532742173 0.291010652528582
v -0.461923581462762 0.278678157677915 -0.0355026012938581
v -0.139974538088201 0.210490332408981 0.287691426043405
v -0.465743056684678 0.269713650338031 -0.0644831990847002
v 0.254554338288927 0.119407628355135 0.177135102145218
v 0.265705753550697 0.374964152336436 0.0287403071897945
v -0.455165091096193 0.282779568630632 0.0238739325562472
v 0.140016964612947 0.261463103425519 -0.22932771714074
v 0.221751235750611 0.313825311043485 -0.0969028402035802
v 0.191499545395379 0.276672848298762 -0.199201512755682
v -0.110532530638212 0.206294492263072 -0.288904946939719
v -0.335684340521762 0.219175876057867 0.199200441318565
v 0.477546982613736 0.324873044255644 0.0469859743236047
v 0.00211534755810947 0.206439320334276 -0.285415592586913
v 0.203900461733033 0.375142480271668 0.0983262237984597
v 0.177245760591132 0.0215755118499463 -0.283467239715148
v -0.266483971007541 0.222843436846879 -0.255554845542283
v 0.139438604287507 0.0200596695386347 -0.299687699022926
v -0.449898560538136 0.258844966038052 -0.0891660361048077
v -0.315957615259372 0.21250087857749 0.190464254904967
v -0.514155957976828 0.141734698933651 -0.179836155370483
v -0.461316703970972 0.140390010939415 0.217217626086113
v 0.0206326141628858 0.220748355275545 -0.28013956857072
v 0.246000914154696 0.396740291410498 -0.0162927258455804
v 0.234317717119853 0.401470875015217 -0.0263758004214588
v -0.220365920745133 0.226599277792698 0.266476720352644
v 0.25096956371594 0.328548124924649 0.101588177629405
v -0.141213529523606 0.199102230280847 -0.276082320921835
v 0.240576885015453 0.317674115773813 -0.104673743965676
v -0.45325771035869 0.256919152212271 0.0298828249274156
v -0.465912990886789 0.279414889763787 0.00122575961415979
v -0.469951750069631 0.26688933044733 -0.00676716850675147
v -0.302506005736786 0.224533625679427 0.240508045392149
v 0.243750101935018 0.335541413590564 0.112489940489437
v 0.255811749869253 0.0869623721027454 -0.245624165102464
v 0.122564419237291 0.0780724674044998 -0.333673952834651
v -0.514976061353853 0.122910269785405 -0.209751329991842
v -0.402226601651211 0.236877108170623 0.0765420282417372
v 0.26094917649786 0.387133597526941 -0.0129679835334847
v 0.509570655233759 0.318482428060017 0.0143149166758886
v 0.119591317304831 0.0404832256186974 0.310756451256552
v -0.468466764628455 0.265853519777941 0.00722721870073576
v 0.0770908419247183 0.0209535463313962 0.359869596004214
v 0.242567896136966 0.0665390374780856 -0.239694757064335
v 0.186155762385552 0.207208914034747 0.0828984431658713
v 0.184037184863929 0.224825156114414 -0.205087942841992
v 0.0722006682320703 0.217367 -0.271924292159308
v -0.324205814568848 0.211113685416795 0.161927683962213
v 0.523031268567395 0.400858042481163 -0.0037662809887795
v -0.473451835373072 0.275059756671701 0.0158016825871098
v -0.469560545997638 0.267199518934173 0.0227109409230787
v -0.411000318472508 0.240885946356377 -0.0710818696483595
v -0.373415244013063 0.220972125971997 0.147740433786141
v 0.152023774560372 0.0106208930023547 -0.32620635936372
v 0.23421494229145 0.31255077019188 0.108558391335579
v 0.246818055842428 0.343996554650708 -0.101755230755216
v 0.2408739631437 0.357152023556741 0.096146971740853
v 0.234613710587618 0.299314180100155 -0.126594592864686
v 0.481349472161218 0.307424966717803 0.0305862939020205
v -0.42416941996934 0.218852137431536 0.142143084424095
v 0.138760334725845 0.315783459416635 -0.19215212090095
v 0.224756963561415 0.400276852042999 0.00621143456492842
v -0.513353102933653 0.0681074514215549 -0.210506564485155
v -0.463222954358503 0.22236704443565 -0.0173177432524538
v 0.228378705158318 0.0719737520197588 0.223789334111357
v -0.456265912208756 0.278960654144137 -0.0497482121101582
v 0.0886734024221683 0.0579065243333456 -0.347194320328498
v 0.133211686273459 0.007855904987463 -0.309229425571771
v 0.270275162558204 0.104091780101266 0.22924321180051
v -0.370730725243585 0.255523506481962 -0.186165544075117
v -0.300531374917769 0.185575085957037 0.109290554453066
v 0.474420397305767 0.32611331093462 0.0576789946368008
v 0.0122040828548783 0.191767598139423 0.260475279757841
v -0.461084603451605 0.268623490826893 0.0799479555189088
v 0.210563805978431 0.307915370714373 -0.170987079592359
v 0.237435032579347 0.35208947897193 0.103420901455867
v 0.168558968865131 0.256111894035296 0.21893276365153
v -0.471541172307689 0.242214609646098 0.0126069759682652
v 0.118169982295328 0.128644474633326 -0.257813066813543
v 0.237897016702096 0.364706325832052 0.0918936241365171
v -0.414866219098157 0.241306849332832 -0.0867897284736748
v -0.513401968427195 0.148394180265417 -0.185350217640809
v 0.368927862415087 0.272101554023407 0.0625867346572442
v -0.487830808326039 0.141191040010449 0.161750223913535
v 0.116705423057192 0.102609412131602 -0.293790642138422
v 0.260462720796591 0.381913180332671 -0.0334835566492886
v -0.366112612759253 0.225656635646135 -0.161405433212977
v 0.261982699791716 0.0944248296844399 0.208514332868979
v 0.171578210032187 0.17891496552373 0.156098683370317
v -0.445455392393157 0.151688379541939 0.212323204035044
v 0.251516050952131 0.367624448355904 0.0584233212037883
v -0.362229856907273 0.2305410061528 0.193986938929984
v -0.137527109504913 0.498212873039344 -0.0213414434530373
v 0.254612451588391 0.344819546656479 -0.0923936475608997
v 0.159667985873837 0.105348381929659 0.310837111880983
v -0.471031160624658 0.128881827796036 0.219412487751236
v 0.478802361466083 0.31969765741508 0.0398268494743834
v 0.214125 0.36108 0.101645
v -0.47763278263106 0.10444379909621 0.194693401802032
v 0.435696346319416 0.36298530775345 0.086039329556667
v 0.256174524917297 0.370967752524088 0.0591055983618827
v -0.129548400479802 0.212482625799759 -0.287729271478262
v 0.224020554810394 0.325634541803023 0.141521713332685
v -0.020051832047227 0.221720313828696 -0.2834175185313
v -0.500719817544756 0.0721153505383432 -0.211965615198924
v -0.340422713123948 0.218874618532603 -0.178074010249269
v 0.0113523019925834 0.197145553455584 0.273167543518205
v 0.473860143278471 0.324279209846927 -0.0506356086041074
v -0.352564280473635 0.242829940349306 -0.210796173258999
v 0.253500042383618 0.0784791490315331 0.236307212601219
v -0.196817642822705 0.191843464134291 -0.233099438578552
v -0.388243467072773 0.266685845033824 -0.158359996722245
v 0.246007410293285 0.0785801289089265 0.218938441752011
v 0.254834710936301 0.359880513231182 -0.0806583441949721
v -0.0746194691739486 0.20574604984556 0.29191480176307
v 0.508742487876677 0.371486962243329 -0.0347486465615277
v -0.465242524976745 0.263730013790481 -0.0161060348862107
v 0.253701624291623 0.376473001256722 0.00433863020384159
v 0.251964445691444 0.348952588805015 0.0833538918002701
v -0.0231567139817936 0.197014732734916 -0.278245666688746
v -0.108758324980204 0.206284786340669 0.290369994420514
v -0.373976273804454 0.168462281516992 -0.176450281391065
v -0.468907193381682 0.0856292112224752 -0.209904451792472
v -0.49247978643567 0.185286940138064 0.15518006681001
v -0.463356883334633 0.263295284201192 0.0441165274631767
v 0.241532830604325 0.321005666692091 0.127749094366923
v -0.384960018150468 0.11286439355917 -0.157317509581017
v 0.234302732515558 0.402860493841001 -0.00588541104656776
v -0.491542412258883 0.0721940599868538 -0.206691046634953
v 0.267755581837545 0.096031590926048 -0.221590502353757
v -0.460870938891729 0.260765353309766 0.0110758205143245
v -0.330445851699121 0.166637231969192 0.130782041939588
v 0.237852433769021 0.346810171701647 -0.106672792006509
v 0.183075933059297 0.270312240444189 0.163720213028855
v 0.201490947602694 0.338684622472982 0.135350461847087
v -0.3373742251637 0.170037449282029 -0.110646317580623
v -0.437292308928427 0.255994220324776 -0.118975934678183
v -0.347920234865088 0.216866751989679 0.157165097383643
v 0.252432550444152 0.329015710030912 -0.102992244599633
v -0.172629412491461 0.198327577381034 -0.267041066320565
v -0.45661315297714 0.258748275625054 -0.00702982113126172
v -0.473279597372067 0.196163399579539 0.133039489105912
v 0.191648334131957 0.0323937917811221 -0.26780907704789
v 0.264411776451041 0.0918157099752338 0.222563948935729
v -0.452090387808061 0.265688560377819 -0.100929965642836
v 0.446189603763772 0.356815728134239 0.0817335438291925
v 0.104429528468371 0.0165763329548099 0.329581400941616
v 0.25435723062786 0.392245060749541 0.00308661445970619
v -0.0407112408091356 0.206301242930938 0.291515595398795
v -0.388801575274971 0.232077735193048 -0.128254728063433
v 0.238168787488657 0.402136940840655 0.0119401057567402
v 0.257868722252967 0.374210638026558 0.0167453918012344
v 0.00854227475896871 0.212439548611483 -0.285866043028339
v 0.416819146503634 0.317901621293329 -0.0790183966375678
v -0.156850229747776 0.223405424996095 -0.277035471709801
v 0.504164424283073 0.321310883956131 0.0200117904079454
v 0.198366522365205 0.280784463193959 0.193371633372733
v -0.492937458281021 0.189120397189643 0.161376500424106
v 0.254373265422219 0.345874600708434 0.0919571144602062
v 0.238286445906308 0.338109358516408 -0.0835232336047297
v -0.458883004713705 0.263967457216802 -0.0779670883213593
v 0.250523540800841 0.0781679453449074 -0.248037566652845
v -0.423159230505328 0.24624799135229 -0.0312825777321388
v 0.234744118886059 0.31883309474558 -0.100657565546675
v -0.462719289467737 0.0771389912561425 -0.183716953630394
v -0.426934826581875 0.23564945385324 0.0298845915672439
v 0.195825864975375 0.277956437765156 -0.171905372981495
v 0.255901444323066 0.0835332179840147 0.220264779478029
v 0.272850369228772 0.377585084484735 0.0303203184694905
v -0.345836038042022 0.220379453878442 0.176327421105341
v 0.133781000170487 0.00389790471861488 -0.323325797990593
v 0.101546113467641 0.187556832052674 -0.175665106936386
v 0.215032322178658 0.060515135934648 -0.235372433359822
v 0.25073922303326 0.324924233630334 0.114797906964345
v -0.49706014623401 0.167072786928013 -0.158202633489742
v -0.072815746289195 0.226483794484805 0.283407810290632
v -0.41468438372971 0.262980829860373 -0.148851885329297
v -0.455906103610074 0.267612475044195 -0.0915156481722232
v -0.394968982587546 0.234083001188329 -0.0977960447416952
v 0.174298138342539 0.272710688524827 0.212722008735148
v 0.209408954068226 0.287512701448671 -0.182589809298024
v 0.219187207395695 0.318053979836051 -0.0900250944395709
v -0.123916020718617 0.189038594417037 -0.257769358958072
v -0.50923542023604 0.0720368473913652 -0.21614676672592
v 0.278186880780383 0.331957407303798 0.071837581599091
v -0.14611884361754 0.213318755953697 0.286862313063611
v 0.118637033787666 0.131995577318479 0.269120893000732
v 0.248527045134298 0.31459933681606 0.114795263308597
v 0.252396399348352 0.326861082271055 -0.109699466925482
v -0.483120847000135 0.075175729455509 -0.206269984862346
v -0.461909694338835 0.275296064176243 -0.0589469341043128
v 0.521455636940997 0.32188227043124 0.016101802481621
v 0.262006962556207 0.0902165041574667 -0.210853791006865
v -0.445576535870603 0.0831348547884527 -0.183137713585307
v -0.463764826203791 0.262591029877333 -0.00609236740046677
v 0.266824114188627 0.375314153316474 -0.0291404465671731
v -0.303466926927018 0.231681786027976 0.24130215025124
v 0.262968680582583 0.378274680346803 -0.00728275314436807
v -0.0408215118005991 0.220925905853364 0.286509170762922
v -0.484764034473576 0.104236651753917 0.178562325508306
v -0.441176918058311 0.252829599217197 -0.0956405524372685
v 0.249763142467186 0.356029320162843 -0.074102903801197
v -0.461981545792057 0.261613434460032 -0.0249595404204929
v 0.147742380402198 0.0131344047606039 -0.298377926252112
v -0.394968613873055 0.231286322961981 -0.0736042594753341
v -0.465589693134385 0.27168079158727 0.0622697824629322
v -0.495809561998134 0.103878978291345 0.194353020459161
v 0.265372575141366 0.0951799798734215 0.212571751230365
v 0.466641449367759 0.347434820157758 -0.0675140876439212
v -0.331611223398455 0.212978603199645 0.160339551410189
v -0.31628913172121 0.207114710251678 0.159417686946641
v -0.335647829806979 0.228952883847846 -0.216928342998372
v 0.19944513116573 0.0420668404978771 -0.256405309806796
v -0.491341165715072 0.181784559606876 0.15250390338411
v -0.486430473009935 0.186299261455566 0.146589299519089
v 0.19450792744737 0.0293012956657605 -0.276615482820769
v 0.404264042767286 0.396312885354693 0.090687693068413
v -0.477365887907295 0.0735041875228451 -0.191675039257453
v -0.328159054544766 0.241836472640501 -0.220089807434819
v 0.237817018922501 0.301470914829683 0.125861819807691
v 0.223044762038523 0.31204158791098 0.101900164050061
v -0.117570487466369 0.206164176613616 0.289401313712354
v -0.308346345486664 0.231649953739527 -0.236881077319397
v 0.47123635161786 0.367297357774807 -0.0645390017395569
v 0.228365528183394 0.339938041312876 0.0656166298472033
v -0.44487762448094 0.266641252727601 0.113420243796279
v 0.0444863813669816 0.240356288599022 0.265240736784996
v -0.0929229045279297 0.211345681254901 0.292083952743916
v -0.464989628303413 0.263863955427401 0.0310949814020069
v 0.222693218930746 0.324760181616092 -0.0855474771199424
v 0.251864224439039 0.337855937649727 -0.0922281973674785
v 0.101457173436603 0.227578576776564 -0.260582830854085
v -0.50642407315611 0.156397595344754 -0.170336355671629
v 0.261170599633846 0.386996026674268 0.00643831705290987
v 0.244297909664513 0.36841007410314 0.0834331773261445
v -0.420529278039758 0.245443474753957 0.0363345678174504
v 0.0638203280486291 0.218170485951736 0.275623559490161
v 0.431220961607809 0.343058117799455 0.086638176665518
v -0.446542736821196 0.216318960972295 -0.018270563182132
v 0.228928180268039 0.400979365016492 0.00962495541410007
v 0.0740744630258132 0.0221668476846903 -0.363753012869467
v 0.0873019436043654 0.0529756656779771 -0.358723002332776
v 0.520828487829659 0.405139175035488 0.00715200284222414
v 0.411178106957953 0.398103575976917 0.0900542276013972
v -0.0965451575770259 0.211167345831788 -0.290614241561521
v 0.251415813804007 0.320307 -0.115293006797439
v 0.0820631111646262 0.00703118318340943 0.355195531106731
v -0.243850308195317 0.235419484981877 -0.252039968187951
v 0.0584214858529273 0.226633695317735 -0.270803228822607
v 0.251070309265603 0.330951693720719 -0.0976013586006948
v -0.38034171187199 0.229471264195544 -0.136879494426351
v 0.22099902997611 0.323961839415219 -0.0820283184466174
v 0.255003864720327 0.360193591551729 0.0794723548966451
v 0.215255803608519 0.286177880553048 0.159403666256044
v 0.178338922760724 0.205634424000707 -0.0885264278006125
v -0.331230743537169 0.175966324030471 -0.109648912288609
v -0.328559516852044 0.214751627658866 0.168503938148028
v 0.0547697817443567 0.21961039998934 -0.275917013475634
v 0.12663324638418 0.306737960835283 -0.203051355854853
v 0.508373340079277 0.331401022426992 0.0338734825653209
v 0.217134687833522 0.312015596101406 -0.0936943709099436
v 0.464664061378201 0.314830683299026 0.0509867800155469
v -0.509633652365929 0.162491585938572 0.196859156820877
v -0.472582957588322 0.270253988876788 0.029697775773321
v 0.145086523179853 0.237015020979561 0.207914652549545
v 0.251276743016257 0.319049433422634 0.114150462639258
v 0.0340137240563877 0.213564310614911 -0.281770978141631
v 0.248701810646552 0.31144149877603 0.126097727053981
v -0.41861995257246 0.256633 -0.15427611410614
v 0.0304107234322551 0.2236370163447 -0.277001029878013
v 0.23353929079961 0.342011081988949 -0.0761071456031936
v 0.258936203749966 0.369578021292971 -0.0337995865149679
v 0.0170034391869832 0.215224447741732 -0.284072607415991
v -0.0558475280711296 0.206523127597826 -0.290882811615987
v 0.10716771667914 0.238489848871526 -0.252533345677718
v 0.489559936170135 0.32723488630257 -0.0409926396788127
v -0.472097823801093 0.272848978510547 -0.0338324007084186
v 0.527204588804475 0.375702556323984 -0.0125985661010317
v 0.2447361054305 0.310602600293661 0.133798663108589
v 0.0773108326637063 0.0378414879562435 -0.356272049758545
v -0.38317660045377 0.227689765134196 -0.10636580654194
v 0.247203237017514 0.35578438331899 0.0924132191088936
v -0.451624471623865 0.269082989751166 -0.0985054604319175
v -0.47555181786165 0.21649332421908 0.0123017595473888
v -0.234947313821842 0.215519864783673 -0.265966692612344
v -0.2506046723627 0.216557844992738 -0.260316322191502
v 0.244278950702534 0.303746050468947 0.127530052384767
v -0.315582879215556 0.245014743842297 -0.221657330835386
v 0.119553613341614 0.101680782824244 -0.305001920587285
v -0.318410052740199 0.229045765659031 -0.231440678283278
v -0.222428269642153 0.218242059250962 0.271586963167617
v 0.112887969440226 0.0678059260076332 0.308023610228416
v 0.25775338429189 0.376669603857638 -0.0376358824656404
v -0.459072884668976 0.268550040949524 -0.0840958676661148
v -0.335459873444286 0.244869719652846 -0.214790751138195
v -0.284771876972032 0.228599245241997 -0.247160881311779
v -0.212258227820435 0.212980015521608 -0.2719344580543
v 0.213850009903809 0.358563449631844 -0.1037710322702
v -0.137494127976975 0.215161807381427 0.287069497252329
v 0.118919846755719 0.12575697499261 0.274443089736628
v 0.258677919113595 0.386749999671566 -0.0296023712919439
v -0.465699897532038 0.266792501488614 -0.0593980896968483
v 0.249232605487039 0.315283876480064 -0.113347081465699
v 0.229091395721813 0.333851959309992 0.0701524914457922
v 0.253478263753903 0.333370617307214 0.102232554129309
v 0.244861342788297 0.366901788949434 -0.0475019767431245
v 0.42996669336052 0.357132338807911 0.0884502341368735
v 0.247140482179043 0.375947494347968 0.0730902413256487
v -0.437399841162332 0.12795126531013 0.209680052856988
v 0.120563411480263 0.161264663367856 0.24454715739523
v -0.168171659211459 0.209380233832196 -0.282410595543712
v 0.200763914710307 0.268911019456804 0.156874776743752
v -0.286360260105851 0.221104343454422 0.248502678716839
v 0.247912978593186 0.370703680593238 0.0783889330914623
v 0.459876673895365 0.322736843553392 0.0676664472890846
v -0.319007420097556 0.2104140537982 0.165292479358183
v -0.309232469720725 0.207020920445631 0.166653251353723
v -0.348339953537937 0.219753167007359 0.15833612866656
v -0.483423763202057 0.155978448186915 0.151692931594724
v 0.136930985293178 0.168077507890521 0.258365972553617
v 0.129196738378017 0.223946000250605 0.208190233107203
v -0.182827622223115 0.21021885999949 -0.27891574885805
v 0.518890592837792 0.369615974805895 -0.0249695253829495
v 0.225616816213098 0.296831633245729 -0.127024911285691
v 0.230637466144331 0.0553626853660474 0.253971173118152
v 0.463836864603657 0.321280602640426 0.0578322067697999
v -0.467356575937517 0.265056783901997 -0.000764575025481035
v 0.19888663667013 0.0365467402504829 -0.262549112077077
v 0.186144934925036 0.210957058781371 -0.0850607076818971
v 0.431815723561943 0.32405169272912 0.0747434110571605
v 0.121075083886405 0.218490385558236 0.241903098623996
v -0.4191678421323 0.260052055393403 -0.151339316165747
v 0.152386334698126 0.244832410468302 0.232707972847855
v -0.49304042447078 0.104372077346897 0.182104735037383
v 0.204182492992492 0.268107311710982 0.14293097761915
v -0.348501790729895 0.225182052234667 -0.198423165770528
v 0.253241512817875 0.332143457613106 -0.104414691276339
v -0.445901504829643 0.264617485552873 -0.11364577441194
v -0.443758637933746 0.231530196680634 -0.0229530496783503
v -0.416753321966396 0.247552737465193 -0.142915061767284
v 0.522544000838026 0.362204043175223 -0.020483145202722
v 0.210801634754296 0.284012311630046 0.114397641112001
v 0.211007437722824 0.334146615109836 -0.142334803515767
v -0.435282878546399 0.204790107270597 -0.00311791836265167
v -0.501089862011331 0.104099164493178 0.191052006178174
v 0.468143671381437 0.343769238115591 0.0674632014141413
v 0.0837211689260998 0.217022420886134 0.267950633021855
v -0.437285459719823 0.266930935377191 -0.12184894206719
v -0.065921067920581 0.210763520563797 -0.291392950809371
v -0.406192336379842 0.209980446993563 0.162302366098639
v 0.147556487675693 0.236717461998373 0.231917868045805
v -0.334965944967475 0.207097177101621 0.157940594822123
v 0.443051449944264 0.315794506450131 0.0665210134942036
v -0.497037411641371 0.169351793831761 -0.18248074008053
v 0.247809447511455 0.24120652180715 -0.130476122806695
v -0.498099110052351 0.126264344940818 0.222604139704252
v -0.397666661303998 0.239792531123354 0.163150799179429
v -0.321214161692802 0.21254578166217 0.170928372052202
v 0.263737606134265 0.379089602656411 0.00114318159462671
v 0.100967429628272 0.0648367401935599 -0.345860891193641
v -0.469557304051772 0.270193924919497 -0.0488191964749329
v 0.22388259979576 0.258585693699988 -0.140457852441195
v 0.0729982477015278 0.0170538377287162 -0.36811723404603
v 0.443436 0.319788 0.066733
v -0.468386729964263 0.0759699631194361 -0.179546977968866
v 0.437993404779993 0.357651656708663 0.0856899196901301
v -0.468365405979086 0.27339241468418 -0.0504645546571917
v 0.249679235424173 0.37132593752937 0.0154850606305384
v -0.494945481200509 0.0822037560642064 -0.218372020726355
v 0.219089762490955 0.289775578866972 0.170744183397593
v 0.25288860690452 0.376088661505755 -0.00263873580093529
v -0.329392380126799 0.173055229822403 0.145742556312461
v 0.119874509840276 0.110125928881093 -0.27435290521828
v -0.449146415241804 0.120564138354987 0.210739526657341
v -0.106122588875311 0.193726584457362 -0.273849502747705
v 0.112426101440383 0.0799808720491019 -0.328315392860938
v 0.250533504680976 0.374543616286437 0.0136632219483051
v 0.24996998172686 0.394945036015216 -0.00641267315167848
v -0.452707777972855 0.217996650503519 0.0194656579843459
v 0.503860906112212 0.324999955948199 0.0314177297821627
v 0.248575980691595 0.0728389220795014 -0.242713343440189
v 0.405825135972366 0.40460820121927 0.0891471093116554
v -0.474077209885806 0.272878878773934 -0.0187520672434112
v -0.328929212977311 0.172173559751012 -0.117482612948469
v 0.251644934753006 0.37331749009477 0.00418196745638134
v 0.248923934383299 0.324053750563989 -0.102653961742508
v 0.1199635504099 0.183875535725035 -0.14235132495811
v -0.209143605967015 0.210384375355537 0.272432102214164
v 0.188937359989842 0.273995191170745 0.171091809603327
v -0.412295910061532 0.240773667046798 -0.134438597871229
v 0.481924402205965 0.316365467449133 0.0353014456943404
v -0.469807061459289 0.274428937566193 0.0398068404160961
v 0.500603748571149 0.323192773601023 0.025467775829972
v -0.510449207258294 0.146810960458953 -0.194257652821181
v -0.448292572443639 0.0824487383767229 -0.170624183839307
v 0.255036456785226 0.373924498536837 -0.00611919209412157
v -0.399958067118827 0.232517109779945 0.0610181358457094
v 0.160898524442119 0.262537344342119 -0.221245311802599
v -0.16486745074144 0.200677898180985 0.27403773982764
v 0.26001256128851 0.376885570908392 0.00647734642877039
v 0.131669003286586 0.13895726559961 0.278349460480176
v -0.207170508975192 0.196638290006135 0.250022570347232
v 0.447612437122168 0.320531721474889 0.0738793526602124
v 0.127823479550798 0.00328181921273117 -0.318659188970418
v 0.234037584106071 0.304986004428797 0.118528410191214
v -0.469533886584255 0.275861692377307 -0.0347176599030007
v 0.453163913574174 0.3282960733274 0.0745551934110078
v 0.512435047663808 0.320813229213582 0.0214350692532174
v 0.15258861103186 0.189105113311374 0.101675431528529
v -0.476543422224018 0.0883522360309454 -0.214370932065314
v 0.25302881841971 0.372126560705281 -0.0125836990604656
v -0.472519877204462 0.26910245413335 -0.0185216323915209
v -0.473789262769691 0.26986154281508 -0.00545198424348752
v -0.495016317158712 0.0762484899364504 -0.21478748244528
v -0.459643479436732 0.0847382786835414 -0.203483444011882
v 0.247902807213445 0.324579881401411 -0.117226105499973
v -0.465971818165204 0.268440122143708 0.063964634949643
v 0.447064592916498 0.311823633003424 0.0629735364793039
v -0.47505920775844 0.272574210162526 -0.00365851152830969
v -0.457480194217718 0.132076491538492 0.2166655560741
v 0.253616704181797 0.363416731398653 0.0807623082905832
v -0.328076643311576 0.235653246515136 -0.226476048577445
v 0.514169904649054 0.33234434605933 -0.0278957384056315
v 0.132704239887254 0.167438894264986 0.257415532192484
v -0.381694069965153 0.225283380754234 -0.134438228574944
v 0.245550112258282 0.328137476274404 -0.0971370293056815
v -0.437253626794409 0.0914536538848633 -0.156563439626918
v -0.465565624630295 0.272434080578896 -0.0619937925995819
v 0.0999547615250506 0.0536991223589591 0.32691379440876
v 0.245467215231856 0.342936735512309 0.104630300780348
v -0.461861506420464 0.104063633866001 0.176518933879374
v -0.370310751035785 0.226265918313268 -0.146101239585994
v -0.462126757649129 0.275322950193352 0.0588647459386372
v -0.175772772676088 0.213012252898854 0.282050765431852
v 0.427928870880456 0.325330868256235 -0.0764553475206055
v 0.255445197382261 0.364783041586993 0.0740577368641251
v -0.521943580130489 0.12216934081267 -0.205857683118383
v 0.0829116062631609 0.23016976616081 -0.263831005353514
v -0.258236207485006 0.2182686736147 -0.257829476289374
v -0.404263051218338 0.23238798676798 -0.049416086246443
v -0.352505560350099 0.141363221780909 -0.149558952609732
v -0.381188246990685 0.16735811688841 0.185743288810189
v 0.11894273657005 0.12477752899235 -0.272238921990017
v -0.138034192730634 0.20069150185287 0.280041100360816
v 0.23070059209845 0.304775093044213 -0.115563287420845
v 0.251671194156194 0.345775937890734 -0.0969811692905976
v -0.470842854590966 0.269886289465499 0.0455140976638924
v -0.448521180933994 0.255237635148442 -0.0299536564562003
v 0.0960922061942339 0.0589479295881631 0.331143345585549
v -0.315120758037918 0.233419272492553 0.235295358327398
v 0.153672008289137 0.239985985030479 -0.216152059757348
v 0.17182449227332 0.198070623160707 -0.0882584049978946
v -0.467575182663976 0.269741671427705 0.0581520812801436
v 0.222713316714097 0.361738847111785 0.104840369471164
v 0.212947908478975 0.0611657711591509 0.237495292869611
v -0.462624418630843 0.104656554651088 0.168975500639088
v 0.143954021257284 0.248355923270658 0.236100254194497
v 0.0968425710271058 0.234569307581323 0.259010545831806
v -0.518603386080354 0.143881884000221 0.184628007269681
v -0.487268766091533 0.0788940591157858 -0.21368587376617
v -0.0277674777537865 0.206567344900298 -0.289375403193912
v 0.246096505165759 0.334616152621306 -0.0913109550039487
v 0.143047475921565 0.173662019401854 -0.214021723321065
v 0.220515148243769 0.345453493709466 0.124060160080712
v -0.522985161264426 0.148167598952985 0.190565315079626
v 0.0703227202883047 0.213050776804183 -0.269887120449282
v -0.48377040373851 0.187860649160771 -0.172858786672657
v 0.527640626415159 0.36603902760996 -0.0141364905377899
v 0.273018201883081 0.108594280552603 -0.22492909727108
v 0.0519501223918945 0.214806981461514 -0.277755656907834
v -0.365089821016143 0.224466953173874 -0.148686182325074
v 0.24373224854388 0.309776837558365 -0.134979644064751
v -0.177801400278938 0.209246986163849 0.280925718382299
v 0.045323913333862 0.208160220563976 -0.275080103682911
v -0.480351701746231 0.183301814996569 0.139579909257538
v 0.469687 0.324191 0.047412
v -0.450883261636709 0.274036688464795 0.0837269998763284
v -0.443858189345323 0.264173645778065 0.118438301559605
v -0.443945257009294 0.2594376228733 0.114686980679152
v 0.142598490898781 0.229242339556347 0.227563765248195
v 0.229500670210984 0.357627931517578 0.105253624365146
v -0.0412222175212373 0.21097679403104 0.292024274516285
v -0.411169353370239 0.257533073502844 0.162212513244934
v 0.0528689109334805 0.224645247350011 0.274375314001345
v -0.280661521715943 0.220609874726703 -0.248429893580168
v 0.238923080460544 0.124407986201407 0.268498840096013
v 0.407001640129427 0.341964038054489 0.0912271951647471
v 0.279521012477081 0.185323847341295 -0.140904655417914
v 0.23217614375326 0.0665197714818506 -0.227492211700367
v -0.497907600264133 0.18277478309322 0.165514611304905
v -0.452065356131402 0.257025036179287 -0.0163396820489402
v 0.168749149329918 0.196906275539509 0.0910079523482593
v 0.125082135774699 0.0672902255729722 -0.343470610786331
v 0.255246335444263 0.352671557514779 -0.0866215249635688
v 0.211492601733688 0.0440036932263005 -0.254100879438902
v -0.434231175121515 0.0867858443433606 -0.172194510516971
v -0.470409744488924 0.268313160122343 -0.0366835251569697
v -0.184392833938555 0.185626775862541 -0.21742091695055
v -0.43569804062653 0.251711190394279 -0.109682530061509
v 0.102626499823069 0.0692296486575408 -0.320427902788493
v 0.0923518019908563 0.0507754002897131 0.336182297087874
v -0.407367813377291 0.251978637573075 0.169468902626956
v -0.412768470538974 0.242105018312218 0.0603255236346319
f 1 4 2
f 1 2 5
f 1 5 3
f 1 3 8
f 1 8 4
f 2 4 11
f 2 9 5
f 2 12 9
f 2 11 17
f 2 17 12
f 3 5 23
f 3 29 8
f 3 23 29
f 4 8 20
f 4 24 11
f 4 20 24
f 5 9 15
f 5 15 23
f 6 10 7
f 6 7 14
f 6 19 10
f 6 14 18
f 6 18 16
f 6 16 19
f 7 10 13
f 7 13 27
f 7 30 14
f 7 27 3642
f 7 3642 30
f 8 33 20
f 8 29 33
f 9 12 36
f 9 25 15
f 9 36 25
f 10 22 13
f 10 19 26
f 10 26 22
f 11 31 17
f 11 24 31
f 12 17 48
f 12 48 36
f 13 22 21
f 13 21 27
f 14 28 18
f 14 30 28
f 15 47 23
f 15 25 51
f 15 51 47
f 16 18 35
f 16 43 19
f 16 35 44
f 16 44 43
f 17 31 37
f 17 37 48
f 18 28 32
f 18 32 35
f 19 34 26
f 19 43 34
f 20 52 24
f 20 33 62
f 20 62 52
f 21 22 38
f 21 39 27
f 21 38 46
f 21 46 39
f 22 26 40
f 22 45 38
f 22 40 45
f 23 56 29
f 23 47 50
f 23 50 56
f 24 53 31
f 24 52 53
f 25 36 49
f 25 49 51
f 26 34 40
f 27 39 42
f 27 42 55
f 27 55 3642
f 28 30 3986
f 28 41 32
f 28 3986 41
f 29 4544 33
f 29 56 4544
f 30 3642 74
f 30 74 3986
f 31 71 37
f 31 53 71
f 32 4516 35
f 32 41 54
f 32 54 61
f 32 61 4516
f 33 4538 62
f 33 4544 4538
f 34 60 40
f 34 43 63
f 34 63 60
f 35 4116 44
f 35 4516 4116
f 36 48 59
f 36 59 49
f 37 65 48
f 37 71 65
f 38 45 46
f 39 57 42
f 39 46 57
f 40 60 45
f 41 4100 54
f 41 3986 66
f 41 66 4100
f 42 64 55
f 42 57 64
f 43 44 69
f 43 69 63
f 44 4116 69
f 45 4263 46
f 45 60 4263
f 46 4142 57
f 46 4263 4142
f 47 73 50
f 47 51 86
f 47 86 73
f 48 65 59
f 49 68 51
f 49 59 68
f 50 4342 56
f 50 73 4342
f 51 68 86
f 52 4015 53
f 52 62 88
f 52 88 4050
f 52 4050 4015
f 53 80 71
f 53 4015 80
f 54 4473 61
f 54 4100 4161
f 54 4161 4473
f 55 64 75
f 55 75 74
f 55 74 3642
f 56 77 58
f 56 58 4544
f 56 4342 77
f 57 82 64
f 57 85 82
f 57 4142 85
f 58 3779 67
f 58 67 4538
f 58 77 72
f 58 72 3779
f 58 4538 4544
f 59 65 81
f 59 4435 68
f 59 81 4435
f 60 63 70
f 60 70 79
f 60 79 4263
f 61 78 4116
f 61 4473 78
f 61 4116 4516
f 62 109 88
f 62 3886 109
f 62 4538 3886
f 63 69 94
f 63 94 70
f 64 84 75
f 64 82 84
f 65 71 3622
f 65 129 81
f 65 3622 129
f 66 3649 157
f 66 157 3721
f 66 3986 3649
f 66 3721 4100
f 67 3779 113
f 67 113 3886
f 67 3886 4538
f 68 127 86
f 68 4435 127
f 69 101 94
f 69 4116 101
f 70 4448 79
f 70 94 133
f 70 133 124
f 70 124 4448
f 71 80 3622
f 72 77 110
f 72 110 4569
f 72 114 3779
f 72 4569 114
f 73 86 147
f 73 89 87
f 73 87 4342
f 73 128 89
f 73 147 128
f 74 75 126
f 74 126 142
f 74 142 3649
f 74 3649 3986
f 75 84 112
f 75 112 126
f 76 4161 83
f 76 83 4433
f 76 130 3970
f 76 4433 130
f 76 3970 4473
f 76 4473 4161
f 77 87 110
f 77 4342 87
f 78 106 131
f 78 3970 106
f 78 131 4116
f 78 4473 3970
f 79 4184 4263
f 79 4493 4184
f 79 4448 4493
f 80 4286 3622
f 80 4015 4424
f 80 4424 4286
f 81 129 160
f 81 160 4435
f 82 119 84
f 82 85 119
f 83 104 105
f 83 4312 104
f 83 105 4433
f 83 4161 4312
f 84 140 112
f 84 119 140
f 85 4208 119
f 85 4142 4263
f 85 4184 4208
f 85 4263 4184
f 86 127 147
f 87 89 145
f 87 145 110
f 88 109 100
f 88 100 3716
f 88 3716 4050
f 89 128 198
f 89 198 145
f 90 91 92
f 90 95 91
f 90 92 93
f 90 93 98
f 90 99 95
f 90 98 99
f 91 96 92
f 91 95 97
f 91 97 96
f 92 111 93
f 92 96 107
f 92 107 111
f 93 103 98
f 93 111 103
f 94 101 213
f 94 213 133
f 95 115 97
f 95 99 116
f 95 116 115
f 96 97 108
f 96 121 107
f 96 108 121
f 97 115 108
f 98 117 99
f 98 103 120
f 98 120 117
f 99 118 116
f 99 117 118
f 100 109 159
f 100 159 4279
f 100 4413 3716
f 100 4279 4413
f 101 131 224
f 101 4116 131
f 101 224 213
f 102 3916 104
f 102 104 4254
f 102 125 163
f 102 4254 125
f 102 163 152
f 102 152 3916
f 103 111 123
f 103 123 120
f 104 136 105
f 104 146 136
f 104 3916 146
f 104 4312 4254
f 105 136 132
f 105 132 4433
f 106 130 200
f 106 3970 130
f 106 167 131
f 106 238 167
f 106 200 238
f 107 135 111
f 107 121 139
f 107 139 135
f 108 115 3584
f 108 141 121
f 108 3584 141
f 109 197 159
f 109 4163 197
f 109 3886 4163
f 110 145 150
f 110 150 4237
f 110 4237 4569
f 111 143 123
f 111 135 143
f 112 162 126
f 112 140 162
f 113 114 122
f 113 3779 114
f 113 122 4398
f 113 4163 3886
f 113 4398 4163
f 114 4293 122
f 114 4203 4293
f 114 4569 4203
f 115 116 137
f 115 137 175
f 115 175 3584
f 116 118 148
f 116 148 137
f 117 134 118
f 117 120 172
f 117 172 134
f 118 134 151
f 118 151 148
f 119 3883 140
f 119 153 3883
f 119 4208 153
f 120 123 156
f 120 156 149
f 120 149 172
f 121 171 139
f 121 141 171
f 122 211 4398
f 122 4554 211
f 122 4293 4294
f 122 4294 4554
f 123 143 195
f 123 195 156
f 124 133 208
f 124 208 4489
f 124 4539 4448
f 124 4489 4539
f 125 157 3667
f 125 3721 157
f 125 209 163
f 125 271 209
f 125 3667 271
f 125 4254 3721
f 126 162 142
f 127 144 206
f 127 4435 144
f 127 164 147
f 127 206 164
f 128 147 216
f 128 216 198
f 129 3622 154
f 129 154 3965
f 129 3965 160
f 130 132 161
f 130 4433 132
f 130 161 200
f 131 167 224
f 132 136 4546
f 132 4546 161
f 133 213 208
f 134 174 151
f 134 172 174
f 135 139 181
f 135 210 143
f 135 181 229
f 135 229 210
f 136 146 173
f 136 173 170
f 136 170 4546
f 137 148 4055
f 137 4055 175
f 138 150 166
f 138 4237 150
f 138 158 165
f 138 166 158
f 138 165 4294
f 138 4203 4237
f 138 4294 4203
f 139 171 181
f 140 3956 162
f 140 3883 176
f 140 176 3956
f 141 4157 171
f 141 3584 3730
f 141 3730 4157
f 142 157 3649
f 142 4069 157
f 142 162 3717
f 142 3717 4069
f 143 205 195
f 143 210 205
f 144 160 4175
f 144 4435 160
f 144 4175 206
f 145 188 150
f 145 207 188
f 145 198 207
f 146 152 169
f 146 3916 152
f 146 169 173
f 147 164 216
f 148 151 4363
f 148 4363 4055
f 149 156 259
f 149 259 172
f 150 188 166
f 151 174 256
f 151 256 187
f 151 187 4363
f 152 163 179
f 152 179 169
f 153 4269 177
f 153 177 4297
f 153 4297 3883
f 153 4208 4269
f 154 3622 155
f 154 155 4178
f 154 199 248
f 154 4178 199
f 154 248 219
f 154 219 3965
f 155 3622 4286
f 155 4044 4178
f 155 4413 4044
f 155 4286 4413
f 156 195 4143
f 156 4143 259
f 157 228 3667
f 157 4069 228
f 158 194 165
f 158 166 193
f 158 193 194
f 159 3579 178
f 159 178 4279
f 159 197 278
f 159 278 3579
f 160 3965 219
f 160 219 4008
f 160 4008 4175
f 161 170 247
f 161 4546 170
f 161 247 200
f 162 168 3717
f 162 3956 168
f 163 226 179
f 163 209 226
f 164 206 275
f 164 285 216
f 164 275 285
f 165 4221 184
f 165 184 4554
f 165 194 4221
f 165 4554 4294
f 166 188 225
f 166 214 193
f 166 225 214
f 167 281 224
f 167 238 281
f 168 244 293
f 168 4444 244
f 168 293 3717
f 168 3956 4444
f 169 190 173
f 169 179 203
f 169 203 190
f 170 173 227
f 170 227 247
f 171 251 181
f 171 3819 251
f 171 4157 3819
f 172 259 174
f 173 190 227
f 174 268 256
f 174 259 291
f 174 291 268
f 175 222 262
f 175 4055 222
f 175 262 3730
f 175 3730 3584
f 176 260 4244
f 176 4297 260
f 176 3883 4297
f 176 4444 3956
f 176 4244 4444
f 177 3848 260
f 177 260 4297
f 177 3766 3848
f 177 4269 3766
f 178 215 4044
f 178 4510 215
f 178 3579 4535
f 178 4044 4279
f 178 4535 4510
f 179 212 203
f 179 226 212
f 180 4041 191
f 180 191 4462
f 180 4498 4041
f 180 4462 4491
f 180 4491 4492
f 180 4492 4498
f 181 251 229
f 182 183 186
f 182 4498 183
f 182 186 4129
f 182 201 4110
f 182 4129 201
f 182 4110 4041
f 182 4041 4498
f 183 4121 186
f 183 4111 4406
f 183 4492 4111
f 183 4406 4121
f 183 4498 4492
f 184 250 211
f 184 211 4554
f 184 235 250
f 184 4221 235
f 185 284 197
f 185 197 4163
f 185 211 261
f 185 4398 211
f 185 261 305
f 185 305 284
f 185 4163 4398
f 186 192 4129
f 186 4343 192
f 186 4121 4045
f 186 4045 4130
f 186 4130 4343
f 187 300 222
f 187 222 4363
f 187 256 300
f 188 207 241
f 188 241 225
f 189 191 3720
f 189 4462 191
f 189 4356 196
f 189 196 4491
f 189 3720 4356
f 189 4491 4462
f 190 203 253
f 190 269 227
f 190 253 269
f 191 3911 3720
f 191 3984 3911
f 191 4041 3984
f 192 4086 201
f 192 201 4129
f 192 4471 4086
f 192 4343 4526
f 192 4526 4471
f 193 232 194
f 193 214 232
f 194 232 243
f 194 243 235
f 194 235 4221
f 195 205 306
f 195 306 4143
f 196 4282 4196
f 196 4196 4491
f 196 4576 4282
f 196 4356 4576
f 197 284 278
f 198 287 207
f 198 216 287
f 199 215 310
f 199 4044 215
f 199 310 248
f 199 4178 4044
f 200 272 238
f 200 247 272
f 201 4086 282
f 201 282 4110
f 202 4356 204
f 202 204 4440
f 202 4440 217
f 202 217 4576
f 202 4576 4356
f 203 212 245
f 203 245 253
f 204 3842 230
f 204 230 4446
f 204 4081 3842
f 204 4485 4081
f 204 4356 4485
f 204 4446 4440
f 205 210 266
f 205 266 317
f 205 317 306
f 206 231 4101
f 206 4175 231
f 206 4101 275
f 207 270 241
f 207 287 270
f 208 213 297
f 208 257 218
f 208 218 4489
f 208 297 257
f 209 252 226
f 209 295 252
f 209 271 295
f 210 229 266
f 211 250 261
f 212 226 237
f 212 237 245
f 213 224 328
f 213 328 297
f 214 225 258
f 214 277 232
f 214 258 277
f 215 321 310
f 215 4510 321
f 216 285 314
f 216 314 287
f 217 221 4381
f 217 4440 221
f 217 3671 246
f 217 246 4576
f 217 3948 3671
f 217 4381 3948
f 218 257 304
f 218 304 4494
f 218 4202 4489
f 218 4494 4202
f 219 296 239
f 219 239 4008
f 219 248 296
f 220 4054 4023
f 220 4023 4532
f 220 4204 4054
f 220 4526 4204
f 220 4532 4526
f 221 230 4270
f 221 4446 230
f 221 4083 4381
f 221 4507 4083
f 221 4270 4507
f 221 4440 4446
f 222 4458 262
f 222 300 4458
f 222 4055 4363
f 223 4078 3907
f 223 3907 4471
f 223 4512 4078
f 223 4285 4512
f 223 4532 4285
f 223 4471 4526
f 223 4526 4532
f 224 281 328
f 225 241 258
f 226 290 237
f 226 252 290
f 227 288 247
f 227 269 288
f 228 353 271
f 228 271 3667
f 228 3638 353
f 228 3851 3638
f 228 4069 3851
f 229 251 309
f 229 309 266
f 230 3842 4145
f 230 4145 4270
f 231 4008 239
f 231 239 4499
f 231 4175 4008
f 231 4499 4101
f 232 264 243
f 232 277 264
f 233 4083 236
f 233 236 4240
f 233 294 3570
f 233 4240 294
f 233 3570 3948
f 233 3948 4381
f 233 4381 4083
f 234 3994 236
f 234 236 4083
f 234 3778 3994
f 234 4270 3778
f 234 4083 4507
f 234 4507 4270
f 235 243 283
f 235 279 250
f 235 283 279
f 236 255 4240
f 236 4373 255
f 236 3994 4373
f 237 301 245
f 237 290 301
f 238 272 3719
f 238 3719 281
f 239 296 4453
f 239 4453 3980
f 239 3980 4499
f 240 4023 242
f 240 242 4153
f 240 249 3852
f 240 4153 249
f 240 3852 4285
f 240 4496 4023
f 240 4285 4496
f 241 263 258
f 241 270 263
f 242 4056 254
f 242 254 4153
f 242 4023 3830
f 242 3830 4056
f 243 264 283
f 244 4244 280
f 244 280 4474
f 244 4474 293
f 244 4444 4244
f 245 299 253
f 245 301 299
f 246 3671 302
f 246 302 4527
f 246 4527 4282
f 246 4282 4576
f 247 335 272
f 247 288 334
f 247 334 335
f 248 315 296
f 248 310 315
f 249 4153 265
f 249 265 4556
f 249 3591 267
f 249 267 3852
f 249 4556 3591
f 250 286 261
f 250 279 286
f 251 3955 309
f 251 3819 3955
f 252 330 290
f 252 295 330
f 253 320 269
f 253 299 320
f 254 3973 265
f 254 265 4153
f 254 3653 3895
f 254 4056 3653
f 254 3895 3973
f 255 4098 294
f 255 294 4240
f 255 3805 4098
f 255 4257 3805
f 255 4373 4257
f 256 268 3686
f 256 3686 300
f 257 297 356
f 257 356 304
f 258 263 307
f 258 307 277
f 259 4318 291
f 259 4143 323
f 259 323 4318
f 260 3848 273
f 260 273 4244
f 261 286 324
f 261 324 305
f 262 382 292
f 262 292 3730
f 262 332 382
f 262 4458 332
f 263 270 379
f 263 396 307
f 263 379 396
f 264 277 336
f 264 336 283
f 265 3973 289
f 265 289 4039
f 265 4039 4556
f 266 309 326
f 266 343 317
f 266 326 343
f 267 3591 3870
f 267 4512 3852
f 267 3870 4078
f 267 4078 4512
f 268 291 4423
f 268 4423 3686
f 269 347 288
f 269 320 347
f 270 287 354
f 270 354 379
f 271 389 295
f 271 353 389
f 272 335 406
f 272 406 3719
f 273 3877 280
f 273 280 4244
f 273 303 3877
f 273 4494 303
f 273 3848 4494
f 274 3699 4060
f 274 4109 3699
f 274 4060 4054
f 274 4054 4204
f 274 4308 4109
f 274 4204 4308
f 275 359 285
f 275 4101 298
f 275 298 4169
f 275 4169 359
f 276 3631 3817
f 276 3994 3631
f 276 3817 4362
f 276 4373 3994
f 276 4362 4257
f 276 4257 4373
f 277 307 369
f 277 369 336
f 278 284 3838
f 278 366 311
f 278 311 3579
f 278 3838 366
f 279 283 312
f 279 329 286
f 279 312 344
f 279 360 329
f 279 344 360
f 280 3877 4273
f 280 4273 4474
f 281 350 328
f 281 3719 350
f 282 333 331
f 282 331 3690
f 282 4086 333
f 282 3690 3984
f 282 3984 4110
f 283 336 312
f 284 305 365
f 284 365 3838
f 285 359 314
f 286 329 324
f 287 314 381
f 287 381 354
f 288 395 334
f 288 347 395
f 289 3973 313
f 289 313 4305
f 289 4014 4039
f 289 4305 4014
f 290 346 301
f 290 330 346
f 291 387 3709
f 291 4318 387
f 291 3709 4423
f 292 380 318
f 292 318 3730
f 292 382 380
f 293 345 3717
f 293 4506 345
f 293 4474 357
f 293 357 4506
f 294 3810 3570
f 294 3635 3810
f 294 4098 3635
f 295 376 330
f 295 389 376
f 296 315 4453
f 297 328 397
f 297 397 356
f 298 3980 3789
f 298 3789 4169
f 298 4499 3980
f 298 4101 4499
f 299 301 368
f 299 368 320
f 300 3663 332
f 300 332 4458
f 300 4022 3663
f 300 3686 4022
f 301 346 364
f 301 364 368
f 302 3671 3570
f 302 3570 4052
f 302 4052 3989
f 302 3989 4527
f 303 304 355
f 303 4494 304
f 303 348 3877
f 303 3935 348
f 303 355 3935
f 304 356 355
f 305 324 374
f 305 374 365
f 306 317 4418
f 306 323 4143
f 306 4418 323
f 307 4139 369
f 307 396 4139
f 308 3805 4224
f 308 4280 3805
f 308 4417 3998
f 308 3998 4578
f 308 4224 4032
f 308 4032 4417
f 308 4578 4280
f 309 327 326
f 309 3955 327
f 310 383 315
f 310 321 351
f 310 351 383
f 311 366 339
f 311 339 3575
f 311 3575 3579
f 312 336 384
f 312 384 344
f 313 3895 319
f 313 319 4558
f 313 3973 3895
f 313 4557 4305
f 313 4558 4557
f 314 359 405
f 314 405 381
f 315 383 3788
f 315 3788 4453
f 316 325 4417
f 316 4427 325
f 316 393 3840
f 316 4032 393
f 316 3840 4427
f 316 4417 4032
f 317 343 391
f 317 391 4418
f 318 352 322
f 318 322 3819
f 318 380 352
f 318 3819 3730
f 319 3895 4047
f 319 4047 3898
f 319 3898 4558
f 320 3568 347
f 320 368 3568
f 321 413 351
f 321 362 413
f 321 3575 362
f 321 4510 3575
f 322 352 327
f 322 327 3955
f 322 3955 3819
f 323 408 387
f 323 387 4318
f 323 4418 408
f 324 329 377
f 324 377 374
f 325 349 3922
f 325 4427 349
f 325 3922 3998
f 325 3998 4417
f 326 327 4071
f 326 372 343
f 326 4570 372
f 326 4071 4220
f 326 4220 4570
f 327 352 3795
f 327 3795 4071
f 328 350 403
f 328 403 397
f 329 360 409
f 329 409 377
f 330 392 346
f 330 376 392
f 331 333 437
f 331 3648 341
f 331 341 3690
f 331 437 3648
f 332 427 382
f 332 3663 427
f 333 337 457
f 333 4086 337
f 333 415 437
f 333 457 415
f 334 395 335
f 335 395 455
f 335 455 406
f 336 369 384
f 337 371 402
f 337 3907 371
f 337 402 457
f 337 4086 3907
f 338 361 340
f 338 340 4557
f 338 3944 361
f 338 3924 3616
f 338 3616 3944
f 338 4558 3924
f 338 4557 4558
f 339 436 362
f 339 362 3575
f 339 366 436
f 340 3940 358
f 340 358 4305
f 340 361 394
f 340 394 3940
f 340 4305 4557
f 341 3648 378
f 341 378 3760
f 341 3881 3690
f 341 3760 3845
f 341 3845 3881
f 342 3945 3653
f 342 3653 4056
f 342 3722 3945
f 342 4019 3722
f 342 4056 3830
f 342 3830 4060
f 342 3969 4019
f 342 4060 3969
f 343 372 388
f 343 388 391
f 344 445 360
f 344 384 451
f 344 451 445
f 345 399 3804
f 345 4506 399
f 345 4069 3717
f 345 3804 3851
f 345 3851 4069
f 346 421 364
f 346 392 426
f 346 426 421
f 347 4058 395
f 347 3568 4058
f 348 3581 422
f 348 422 4575
f 348 3935 3581
f 348 4273 3877
f 348 4575 4273
f 349 367 3922
f 349 3967 367
f 349 3840 3967
f 349 4427 3840
f 350 459 403
f 350 3719 459
f 351 418 383
f 351 413 439
f 351 439 418
f 352 380 404
f 352 404 398
f 352 398 3699
f 352 3699 3795
f 353 440 389
f 353 3638 440
f 354 4429 379
f 354 381 476
f 354 476 4429
f 355 356 432
f 355 432 462
f 355 462 3581
f 355 3581 3935
f 356 397 432
f 357 3961 399
f 357 399 4506
f 357 4575 3961
f 357 4474 4575
f 358 3593 424
f 358 424 4014
f 358 3940 3593
f 358 4014 4305
f 359 370 446
f 359 4169 370
f 359 446 405
f 360 445 409
f 361 423 394
f 361 400 435
f 361 3944 400
f 361 435 423
f 362 447 413
f 362 436 447
f 363 386 370
f 363 370 3789
f 363 450 386
f 363 407 450
f 363 3791 407
f 363 3789 4388
f 363 4388 3791
f 364 454 368
f 364 421 454
f 365 469 366
f 365 366 3838
f 365 374 431
f 365 431 469
f 366 463 436
f 366 469 463
f 367 401 385
f 367 385 3922
f 367 410 401
f 367 3967 410
f 368 454 471
f 368 471 3568
f 369 478 384
f 369 475 478
f 369 4139 475
f 370 386 446
f 370 4169 3789
f 371 464 402
f 371 424 464
f 371 3802 424
f 371 3591 3802
f 371 3870 3591
f 371 3907 3870
f 372 417 388
f 372 4242 417
f 372 3989 4242
f 372 4527 3989
f 372 4570 4527
f 373 420 414
f 373 414 4160
f 373 4578 420
f 373 3810 3635
f 373 3635 4280
f 373 3708 3810
f 373 4160 3708
f 373 4280 4578
f 374 377 411
f 374 411 473
f 374 473 431
f 375 433 453
f 375 3607 433
f 375 453 3616
f 375 3905 3607
f 375 3616 3924
f 375 3898 3905
f 375 3924 3898
f 376 389 442
f 376 448 392
f 376 442 470
f 376 470 448
f 377 409 425
f 377 425 411
f 378 490 430
f 378 430 3631
f 378 485 490
f 378 3648 485
f 378 3631 3778
f 378 3778 3760
f 379 4429 396
f 380 382 4245
f 380 4245 404
f 381 405 483
f 381 483 476
f 382 427 4245
f 383 460 407
f 383 407 3791
f 383 418 460
f 383 3791 3788
f 384 533 451
f 384 478 533
f 385 401 4028
f 385 3876 3922
f 385 4419 3876
f 385 4028 4419
f 386 480 446
f 386 450 480
f 387 408 428
f 387 428 429
f 387 429 3709
f 388 417 391
f 389 440 466
f 389 466 442
f 390 3781 419
f 390 419 4582
f 390 3674 3854
f 390 4582 3674
f 390 3854 3722
f 390 3722 4019
f 390 3969 3781
f 390 4019 3969
f 391 438 408
f 391 408 4418
f 391 417 438
f 392 448 426
f 393 430 499
f 393 3631 430
f 393 499 3679
f 393 3817 3631
f 393 3679 3840
f 393 4032 3817
f 394 423 3813
f 394 3813 3940
f 395 3949 455
f 395 507 3949
f 395 4058 507
f 396 572 475
f 396 475 4139
f 396 4429 572
f 397 403 4072
f 397 518 432
f 397 4072 518
f 398 404 4315
f 398 419 3781
f 398 4315 419
f 398 3781 3699
f 399 479 461
f 399 461 3804
f 399 3961 479
f 400 3715 435
f 400 3616 453
f 400 453 3715
f 400 3944 3616
f 401 410 4256
f 401 4348 4028
f 401 4256 4411
f 401 4411 4348
f 402 501 457
f 402 464 501
f 403 459 4072
f 404 4245 416
f 404 416 4315
f 405 446 527
f 405 527 483
f 406 455 549
f 406 549 459
f 406 459 3719
f 407 503 450
f 407 460 503
f 408 438 428
f 409 3588 425
f 409 445 3588
f 410 515 3725
f 410 3769 515
f 410 3679 3769
f 410 3967 3679
f 410 3725 4256
f 411 425 496
f 411 496 473
f 412 493 520
f 412 3709 493
f 412 520 523
f 412 523 4022
f 412 4423 3709
f 412 4022 4423
f 413 474 439
f 413 447 474
f 414 420 497
f 414 492 4160
f 414 4258 492
f 414 497 4229
f 414 4229 558
f 414 558 4258
f 415 500 437
f 415 457 482
f 415 482 500
f 416 427 3664
f 416 4245 427
f 416 3664 434
f 416 434 4315
f 417 472 438
f 417 458 472
f 417 4242 458
f 418 439 465
f 418 465 460
f 419 3937 3938
f 419 4315 3937
f 419 3938 4582
f 420 4469 497
f 420 3831 3876
f 420 4578 3831
f 420 3876 4469
f 421 426 494
f 421 489 454
f 421 494 489
f 422 508 488
f 422 488 3961
f 422 3581 508
f 422 3961 4575
f 423 435 4581
f 423 3783 3813
f 423 4562 3783
f 423 4581 4562
f 424 552 464
f 424 528 552
f 424 3593 528
f 424 3802 4014
f 425 594 496
f 425 3588 594
f 426 448 486
f 426 486 494
f 427 3663 444
f 427 444 3664
f 428 498 429
f 428 438 467
f 428 467 498
f 429 498 493
f 429 493 3709
f 430 490 524
f 430 524 499
f 431 514 469
f 431 473 514
f 432 575 462
f 432 518 575
f 433 526 453
f 433 521 557
f 433 3853 521
f 433 557 526
f 433 3607 3853
f 434 3664 3938
f 434 3938 3937
f 434 3937 4315
f 435 3715 4436
f 435 4436 4581
f 436 512 447
f 436 463 525
f 436 525 512
f 437 534 456
f 437 456 3648
f 437 500 534
f 438 472 467
f 439 510 465
f 439 474 510
f 440 452 509
f 440 3638 452
f 440 509 466
f 441 487 443
f 441 443 4348
f 441 449 481
f 441 4348 449
f 441 481 487
f 442 466 513
f 442 513 470
f 443 491 477
f 443 477 4419
f 443 487 491
f 443 4028 4348
f 443 4419 4028
f 444 506 502
f 444 502 3664
f 444 3663 506
f 445 451 542
f 445 542 3588
f 446 480 527
f 447 512 474
f 448 470 486
f 449 3890 481
f 449 3725 3890
f 449 4256 3725
f 449 4411 4256
f 449 4348 4411
f 450 574 480
f 450 503 574
f 451 533 542
f 452 461 560
f 452 3804 461
f 452 560 509
f 452 3638 3804
f 453 526 505
f 453 505 3715
f 454 495 471
f 454 489 495
f 455 595 549
f 455 3949 595
f 456 511 485
f 456 485 3648
f 456 534 511
f 457 540 482
f 457 501 540
f 458 3921 468
f 458 468 4519
f 458 4519 472
f 458 3989 3921
f 458 4242 3989
f 459 549 581
f 459 581 4072
f 460 465 538
f 460 531 503
f 460 538 531
f 461 479 553
f 461 553 560
f 462 545 508
f 462 508 3581
f 462 575 545
f 463 469 539
f 463 539 525
f 464 561 501
f 464 552 561
f 465 510 538
f 466 509 554
f 466 554 513
f 467 472 532
f 467 532 498
f 468 4284 519
f 468 519 4519
f 468 3921 4131
f 468 4131 4284
f 469 514 578
f 469 578 539
f 470 613 486
f 470 513 535
f 470 535 613
f 471 495 3568
f 472 519 532
f 472 4519 519
f 473 496 536
f 473 536 514
f 474 522 510
f 474 512 522
f 475 537 478
f 475 564 537
f 475 572 564
f 476 483 619
f 476 619 563
f 476 563 4429
f 477 491 3600
f 477 3605 497
f 477 497 4469
f 477 3600 3605
f 477 4469 4419
f 478 537 533
f 479 517 544
f 479 3961 517
f 479 544 553
f 480 4521 527
f 480 574 4521
f 481 4035 487
f 481 3727 3735
f 481 3890 3727
f 481 3735 4035
f 482 543 500
f 482 540 543
f 483 527 597
f 483 597 619
f 484 556 528
f 484 528 3593
f 484 3813 556
f 484 3593 3940
f 484 3940 3813
f 485 3947 490
f 485 511 3947
f 486 546 494
f 486 584 546
f 486 613 584
f 487 3600 491
f 487 550 3600
f 487 4035 550
f 488 508 598
f 488 517 3961
f 488 4206 517
f 488 598 4206
f 489 494 546
f 489 555 495
f 489 546 555
f 490 627 524
f 490 3947 627
f 492 4258 529
f 492 529 4284
f 492 4131 4160
f 492 4284 4131
f 493 498 566
f 493 566 520
f 495 555 551
f 495 551 559
f 495 559 3568
f 496 594 536
f 497 3605 3776
f 497 3776 4229
f 498 532 566
f 499 547 515
f 499 515 3769
f 499 524 657
f 499 657 547
f 499 3769 3679
f 500 543 534
f 501 588 540
f 501 561 588
f 502 506 548
f 502 548 530
f 502 530 3664
f 503 531 3662
f 503 3662 574
f 504 541 3640
f 504 4581 541
f 504 3640 664
f 504 664 3738
f 504 3738 3783
f 504 3783 4562
f 504 4562 4581
f 505 526 3808
f 505 4436 3715
f 505 3808 3737
f 505 3737 4436
f 506 523 591
f 506 4022 523
f 506 591 548
f 506 3663 4022
f 507 559 592
f 507 3568 559
f 507 592 3949
f 507 4058 3568
f 508 545 598
f 509 628 554
f 509 560 628
f 510 522 570
f 510 570 538
f 511 534 589
f 511 589 3947
f 512 569 522
f 512 525 569
f 513 554 535
f 514 536 593
f 514 593 578
f 515 547 629
f 515 629 4191
f 515 4191 3725
f 516 576 521
f 516 521 4117
f 516 530 607
f 516 4476 530
f 516 607 576
f 516 4117 4476
f 517 4206 544
f 518 614 575
f 518 4072 614
f 519 3909 532
f 519 562 3909
f 519 4284 562
f 520 583 523
f 520 566 625
f 520 625 583
f 521 576 557
f 521 3853 4117
f 522 569 617
f 522 617 570
f 523 583 591
f 524 627 657
f 525 539 622
f 525 601 569
f 525 622 601
f 526 557 582
f 526 582 3808
f 527 651 597
f 527 4521 651
f 528 639 552
f 528 556 658
f 528 658 639
f 529 620 562
f 529 562 4284
f 529 579 620
f 529 3871 579
f 529 4258 3871
f 530 548 618
f 530 618 607
f 530 3938 3664
f 530 4476 3938
f 531 538 3662
f 532 3909 566
f 533 537 565
f 533 3936 542
f 533 565 568
f 533 568 3936
f 534 543 626
f 534 689 589
f 534 626 689
f 535 554 631
f 535 631 613
f 536 624 593
f 536 594 643
f 536 663 624
f 536 643 663
f 537 564 585
f 537 585 565
f 538 570 3662
f 539 578 632
f 539 632 622
f 540 661 543
f 540 588 661
f 541 605 3910
f 541 4436 605
f 541 3910 3640
f 541 4581 4436
f 542 3936 3588
f 543 635 626
f 543 661 635
f 544 634 553
f 544 590 634
f 544 4206 590
f 545 575 637
f 545 637 598
f 546 584 555
f 547 657 629
f 548 591 618
f 549 670 581
f 549 595 684
f 549 684 670
f 550 567 3567
f 550 3735 567
f 550 3567 599
f 550 599 3600
f 550 4035 3735
f 551 555 571
f 551 577 559
f 551 571 577
f 552 609 561
f 552 639 609
f 553 616 560
f 553 634 616
f 554 628 654
f 554 654 631
f 555 586 571
f 555 584 587
f 555 587 586
f 556 645 681
f 556 3738 645
f 556 681 658
f 556 3783 3738
f 556 3813 3783
f 557 576 573
f 557 573 582
f 558 577 571
f 558 571 4360
f 558 4229 577
f 558 3871 4258
f 558 4360 3871
f 559 577 4504
f 559 4504 592
f 560 616 608
f 560 608 628
f 561 655 588
f 561 609 655
f 562 620 630
f 562 630 3909
f 563 4073 572
f 563 572 4429
f 563 619 672
f 563 672 621
f 563 621 4073
f 564 572 602
f 564 602 585
f 565 573 568
f 565 582 573
f 565 585 582
f 566 677 625
f 566 3909 677
f 567 3727 611
f 567 611 4149
f 567 633 3567
f 567 4149 633
f 567 3735 3727
f 568 573 580
f 568 580 3936
f 569 601 612
f 569 612 617
f 570 617 646
f 570 646 3662
f 571 586 4360
f 572 4073 602
f 573 576 580
f 574 673 652
f 574 652 4521
f 574 3662 673
f 575 614 706
f 575 695 637
f 575 706 695
f 576 603 580
f 576 607 603
f 577 4330 596
f 577 596 4504
f 577 4229 4330
f 578 593 650
f 578 650 632
f 579 586 587
f 579 4360 586
f 579 587 620
f 579 3871 4360
f 580 603 3936
f 581 670 4201
f 581 4201 4072
f 582 585 606
f 582 606 3808
f 583 660 591
f 583 625 679
f 583 699 660
f 583 679 699
f 584 615 587
f 584 613 615
f 585 602 606
f 587 615 620
f 588 655 676
f 588 676 661
f 589 698 662
f 589 662 3947
f 589 689 698
f 590 598 665
f 590 4206 598
f 590 668 634
f 590 665 668
f 591 660 618
f 592 596 623
f 592 4504 596
f 592 623 604
f 592 604 3949
f 593 624 650
f 594 610 643
f 594 3588 610
f 595 604 648
f 595 3949 604
f 595 648 700
f 595 700 684
f 596 600 623
f 596 4330 600
f 597 649 619
f 597 651 649
f 598 637 665
f 599 666 640
f 599 640 3600
f 599 3567 666
f 600 4511 623
f 600 3776 3605
f 600 3605 4030
f 600 4330 3776
f 600 4030 4511
f 601 653 612
f 601 622 653
f 602 4132 606
f 602 4073 4132
f 603 607 638
f 603 638 610
f 603 610 3936
f 604 623 648
f 605 3703 708
f 605 708 4171
f 605 3737 3703
f 605 4436 3737
f 605 4171 3910
f 606 636 3897
f 606 4132 636
f 606 3897 3808
f 607 618 641
f 607 641 638
f 608 616 642
f 608 667 628
f 608 642 667
f 609 639 690
f 609 692 655
f 609 690 692
f 610 638 643
f 610 3588 3936
f 611 629 3775
f 611 4191 629
f 611 3727 4191
f 611 3775 4149
f 612 669 617
f 612 653 671
f 612 671 669
f 613 659 615
f 613 631 659
f 614 696 706
f 614 4201 696
f 614 4072 4201
f 615 659 620
f 616 634 678
f 616 678 642
f 617 669 646
f 618 707 641
f 618 660 707
f 619 649 672
f 620 644 630
f 620 659 644
f 621 672 656
f 621 656 4132
f 621 4132 4073
f 622 632 674
f 622 674 653
f 623 4550 648
f 623 4511 4550
f 624 702 650
f 624 663 719
f 624 719 702
f 625 677 726
f 625 726 679
f 626 635 697
f 626 697 689
f 627 732 657
f 627 693 709
f 627 3947 693
f 627 709 732
f 628 667 654
f 629 657 718
f 629 718 783
f 629 783 743
f 629 743 3775
f 630 644 688
f 630 688 677
f 630 677 3909
f 631 654 685
f 631 685 659
f 632 650 674
f 633 691 3567
f 633 4188 691
f 633 3774 3815
f 633 4149 3774
f 633 3815 4188
f 634 668 678
f 635 661 728
f 635 728 697
f 636 656 3850
f 636 4132 656
f 636 3850 3811
f 636 3811 3897
f 637 695 665
f 638 641 683
f 638 682 643
f 638 683 682
f 639 658 749
f 639 749 690
f 640 666 3930
f 640 3930 686
f 640 686 4166
f 640 4166 3600
f 641 707 683
f 642 704 667
f 642 678 705
f 642 705 704
f 643 680 663
f 643 682 680
f 644 659 688
f 645 664 761
f 645 3738 664
f 645 761 681
f 646 669 713
f 646 713 3705
f 646 3705 3662
f 647 703 675
f 647 675 3640
f 647 3573 703
f 647 3910 3573
f 647 3640 3910
f 648 4550 700
f 649 651 735
f 649 701 672
f 649 735 701
f 650 720 674
f 650 702 720
f 651 652 724
f 651 4521 652
f 651 724 735
f 652 673 717
f 652 717 724
f 653 737 671
f 653 674 737
f 654 667 723
f 654 714 685
f 654 723 714
f 655 729 676
f 655 692 729
f 656 672 701
f 656 701 694
f 656 694 3850
f 657 732 718
f 658 681 749
f 659 685 716
f 659 716 688
f 660 699 707
f 661 676 728
f 662 758 693
f 662 693 3947
f 662 698 775
f 662 775 758
f 663 680 719
f 664 675 761
f 664 3640 675
f 665 4520 668
f 665 695 4520
f 666 3567 691
f 666 691 4415
f 666 4415 3930
f 667 704 723
f 668 721 678
f 668 710 721
f 668 4520 710
f 669 671 722
f 669 722 713
f 670 684 748
f 670 748 696
f 670 696 4201
f 671 752 722
f 671 737 752
f 673 3705 717
f 673 3662 3705
f 674 720 737
f 675 703 768
f 675 768 761
f 676 767 728
f 676 729 759
f 676 759 767
f 677 688 726
f 678 721 705
f 679 771 699
f 679 726 3729
f 679 3729 771
f 680 682 715
f 680 715 725
f 680 725 719
f 681 740 749
f 681 761 740
f 682 683 715
f 683 707 715
f 684 700 727
f 684 727 748
f 685 714 716
f 686 745 687
f 686 687 4166
f 686 4185 745
f 686 3930 4185
f 687 734 700
f 687 700 4550
f 687 745 734
f 687 4550 4166
f 688 716 744
f 688 744 726
f 689 697 787
f 689 765 698
f 689 787 765
f 690 777 692
f 690 749 777
f 691 3757 730
f 691 730 4415
f 691 736 3757
f 691 4188 736
f 692 754 729
f 692 777 754
f 693 769 709
f 693 758 769
f 694 701 4217
f 694 3943 3850
f 694 4397 3943
f 694 4217 4397
f 695 706 712
f 695 712 4520
f 696 731 706
f 696 748 731
f 697 728 793
f 697 793 787
f 698 765 775
f 699 3659 707
f 699 771 785
f 699 785 3659
f 700 734 727
f 701 735 739
f 701 739 4217
f 702 719 720
f 703 774 768
f 703 3587 774
f 703 3573 3587
f 704 705 738
f 704 4215 723
f 704 738 4215
f 705 721 738
f 706 746 712
f 706 731 746
f 707 742 715
f 707 3659 742
f 708 4091 711
f 708 711 4171
f 708 3703 3943
f 708 3806 4091
f 708 4249 3806
f 708 3943 4249
f 709 751 732
f 709 769 751
f 710 712 762
f 710 4520 712
f 710 755 721
f 710 762 755
f 711 784 3587
f 711 4091 784
f 711 3587 3573
f 711 3573 4171
f 712 746 762
f 713 722 741
f 713 741 3705
f 714 747 716
f 714 723 747
f 715 742 725
f 716 757 744
f 716 747 757
f 717 753 724
f 717 741 753
f 717 3705 741
f 718 732 806
f 718 806 783
f 719 772 720
f 719 725 772
f 720 763 737
f 720 772 763
f 721 755 738
f 722 766 741
f 722 752 766
f 723 3894 747
f 723 4215 3894
f 724 756 735
f 724 753 756
f 725 742 772
f 726 744 791
f 726 791 3643
f 726 3643 843
f 726 843 3729
f 727 734 781
f 727 789 748
f 727 781 789
f 728 767 793
f 729 754 811
f 729 811 759
f 730 3734 750
f 730 750 4415
f 730 4291 3734
f 730 3757 4291
f 731 764 746
f 731 748 764
f 732 751 806
f 733 4217 739
f 733 739 4289
f 733 4006 4249
f 733 4336 4006
f 733 4397 4217
f 733 4249 4397
f 733 4289 4336
f 734 745 781
f 735 4431 739
f 735 756 770
f 735 770 4431
f 736 760 3757
f 736 4501 760
f 736 4188 4003
f 736 4003 4374
f 736 4374 4298
f 736 4298 4501
f 737 4211 752
f 737 763 4211
f 738 755 4463
f 738 4463 4215
f 739 4431 4289
f 740 834 749
f 740 761 842
f 740 842 834
f 741 4451 753
f 741 766 4451
f 742 810 772
f 742 785 818
f 742 3659 785
f 742 818 810
f 743 783 844
f 743 844 838
f 743 838 3880
f 743 3774 3775
f 743 3880 3774
f 744 757 3991
f 744 3991 791
f 745 795 781
f 745 786 795
f 745 4185 786
f 746 780 762
f 746 764 780
f 747 782 757
f 747 3894 782
f 748 779 764
f 748 789 779
f 749 804 777
f 749 834 804
f 750 817 786
f 750 786 4185
f 750 3742 817
f 750 3734 3742
f 750 4185 3930
f 750 3930 4415
f 751 769 839
f 751 839 806
f 752 4211 766
f 753 788 756
f 753 798 788
f 753 4451 798
f 754 777 825
f 754 825 811
f 755 762 794
f 755 794 4463
f 756 792 770
f 756 788 792
f 757 782 790
f 757 790 3991
f 758 850 769
f 758 775 820
f 758 820 850
f 759 836 767
f 759 811 836
f 760 805 4369
f 760 4501 805
f 760 4291 3757
f 760 3925 4291
f 760 4369 3925
f 761 768 832
f 761 832 842
f 762 780 801
f 762 801 794
f 763 772 796
f 763 796 776
f 763 776 4211
f 764 779 780
f 765 830 775
f 765 787 830
f 766 4211 776
f 766 776 4451
f 767 813 793
f 767 836 813
f 768 774 3855
f 768 3668 832
f 768 3855 3668
f 769 850 839
f 770 803 773
f 770 773 4431
f 770 792 803
f 771 869 785
f 771 843 918
f 771 3729 843
f 771 915 869
f 771 918 915
f 772 810 796
f 773 803 4290
f 773 4127 4289
f 773 4290 4127
f 773 4289 4431
f 774 3587 802
f 774 802 4529
f 774 4529 3855
f 775 854 820
f 775 830 854
f 776 796 815
f 776 815 798
f 776 798 4451
f 777 804 862
f 777 862 825
f 778 3880 3602
f 778 3602 4367
f 778 4042 3880
f 778 4374 4042
f 778 4367 4298
f 778 4298 4374
f 779 807 780
f 779 789 809
f 779 809 807
f 780 807 801
f 781 809 789
f 781 795 826
f 781 826 809
f 782 800 790
f 782 794 800
f 782 4463 794
f 782 3894 4335
f 782 4335 4463
f 783 806 824
f 783 824 844
f 784 799 846
f 784 4091 799
f 784 840 802
f 784 802 3587
f 784 846 840
f 785 3651 818
f 785 869 3651
f 786 3832 795
f 786 817 3832
f 787 793 841
f 787 841 830
f 788 808 792
f 788 798 812
f 788 812 808
f 790 3862 791
f 790 791 3991
f 790 800 814
f 790 814 3862
f 791 3862 3643
f 792 808 803
f 793 813 860
f 793 857 841
f 793 860 857
f 794 816 800
f 794 801 816
f 795 3832 826
f 796 810 823
f 796 823 815
f 797 848 817
f 797 817 3742
f 797 3623 848
f 797 4369 3623
f 797 3742 3734
f 797 3734 3925
f 797 3925 4369
f 798 815 812
f 799 3784 846
f 799 4099 3784
f 799 4091 3806
f 799 3806 4099
f 800 816 814
f 801 807 816
f 802 840 4112
f 802 4112 4276
f 802 4276 4529
f 803 808 821
f 803 821 833
f 803 833 822
f 803 822 4290
f 804 834 855
f 804 855 862
f 805 4302 827
f 805 827 4369
f 805 3942 4302
f 805 4367 3942
f 805 4501 4367
f 806 878 824
f 806 839 878
f 807 809 819
f 807 819 816
f 808 812 821
f 809 826 819
f 810 818 823
f 811 825 858
f 811 858 836
f 812 815 828
f 812 828 821
f 813 836 888
f 813 888 860
f 814 816 831
f 814 831 3862
f 815 823 828
f 816 819 829
f 816 829 831
f 817 848 852
f 817 852 3832
f 818 4150 823
f 818 3651 856
f 818 856 4150
f 819 826 829
f 820 861 850
f 820 854 861
f 821 828 833
f 822 833 3996
f 822 3996 851
f 822 851 4396
f 822 4396 4290
f 823 837 828
f 823 4150 837
f 824 877 844
f 824 878 877
f 825 866 858
f 825 862 866
f 826 3697 829
f 826 864 3697
f 826 3832 864
f 827 835 847
f 827 4302 835
f 827 847 849
f 827 849 3623
f 827 3623 4369
f 828 837 833
f 829 3645 831
f 829 884 3645
f 829 3697 884
f 830 841 867
f 830 883 854
f 830 867 883
f 831 3645 845
f 831 845 3862
f 832 865 842
f 832 3668 865
f 833 837 859
f 833 859 3996
f 834 842 871
f 834 905 855
f 834 871 905
f 835 4375 847
f 835 3711 3794
f 835 3942 3711
f 835 3794 4375
f 835 4302 3942
f 836 858 888
f 837 856 896
f 837 4150 856
f 837 896 859
f 838 844 853
f 838 853 876
f 838 876 3711
f 838 3711 3602
f 838 3602 3880
f 839 850 879
f 839 892 878
f 839 879 892
f 840 846 875
f 840 875 4392
f 840 4392 4112
f 841 857 867
f 842 865 895
f 842 895 871
f 843 845 914
f 843 3643 845
f 843 914 918
f 844 897 853
f 844 877 897
f 845 924 914
f 845 3645 924
f 845 3643 3862
f 846 885 875
f 846 3654 885
f 846 3784 3654
f 847 4564 849
f 847 4375 863
f 847 863 4564
f 848 849 874
f 848 3623 849
f 848 908 852
f 848 874 3763
f 848 3763 908
f 849 4564 874
f 850 861 894
f 850 894 879
f 851 859 916
f 851 3996 859
f 851 916 893
f 851 893 3654
f 851 4099 3590
f 851 3590 4396
f 851 3654 3784
f 851 3784 4099
f 852 908 864
f 852 864 3832
f 853 921 876
f 853 897 921
f 854 882 861
f 854 883 882
f 855 887 862
f 855 910 887
f 855 905 910
f 856 869 909
f 856 3651 869
f 856 909 896
f 857 860 912
f 857 903 867
f 857 912 903
f 858 866 886
f 858 886 899
f 858 899 888
f 859 896 916
f 860 888 923
f 860 923 912
f 861 882 898
f 861 898 894
f 862 887 866
f 863 872 4096
f 863 4375 872
f 863 4096 873
f 863 873 4564
f 864 902 884
f 864 884 3697
f 864 908 902
f 865 881 925
f 865 3668 881
f 865 3582 895
f 865 925 3582
f 866 901 886
f 866 887 901
f 867 903 883
f 868 880 890
f 868 4392 880
f 868 3834 881
f 868 881 4276
f 868 890 3834
f 868 4276 4392
f 869 915 909
f 870 889 872
f 870 872 4375
f 870 3711 876
f 870 876 3844
f 870 3844 889
f 870 3794 3711
f 870 4375 3794
f 871 895 922
f 871 922 905
f 872 889 891
f 872 891 4096
f 873 4016 874
f 873 874 4564
f 873 4518 4016
f 873 4096 4518
f 874 3614 904
f 874 904 3763
f 874 4016 3614
f 875 4024 880
f 875 880 4392
f 875 885 4024
f 876 921 926
f 876 926 3844
f 877 878 919
f 877 919 897
f 878 892 935
f 878 935 919
f 879 928 892
f 879 894 928
f 880 900 890
f 880 4024 900
f 881 3834 925
f 881 3668 4276
f 882 883 907
f 882 932 898
f 882 907 932
f 883 903 907
f 884 902 930
f 884 930 924
f 884 924 3645
f 885 893 934
f 885 3654 893
f 885 934 3787
f 885 3787 4024
f 886 942 899
f 886 901 942
f 887 931 901
f 887 910 968
f 887 968 931
f 888 899 937
f 888 937 923
f 889 4327 891
f 889 3844 4327
f 890 900 917
f 890 917 3834
f 891 911 3809
f 891 4327 911
f 891 3809 4365
f 891 4518 4096
f 891 4365 4518
f 892 928 967
f 892 967 935
f 893 916 938
f 893 955 934
f 893 938 955
f 894 898 950
f 894 945 928
f 894 950 945
f 895 3582 922
f 896 909 946
f 896 946 916
f 897 919 956
f 897 940 921
f 897 956 940
f 898 932 950
f 899 933 937
f 899 942 933
f 900 913 920
f 900 4024 913
f 900 920 917
f 901 931 942
f 902 908 973
f 902 973 930
f 903 936 907
f 903 912 939
f 903 939 936
f 904 3614 906
f 904 906 3896
f 904 948 908
f 904 908 3763
f 904 3896 948
f 905 941 910
f 905 922 944
f 905 944 941
f 906 3614 3882
f 906 3882 3780
f 906 3780 3964
f 906 3964 3896
f 907 936 932
f 908 948 973
f 909 915 960
f 909 977 946
f 909 960 977
f 910 941 968
f 911 3677 3754
f 911 4327 3677
f 911 3754 4364
f 911 4364 3809
f 912 923 963
f 912 963 939
f 913 947 920
f 913 3787 934
f 913 934 4481
f 913 4481 947
f 913 4024 3787
f 914 952 918
f 914 924 952
f 915 918 954
f 915 954 960
f 916 975 938
f 916 946 975
f 917 920 4370
f 917 4105 3834
f 917 4370 4105
f 918 952 989
f 918 989 954
f 919 935 979
f 919 979 956
f 920 947 4467
f 920 957 4370
f 920 4467 957
f 921 949 926
f 921 940 966
f 921 966 949
f 922 951 944
f 922 3582 951
f 923 937 963
f 924 930 974
f 924 974 952
f 925 986 3582
f 925 3628 986
f 925 3713 3628
f 925 3834 3713
f 926 949 927
f 926 927 4327
f 926 4327 3844
f 927 949 3655
f 927 3655 3812
f 927 3812 3677
f 927 3677 4327
f 928 945 953
f 928 953 967
f 929 3754 943
f 929 943 4376
f 929 4364 3754
f 929 3964 3780
f 929 3780 4364
f 929 4376 3964
f 930 973 993
f 930 993 974
f 931 980 942
f 931 968 980
f 932 936 962
f 932 971 950
f 932 962 971
f 933 972 937
f 933 942 970
f 933 970 972
f 934 955 4481
f 935 967 983
f 935 983 979
f 936 939 969
f 936 969 962
f 937 982 963
f 937 972 982
f 938 1006 955
f 938 975 1006
f 939 963 959
f 939 959 988
f 939 988 969
f 940 956 1000
f 940 987 966
f 940 1000 987
f 941 944 1010
f 941 1002 968
f 941 1010 1002
f 942 999 970
f 942 980 999
f 943 981 961
f 943 961 4376
f 943 3812 981
f 943 3754 3677
f 943 3677 3812
f 944 951 997
f 944 997 1010
f 945 950 995
f 945 992 953
f 945 995 992
f 946 996 975
f 946 977 996
f 947 984 4467
f 947 4481 984
f 948 3896 958
f 948 958 4190
f 948 4577 973
f 948 4190 4577
f 949 966 1008
f 949 1008 3655
f 950 971 995
f 951 986 1023
f 951 3582 986
f 951 1023 997
f 952 974 1012
f 952 1012 989
f 953 1004 967
f 953 992 1004
f 954 1007 960
f 954 989 1033
f 954 1033 1007
f 955 1041 984
f 955 984 4481
f 955 1006 1041
f 956 979 1000
f 957 978 965
f 957 965 4105
f 957 4467 978
f 957 4105 4370
f 958 3964 964
f 958 964 4005
f 958 4005 3762
f 958 3762 4190
f 958 3896 3964
f 959 963 991
f 959 991 988
f 960 998 977
f 960 1007 998
f 961 3872 964
f 961 964 4376
f 961 981 4401
f 961 4401 3872
f 962 969 990
f 962 990 971
f 963 982 991
f 964 3872 4005
f 964 3964 4376
f 965 976 3713
f 965 3904 976
f 965 978 3904
f 965 3713 4105
f 966 987 1037
f 966 1037 1008
f 967 1004 983
f 968 1021 980
f 968 1002 1021
f 969 988 1001
f 969 1027 990
f 969 1001 1027
f 970 1003 972
f 970 999 1038
f 970 1038 1003
f 971 990 1015
f 971 1015 995
f 972 1009 982
f 972 1003 1009
f 973 1017 993
f 973 1049 1017
f 973 4577 1049
f 974 993 1042
f 974 1044 1012
f 974 1042 1044
f 975 996 1026
f 975 1026 1006
f 976 3835 3713
f 976 3758 3835
f 976 3904 3758
f 977 998 996
f 978 4467 994
f 978 994 4552
f 978 4513 3904
f 978 4552 4513
f 979 983 1019
f 979 1022 1000
f 979 1019 1022
f 980 1025 999
f 980 1021 1025
f 981 3751 3801
f 981 3812 3751
f 981 3801 4401
f 982 1009 991
f 983 1004 1019
f 984 994 4467
f 984 4478 994
f 984 1041 1024
f 984 1024 4478
f 985 1028 986
f 985 986 3628
f 985 1040 1028
f 985 3835 1040
f 985 3628 3835
f 986 1034 1023
f 986 1028 1034
f 987 1000 1035
f 987 1035 1037
f 988 991 1018
f 988 1018 1001
f 989 1012 1033
f 990 1011 1015
f 990 1027 1011
f 991 1009 1014
f 991 1014 1018
f 992 995 1032
f 992 1046 1004
f 992 1032 1046
f 993 1017 1042
f 994 4478 1005
f 994 1005 4552
f 995 1015 1032
f 996 998 1048
f 996 1087 1026
f 996 1048 1087
f 997 1060 1010
f 997 1023 1052
f 997 1052 1060
f 998 1007 1048
f 999 1025 1038
f 1000 1022 1035
f 1001 1018 4172
f 1001 4172 1027
f 1002 1010 1047
f 1002 1069 1021
f 1002 1047 1069
f 1003 1030 1009
f 1003 1051 1030
f 1003 1038 1051
f 1004 1055 1019
f 1004 1046 1064
f 1004 1064 1055
f 1005 1036 1013
f 1005 1013 4513
f 1005 1031 1036
f 1005 4478 1031
f 1005 4513 4552
f 1006 1026 1066
f 1006 1043 1041
f 1006 1066 1043
f 1007 1033 1075
f 1007 1085 1048
f 1007 1075 1085
f 1008 1037 1045
f 1008 1045 3858
f 1008 3751 3655
f 1008 3858 3751
f 1009 1061 1014
f 1009 1030 1061
f 1010 1060 1047
f 1011 1053 1015
f 1011 1027 1068
f 1011 1068 1053
f 1012 1067 1033
f 1012 1044 1067
f 1013 1036 4265
f 1013 3758 3904
f 1013 4265 3758
f 1013 3904 4513
f 1014 1050 1018
f 1014 1061 1050
f 1015 1057 1032
f 1015 1053 1057
f 1016 1020 3777
f 1016 4219 1020
f 1016 3914 1029
f 1016 1029 3978
f 1016 3777 3914
f 1016 3978 4005
f 1016 4005 4219
f 1017 1072 1042
f 1017 1049 1072
f 1018 1050 4172
f 1019 1058 1022
f 1019 1055 1058
f 1020 4107 3777
f 1020 3951 4107
f 1020 4390 3951
f 1020 4219 4390
f 1021 1070 1025
f 1021 1069 1070
f 1022 1077 1035
f 1022 1058 1077
f 1023 1034 1052
f 1024 3594 1031
f 1024 1031 4478
f 1024 1041 3619
f 1024 3619 3594
f 1025 1063 1038
f 1025 1070 1063
f 1026 1079 1066
f 1026 1087 1079
f 1027 4172 1068
f 1028 1096 1034
f 1028 1040 1056
f 1028 1056 1096
f 1029 1059 1049
f 1029 1049 4577
f 1029 3914 1054
f 1029 1054 3926
f 1029 3926 1059
f 1029 4577 3978
f 1030 1051 1073
f 1030 1074 1061
f 1030 1073 1074
f 1031 4523 1036
f 1031 3594 4523
f 1032 1057 1046
f 1033 1067 1106
f 1033 1106 1075
f 1034 1096 1052
f 1035 1081 1037
f 1035 1077 1083
f 1035 1083 1081
f 1036 3875 4082
f 1036 4523 3875
f 1036 4082 4265
f 1037 1078 1045
f 1037 1081 1078
f 1038 1063 1051
f 1039 1065 3951
f 1039 4181 1065
f 1039 3771 4181
f 1039 4234 3771
f 1039 3801 4234
f 1039 4390 3801
f 1039 3951 4390
f 1040 1086 1056
f 1040 3698 1086
f 1040 3758 3698
f 1040 3835 3758
f 1041 1043 3619
f 1042 1088 1044
f 1042 1072 1098
f 1042 1098 1088
f 1043 1066 1093
f 1043 1093 3619
f 1044 1103 1067
f 1044 1088 1103
f 1045 1078 1112
f 1045 1112 3827
f 1045 3827 3771
f 1045 3771 3858
f 1046 1057 1097
f 1046 1104 1064
f 1046 1097 1104
f 1047 1060 1095
f 1047 1102 1069
f 1047 1095 1102
f 1048 1085 1114
f 1048 1114 1087
f 1049 1059 1072
f 1050 1061 1108
f 1050 1108 1076
f 1050 1076 4172
f 1051 1063 1100
f 1051 1100 1073
f 1052 1101 1060
f 1052 1096 1118
f 1052 1118 1101
f 1053 1110 1057
f 1053 1068 1090
f 1053 1090 1110
f 1054 1111 3926
f 1054 4013 1111
f 1054 3914 4262
f 1054 4262 4013
f 1055 1105 1058
f 1055 1064 1094
f 1055 1094 1115
f 1055 1115 1105
f 1056 1086 1128
f 1056 1128 1096
f 1057 1121 1097
f 1057 1110 1121
f 1058 1105 1077
f 1059 1107 1072
f 1059 1111 1107
f 1059 3926 1111
f 1060 1101 1095
f 1061 1074 1125
f 1061 1125 1108
f 1062 3875 1071
f 1062 1071 4066
f 1062 3972 3793
f 1062 3793 4378
f 1062 4082 3875
f 1062 4066 3972
f 1062 4378 4082
f 1063 1070 1091
f 1063 1091 1100
f 1064 1104 1094
f 1065 1082 4090
f 1065 4181 1082
f 1065 4090 3899
f 1065 3899 4107
f 1065 4107 3951
f 1066 1079 1093
f 1067 1103 1106
f 1068 1080 1090
f 1068 4172 1080
f 1069 1109 1070
f 1069 1102 1109
f 1070 1132 1091
f 1070 1109 1132
f 1071 3740 3966
f 1071 4523 3740
f 1071 3875 4523
f 1071 3966 4301
f 1071 4301 4066
f 1072 1117 1098
f 1072 1107 1117
f 1073 1139 1074
f 1073 1100 1139
f 1074 1139 1125
f 1075 1113 1085
f 1075 1106 1113
f 1076 1134 1092
f 1076 1092 4172
f 1076 1108 1134
f 1077 1124 1083
f 1077 1105 1124
f 1078 1081 1120
f 1078 1126 1112
f 1078 1120 1126
f 1079 1087 1143
f 1079 1135 1093
f 1079 1143 1135
f 1080 1147 1090
f 1080 1092 1147
f 1080 4172 1092
f 1081 1083 1120
f 1082 3827 1099
f 1082 1099 4324
f 1082 3756 4090
f 1082 4324 3756
f 1082 4181 3827
f 1083 1136 1120
f 1083 1124 1136
f 1084 1140 1119
f 1084 1119 4200
f 1084 1130 1140
f 1084 3652 1130
f 1084 3740 3652
f 1084 3966 3740
f 1084 4200 3966
f 1085 1113 1165
f 1085 1166 1114
f 1085 1165 1166
f 1086 1122 1150
f 1086 3700 1122
f 1086 1161 1128
f 1086 1150 1161
f 1086 3698 3700
f 1087 1114 1143
f 1088 1098 1157
f 1088 1157 1103
f 1089 4200 1119
f 1089 1119 4307
f 1089 1122 3700
f 1089 4307 1122
f 1089 3700 3972
f 1089 3972 4066
f 1089 4066 4200
f 1090 1131 1110
f 1090 1147 1131
f 1091 1156 1100
f 1091 1132 1156
f 1092 1134 1147
f 1093 1135 1145
f 1093 1145 3619
f 1094 1104 1127
f 1094 1153 1115
f 1094 1127 1153
f 1095 1101 1146
f 1095 1144 1102
f 1095 1146 1144
f 1096 1149 1118
f 1096 1128 1160
f 1096 1160 1149
f 1097 1155 1104
f 1097 1121 1155
f 1098 1117 1142
f 1098 1142 1157
f 1099 3827 1112
f 1099 1112 3929
f 1099 3929 1129
f 1099 1129 4324
f 1100 1154 1139
f 1100 1156 1154
f 1101 1118 1158
f 1101 1158 1146
f 1102 1144 1109
f 1103 1141 1106
f 1103 1169 1141
f 1103 1157 1169
f 1104 1155 1127
f 1105 1115 1163
f 1105 1148 1124
f 1105 1163 1148
f 1106 1174 1113
f 1106 1141 1174
f 1107 1111 1159
f 1107 1159 1117
f 1108 1125 1137
f 1108 1137 1134
f 1109 1164 1132
f 1109 1144 1164
f 1110 1170 1121
f 1110 1131 1170
f 1111 1123 1175
f 1111 4013 1123
f 1111 1175 1159
f 1112 1126 3733
f 1112 3733 3929
f 1113 1174 1165
f 1114 1166 1143
f 1115 1153 1163
f 1116 3672 1123
f 1116 1123 4454
f 1116 1151 3672
f 1116 3756 1151
f 1116 4090 3756
f 1116 4454 4090
f 1117 1159 1142
f 1118 1149 1158
f 1119 4194 1138
f 1119 1138 4307
f 1119 1140 4194
f 1120 1171 1126
f 1120 1136 1171
f 1121 1172 1155
f 1121 1170 1172
f 1122 1138 4255
f 1122 4307 1138
f 1122 4255 1150
f 1123 1179 1175
f 1123 3745 1179
f 1123 3672 3745
f 1123 4013 4454
f 1124 1176 1136
f 1124 1148 1176
f 1125 1168 1137
f 1125 1139 1167
f 1125 1167 1168
f 1126 1171 1186
f 1126 1186 3733
f 1127 1178 1153
f 1127 1155 1178
f 1128 1161 1160
f 1129 1151 3756
f 1129 4428 1151
f 1129 3929 1152
f 1129 1152 4428
f 1129 3756 4324
f 1130 3619 1133
f 1130 1133 4048
f 1130 4048 1140
f 1130 3652 3619
f 1131 1147 1190
f 1131 1190 1170
f 1132 1177 1156
f 1132 1164 1177
f 1133 1145 1199
f 1133 3619 1145
f 1133 1199 1203
f 1133 1203 4048
f 1134 1137 1180
f 1134 1181 1147
f 1134 1180 1181
f 1135 1143 1187
f 1135 1173 1145
f 1135 1187 1173
f 1136 1214 1171
f 1136 1176 1214
f 1137 1168 1180
f 1138 1162 4029
f 1138 4194 1162
f 1138 4029 4255
f 1139 1154 1200
f 1139 1200 1167
f 1140 3800 1162
f 1140 1162 4194
f 1140 4048 3800
f 1141 1169 1222
f 1141 1212 1174
f 1141 1222 1212
f 1142 1221 1157
f 1142 1159 1209
f 1142 1209 1221
f 1143 1166 1196
f 1143 1196 1187
f 1144 1146 1189
f 1144 1188 1164
f 1144 1189 1188
f 1145 1173 1199
f 1146 1158 1184
f 1146 1184 1189
f 1147 1181 1201
f 1147 1201 1190
f 1148 1163 1191
f 1148 1191 1176
f 1149 1202 1158
f 1149 1160 1202
f 1150 1215 1161
f 1150 1185 1215
f 1150 4255 1185
f 1151 1182 4353
f 1151 4428 1182
f 1151 4353 3672
f 1152 3733 1186
f 1152 1186 3933
f 1152 3929 3733
f 1152 3933 3888
f 1152 3888 4428
f 1153 1183 1163
f 1153 1178 1183
f 1154 1156 1193
f 1154 1193 1210
f 1154 1210 1200
f 1155 1172 1205
f 1155 1216 1178
f 1155 1205 1216
f 1156 1177 1207
f 1156 1207 1193
f 1157 1218 1169
f 1157 1221 1218
f 1158 1211 1184
f 1158 1202 1211
f 1159 1175 1234
f 1159 1234 1209
f 1160 1161 1198
f 1160 1198 1223
f 1160 1223 1202
f 1161 1215 1198
f 1162 3800 4228
f 1162 4228 4029
f 1163 1183 1206
f 1163 1206 1191
f 1164 1188 1177
f 1165 1235 1166
f 1165 1174 1241
f 1165 1241 1235
f 1166 1235 1196
f 1167 1195 1168
f 1167 1200 1195
f 1168 1197 1180
f 1168 1195 1197
f 1169 1218 1222
f 1170 1205 1172
f 1170 1190 1230
f 1170 1227 1205
f 1170 1230 1227
f 1171 1219 1186
f 1171 1214 1219
f 1173 1187 1204
f 1173 1204 1199
f 1174 1212 1241
f 1175 1179 1245
f 1175 1240 1234
f 1175 1245 1240
f 1176 1191 1225
f 1176 1225 1214
f 1177 1188 1232
f 1177 1232 1207
f 1178 1224 1183
f 1178 1216 1224
f 1179 1192 1229
f 1179 3745 1192
f 1179 1229 1245
f 1180 1231 1181
f 1180 1197 1250
f 1180 1250 1231
f 1181 1228 1201
f 1181 1231 1228
f 1182 3839 1208
f 1182 1208 4353
f 1182 4049 3839
f 1182 3888 4049
f 1182 4428 3888
f 1183 1238 1206
f 1183 1224 1238
f 1184 1236 1189
f 1184 1211 1236
f 1185 3799 1215
f 1185 4278 3799
f 1185 4255 4029
f 1185 4029 4278
f 1186 1219 1258
f 1186 1258 1220
f 1186 1220 3933
f 1187 1196 1237
f 1187 1237 1204
f 1188 1189 1246
f 1188 1246 1232
f 1189 1236 1246
f 1190 1201 1230
f 1191 1206 1239
f 1191 1239 1225
f 1192 4353 1208
f 1192 1208 4540
f 1192 4199 1229
f 1192 3745 3672
f 1192 3672 4353
f 1192 4540 4199
f 1193 1207 1233
f 1193 1233 1210
f 1194 1203 1257
f 1194 4048 1203
f 1194 1257 1213
f 1194 1213 3800
f 1194 3800 4048
f 1195 1256 1197
f 1195 1200 1243
f 1195 1243 1256
f 1196 1235 1287
f 1196 1287 1237
f 1197 1256 1250
f 1198 1215 1247
f 1198 1247 1223
f 1199 1244 1203
f 1199 1204 1244
f 1200 1210 1243
f 1201 1228 1254
f 1201 1254 1230
f 1202 1269 1211
f 1202 1223 1269
f 1203 1244 1280
f 1203 1280 1257
f 1204 1237 1253
f 1204 1253 1244
f 1205 1252 1216
f 1205 1227 1252
f 1206 1238 1266
f 1206 1266 1239
f 1207 1232 1273
f 1207 1273 1233
f 1208 3839 4540
f 1209 1281 1221
f 1209 1234 1274
f 1209 1274 1281
f 1210 1233 1265
f 1210 1265 1243
f 1211 1255 1236
f 1211 1278 1255
f 1211 1269 1278
f 1212 1222 1276
f 1212 1286 1241
f 1212 1276 1286
f 1213 3785 1226
f 1213 1226 4228
f 1213 1257 3785
f 1213 4228 3800
f 1214 1261 1219
f 1214 1225 1261
f 1215 3621 1247
f 1215 1268 3621
f 1215 3799 1268
f 1216 1272 1224
f 1216 1252 1272
f 1217 1226 1263
f 1217 4228 1226
f 1217 1263 1268
f 1217 1268 3799
f 1217 3799 4278
f 1217 4561 4228
f 1217 4278 4561
f 1218 1221 1262
f 1218 1251 1222
f 1218 1262 1251
f 1219 1261 1258
f 1220 1258 3782
f 1220 3782 4183
f 1220 4049 3933
f 1220 4183 4049
f 1221 1281 1262
f 1222 1251 1276
f 1223 1247 1285
f 1223 1285 1269
f 1224 1272 1238
f 1225 1239 1259
f 1225 1259 1261
f 1226 1264 1263
f 1226 3785 1264
f 1227 1230 1289
f 1227 1267 1252
f 1227 1289 1267
f 1228 1231 1271
f 1228 1283 1254
f 1228 1271 1283
f 1229 1279 1245
f 1229 1248 1279
f 1229 4199 1248
f 1230 1254 1275
f 1230 1275 1289
f 1231 1250 1271
f 1232 1246 1270
f 1232 1270 1273
f 1233 1313 1265
f 1233 1273 1313
f 1234 1240 1260
f 1234 1260 1274
f 1235 1241 1284
f 1235 1284 1287
f 1236 1288 1246
f 1236 1255 1288
f 1237 1302 1253
f 1237 1287 1302
f 1238 1272 1266
f 1239 1321 1259
f 1239 1266 1317
f 1239 1317 1321
f 1240 1245 1299
f 1240 1299 1260
f 1241 1320 1284
f 1241 1286 1320
f 1242 4093 1248
f 1242 1248 4199
f 1242 1249 4093
f 1242 4540 1249
f 1242 4199 4540
f 1243 1292 1256
f 1243 1265 1292
f 1244 1253 1277
f 1244 1277 1280
f 1245 1279 1299
f 1246 1301 1270
f 1246 1288 1301
f 1247 1328 1285
f 1247 1308 1328
f 1247 3621 1308
f 1248 3837 1279
f 1248 4093 3837
f 1249 4183 3782
f 1249 3782 4232
f 1249 3839 4183
f 1249 4540 3839
f 1249 4232 4093
f 1250 1256 1282
f 1250 1282 1271
f 1251 1262 1306
f 1251 1332 1276
f 1251 1306 1332
f 1252 1267 1305
f 1252 1305 1272
f 1253 1302 1277
f 1254 1322 1275
f 1254 1283 1322
f 1255 1278 1314
f 1255 1314 1288
f 1256 1298 1282
f 1256 1292 1298
f 1257 1280 4152
f 1257 4152 3785
f 1258 1261 1315
f 1258 1338 1290
f 1258 1290 3782
f 1258 1315 1338
f 1259 1303 1261
f 1259 1339 1303
f 1259 1321 1339
f 1260 1311 1274
f 1260 1299 1311
f 1261 1303 1315
f 1262 1281 1306
f 1263 1264 1293
f 1263 1293 1268
f 1264 1297 1293
f 1264 1296 1297
f 1264 4186 1296
f 1264 3785 4186
f 1265 1319 1292
f 1265 1313 1319
f 1266 1272 1307
f 1266 1307 1317
f 1267 1289 1327
f 1267 1327 1305
f 1268 1293 3688
f 1268 3688 3621
f 1269 1309 1278
f 1269 1285 1309
f 1270 1316 1273
f 1270 1301 1316
f 1271 1282 1310
f 1271 1324 1283
f 1271 1310 1324
f 1272 1305 1307
f 1273 1330 1313
f 1273 1316 1330
f 1274 1312 1281
f 1274 1311 1312
f 1275 1335 1289
f 1275 1322 1335
f 1276 1334 1286
f 1276 1332 1334
f 1277 1323 1280
f 1277 1302 1318
f 1277 1318 1323
f 1278 1309 1342
f 1278 1342 1314
f 1279 1294 1299
f 1279 3837 1294
f 1280 1323 1333
f 1280 1333 4152
f 1281 1340 1306
f 1281 1312 1340
f 1282 1298 1310
f 1283 1324 1322
f 1284 1359 1287
f 1284 1320 1359
f 1285 1331 1309
f 1285 1328 1331
f 1286 1334 1320
f 1287 1346 1302
f 1287 1359 1346
f 1288 1345 1301
f 1288 1314 1345
f 1289 1335 1327
f 1290 1338 3691
f 1290 3691 4349
f 1290 3995 3782
f 1290 4102 3995
f 1290 4349 4102
f 1291 1295 4033
f 1291 4352 1295
f 1291 4033 4007
f 1291 4007 4093
f 1291 4093 4232
f 1291 4232 4352
f 1292 1341 1298
f 1292 1319 1341
f 1293 1297 1336
f 1293 1336 3807
f 1293 3807 3688
f 1294 1325 1299
f 1294 4007 1304
f 1294 1304 4051
f 1294 4051 1325
f 1294 3837 4007
f 1295 3826 4346
f 1295 4349 3826
f 1295 4346 4033
f 1295 4102 4349
f 1295 4352 4102
f 1296 1337 1297
f 1296 1300 1329
f 1296 4186 1300
f 1296 1329 1337
f 1297 1337 1336
f 1298 1347 1310
f 1298 1341 1347
f 1299 1325 1311
f 1300 1363 1329
f 1300 1333 1363
f 1300 4152 1333
f 1300 4186 4152
f 1301 1371 1316
f 1301 1345 1364
f 1301 1364 1371
f 1302 1343 1318
f 1302 1346 1343
f 1303 1349 1315
f 1303 1339 1349
f 1304 4007 4033
f 1304 4033 4553
f 1304 4553 4051
f 1305 1344 1307
f 1305 1327 1388
f 1305 1388 1344
f 1306 1358 1332
f 1306 1340 1358
f 1307 1353 1317
f 1307 1344 1353
f 1308 1429 1328
f 1308 1416 1429
f 1308 4306 1416
f 1308 3621 3688
f 1308 3688 4306
f 1309 1331 1366
f 1309 1366 1342
f 1310 1369 1324
f 1310 1347 1369
f 1311 1400 1312
f 1311 1325 3736
f 1311 3736 1400
f 1312 1400 1340
f 1313 1350 1319
f 1313 1330 1350
f 1314 1342 1381
f 1314 1381 1345
f 1315 1377 1338
f 1315 1349 1377
f 1316 1371 1330
f 1317 1357 1321
f 1317 1353 1357
f 1318 1365 1323
f 1318 1343 1394
f 1318 1394 1365
f 1319 1362 1341
f 1319 1350 1427
f 1319 1427 1362
f 1320 1334 1446
f 1320 1475 1359
f 1320 1446 1475
f 1321 1451 1339
f 1321 1357 1451
f 1322 1324 1367
f 1322 1354 1335
f 1322 1367 1354
f 1323 1365 1333
f 1324 1369 1367
f 1325 1361 1392
f 1325 4051 1361
f 1325 1392 3736
f 1326 3826 3786
f 1326 3786 4549
f 1326 4346 3826
f 1326 4033 4346
f 1326 4553 4033
f 1326 4549 4553
f 1327 1335 1370
f 1327 1370 1388
f 1328 1429 1331
f 1329 1360 1337
f 1329 1363 1360
f 1330 1386 1350
f 1330 1371 1386
f 1331 1429 1366
f 1332 1410 1334
f 1332 1358 1494
f 1332 1494 1410
f 1333 1413 1363
f 1333 1365 1424
f 1333 1424 1413
f 1334 1410 1446
f 1335 1354 1384
f 1335 1384 1370
f 1336 1337 1368
f 1336 1368 4316
f 1336 4563 3807
f 1336 4316 4563
f 1337 1360 1368
f 1338 3627 1352
f 1338 1352 3691
f 1338 1377 3627
f 1339 1451 1349
f 1340 1481 1358
f 1340 1400 1434
f 1340 1434 1481
f 1341 1419 1347
f 1341 1362 1419
f 1342 1366 1403
f 1342 1403 1381
f 1343 1346 1445
f 1343 1445 1394
f 1344 1405 1353
f 1344 1388 1405
f 1345 1453 1364
f 1345 1381 1453
f 1346 1359 1457
f 1346 1457 1445
f 1347 1419 1369
f 1348 1356 1428
f 1348 4553 1356
f 1348 1428 1361
f 1348 1361 4051
f 1348 4051 4553
f 1349 1496 1377
f 1349 1451 1496
f 1350 1386 1455
f 1350 1455 1427
f 1351 3644 1416
f 1351 1416 4306
f 1351 4316 3644
f 1351 4306 3807
f 1351 3807 4563
f 1351 4563 4316
f 1352 3750 3603
f 1352 3603 4001
f 1352 3627 3750
f 1352 4001 3691
f 1353 1438 1357
f 1353 1405 1501
f 1353 1501 1438
f 1354 1367 1477
f 1354 1477 1384
f 1355 4545 1356
f 1355 1356 4549
f 1355 1390 4126
f 1355 4328 1390
f 1355 4126 4545
f 1355 4337 4328
f 1355 4549 4337
f 1356 4545 1428
f 1356 4553 4549
f 1357 1438 1451
f 1358 1481 1623
f 1358 1623 1494
f 1359 1475 1457
f 1360 1363 1473
f 1360 1473 1368
f 1361 3617 1392
f 1361 1428 3670
f 1361 3670 3617
f 1362 1427 1419
f 1363 1413 1473
f 1364 1449 1371
f 1364 1453 1449
f 1365 1394 1495
f 1365 1469 1424
f 1365 1495 1469
f 1366 1558 1403
f 1366 1429 3874
f 1366 3874 1558
f 1367 1369 1425
f 1367 1425 1542
f 1367 1542 1477
f 1368 1432 4316
f 1368 4426 1432
f 1368 1473 4426
f 1369 1419 1487
f 1369 1487 1425
f 1370 1384 1492
f 1370 1492 1388
f 1371 1521 1386
f 1371 1449 1505
f 1371 1505 1521
f 1372 1374 1375
f 1372 1376 1374
f 1372 1375 1391
f 1372 1378 1376
f 1372 1391 1378
f 1373 1383 1379
f 1373 1379 1387
f 1373 1387 1380
f 1373 1380 4442
f 1373 4320 1383
f 1373 4442 4320
f 1374 1385 1375
f 1374 1376 4122
f 1374 1382 1385
f 1374 1406 1382
f 1374 4122 1406
f 1375 1385 1414
f 1375 1414 1391
f 1376 1378 1402
f 1376 1402 3885
f 1376 3885 3741
f 1376 3741 4122
f 1377 1496 1499
f 1377 1499 3627
f 1378 1391 1397
f 1378 1397 1408
f 1378 1408 1402
f 1379 1383 1398
f 1379 1399 1387
f 1379 1398 1407
f 1379 1407 1399
f 1380 1387 1393
f 1380 1393 1395
f 1380 1395 1396
f 1380 1396 4442
f 1381 1403 1531
f 1381 1644 1453
f 1381 1531 1644
f 1382 1404 1385
f 1382 1406 1401
f 1382 1401 1409
f 1382 1409 1404
f 1383 4359 1398
f 1383 1458 3902
f 1383 4320 1458
f 1383 3902 4359
f 1384 1477 1565
f 1384 1565 1492
f 1385 1404 1414
f 1386 1617 1455
f 1386 1521 1617
f 1387 1426 1393
f 1387 1399 1430
f 1387 1430 1426
f 1388 1564 1405
f 1388 1492 1564
f 1389 1396 1420
f 1389 4442 1396
f 1389 1420 1423
f 1389 1423 1458
f 1389 1458 4320
f 1389 4320 4442
f 1390 4010 1440
f 1390 1440 4126
f 1390 4328 4001
f 1390 4001 4517
f 1390 4517 4010
f 1391 1411 1397
f 1391 1412 1411
f 1391 1414 1412
f 1392 1516 1459
f 1392 1459 3736
f 1392 1480 1516
f 1392 3617 1480
f 1393 1417 1395
f 1393 1431 1417
f 1393 1426 1431
f 1394 1445 1491
f 1394 1491 1495
f 1395 1418 1396
f 1395 1417 1418
f 1396 1418 1415
f 1396 1415 1420
f 1397 1444 1408
f 1397 1411 1444
f 1398 1435 1407
f 1398 1421 1437
f 1398 4359 1421
f 1398 1437 1435
f 1399 1407 1452
f 1399 1452 1430
f 1400 1468 1434
f 1400 3736 1468
f 1401 1406 1436
f 1401 1467 1409
f 1401 1436 1467
f 1402 1408 1441
f 1402 1462 1433
f 1402 1433 3885
f 1402 1441 1461
f 1402 1461 1462
f 1403 1558 1531
f 1404 1409 1439
f 1404 1422 1414
f 1404 1448 1422
f 1404 1439 1448
f 1405 1603 1501
f 1405 1564 1614
f 1405 1614 1603
f 1406 4326 1436
f 1406 4122 3797
f 1406 3797 4326
f 1407 1435 1452
f 1408 1474 1441
f 1408 1444 1474
f 1409 1467 1439
f 1410 1655 1446
f 1410 1494 1599
f 1410 1599 1655
f 1411 1412 1443
f 1411 1443 1456
f 1411 1456 1444
f 1412 1414 1443
f 1413 1424 1493
f 1413 1514 1473
f 1413 1493 1514
f 1414 1422 1443
f 1415 1418 1454
f 1415 1442 1420
f 1415 1454 1442
f 1416 1519 1429
f 1416 3644 1519
f 1417 1460 1418
f 1417 1431 1466
f 1417 1466 1460
f 1418 1460 1454
f 1419 1427 1509
f 1419 1556 1487
f 1419 1509 1556
f 1420 1447 1423
f 1420 1442 1447
f 1421 1450 1437
f 1421 4004 1450
f 1421 3902 4004
f 1421 4359 3902
f 1422 1465 1443
f 1422 1448 1465
f 1423 1447 1484
f 1423 1484 1458
f 1424 1469 1493
f 1425 1487 1542
f 1426 1430 1485
f 1426 1463 1431
f 1426 1485 1463
f 1427 1455 1575
f 1427 1575 1509
f 1428 1440 1471
f 1428 4545 1440
f 1428 1471 3670
f 1429 1519 1645
f 1429 1645 1611
f 1429 1611 3874
f 1430 1452 1486
f 1430 1486 1485
f 1431 1463 1476
f 1431 1476 1466
f 1432 1529 1504
f 1432 1504 3644
f 1432 4426 1529
f 1432 3644 4316
f 1433 1462 4580
f 1433 1482 3846
f 1433 4580 1482
f 1433 3846 3741
f 1433 3741 3885
f 1434 1468 1549
f 1434 1549 1481
f 1435 1437 4321
f 1435 1508 1452
f 1435 4321 1508
f 1436 1472 1467
f 1436 1470 1472
f 1436 4326 1470
f 1437 1450 4146
f 1437 4146 1464
f 1437 1464 4321
f 1438 1607 1451
f 1438 1501 1602
f 1438 1602 1691
f 1438 1691 1607
f 1439 1479 1448
f 1439 1467 1489
f 1439 1489 1479
f 1440 3985 1471
f 1440 4010 3985
f 1440 4545 4126
f 1441 1474 1461
f 1442 1483 1447
f 1442 1454 1483
f 1443 1498 1456
f 1443 1465 1498
f 1444 1456 1520
f 1444 1520 1474
f 1445 1457 1570
f 1445 3685 1491
f 1445 1570 3685
f 1446 1655 1475
f 1447 1483 1478
f 1447 1478 1484
f 1448 1479 1465
f 1449 1453 1590
f 1449 1590 1505
f 1450 4004 1488
f 1450 1488 4579
f 1450 1490 4146
f 1450 4579 1490
f 1451 3676 1496
f 1451 1607 3676
f 1452 1522 1486
f 1452 1508 1522
f 1453 1644 1590
f 1454 1460 1503
f 1454 1503 1483
f 1455 1617 1575
f 1456 1498 1533
f 1456 4043 1520
f 1456 1533 4043
f 1457 1475 1568
f 1457 1568 1570
f 1458 1484 1513
f 1458 1513 3765
f 1458 3765 3902
f 1459 1510 1468
f 1459 1468 3736
f 1459 1544 1510
f 1459 1516 1544
f 1460 1466 1512
f 1460 1512 1503
f 1461 1517 1462
f 1461 1474 1506
f 1461 1506 1517
f 1462 1517 1525
f 1462 1525 4528
f 1462 4528 4580
f 1463 1502 1476
f 1463 1485 1502
f 1464 4146 1490
f 1464 1490 4439
f 1464 3814 1508
f 1464 1508 4321
f 1464 4439 3814
f 1465 1479 1527
f 1465 1527 1498
f 1466 1476 1512
f 1467 1472 1526
f 1467 1526 1489
f 1468 1510 4251
f 1468 1551 1549
f 1468 4251 1551
f 1469 1524 1493
f 1469 1495 1528
f 1469 1528 1524
f 1470 1511 1472
f 1470 1523 1511
f 1470 3867 1523
f 1470 4326 3867
f 1471 1537 1480
f 1471 1480 3617
f 1471 1535 1537
f 1471 3985 1535
f 1471 3617 3670
f 1472 1511 1526
f 1473 1514 1569
f 1473 1569 1529
f 1473 1529 4426
f 1474 1520 1506
f 1475 1604 1568
f 1475 1655 1604
f 1476 1502 1539
f 1476 1539 1512
f 1477 1542 1612
f 1477 1612 1565
f 1478 1483 1500
f 1478 1515 1484
f 1478 1500 1515
f 1479 1489 1527
f 1480 1530 1516
f 1480 1537 1530
f 1481 1549 1705
f 1481 1705 1623
f 1482 1560 3946
f 1482 4508 1560
f 1482 3946 3846
f 1482 4580 4508
f 1483 1518 1500
f 1483 1503 1518
f 1484 1532 1513
f 1484 1515 1532
f 1485 1486 1534
f 1485 1534 1502
f 1486 1522 1534
f 1487 1741 1542
f 1487 1556 1709
f 1487 1709 1741
f 1488 1513 1548
f 1488 3765 1513
f 1488 1548 1563
f 1488 1563 4579
f 1488 4004 3765
f 1489 1526 1561
f 1489 1562 1527
f 1489 1561 1562
f 1490 1538 1550
f 1490 4579 1538
f 1490 1550 4439
f 1491 1546 1495
f 1491 1675 1546
f 1491 3685 1675
f 1492 1565 1564
f 1493 1586 1514
f 1493 1524 1574
f 1493 1574 1586
f 1494 1623 1599
f 1495 3647 1528
f 1495 1546 3647
f 1496 3792 1499
f 1496 3676 3953
f 1496 3953 3792
f 1497 4311 1507
f 1497 1507 4517
f 1497 3603 3968
f 1497 4517 3603
f 1497 3968 4354
f 1497 4354 4311
f 1498 1527 1585
f 1498 1585 1533
f 1499 1680 3750
f 1499 3792 1680
f 1499 3750 3627
f 1500 1555 1515
f 1500 1518 1555
f 1501 1603 1602
f 1502 1534 1630
f 1502 1630 1539
f 1503 1512 1554
f 1503 1554 1518
f 1504 1529 1545
f 1504 1545 4537
f 1504 4537 3644
f 1505 1711 1521
f 1505 1590 1711
f 1506 1541 1517
f 1506 1520 1579
f 1506 1579 1541
f 1507 1535 3985
f 1507 4311 1535
f 1507 3985 4010
f 1507 4010 4517
f 1508 1595 1522
f 1508 3814 1595
f 1509 1731 1556
f 1509 1575 1731
f 1510 1566 1543
f 1510 1543 4251
f 1510 1544 1566
f 1511 1523 1572
f 1511 1588 1526
f 1511 1572 1593
f 1511 1593 1588
f 1512 1539 1583
f 1512 1583 1554
f 1513 1532 1548
f 1514 1586 1569
f 1515 1540 1532
f 1515 1555 1540
f 1516 1530 1573
f 1516 1573 1544
f 1517 1547 1525
f 1517 1541 1547
f 1518 1554 1594
f 1518 1594 1555
f 1519 1545 4017
f 1519 4537 1545
f 1519 4017 1645
f 1519 3644 4537
f 1520 1710 1579
f 1520 1605 1710
f 1520 4043 1605
f 1521 1703 1617
f 1521 1711 1703
f 1522 1595 1534
f 1523 4226 1572
f 1523 3867 4226
f 1524 1528 1559
f 1524 1559 1574
f 1525 1557 1536
f 1525 1536 4528
f 1525 1547 1557
f 1526 1588 1561
f 1527 1562 1585
f 1528 1553 1559
f 1528 3647 1553
f 1529 1610 1545
f 1529 1569 1610
f 1530 1537 1606
f 1530 1668 1573
f 1530 1606 1668
f 1531 1558 1759
f 1531 1759 1644
f 1532 1540 1589
f 1532 1589 1548
f 1533 1585 1673
f 1533 1800 1605
f 1533 1605 4043
f 1533 1673 1800
f 1534 1595 1654
f 1534 1654 1630
f 1535 1581 1537
f 1535 1567 1581
f 1535 4311 1567
f 1536 1557 4371
f 1536 4371 1560
f 1536 1560 4508
f 1536 4508 4528
f 1537 1581 1606
f 1538 4455 1550
f 1538 1552 3932
f 1538 4579 1552
f 1538 3932 4455
f 1539 1630 1583
f 1540 1555 1696
f 1540 1648 1589
f 1540 1696 1648
f 1541 1582 1547
f 1541 1579 1582
f 1542 1750 1612
f 1542 1741 1750
f 1543 1596 1551
f 1543 1551 4251
f 1543 1566 1591
f 1543 1591 1577
f 1543 1577 3660
f 1543 3660 1596
f 1544 1597 1566
f 1544 1573 1652
f 1544 1652 1597
f 1545 1610 1665
f 1545 1665 4017
f 1546 1689 1578
f 1546 1578 3647
f 1546 1675 1689
f 1547 1584 1557
f 1547 1582 1584
f 1548 1625 1563
f 1548 1589 1688
f 1548 1688 1625
f 1549 1551 4466
f 1549 1658 1705
f 1549 4466 1658
f 1550 4115 3814
f 1550 3814 4439
f 1550 4455 4115
f 1551 1596 4466
f 1552 1563 1616
f 1552 4579 1563
f 1552 1592 1580
f 1552 1580 3932
f 1552 1616 1592
f 1553 1576 1559
f 1553 1571 1576
f 1553 3647 1571
f 1554 1583 1649
f 1554 1649 1594
f 1555 1594 1696
f 1556 1735 1709
f 1556 1731 1735
f 1557 1584 1598
f 1557 1598 1601
f 1557 1601 4371
f 1558 1611 1788
f 1558 3874 1611
f 1558 1788 1759
f 1559 1634 1574
f 1559 1576 1634
f 1560 1732 4120
f 1560 4371 1732
f 1560 4120 3946
f 1561 1664 1562
f 1561 1588 1647
f 1561 1647 1664
f 1562 1657 1585
f 1562 1664 1657
f 1563 1723 1616
f 1563 1625 1723
f 1564 1565 1733
f 1564 1767 1614
f 1564 1733 1849
f 1564 1849 1767
f 1565 1612 1810
f 1565 1810 1733
f 1566 1640 1591
f 1566 1597 1640
f 1567 1662 1581
f 1567 4354 1662
f 1567 4311 4354
f 1568 1833 1570
f 1568 1604 1889
f 1568 1889 1833
f 1569 1586 4410
f 1569 4410 1610
f 1570 1776 1675
f 1570 1675 3685
f 1570 1833 1776
f 1571 1587 1576
f 1571 1578 1587
f 1571 3647 1578
f 1572 1702 1593
f 1572 1676 1681
f 1572 4226 1676
f 1572 1681 1702
f 1573 1780 1652
f 1573 1668 1780
f 1574 1753 1586
f 1574 1634 1686
f 1574 1686 4400
f 1574 4400 1753
f 1575 1617 1756
f 1575 1756 1731
f 1576 1587 1690
f 1576 1669 1634
f 1576 1690 1669
f 1577 1591 1600
f 1577 1600 3660
f 1578 1624 1587
f 1578 1692 1624
f 1578 1689 1692
f 1579 1685 1582
f 1579 1710 1685
f 1580 1592 4164
f 1580 1608 3932
f 1580 4368 1608
f 1580 4164 4368
f 1581 1740 1606
f 1581 1662 1740
f 1582 1666 1584
f 1582 1685 1666
f 1583 1630 1746
f 1583 1746 1649
f 1584 3753 1598
f 1584 1666 3753
f 1585 1657 1673
f 1586 1753 1762
f 1586 1762 4410
f 1587 1624 1728
f 1587 1737 1690
f 1587 1728 1737
f 1588 1593 1702
f 1588 1792 1647
f 1588 1702 1792
f 1589 1648 1717
f 1589 1717 1688
f 1590 1644 1827
f 1590 1914 1711
f 1590 1827 1914
f 1591 1661 1600
f 1591 1640 1701
f 1591 1701 1661
f 1592 1616 3873
f 1592 3873 1621
f 1592 1621 4164
f 1594 1649 1718
f 1594 1718 1696
f 1595 1825 1654
f 1595 4572 1825
f 1595 3814 4572
f 1596 3660 1638
f 1596 1638 4466
f 1597 1714 1640
f 1597 1652 1714
f 1598 1633 1601
f 1598 4080 1633
f 1598 3753 4080
f 1599 1623 1815
f 1599 1815 1655
f 1600 1693 1650
f 1600 1650 3660
f 1600 1661 1693
f 1601 1633 1712
f 1601 1712 1732
f 1601 1732 4371
f 1602 1603 1848
f 1602 1848 1691
f 1603 1614 1767
f 1603 1767 1946
f 1603 1946 1848
f 1604 1655 1789
f 1604 1789 1889
f 1605 1832 1710
f 1605 1800 1832
f 1606 1758 1668
f 1606 1740 1758
f 1607 1954 1672
f 1607 1672 3676
f 1607 1691 1954
f 1608 1713 1749
f 1608 4368 1713
f 1608 1749 4115
f 1608 4455 3932
f 1608 4115 4455
f 1609 1622 1619
f 1609 1619 3999
f 1609 1639 1622
f 1609 1646 1639
f 1609 1653 1646
f 1609 3599 1653
f 1609 3999 3599
f 1610 1706 1665
f 1610 4410 1706
f 1611 1645 1874
f 1611 1874 1788
f 1612 1750 1810
f 1613 1618 1631
f 1613 1643 1618
f 1613 1635 1627
f 1613 1627 4266
f 1613 1628 1643
f 1613 4266 1628
f 1613 1631 1637
f 1613 1637 1635
f 1615 1636 1627
f 1615 1627 1642
f 1615 1632 1636
f 1615 4080 1632
f 1615 1642 1633
f 1615 1633 4080
f 1616 1723 1697
f 1616 1697 3873
f 1617 1703 1756
f 1618 1671 1631
f 1618 1643 1660
f 1618 1660 1671
f 1619 1670 1620
f 1619 1620 3999
f 1619 1622 1663
f 1619 1663 1670
f 1620 1629 4158
f 1620 4522 1629
f 1620 1670 1656
f 1620 1656 4522
f 1620 4158 3999
f 1621 1626 4164
f 1621 4452 1626
f 1621 1697 1684
f 1621 1684 4452
f 1621 3873 1697
f 1622 1639 1651
f 1622 1651 1704
f 1622 1704 1663
f 1623 1705 3637
f 1623 1905 1815
f 1623 3637 1905
f 1624 1692 1769
f 1624 1769 1728
f 1625 1688 3657
f 1625 1819 1723
f 1625 3657 1819
f 1626 4452 1629
f 1626 1629 4522
f 1626 1656 1659
f 1626 4522 1656
f 1626 1659 4164
f 1627 1635 1642
f 1627 1636 4379
f 1627 4379 4266
f 1628 1674 1643
f 1628 1667 1687
f 1628 4266 1667
f 1628 1687 1674
f 1629 1684 1641
f 1629 1641 4158
f 1629 4452 1684
f 1630 1654 3829
f 1630 3829 1746
f 1631 1683 1637
f 1631 1671 1698
f 1631 1698 1683
f 1632 1682 1636
f 1632 1699 1682
f 1632 3884 1699
f 1632 3753 3884
f 1632 4080 3753
f 1633 1642 1712
f 1634 1669 1720
f 1634 1720 1686
f 1635 1637 1695
f 1635 1730 1642
f 1635 1695 1730
f 1636 1682 4379
f 1637 1683 1695
f 1638 1650 1796
f 1638 3660 1650
f 1638 1796 1763
f 1638 1763 4466
f 1639 1646 1678
f 1639 1677 1651
f 1639 1727 1677
f 1639 1678 1727
f 1640 1773 1701
f 1640 1714 1784
f 1640 1784 1773
f 1641 1694 1653
f 1641 1653 3599
f 1641 1684 1694
f 1641 3599 4158
f 1642 1730 1712
f 1643 4389 1660
f 1643 1674 4389
f 1644 1759 1827
f 1645 1748 1722
f 1645 1722 1874
f 1645 4017 1748
f 1646 1653 1700
f 1646 1700 1678
f 1647 1786 1664
f 1647 1792 1786
f 1648 1696 4483
f 1648 4483 1717
f 1649 1813 1718
f 1649 1746 1813
f 1650 1693 1771
f 1650 1771 1796
f 1651 1677 1707
f 1651 1707 1704
f 1652 1894 1714
f 1652 1780 1894
f 1653 1694 1700
f 1654 1825 1738
f 1654 1738 3829
f 1655 1943 1789
f 1655 1815 1943
f 1656 1725 1659
f 1656 1670 1725
f 1657 1664 1787
f 1657 1816 1673
f 1657 1787 1816
f 1658 1834 1705
f 1658 4466 1834
f 1659 1775 1713
f 1659 1713 4368
f 1659 1725 1775
f 1659 4368 4164
f 1660 1729 1671
f 1660 1679 1721
f 1660 4389 1679
f 1660 1721 1715
f 1660 1715 1729
f 1661 1751 1693
f 1661 1701 1766
f 1661 1766 1751
f 1662 4026 1740
f 1662 3641 3761
f 1662 4354 3641
f 1662 3761 4026
f 1663 1716 1670
f 1663 1704 1734
f 1663 1734 1716
f 1664 1786 1787
f 1665 1706 1793
f 1665 1793 1748
f 1665 1748 4017
f 1666 1685 1755
f 1666 1755 3884
f 1666 3884 3753
f 1667 1726 1687
f 1667 4480 1726
f 1667 4266 4059
f 1667 4059 4480
f 1668 1758 1780
f 1669 1690 1739
f 1669 1761 1720
f 1669 1739 1761
f 1670 1716 1725
f 1671 1757 1698
f 1671 1729 1757
f 1672 1954 4140
f 1672 3953 3676
f 1672 4338 3953
f 1672 4140 4338
f 1673 3604 1800
f 1673 1816 3604
f 1674 1687 1708
f 1674 1708 4389
f 1675 1829 1689
f 1675 1776 1829
f 1676 1798 1681
f 1676 1724 1798
f 1676 4120 1724
f 1676 3946 4120
f 1676 4226 3946
f 1677 1754 1707
f 1677 1727 1743
f 1677 1743 1785
f 1677 1785 1754
f 1678 1700 1745
f 1678 1744 1727
f 1678 1745 1744
f 1679 1708 1736
f 1679 4389 1708
f 1679 1736 1721
f 1680 3792 1719
f 1680 1719 3919
f 1680 3919 3620
f 1680 3620 4087
f 1680 3641 3750
f 1680 3761 3641
f 1680 4087 3761
f 1681 1782 1702
f 1681 1798 1782
f 1682 1699 1777
f 1682 1777 4480
f 1682 4059 4379
f 1682 4480 4059
f 1683 1747 1695
f 1683 1698 1747
f 1684 1812 1694
f 1684 1697 3891
f 1684 3891 1812
f 1685 1710 1795
f 1685 1795 1755
f 1686 1720 1830
f 1686 1830 1856
f 1686 1856 4344
f 1686 4344 4400
f 1687 3755 1708
f 1687 1726 3755
f 1688 1717 4147
f 1688 4147 3657
f 1689 1807 1692
f 1689 1829 1807
f 1690 1737 1791
f 1690 1791 1739
f 1691 1848 2066
f 1691 2066 1954
f 1692 1855 1769
f 1692 1807 1822
f 1692 1822 1855
f 1693 1751 1771
f 1694 1752 1700
f 1694 1812 1752
f 1695 1838 1730
f 1695 1747 1838
f 1696 1718 3728
f 1696 3728 4250
f 1696 4250 4483
f 1697 1723 1859
f 1697 1859 1865
f 1697 1865 3891
f 1698 1779 1747
f 1698 1757 1779
f 1699 1755 1777
f 1699 3884 1755
f 1700 1752 1745
f 1701 1770 1766
f 1701 1773 1770
f 1702 1782 1811
f 1702 1811 1792
f 1703 1711 1820
f 1703 1820 1756
f 1704 1707 1764
f 1704 1772 1734
f 1704 1764 1772
f 1705 1834 3692
f 1705 3692 3637
f 1706 1762 1846
f 1706 4410 1762
f 1706 1846 1793
f 1707 1754 1764
f 1708 1742 1736
f 1708 4503 1742
f 1708 3755 4503
f 1709 1735 1890
f 1709 1870 1741
f 1709 1890 1870
f 1710 1832 1795
f 1711 1916 1820
f 1711 1914 1916
f 1712 1730 1845
f 1712 1886 1732
f 1712 1845 1886
f 1713 1909 1749
f 1713 1775 1909
f 1714 1903 1784
f 1714 1894 1842
f 1714 1842 1903
f 1715 1721 1768
f 1715 1774 1729
f 1715 1768 1781
f 1715 1781 1774
f 1716 1794 1725
f 1716 1734 1783
f 1716 1783 1799
f 1716 1799 1794
f 1717 1760 4147
f 1717 4483 1760
f 1718 1813 1867
f 1718 1867 3728
f 1719 3860 1852
f 1719 1852 3919
f 1719 3792 3953
f 1719 4338 3860
f 1719 3953 4338
f 1720 1761 1805
f 1720 1805 1830
f 1721 1736 1765
f 1721 1765 1768
f 1722 1748 4536
f 1722 2031 1874
f 1722 1961 2031
f 1722 4536 1961
f 1723 1819 1864
f 1723 1864 1859
f 1724 1732 1904
f 1724 4120 1732
f 1724 1904 1798
f 1725 1794 1775
f 1726 1823 1843
f 1726 4480 1823
f 1726 1843 3755
f 1727 1808 1743
f 1727 1744 1808
f 1728 1818 1737
f 1728 1769 1801
f 1728 1801 1818
f 1729 1774 1757
f 1730 1838 1845
f 1731 1897 1735
f 1731 1756 1897
f 1732 1886 1904
f 1733 1810 1849
f 1734 1772 1783
f 1735 1929 1890
f 1735 1897 1929
f 1736 1742 1778
f 1736 1778 1765
f 1737 1818 1791
f 1738 1825 1999
f 1738 2030 1902
f 1738 1902 3829
f 1738 1999 2030
f 1739 1804 1761
f 1739 1791 1804
f 1740 1860 1758
f 1740 1854 1860
f 1740 4026 1854
f 1741 1870 1750
f 1742 1814 1778
f 1742 4399 1814
f 1742 4503 4399
f 1743 4542 1785
f 1743 1808 4542
f 1744 1745 1809
f 1744 1963 1808
f 1744 1809 1983
f 1744 1983 1963
f 1745 1752 1797
f 1745 1797 1809
f 1746 1835 1813
f 1746 3829 1835
f 1747 1779 1958
f 1747 1885 1838
f 1747 1958 1885
f 1748 1793 4536
f 1749 1909 2064
f 1749 2064 3611
f 1749 3611 3749
f 1749 3749 4115
f 1750 1868 1810
f 1750 1870 1868
f 1751 1766 1817
f 1751 1802 1771
f 1751 1817 1802
f 1752 1883 1797
f 1752 1812 1883
f 1753 4559 1762
f 1753 4400 1803
f 1753 1803 4559
f 1754 1806 1764
f 1754 1785 1790
f 1754 1790 1806
f 1755 3908 1777
f 1755 1795 4174
f 1755 2069 3908
f 1755 4174 2069
f 1756 1820 1955
f 1756 1991 1897
f 1756 1955 1991
f 1757 1774 1924
f 1757 1826 1779
f 1757 1924 1826
f 1758 1876 1780
f 1758 1860 1866
f 1758 1866 1876
f 1759 1788 1996
f 1759 1996 1827
f 1760 1844 3976
f 1760 4250 1844
f 1760 3976 4147
f 1760 4483 4250
f 1761 1804 1841
f 1761 1841 1805
f 1762 4559 1846
f 1763 1796 1821
f 1763 1821 1997
f 1763 1839 1834
f 1763 1834 4466
f 1763 1997 1839
f 1764 1847 1772
f 1764 1806 1847
f 1765 1837 1768
f 1765 1778 1850
f 1765 1850 1837
f 1766 1770 1831
f 1766 1831 1817
f 1767 1849 1988
f 1767 1988 1946
f 1768 1896 1781
f 1768 1837 1896
f 1769 1853 1801
f 1769 1881 1853
f 1769 1855 1881
f 1770 1773 1851
f 1770 1851 1831
f 1771 1836 1796
f 1771 1802 1836
f 1772 1824 1783
f 1772 1847 1824
f 1773 1784 1851
f 1774 1781 1924
f 1775 1794 3822
f 1775 3822 1909
f 1776 1861 1829
f 1776 1833 1861
f 1777 3908 1823
f 1777 1823 4480
f 1778 1814 1862
f 1778 1862 1850
f 1779 1826 1993
f 1779 1993 1958
f 1780 1876 1894
f 1781 1896 1884
f 1781 1884 1924
f 1782 1798 1917
f 1782 1957 1811
f 1782 1917 1957
f 1783 1872 1799
f 1783 1824 1872
f 1784 1913 1851
f 1784 1903 1913
f 1785 1869 1790
f 1785 1910 1869
f 1785 4542 1910
f 1786 1931 1787
f 1786 1792 1930
f 1786 1930 1931
f 1787 1931 1816
f 1788 1874 1938
f 1788 1938 1996
f 1789 2019 1889
f 1789 1943 2019
f 1790 1863 1806
f 1790 1869 1863
f 1791 1840 1804
f 1791 1818 1840
f 1792 1811 1920
f 1792 1920 1930
f 1793 1846 1858
f 1793 1858 4536
f 1794 1799 3901
f 1794 3901 3822
f 1795 1832 3975
f 1795 3975 2059
f 1795 2059 4174
f 1796 1918 1821
f 1796 1836 1880
f 1796 1880 1918
f 1797 2006 1809
f 1797 1883 1981
f 1797 1981 2006
f 1798 1904 1917
f 1799 1872 1966
f 1799 1966 3901
f 1800 1940 1832
f 1800 3604 1940
f 1801 1853 1818
f 1802 1817 1875
f 1802 1875 1836
f 1803 4344 3630
f 1803 3630 4559
f 1803 4400 4344
f 1804 1840 1841
f 1805 1857 1830
f 1805 1841 1857
f 1806 1877 1847
f 1806 1863 1877
f 1807 1923 1822
f 1807 1829 1923
f 1808 1900 1910
f 1808 1963 1900
f 1808 1910 4542
f 1809 2006 1983
f 1810 1949 1849
f 1810 1868 2016
f 1810 2048 1949
f 1810 2016 2048
f 1811 1957 1920
f 1812 1865 1883
f 1812 3891 1865
f 1813 1835 1956
f 1813 1956 1867
f 1814 1843 3803
f 1814 4399 1843
f 1814 1936 1862
f 1814 3803 1936
f 1815 1905 1943
f 1816 1931 1976
f 1816 1976 3604
f 1817 1831 1882
f 1817 1882 1875
f 1818 1887 1840
f 1818 1853 1895
f 1818 1895 1887
f 1819 1908 1864
f 1819 3687 1908
f 1819 3657 4097
f 1819 4097 3687
f 1820 1916 2046
f 1820 2065 1955
f 1820 2046 2065
f 1821 1918 1997
f 1822 3646 1855
f 1822 1923 1989
f 1822 1989 3646
f 1823 1969 1843
f 1823 3908 1969
f 1824 1847 1892
f 1824 1987 1872
f 1824 1892 1987
f 1825 3749 1999
f 1825 4572 3749
f 1826 1924 1911
f 1826 1911 1993
f 1827 2080 1914
f 1827 1996 2129
f 1827 2129 2080
f 1828 3976 1878
f 1828 1878 4283
f 1828 4097 3657
f 1828 3657 4147
f 1828 3687 4097
f 1828 4283 3687
f 1828 4147 3976
f 1829 1861 4488
f 1829 4488 1923
f 1830 1995 1856
f 1830 1857 1907
f 1830 1907 1995
f 1831 1851 1888
f 1831 1888 1882
f 1832 1940 3975
f 1833 2050 1861
f 1833 1889 3658
f 1833 3658 2050
f 1834 1839 2004
f 1834 2004 3692
f 1835 1902 2032
f 1835 3829 1902
f 1835 2032 1956
f 1836 1875 1899
f 1836 1899 1880
f 1837 1850 1891
f 1837 1891 1934
f 1837 1934 1896
f 1838 3624 1845
f 1838 1885 3624
f 1839 1928 1967
f 1839 2036 1928
f 1839 1967 2004
f 1839 1997 2036
f 1840 1879 1841
f 1840 1873 1879
f 1840 1887 1873
f 1841 1893 1857
f 1841 1879 1893
f 1842 1894 1978
f 1842 1960 1903
f 1842 1978 1960
f 1843 1969 3601
f 1843 3601 3803
f 1843 4399 3755
f 1844 3728 1867
f 1844 1867 4133
f 1844 1970 3869
f 1844 4133 1970
f 1844 4250 3728
f 1844 3869 3976
f 1845 3624 1886
f 1846 4430 1858
f 1846 4559 4430
f 1847 1877 1892
f 1848 1946 2010
f 1848 2010 2066
f 1849 1949 1988
f 1850 1862 1891
f 1851 1925 1888
f 1851 1913 1925
f 1852 1968 2002
f 1852 3860 1968
f 1852 2002 3919
f 1853 1881 1919
f 1853 1948 1895
f 1853 1919 1948
f 1854 1921 1860
f 1854 1901 1921
f 1854 4087 1901
f 1854 4026 3761
f 1854 3761 4087
f 1855 1974 1881
f 1855 2023 1974
f 1855 3646 2023
f 1856 1933 2001
f 1856 2020 1933
f 1856 1995 2020
f 1856 2001 4344
f 1857 1893 1912
f 1857 1912 1907
f 1858 1871 4412
f 1858 4430 1871
f 1858 4412 4536
f 1859 1864 2060
f 1859 2060 1865
f 1860 1921 1866
f 1861 2050 4571
f 1861 4571 4488
f 1862 2007 1891
f 1862 1936 2007
f 1863 1869 1927
f 1863 1971 1877
f 1863 1927 1971
f 1864 1908 4064
f 1864 4064 2060
f 1865 1981 1883
f 1865 2169 1981
f 1865 2060 2169
f 1866 4530 1876
f 1866 1921 2022
f 1866 2022 2027
f 1866 2027 4530
f 1867 1956 3868
f 1867 3868 4133
f 1868 1870 2035
f 1868 2035 2016
f 1869 1910 1927
f 1870 1890 2089
f 1870 2089 2035
f 1871 1977 1961
f 1871 1961 4412
f 1871 3630 1977
f 1871 4430 3630
f 1872 1987 1966
f 1873 1898 1879
f 1873 1887 1950
f 1873 1944 1898
f 1873 1950 1944
f 1874 2045 1938
f 1874 2031 4259
f 1874 2109 2045
f 1874 4259 2109
f 1875 1882 1906
f 1875 1952 1899
f 1875 1906 1922
f 1875 1922 1952
f 1876 4530 1894
f 1877 1971 1892
f 1878 3824 1972
f 1878 1972 4283
f 1878 2011 3824
f 1878 3869 2011
f 1878 3976 3869
f 1879 1898 1893
f 1880 1899 1979
f 1880 1979 1918
f 1881 1974 1919
f 1882 1888 1915
f 1882 1915 1906
f 1884 1896 1932
f 1884 1937 1924
f 1884 1932 1937
f 1885 1958 2062
f 1885 2062 2254
f 1885 2254 3624
f 1886 2120 1904
f 1886 2087 2120
f 1886 3624 2087
f 1887 1895 4038
f 1887 4038 1950
f 1888 1925 1915
f 1889 2019 2381
f 1889 2381 3669
f 1889 3669 3658
f 1890 1929 2089
f 1891 1980 1934
f 1891 2007 1980
f 1892 1971 2021
f 1892 2021 1987
f 1893 1898 1935
f 1893 1941 1912
f 1893 1935 1941
f 1894 2027 1978
f 1894 4530 2027
f 1895 1948 1975
f 1895 1975 4038
f 1896 1934 1932
f 1897 2079 1929
f 1897 1991 2079
f 1898 1944 1935
f 1899 1952 1979
f 1900 1947 1910
f 1900 1963 1947
f 1901 2022 1921
f 1901 4477 2022
f 1901 4087 3620
f 1901 3620 4477
f 1902 2030 3586
f 1902 3586 2032
f 1903 1998 1913
f 1903 1960 1998
f 1904 1964 1917
f 1904 2120 1964
f 1905 2140 1943
f 1905 3637 2000
f 1905 2000 3739
f 1905 2128 2140
f 1905 3739 2128
f 1906 1915 1942
f 1906 1994 1922
f 1906 1942 1965
f 1906 1965 1994
f 1907 1912 1986
f 1907 1986 1995
f 1908 1972 2040
f 1908 3687 1972
f 1908 2040 4064
f 1909 3822 2064
f 1910 1939 1927
f 1910 1945 1939
f 1910 1947 1945
f 1911 1924 1962
f 1911 1962 2005
f 1911 2005 1993
f 1912 1941 1986
f 1913 2015 1925
f 1913 1998 2015
f 1914 2117 1916
f 1914 2080 2117
f 1915 1925 1953
f 1915 1953 1942
f 1916 2117 2046
f 1917 1964 1957
f 1918 1979 2039
f 1918 2039 1997
f 1919 2037 1948
f 1919 1974 2037
f 1920 2038 1930
f 1920 1957 2038
f 1922 1994 1952
f 1923 2003 1989
f 1923 4488 2003
f 1924 1937 1962
f 1925 1984 1953
f 1925 2015 1984
f 1926 1954 2034
f 1926 4140 1954
f 1926 2049 1968
f 1926 1968 3860
f 1926 2034 2049
f 1926 3860 4140
f 1927 1939 1992
f 1927 1992 1971
f 1928 2044 1967
f 1928 2036 2044
f 1929 2079 2097
f 1929 2097 2089
f 1930 2026 1931
f 1930 2082 2026
f 1930 2038 2082
f 1931 2026 1976
f 1932 1934 1973
f 1932 1951 1937
f 1932 1959 1951
f 1932 1973 1959
f 1933 2092 2001
f 1933 2020 2077
f 1933 2077 2024
f 1933 2024 2092
f 1934 1980 1973
f 1935 1959 1941
f 1935 1944 1951
f 1935 1951 1959
f 1936 2122 2007
f 1936 2124 2122
f 1936 3601 2124
f 1936 3803 3601
f 1937 1951 1985
f 1937 1985 1962
f 1938 2054 1996
f 1938 2045 2054
f 1939 1945 1982
f 1939 1982 1992
f 1940 2102 2059
f 1940 2059 3975
f 1940 3796 2102
f 1940 3604 3796
f 1941 1959 2008
f 1941 2008 1986
f 1942 1945 1965
f 1942 1982 1945
f 1942 1953 1982
f 1943 2140 2019
f 1944 1950 1985
f 1944 1985 1951
f 1945 1947 1965
f 1946 1988 2056
f 1946 2162 2010
f 1946 2056 2162
f 1947 1963 1990
f 1947 1990 1965
f 1948 4168 1975
f 1948 2037 4168
f 1949 2138 1988
f 1949 2048 2138
f 1950 1975 2033
f 1950 4038 1975
f 1950 2033 1985
f 1952 2017 1979
f 1952 1994 2017
f 1953 2012 1982
f 1953 1984 2012
f 1954 2066 2034
f 1955 2065 1991
f 1956 3632 2018
f 1956 2018 3868
f 1956 2032 3632
f 1957 1964 2063
f 1957 2081 2038
f 1957 2063 2081
f 1958 1993 2062
f 1959 1973 2009
f 1959 2009 2008
f 1960 1978 2098
f 1960 2072 1998
f 1960 2098 2052
f 1960 2052 2112
f 1960 2112 2072
f 1961 1977 3821
f 1961 3821 2031
f 1961 4536 4412
f 1962 1985 2014
f 1962 2014 2005
f 1963 1983 2025
f 1963 2025 1990
f 1964 2105 2063
f 1964 2120 2105
f 1965 1990 2013
f 1965 2013 1994
f 1966 1987 2099
f 1966 3752 2096
f 1966 2096 3901
f 1966 2099 3752
f 1967 2041 2004
f 1967 2044 2041
f 1968 2049 2002
f 1969 2124 3601
f 1969 3695 2124
f 1969 3908 3695
f 1970 2075 2011
f 1970 2011 3869
f 1970 2018 2075
f 1970 3868 2018
f 1970 4133 3868
f 1971 1992 2029
f 1971 2029 2021
f 1972 2047 2040
f 1972 3824 2047
f 1972 3687 4283
f 1973 1980 2009
f 1974 2023 2037
f 1975 4168 2033
f 1976 2026 2113
f 1976 2104 3604
f 1976 3798 2104
f 1976 2113 3798
f 1977 2001 2042
f 1977 3630 2001
f 1977 2042 4156
f 1977 4156 3821
f 1978 2027 2098
f 1979 2017 2043
f 1979 2143 2039
f 1979 2043 2095
f 1979 2095 2143
f 1980 2007 2058
f 1980 2058 2009
f 1981 2214 2006
f 1981 2169 3714
f 1981 3714 2214
f 1982 2012 1992
f 1983 2006 2123
f 1983 2123 2025
f 1984 2053 2012
f 1984 2015 2053
f 1985 2033 2014
f 1986 2028 1995
f 1986 2008 2078
f 1986 2078 2028
f 1987 2021 2083
f 1987 2083 2099
f 1988 2138 2056
f 1989 2003 2051
f 1989 2051 2071
f 1989 2071 3646
f 1990 2025 2013
f 1991 2065 2133
f 1991 2133 2079
f 1992 2012 2029
f 1993 2005 2062
f 1994 2013 2017
f 1995 2028 2020
f 1996 2054 2127
f 1996 2127 2129
f 1997 2039 2036
f 1998 2070 2015
f 1998 2072 2070
f 1999 2142 2030
f 1999 2094 2194
f 1999 3749 2094
f 1999 2194 2142
f 2000 3692 2004
f 2000 2004 4531
f 2000 3637 3692
f 2000 3743 3739
f 2000 4531 3743
f 2001 2092 2042
f 2001 3630 4344
f 2002 2049 2086
f 2002 2086 3595
f 2002 3595 3629
f 2002 3629 3919
f 2003 4571 2051
f 2003 4488 4571
f 2004 2041 4531
f 2005 2014 2084
f 2005 2084 2062
f 2006 2214 2123
f 2007 2122 2058
f 2008 2009 2058
f 2008 2058 2078
f 2010 2107 2066
f 2010 2162 2107
f 2011 2075 2061
f 2011 2061 3824
f 2012 2073 2029
f 2012 2053 2073
f 2013 2085 2017
f 2013 2025 2121
f 2013 2121 2085
f 2014 2033 2084
f 2015 2070 2053
f 2016 2035 2106
f 2016 2106 2048
f 2017 2085 2043
f 2018 2173 2075
f 2018 3632 2173
f 2019 2140 2381
f 2020 2028 2088
f 2020 2088 2077
f 2021 2029 2083
f 2022 2067 2027
f 2022 2057 2067
f 2022 4477 2057
f 2023 2114 2037
f 2023 2055 2076
f 2023 3646 2055
f 2023 2076 2114
f 2024 2144 2068
f 2024 2068 2190
f 2024 2077 2144
f 2024 2190 2092
f 2025 2123 2121
f 2026 2082 2113
f 2027 2067 2098
f 2028 2078 2158
f 2028 2158 2088
f 2029 2073 2083
f 2030 2142 3586
f 2031 3821 2074
f 2031 2074 4259
f 2032 3586 2091
f 2032 2091 3632
f 2033 2165 2084
f 2033 2093 2165
f 2033 4168 2093
f 2034 2116 2049
f 2034 2066 2134
f 2034 2134 2116
f 2035 2089 2106
f 2036 2039 2115
f 2036 2125 2044
f 2036 2115 2125
f 2037 2114 2111
f 2037 2111 4168
f 2038 2081 2082
f 2039 2100 2115
f 2039 2137 2100
f 2039 2143 2137
f 2040 2047 4095
f 2040 2110 3906
f 2040 4095 2110
f 2040 3906 4064
f 2041 2044 2103
f 2041 2103 3990
f 2041 3990 4334
f 2041 4334 4531
f 2042 2151 2074
f 2042 2074 4156
f 2042 2092 2151
f 2043 2085 2132
f 2043 2132 2095
f 2044 2125 2103
f 2045 2108 2054
f 2045 2109 2108
f 2046 2201 2065
f 2046 2117 2201
f 2047 3824 2061
f 2047 2061 4095
f 2048 2106 2187
f 2048 2187 2138
f 2049 2090 2086
f 2049 2116 2090
f 2050 3669 2192
f 2050 2192 4571
f 2050 3658 3669
f 2051 2118 2071
f 2051 2101 2118
f 2051 4571 2101
f 2052 2098 2161
f 2052 2167 2112
f 2052 2141 2136
f 2052 2136 2167
f 2052 2161 2141
f 2053 2070 4125
f 2053 2135 2073
f 2053 4125 2135
f 2054 2108 2127
f 2055 2071 2119
f 2055 3646 2071
f 2055 2131 2076
f 2055 2119 2131
f 2056 2138 2191
f 2056 2191 2162
f 2057 3836 2067
f 2057 3683 3836
f 2057 3849 3683
f 2057 4477 3849
f 2058 2170 2078
f 2058 2122 2170
f 2059 2218 2069
f 2059 2069 4174
f 2059 2102 3639
f 2059 3639 2218
f 2060 3958 2169
f 2060 3828 3684
f 2060 3684 3958
f 2060 4064 3828
f 2061 2075 2155
f 2061 2155 4012
f 2061 4012 4095
f 2062 2084 3680
f 2062 3678 2254
f 2062 3680 3678
f 2063 2154 2081
f 2063 2105 2208
f 2063 2208 2154
f 2064 2217 2094
f 2064 2094 3611
f 2064 2096 2180
f 2064 3822 2096
f 2064 2180 2217
f 2065 2184 2133
f 2065 2201 2184
f 2066 2107 3768
f 2066 3768 2134
f 2067 2139 2098
f 2067 3836 2139
f 2068 2144 2160
f 2068 2160 2148
f 2068 2148 4213
f 2068 4468 2190
f 2068 4213 4468
f 2069 2218 3695
f 2069 3695 3908
f 2070 2072 2150
f 2070 2150 2177
f 2070 2177 4125
f 2071 2118 2156
f 2071 2156 2119
f 2072 2112 2130
f 2072 2130 2150
f 2073 2135 2083
f 2074 2151 2152
f 2074 2152 4259
f 2074 3821 4156
f 2075 2173 2155
f 2076 2131 2114
f 2077 2088 2144
f 2078 2238 2158
f 2078 2170 2238
f 2079 2133 2097
f 2080 3732 2117
f 2080 2129 2176
f 2080 2176 4067
f 2080 4067 3732
f 2081 2145 2082
f 2081 2154 2145
f 2082 3597 2113
f 2082 2145 3597
f 2083 2216 2099
f 2083 2135 2216
f 2084 2165 3680
f 2085 2121 2132
f 2086 2090 2175
f 2086 2175 4062
f 2086 2229 3650
f 2086 4062 2229
f 2086 3650 3595
f 2087 3615 2120
f 2087 3624 3615
f 2088 2186 2144
f 2088 2158 2247
f 2088 2247 2186
f 2089 2097 2232
f 2089 2232 2106
f 2090 2116 2175
f 2091 2220 2173
f 2091 2173 3632
f 2091 3723 2220
f 2091 3586 3723
f 2092 2190 2151
f 2093 2111 2224
f 2093 4168 2111
f 2093 2224 2165
f 2094 2217 2194
f 2094 3749 3611
f 2095 2132 2143
f 2096 3752 2180
f 2096 3822 3901
f 2097 2133 2234
f 2097 2336 2232
f 2097 2234 2336
f 2098 2139 4089
f 2098 4089 2161
f 2099 2216 2304
f 2099 2304 3752
f 2100 2204 2115
f 2100 2137 2204
f 2101 2183 2118
f 2101 2198 2183
f 2101 2215 2198
f 2101 4124 2215
f 2101 4571 4124
f 2102 2278 3639
f 2102 3796 2278
f 2103 2125 4034
f 2103 4011 3990
f 2103 4034 4011
f 2104 3798 2159
f 2104 2159 3861
f 2104 3796 3604
f 2104 3861 3796
f 2105 2120 2182
f 2105 2182 2208
f 2106 2256 2187
f 2106 2232 2256
f 2107 2162 2298
f 2107 2298 2249
f 2107 2249 3768
f 2108 2109 2248
f 2108 2164 2127
f 2108 2248 2164
f 2109 2152 2196
f 2109 4259 2152
f 2109 2196 2248
f 2110 2126 3906
f 2110 4222 2126
f 2110 4095 2149
f 2110 2149 4295
f 2110 4295 4222
f 2111 2114 2146
f 2111 2146 2210
f 2111 2210 2224
f 2112 2172 2130
f 2112 2167 2172
f 2113 3597 2159
f 2113 2159 3798
f 2114 2131 2178
f 2114 2178 2146
f 2115 2163 2125
f 2115 2204 2163
f 2116 2134 2242
f 2116 2242 2175
f 2117 4094 2201
f 2117 3732 4094
f 2118 2213 2156
f 2118 2183 2213
f 2119 2181 2131
f 2119 2156 2181
f 2120 3615 2182
f 2121 2123 2197
f 2121 2197 2132
f 2122 2124 2320
f 2122 2331 2170
f 2122 2320 2331
f 2123 3931 2197
f 2123 2214 3931
f 2124 3694 2320
f 2124 3695 3694
f 2125 2163 2171
f 2125 2171 4034
f 2126 3684 3828
f 2126 3982 3684
f 2126 3828 3906
f 2126 4222 3982
f 2127 3770 2129
f 2127 2164 3770
f 2128 2505 2140
f 2128 2205 2475
f 2128 3739 2205
f 2128 2475 2505
f 2129 3770 2176
f 2130 2172 2150
f 2131 2181 2178
f 2132 2222 2143
f 2132 2197 2222
f 2133 2184 2234
f 2134 3979 2242
f 2134 3768 3979
f 2135 2189 2358
f 2135 4125 2189
f 2135 2358 2216
f 2136 2141 2179
f 2136 2223 2167
f 2136 2179 2223
f 2137 2143 2222
f 2137 2255 2204
f 2137 2222 2265
f 2137 2265 2255
f 2138 2187 2239
f 2138 2239 2191
f 2139 3836 2147
f 2139 2147 4089
f 2140 2481 2381
f 2140 2505 2481
f 2141 2161 4246
f 2141 2200 2179
f 2141 2259 2200
f 2141 4246 2259
f 2142 2194 2253
f 2142 2253 2270
f 2142 2270 3744
f 2142 3744 3586
f 2144 2199 2160
f 2144 2186 2199
f 2145 2154 2203
f 2145 2203 3597
f 2146 2178 2212
f 2146 2212 2210
f 2147 3857 2206
f 2147 2206 4089
f 2147 3595 3650
f 2147 3683 3595
f 2147 3650 3857
f 2147 3836 3683
f 2148 2174 2157
f 2148 2157 4213
f 2148 2160 2231
f 2148 2231 2174
f 2149 2155 2228
f 2149 4012 2155
f 2149 2228 4025
f 2149 4095 4012
f 2149 4025 4295
f 2150 2172 2227
f 2150 2308 2177
f 2150 2227 2419
f 2150 2419 2308
f 2151 2196 2152
f 2151 2190 4236
f 2151 4236 2196
f 2153 2185 2263
f 2153 4011 2185
f 2153 2263 3656
f 2153 3656 4408
f 2153 3990 4011
f 2153 4408 3990
f 2154 2245 2203
f 2154 2208 2245
f 2155 2173 2228
f 2156 2243 2181
f 2156 2213 2235
f 2156 2235 2243
f 2157 2174 2195
f 2157 2195 2237
f 2157 2237 4079
f 2157 4079 4468
f 2157 4468 4213
f 2158 2238 2316
f 2158 2316 2247
f 2159 3597 2282
f 2159 2282 3861
f 2160 2199 2231
f 2161 4089 2206
f 2161 2206 4246
f 2162 2191 2325
f 2162 4377 2298
f 2162 2325 4377
f 2163 2202 2171
f 2163 2204 2202
f 2164 2248 2341
f 2164 2341 3770
f 2165 2224 3833
f 2165 3833 3680
f 2166 2422 2205
f 2166 2205 3743
f 2166 3656 2422
f 2166 4408 3656
f 2166 3743 4531
f 2166 4334 4408
f 2166 4531 4334
f 2167 2223 2172
f 2168 2171 2226
f 2168 4034 2171
f 2168 2221 2185
f 2168 2185 4011
f 2168 2226 2221
f 2168 4011 4034
f 2169 2318 3714
f 2169 3958 2318
f 2170 2331 2238
f 2171 2202 2233
f 2171 2233 2226
f 2172 2223 2227
f 2173 2220 3859
f 2173 3859 2228
f 2174 2209 2195
f 2174 2207 2209
f 2174 4391 2207
f 2174 2231 4391
f 2175 2242 3633
f 2175 3633 4154
f 2175 4154 4062
f 2176 3770 2311
f 2176 2311 4214
f 2176 4214 4067
f 2177 2308 2189
f 2177 2189 4125
f 2178 2181 2243
f 2178 2257 2212
f 2178 2243 2257
f 2179 2200 2188
f 2179 2188 2225
f 2179 2258 2223
f 2179 2225 2281
f 2179 2281 2258
f 2180 2395 2217
f 2180 3752 2395
f 2182 2319 2208
f 2182 2310 2319
f 2182 3625 2310
f 2182 3615 3625
f 2183 2198 2219
f 2183 2246 2213
f 2183 2219 2246
f 2184 2201 2346
f 2184 2369 2234
f 2184 2346 2369
f 2185 2221 2230
f 2185 2230 2263
f 2186 2244 2199
f 2186 2247 2244
f 2187 2396 2239
f 2187 2256 2396
f 2188 2200 2211
f 2188 2211 2250
f 2188 2250 2225
f 2189 2308 2358
f 2190 3992 4236
f 2190 4468 3992
f 2191 2239 2339
f 2191 2339 2325
f 2192 2494 2215
f 2192 2215 4124
f 2192 2547 2494
f 2192 3669 2547
f 2192 4124 4571
f 2193 2251 3912
f 2193 4025 2251
f 2193 3912 4407
f 2193 4295 4025
f 2193 4222 4295
f 2193 4407 4222
f 2194 2217 2296
f 2194 2296 2253
f 2195 2209 2241
f 2195 2236 2240
f 2195 2241 2236
f 2195 2306 2237
f 2195 2240 2306
f 2196 2293 2248
f 2196 2275 2293
f 2196 4236 2275
f 2197 2470 2222
f 2197 2452 2470
f 2197 3931 2452
f 2198 2215 2269
f 2198 2269 2219
f 2199 2244 2231
f 2200 2259 2211
f 2201 2332 2346
f 2201 4094 2332
f 2202 2204 2268
f 2202 2280 2233
f 2202 2268 2280
f 2203 2245 2312
f 2203 2312 2313
f 2203 2313 3597
f 2204 2255 2268
f 2205 2422 2475
f 2205 3739 3743
f 2206 3857 2229
f 2206 2229 4260
f 2206 4260 4246
f 2207 4414 2209
f 2207 3790 2273
f 2207 2273 4414
f 2207 4391 3790
f 2208 2319 2245
f 2209 4414 2241
f 2210 2212 2317
f 2210 2406 2224
f 2210 2317 2503
f 2210 2503 2406
f 2211 2301 2250
f 2211 2259 2338
f 2211 2267 2301
f 2211 2303 2267
f 2211 2338 2303
f 2212 2257 2317
f 2213 2264 2235
f 2213 2246 2264
f 2214 3714 2452
f 2214 2452 3931
f 2215 2494 2269
f 2216 2437 2304
f 2216 2358 2437
f 2217 2421 2296
f 2217 2395 2421
f 2218 3639 2288
f 2218 2288 3694
f 2218 3694 3695
f 2219 2292 2246
f 2219 2269 2292
f 2220 2314 2297
f 2220 2297 3859
f 2220 3723 2314
f 2221 2226 2252
f 2221 2262 2230
f 2221 2252 2262
f 2222 2470 2265
f 2223 2258 2227
f 2224 2406 2526
f 2224 2526 3833
f 2225 2250 2272
f 2225 2272 2323
f 2225 2323 2281
f 2226 2233 2280
f 2226 2322 2252
f 2226 2280 2322
f 2227 2258 2299
f 2227 2299 2407
f 2227 2407 2415
f 2227 2415 2419
f 2228 2297 2335
f 2228 3859 2297
f 2228 2335 4025
f 2229 4062 2321
f 2229 2321 4260
f 2229 3857 3650
f 2230 2262 2274
f 2230 2329 2263
f 2230 2274 2329
f 2231 2244 2276
f 2231 2276 3790
f 2231 3790 4391
f 2232 3612 2256
f 2232 2336 3612
f 2234 2412 2336
f 2234 2369 2397
f 2234 2397 2412
f 2235 2294 2243
f 2235 2264 2294
f 2236 2300 2240
f 2236 2241 2266
f 2236 2266 2300
f 2237 2261 4079
f 2237 4333 2261
f 2237 2306 4333
f 2238 2438 2316
f 2238 2331 2438
f 2239 2361 2339
f 2239 2396 2361
f 2240 2295 2360
f 2240 4421 2295
f 2240 2300 4421
f 2240 2360 2306
f 2241 2260 2266
f 2241 4414 2260
f 2242 3979 2249
f 2242 2249 4422
f 2242 4422 3633
f 2243 2294 2257
f 2244 2247 2285
f 2244 2305 2276
f 2244 2285 2364
f 2244 2364 2305
f 2245 2319 2312
f 2246 2271 2264
f 2246 2292 2271
f 2247 2344 2285
f 2247 2316 2344
f 2248 2293 2341
f 2249 2298 2345
f 2249 2345 4422
f 2249 3979 3768
f 2250 2283 2272
f 2250 2301 2283
f 2251 2335 2383
f 2251 4025 2335
f 2251 2383 4574
f 2251 4574 3912
f 2252 2277 2262
f 2252 2322 2277
f 2253 2404 2270
f 2253 2296 2404
f 2254 2330 3724
f 2254 3747 2330
f 2254 3724 3624
f 2254 3678 3747
f 2255 2265 2461
f 2255 2455 2268
f 2255 2461 2455
f 2256 2416 2396
f 2256 3748 2416
f 2256 3612 3748
f 2257 2294 2315
f 2257 2315 2317
f 2258 2281 4009
f 2258 4009 2299
f 2259 2334 2338
f 2259 4246 2334
f 2260 2302 2266
f 2260 2357 2302
f 2260 2328 2357
f 2260 4414 2328
f 2261 2275 3992
f 2261 4449 2275
f 2261 3992 4468
f 2261 4468 4079
f 2261 4333 4449
f 2262 2284 2274
f 2262 2277 2284
f 2263 2329 2422
f 2263 2422 3656
f 2264 2271 2291
f 2264 2291 2367
f 2264 2343 2294
f 2264 2367 2343
f 2265 2639 2461
f 2265 2470 2639
f 2266 2286 2300
f 2266 2309 2286
f 2266 2302 2309
f 2267 2333 2301
f 2267 2303 2340
f 2267 2324 2333
f 2267 2340 2324
f 2268 2322 2280
f 2268 2342 2322
f 2268 2455 2342
f 2269 2363 2292
f 2269 2573 2363
f 2269 2494 2617
f 2269 2617 2573
f 2270 2404 2314
f 2270 2314 3723
f 2270 3723 3744
f 2271 2286 2291
f 2271 2307 2286
f 2271 2292 2307
f 2272 2283 2287
f 2272 2287 2353
f 2272 2353 2323
f 2273 2327 2328
f 2273 3790 2327
f 2273 2328 4414
f 2274 2284 2337
f 2274 2337 2329
f 2275 2391 2293
f 2275 4449 2391
f 2275 4236 3992
f 2276 2305 3790
f 2277 2289 2284
f 2277 2355 2289
f 2277 2322 2355
f 2278 2462 2431
f 2278 2431 3639
f 2278 3861 2462
f 2278 3796 3861
f 2279 4214 2311
f 2279 2311 4543
f 2279 2384 4177
f 2279 4543 2384
f 2279 3732 4067
f 2279 4177 3732
f 2279 4067 4214
f 2281 2323 4009
f 2282 2313 2386
f 2282 3597 2313
f 2282 2386 3634
f 2282 3634 3861
f 2283 2284 2289
f 2283 2326 2284
f 2283 2289 2287
f 2283 2301 2326
f 2284 2326 2337
f 2285 2344 2393
f 2285 2393 2364
f 2286 2309 2291
f 2286 2307 2300
f 2287 2289 2371
f 2287 2371 2353
f 2288 2431 2468
f 2288 3639 2431
f 2288 2468 3694
f 2289 2355 2372
f 2289 2372 2371
f 2290 2318 3958
f 2290 4252 2318
f 2290 2429 4252
f 2290 4574 2429
f 2290 3958 4292
f 2290 4292 4574
f 2291 2309 2356
f 2291 2356 2380
f 2291 2380 2367
f 2292 2428 2307
f 2292 2363 2428
f 2293 2391 2341
f 2294 2362 2315
f 2294 2343 2362
f 2295 2377 2347
f 2295 2347 4300
f 2295 2359 2377
f 2295 4421 2359
f 2295 2368 2360
f 2295 4300 2368
f 2296 2405 2404
f 2296 2421 2405
f 2297 2314 2427
f 2297 2446 2335
f 2297 2427 2446
f 2298 2370 2345
f 2298 4377 2370
f 2299 2354 2479
f 2299 4009 2354
f 2299 2479 2407
f 2300 2307 2428
f 2300 2428 2359
f 2300 2359 4421
f 2301 2379 2326
f 2301 2333 2379
f 2302 2356 2309
f 2302 2382 2356
f 2302 2357 2382
f 2303 2338 2499
f 2303 4403 2340
f 2303 2499 4403
f 2304 2437 2495
f 2304 2495 3752
f 2305 2351 2327
f 2305 2327 3790
f 2305 2456 2351
f 2305 2364 2456
f 2306 2360 4036
f 2306 4036 2502
f 2306 2502 4333
f 2308 2496 2358
f 2308 2419 2460
f 2308 2460 2496
f 2310 2394 2319
f 2310 3580 2394
f 2310 4534 3580
f 2310 3625 4534
f 2311 3770 2349
f 2311 2349 4543
f 2312 3773 2313
f 2312 2319 2375
f 2312 2375 3773
f 2313 3773 2386
f 2314 2404 2524
f 2314 2524 2427
f 2315 2482 2317
f 2315 2362 2482
f 2316 2498 2344
f 2316 2438 2498
f 2317 2482 2503
f 2318 2410 2477
f 2318 4252 2410
f 2318 2477 3714
f 2319 2394 2375
f 2320 2531 2331
f 2320 2514 2531
f 2320 3694 2514
f 2321 2409 2366
f 2321 2366 4260
f 2321 4154 2409
f 2321 4062 4154
f 2322 2342 2350
f 2322 2350 2355
f 2323 2353 2348
f 2323 2348 4009
f 2324 3693 2333
f 2324 2340 2418
f 2324 2418 4088
f 2324 4340 3693
f 2324 4088 4340
f 2325 2339 2417
f 2325 2417 2399
f 2325 2399 4377
f 2326 2379 2337
f 2327 2351 2328
f 2328 2351 2357
f 2329 2337 2491
f 2329 2529 2422
f 2329 2491 2529
f 2330 4144 3580
f 2330 3580 4534
f 2330 4534 3724
f 2330 3747 4144
f 2331 2531 2438
f 2332 2425 2346
f 2332 2392 2425
f 2332 4177 2392
f 2332 4094 4177
f 2333 2457 2379
f 2333 2436 2537
f 2333 3693 2436
f 2333 2537 2457
f 2334 2448 2338
f 2334 2366 2434
f 2334 4260 2366
f 2334 2434 2448
f 2334 4246 4260
f 2335 2411 2383
f 2335 2446 2411
f 2336 2412 3941
f 2336 3941 3612
f 2337 2379 2457
f 2337 2457 2491
f 2338 2448 2499
f 2339 2361 2413
f 2339 2413 2417
f 2340 4524 2418
f 2340 4403 4524
f 2341 2391 2441
f 2341 2441 2471
f 2341 2471 3770
f 2342 2390 2350
f 2342 2519 2390
f 2342 2455 2519
f 2343 2378 2362
f 2343 2367 2378
f 2344 2490 2393
f 2344 2498 2490
f 2345 2370 2400
f 2345 2400 2518
f 2345 2518 3997
f 2345 3997 3920
f 2345 3920 4422
f 2346 2433 2369
f 2346 2425 2445
f 2346 2445 2433
f 2347 2377 2442
f 2347 2388 2389
f 2347 3923 2388
f 2347 2389 4300
f 2347 2442 3923
f 2348 2353 2373
f 2348 2374 2354
f 2348 2354 4009
f 2348 2373 2374
f 2349 3770 4182
f 2349 4182 4020
f 2349 4020 4543
f 2350 2376 2355
f 2350 2390 2376
f 2351 2385 2357
f 2351 2423 2385
f 2351 2472 2423
f 2351 2456 2472
f 2352 2436 3693
f 2352 3820 2436
f 2352 3693 4340
f 2352 4331 3820
f 2352 4261 4309
f 2352 4340 4261
f 2352 4309 4331
f 2353 2371 2373
f 2354 2374 4441
f 2354 2466 2479
f 2354 4441 2466
f 2355 2376 2372
f 2356 2382 2380
f 2357 2385 2382
f 2358 2496 2437
f 2359 2453 2377
f 2359 2428 2473
f 2359 2473 2453
f 2360 2368 2510
f 2360 2510 4036
f 2361 2396 2439
f 2361 2458 2413
f 2361 2439 2458
f 2362 2378 2387
f 2362 2387 2525
f 2362 2556 2482
f 2362 2525 2556
f 2363 2486 2428
f 2363 2573 2486
f 2364 2393 2490
f 2364 2511 2456
f 2364 2490 2511
f 2365 2474 2409
f 2365 2409 4154
f 2365 3997 2474
f 2365 3633 3920
f 2365 4154 3633
f 2365 3920 3997
f 2366 2409 2434
f 2367 2380 2378
f 2368 4484 2510
f 2368 4300 4134
f 2368 4134 4484
f 2369 2469 2397
f 2369 2433 2469
f 2370 2399 2432
f 2370 4377 2399
f 2370 2432 2400
f 2371 2372 2398
f 2371 2401 2373
f 2371 2398 2401
f 2372 2376 2398
f 2373 2401 2374
f 2374 2401 2440
f 2374 2440 4441
f 2375 2394 4404
f 2375 3879 3773
f 2375 4404 3879
f 2376 2390 2402
f 2376 2402 2398
f 2377 2453 2442
f 2378 2380 2387
f 2380 2382 2408
f 2380 2408 2387
f 2381 2481 2507
f 2381 2507 3669
f 2382 2385 2408
f 2383 2411 2539
f 2383 2539 2429
f 2383 2429 4574
f 2384 2464 4155
f 2384 4543 2464
f 2384 4155 4560
f 2384 4533 4177
f 2384 4560 4533
f 2385 2449 2408
f 2385 2423 2483
f 2385 2483 2449
f 2386 2540 2638
f 2386 3879 2540
f 2386 2638 3634
f 2386 3773 3879
f 2387 2408 2435
f 2387 2435 2525
f 2388 2443 2389
f 2388 2426 2443
f 2388 4383 2426
f 2388 3923 4383
f 2389 2443 2585
f 2389 2585 3759
f 2389 3759 4134
f 2389 4134 4300
f 2390 2485 2402
f 2390 2564 2485
f 2390 2519 2564
f 2391 2447 2441
f 2391 4449 2447
f 2392 2451 2425
f 2392 2450 2451
f 2392 4533 2450
f 2392 4177 4533
f 2394 3580 3675
f 2394 3675 4404
f 2395 2576 2421
f 2395 2495 2710
f 2395 3752 2495
f 2395 2710 2576
f 2396 2416 2467
f 2396 2467 2439
f 2397 2463 2412
f 2397 2469 2463
f 2398 2402 2401
f 2399 2417 2444
f 2399 2444 2432
f 2400 2432 4212
f 2400 4212 2518
f 2401 2402 2485
f 2401 2485 2440
f 2403 4027 4239
f 2403 4309 4027
f 2403 4075 4331
f 2403 4350 4075
f 2403 4239 4350
f 2403 4331 4309
f 2404 2405 2628
f 2404 2628 2524
f 2405 2421 3613
f 2405 3613 2628
f 2406 2503 3865
f 2406 2570 2526
f 2406 3865 2570
f 2407 2480 2415
f 2407 2479 3746
f 2407 3746 2480
f 2408 2449 2435
f 2409 2474 2434
f 2410 4252 2429
f 2410 2429 4568
f 2410 3988 2477
f 2410 4568 3988
f 2411 2446 3889
f 2411 2577 2539
f 2411 3889 2577
f 2412 2463 3917
f 2412 3917 4319
f 2412 4141 3941
f 2412 4319 4141
f 2413 2454 2417
f 2413 2458 2454
f 2414 4088 2418
f 2414 2418 4243
f 2414 2633 4027
f 2414 4243 2633
f 2414 4027 4309
f 2414 4261 4088
f 2414 4309 4261
f 2415 2488 2419
f 2415 2480 2488
f 2416 2424 2497
f 2416 3748 2424
f 2416 4104 2467
f 2416 2497 4104
f 2417 2454 2444
f 2418 2581 4108
f 2418 4524 2581
f 2418 4108 4243
f 2419 2488 2460
f 2420 2465 2523
f 2420 4075 2465
f 2420 2523 2538
f 2420 2538 3820
f 2420 3820 4331
f 2420 4331 4075
f 2421 2576 3613
f 2422 2528 2475
f 2422 2529 2528
f 2423 2472 2500
f 2423 2500 2483
f 2424 4207 2497
f 2424 4141 2513
f 2424 2513 4207
f 2424 3748 3612
f 2424 3612 3941
f 2424 3941 4141
f 2425 2451 2445
f 2426 2515 2443
f 2426 2459 2493
f 2426 4304 2459
f 2426 2493 2515
f 2426 4383 4304
f 2427 3889 2446
f 2427 2524 3764
f 2427 3764 3889
f 2428 2486 2473
f 2429 2539 2584
f 2429 2584 4568
f 2430 2478 2465
f 2430 2465 4075
f 2430 2484 2478
f 2430 2517 2484
f 2430 4350 2517
f 2430 4075 4350
f 2431 2462 4565
f 2431 4565 2468
f 2432 2444 3823
f 2432 3823 2622
f 2432 2622 4212
f 2433 2445 2487
f 2433 2487 2469
f 2434 2516 2448
f 2434 2474 2516
f 2435 2449 2508
f 2435 2508 2525
f 2436 3673 2537
f 2436 2538 3673
f 2436 3820 2538
f 2437 2606 2495
f 2437 2496 2606
f 2438 2588 2498
f 2438 2531 2588
f 2439 2489 2458
f 2439 2467 2489
f 2440 2536 2466
f 2440 2466 4441
f 2440 2485 2559
f 2440 2559 2536
f 2441 2447 2533
f 2441 2550 2471
f 2441 2533 2550
f 2442 2453 2541
f 2442 2541 2476
f 2442 2476 3923
f 2443 2515 4002
f 2443 4002 2585
f 2444 2454 3915
f 2444 3915 3823
f 2445 2451 2558
f 2445 2504 2487
f 2445 2558 2504
f 2447 2502 2533
f 2447 4333 2502
f 2447 4449 4333
f 2448 2521 2499
f 2448 2516 2521
f 2449 2483 2527
f 2449 2527 2508
f 2450 4159 2451
f 2450 4155 4136
f 2450 4136 4159
f 2450 4560 4155
f 2450 4533 4560
f 2451 4159 2558
f 2452 2604 2470
f 2452 2477 2583
f 2452 3714 2477
f 2452 2583 2604
f 2453 2473 2541
f 2454 2458 2673
f 2454 2673 3915
f 2455 2461 2579
f 2455 2579 2519
f 2456 2544 2472
f 2456 2511 2544
f 2457 2574 2491
f 2457 2537 2574
f 2458 2489 2673
f 2459 2501 2493
f 2459 2534 2501
f 2459 2512 2534
f 2459 4304 2512
f 2460 2488 2592
f 2460 2551 2496
f 2460 2592 2551
f 2461 2684 2579
f 2461 2639 2684
f 2462 3634 2557
f 2462 2557 4565
f 2462 3861 3634
f 2463 2469 2522
f 2463 2522 3917
f 2464 4020 3731
f 2464 3731 4113
f 2464 4543 4020
f 2464 4113 4509
f 2464 4509 4155
f 2465 2478 2555
f 2465 2555 2523
f 2466 2554 2479
f 2466 2536 2554
f 2467 2520 2489
f 2467 4104 2520
f 2468 2612 2514
f 2468 2514 3694
f 2468 2652 2612
f 2468 4565 2652
f 2469 2487 2530
f 2469 2530 2522
f 2470 2604 2598
f 2470 2598 2639
f 2471 2550 3918
f 2471 4182 3770
f 2471 3918 4182
f 2472 2545 2500
f 2472 2544 2545
f 2473 2486 2659
f 2473 2614 2541
f 2473 2659 2614
f 2474 2552 2516
f 2474 3997 2552
f 2475 2561 2505
f 2475 2528 2561
f 2476 2569 2512
f 2476 2512 4383
f 2476 2541 2610
f 2476 2610 2569
f 2476 4383 3923
f 2477 2616 2583
f 2477 3988 2616
f 2478 2484 4385
f 2478 2535 2560
f 2478 4385 2535
f 2478 2560 2555
f 2479 2554 3746
f 2480 2586 2488
f 2480 2563 2586
f 2480 3746 2563
f 2481 2505 2571
f 2481 2571 2507
f 2482 2674 2503
f 2482 2556 2674
f 2483 2500 3987
f 2483 3987 2527
f 2484 2517 4061
f 2484 4061 2668
f 2484 2668 4385
f 2485 2564 2559
f 2486 2573 2659
f 2487 2504 2646
f 2487 2646 2530
f 2488 2586 2592
f 2489 2520 2636
f 2489 2636 2673
f 2490 2498 2620
f 2490 2607 2511
f 2490 2620 2607
f 2491 2692 2529
f 2491 2574 2692
f 2492 3572 2509
f 2492 2509 3680
f 2492 2526 2613
f 2492 3680 2526
f 2492 2613 3572
f 2493 2501 2658
f 2493 2671 2515
f 2493 2658 4170
f 2493 4170 2671
f 2494 2547 2595
f 2494 2595 2617
f 2495 2606 2710
f 2496 2551 2606
f 2497 2542 3863
f 2497 4207 2542
f 2497 3863 4104
f 2498 2588 2620
f 2499 2521 2565
f 2499 2565 4137
f 2499 4137 4403
f 2500 2545 3987
f 2501 2534 2543
f 2501 2543 2658
f 2502 2532 2533
f 2502 4036 2532
f 2503 2674 2680
f 2503 2680 3865
f 2504 2558 4387
f 2504 2686 2646
f 2504 2656 2686
f 2504 4387 2656
f 2505 2561 2571
f 2506 4144 2553
f 2506 2553 4192
f 2506 2600 3866
f 2506 4192 2600
f 2506 3866 3974
f 2506 3974 4144
f 2507 2578 2547
f 2507 2547 3669
f 2507 2571 2578
f 2508 2654 2525
f 2508 2527 2632
f 2508 2632 2654
f 2509 3592 2553
f 2509 2553 3747
f 2509 3572 3592
f 2509 3678 3680
f 2509 3747 3678
f 2510 2566 2532
f 2510 2532 4036
f 2510 4299 2566
f 2510 4484 4299
f 2511 2591 2544
f 2511 2607 2591
f 2512 2567 2534
f 2512 2569 2567
f 2512 4304 4383
f 2513 3962 2542
f 2513 2542 4207
f 2513 2549 3962
f 2513 4230 2549
f 2513 3917 4230
f 2513 4319 3917
f 2513 4141 4319
f 2514 2698 2531
f 2514 2612 2698
f 2515 2671 2657
f 2515 2657 4002
f 2516 2548 2521
f 2516 2552 2548
f 2517 2608 4061
f 2517 4350 2608
f 2518 2621 3997
f 2518 4495 2621
f 2518 4212 2643
f 2518 2643 4495
f 2519 2676 2564
f 2519 2579 2699
f 2519 2699 2676
f 2520 4021 2636
f 2520 3863 4021
f 2520 4104 3863
f 2521 2548 2565
f 2522 2530 2637
f 2522 2637 2549
f 2522 2549 4230
f 2522 4230 3917
f 2523 2664 2538
f 2523 2555 2675
f 2523 2675 2664
f 2524 2628 2627
f 2524 2627 3825
f 2524 3825 3764
f 2525 2630 2556
f 2525 2654 2630
f 2526 2570 2613
f 2526 3680 3833
f 2527 3987 2632
f 2528 2529 2596
f 2528 2605 2561
f 2528 2596 2605
f 2529 2692 2596
f 2530 2646 2637
f 2531 2685 2588
f 2531 2698 2685
f 2532 2562 2533
f 2532 2566 2562
f 2533 2562 2550
f 2534 2568 2543
f 2534 2567 2625
f 2534 2625 2568
f 2535 2546 2572
f 2535 4385 2546
f 2535 2594 2560
f 2535 2572 2603
f 2535 2603 2594
f 2536 2631 2554
f 2536 2559 2631
f 2537 2665 2574
f 2537 3673 2665
f 2538 2664 2681
f 2538 2681 3673
f 2539 2577 4123
f 2539 4123 2584
f 2540 2587 2648
f 2540 3879 2587
f 2540 2648 2638
f 2541 2615 2610
f 2541 2614 2615
f 2542 4103 3863
f 2542 3962 4457
f 2542 4457 4103
f 2543 2568 2575
f 2543 2575 3689
f 2543 3689 2658
f 2544 3583 2545
f 2544 2591 3583
f 2545 3583 2624
f 2545 2624 3987
f 2546 2704 2572
f 2546 2694 4372
f 2546 4385 2694
f 2546 4372 2704
f 2547 2578 2662
f 2547 2662 2595
f 2548 2552 2602
f 2548 2602 2565
f 2549 2637 2717
f 2549 2717 4227
f 2549 4457 3962
f 2549 4227 4457
f 2550 2562 2593
f 2550 2593 4358
f 2550 4358 3918
f 2551 2592 2707
f 2551 2708 2606
f 2551 2707 2708
f 2552 4551 2602
f 2552 3997 4551
f 2553 3843 2645
f 2553 2645 4192
f 2553 3592 3843
f 2553 4144 3747
f 2554 2631 2599
f 2554 2599 3746
f 2555 2560 2669
f 2555 2669 2772
f 2555 2772 2675
f 2556 2630 2730
f 2556 2730 2674
f 2557 2722 2626
f 2557 2626 4565
f 2557 2638 2722
f 2557 3634 2638
f 2558 4159 4314
f 2558 4314 4393
f 2558 4393 4387
f 2559 2564 4434
f 2559 4434 2631
f 2560 2594 2687
f 2560 2687 2669
f 2561 2653 2571
f 2561 2605 2653
f 2562 2566 2593
f 2563 2735 2586
f 2563 2599 2752
f 2563 3746 2599
f 2563 2752 2735
f 2564 2676 4434
f 2565 2602 2582
f 2565 2582 4137
f 2566 4366 2593
f 2566 4299 4366
f 2567 2569 2712
f 2567 2712 2625
f 2568 2597 2575
f 2568 2678 2597
f 2568 2625 2678
f 2569 2610 2731
f 2569 2756 2712
f 2569 2731 2756
f 2570 2724 2613
f 2570 3865 2724
f 2571 2644 2578
f 2571 2653 2644
f 2572 2590 2603
f 2572 2688 2590
f 2572 2704 2688
f 2573 2617 2729
f 2573 2729 2659
f 2574 2665 2734
f 2574 2734 2692
f 2575 4447 2589
f 2575 2589 4456
f 2575 2597 4447
f 2575 2660 3689
f 2575 4456 2660
f 2576 2710 2746
f 2576 2746 2733
f 2576 2733 3613
f 2577 3764 3825
f 2577 3889 3764
f 2577 3825 4241
f 2577 4460 4123
f 2577 4241 4460
f 2578 2644 2662
f 2579 2684 2713
f 2579 2713 2699
f 2580 4361 3960
f 2580 3960 4500
f 2580 4159 4136
f 2580 4136 4361
f 2580 4314 4159
f 2580 4500 4314
f 2581 2582 2623
f 2581 4524 2582
f 2581 2623 4382
f 2581 4382 4108
f 2582 2602 2623
f 2582 4524 4137
f 2583 2695 2604
f 2583 2616 2695
f 2584 2702 2601
f 2584 2601 4568
f 2584 2619 2702
f 2584 4123 2619
f 2585 2661 3706
f 2585 4002 2661
f 2585 3706 4106
f 2585 4106 3759
f 2586 2735 2592
f 2587 3866 2600
f 2587 2600 4189
f 2587 4189 2648
f 2587 3675 3866
f 2587 3879 3675
f 2588 2738 2620
f 2588 2685 2738
f 2589 2609 4197
f 2589 4464 2609
f 2589 4447 3928
f 2589 3928 4464
f 2589 4197 4456
f 2590 4490 2603
f 2590 4450 2609
f 2590 2609 4475
f 2590 2688 4450
f 2590 4475 4490
f 2591 2607 3892
f 2591 3892 3583
f 2592 2735 2707
f 2593 2611 4347
f 2593 4366 2611
f 2593 4347 4358
f 2594 2603 4351
f 2594 4351 2687
f 2595 2769 2617
f 2595 2662 2787
f 2595 2787 2769
f 2596 2830 2605
f 2596 2692 2797
f 2596 2797 2830
f 2597 2678 3900
f 2597 3900 4231
f 2597 4231 3928
f 2597 3928 4447
f 2598 2604 2682
f 2598 2711 2639
f 2598 2682 2745
f 2598 2745 2711
f 2599 2631 2732
f 2599 2732 2752
f 2600 2677 4189
f 2600 4247 2677
f 2600 4192 4247
f 2601 2700 2616
f 2601 2616 3988
f 2601 4272 2700
f 2601 2702 4272
f 2601 3988 4568
f 2602 2621 2634
f 2602 4551 2621
f 2602 2634 2623
f 2603 3841 4351
f 2603 4490 3841
f 2604 2695 2682
f 2605 2839 2653
f 2605 2830 2911
f 2605 2911 2839
f 2606 2708 2741
f 2606 2741 2710
f 2607 2620 2758
f 2607 2758 3892
f 2608 2651 3864
f 2608 4239 2651
f 2608 3864 4281
f 2608 4281 4061
f 2608 4350 4239
f 2609 4464 2693
f 2609 2693 4475
f 2609 4450 4197
f 2610 2615 2743
f 2610 2743 2731
f 2611 4267 2635
f 2611 2635 4347
f 2611 4134 4267
f 2611 4484 4134
f 2611 4366 4299
f 2611 4299 4484
f 2612 2652 2773
f 2612 2773 2698
f 2613 2724 2739
f 2613 2739 4084
f 2613 4084 3572
f 2614 2727 2615
f 2614 2659 2727
f 2615 2727 2743
f 2616 2725 2695
f 2616 2700 2725
f 2617 2769 2729
f 2618 2701 4021
f 2618 4380 2701
f 2618 4118 3665
f 2618 3665 4380
f 2618 4021 3863
f 2618 3863 4103
f 2618 4103 4118
f 2619 2655 2720
f 2619 4460 2655
f 2619 2720 2702
f 2619 4123 4460
f 2620 2738 2758
f 2621 4495 2634
f 2621 4551 3997
f 2622 3823 3927
f 2622 3927 4573
f 2622 4135 4212
f 2622 4525 4135
f 2622 4573 4525
f 2623 2634 4382
f 2624 3704 2718
f 2624 2718 3987
f 2624 3583 3704
f 2625 2757 2678
f 2625 2712 2763
f 2625 2763 2757
f 2626 3696 2652
f 2626 2652 4565
f 2626 2722 3696
f 2627 2628 2740
f 2627 2740 2737
f 2627 2737 3661
f 2627 3661 4114
f 2627 4114 3825
f 2628 3613 2740
f 2629 4106 2647
f 2629 2647 4345
f 2629 3759 4106
f 2629 4134 3759
f 2629 4267 4134
f 2629 4345 4267
f 2630 2654 2742
f 2630 2742 2730
f 2631 2719 2736
f 2631 4434 2719
f 2631 2736 2732
f 2632 2770 2654
f 2632 2718 2766
f 2632 3987 2718
f 2632 2766 2770
f 2633 4541 4027
f 2633 4243 4108
f 2633 4108 4465
f 2633 4465 4505
f 2633 4505 4541
f 2634 4325 4382
f 2634 4495 4325
f 2635 4345 2640
f 2635 2640 4347
f 2635 4267 4345
f 2636 2697 2673
f 2636 2701 2697
f 2636 4021 2701
f 2637 2646 2705
f 2637 2705 2717
f 2638 2648 2726
f 2638 3934 2722
f 2638 2726 3934
f 2639 2711 2684
f 2640 3731 4205
f 2640 4253 3731
f 2640 4205 4358
f 2640 4345 4253
f 2640 4358 4347
f 2641 4108 4382
f 2641 4465 4108
f 2641 4268 4218
f 2641 4218 4465
f 2641 4325 4268
f 2641 4382 4325
f 2642 2672 2679
f 2642 3915 2672
f 2642 2679 4193
f 2642 3823 3915
f 2642 3927 3823
f 2642 4193 3927
f 2643 2663 4416
f 2643 4525 2663
f 2643 4212 4135
f 2643 4135 4525
f 2643 4416 4268
f 2643 4268 4495
f 2644 2653 2728
f 2644 2728 2662
f 2645 4167 2709
f 2645 2709 4247
f 2645 3843 4167
f 2645 4247 4192
f 2646 2686 2703
f 2646 2703 2705
f 2647 2649 4253
f 2647 4384 2649
f 2647 4106 4384
f 2647 4253 4345
f 2648 2677 2721
f 2648 4189 2677
f 2648 2721 2726
f 2649 4384 4000
f 2649 4000 4509
f 2649 4113 4253
f 2649 4509 4113
f 2650 2666 3960
f 2650 4238 2666
f 2650 4000 3585
f 2650 3585 4238
f 2650 3960 4361
f 2650 4509 4000
f 2650 4136 4155
f 2650 4361 4136
f 2650 4155 4509
f 2651 4573 3864
f 2651 4310 4173
f 2651 4173 4573
f 2651 4239 4541
f 2651 4541 4310
f 2652 3696 2773
f 2653 2839 2728
f 2654 2770 2742
f 2655 4114 2720
f 2655 4241 4114
f 2655 4460 4241
f 2656 2670 2683
f 2656 4387 2670
f 2656 2683 2691
f 2656 2691 2686
f 2657 2666 4198
f 2657 4332 2666
f 2657 2671 4515
f 2657 4198 4002
f 2657 4515 4332
f 2658 3689 2696
f 2658 2696 4170
f 2659 2777 2727
f 2659 2729 2777
f 2660 3571 3578
f 2660 3636 3571
f 2660 3578 3689
f 2660 4456 3636
f 2661 4198 2666
f 2661 2666 4238
f 2661 3585 3706
f 2661 4238 3585
f 2661 4002 4198
f 2662 2728 2791
f 2662 2791 2787
f 2663 4173 4310
f 2663 4525 4173
f 2663 4329 4218
f 2663 4218 4416
f 2663 4310 4329
f 2664 2675 2801
f 2664 2805 2681
f 2664 2801 2805
f 2665 2681 2750
f 2665 3673 2681
f 2665 2750 2734
f 2666 4332 3960
f 2667 2679 2668
f 2667 2668 4061
f 2667 4193 2679
f 2667 3864 4193
f 2667 4281 3864
f 2667 4061 4281
f 2668 2679 2689
f 2668 2689 2694
f 2668 2694 4385
f 2669 2687 2760
f 2669 2760 2772
f 2670 4515 2683
f 2670 4500 4332
f 2670 4332 4515
f 2670 4387 4393
f 2670 4393 4500
f 2671 2691 2683
f 2671 2683 4515
f 2671 4180 2691
f 2671 4170 4180
f 2672 2673 2690
f 2672 3915 2673
f 2672 2689 2679
f 2672 2690 2689
f 2673 2697 2690
f 2674 2771 2680
f 2674 2730 2771
f 2675 2772 2824
f 2675 2824 2801
f 2676 2699 2744
f 2676 2744 2719
f 2676 2719 4434
f 2677 4223 2721
f 2677 4247 4223
f 2678 2757 2788
f 2678 2788 4085
f 2678 4085 3900
f 2680 2748 2724
f 2680 2724 3865
f 2680 2771 2748
f 2681 2805 2750
f 2682 2695 2754
f 2682 2754 2745
f 2684 2711 2755
f 2684 2762 2713
f 2684 2755 2762
f 2685 2698 2747
f 2685 2747 2738
f 2686 2691 2703
f 2687 2764 2760
f 2687 3959 2764
f 2687 4351 3959
f 2688 2704 2715
f 2688 2715 3702
f 2688 3702 4450
f 2689 2690 2694
f 2690 2697 2694
f 2691 2696 2703
f 2691 4180 2696
f 2692 2734 2876
f 2692 2876 2797
f 2693 4464 3928
f 2693 3928 4479
f 2693 4438 4277
f 2693 4277 4475
f 2693 4479 4438
f 2694 2697 2706
f 2694 2706 4372
f 2695 2725 2754
f 2696 3981 2703
f 2696 3689 3981
f 2696 4180 4170
f 2697 2701 2706
f 2698 2782 2747
f 2698 2773 2782
f 2699 2713 2744
f 2700 2761 2725
f 2700 4272 2761
f 2701 4165 2706
f 2701 4380 4165
f 2702 2720 4272
f 2703 2716 2705
f 2703 3981 2716
f 2704 3665 2715
f 2704 4165 3665
f 2704 4372 4165
f 2705 2716 2717
f 2706 4165 4372
f 2707 2786 2708
f 2707 2735 2776
f 2707 2776 2786
f 2708 2794 2741
f 2708 2786 2794
f 2709 4167 4287
f 2709 4223 4247
f 2709 4287 4223
f 2710 2741 2746
f 2711 2745 2755
f 2712 2756 2798
f 2712 2798 2763
f 2713 2778 2744
f 2713 2762 2778
f 2714 3576 2723
f 2714 2723 4118
f 2714 4313 3576
f 2714 4118 4457
f 2714 4227 4313
f 2714 4457 4227
f 2715 2723 3702
f 2715 4118 2723
f 2715 3665 4118
f 2716 3589 2717
f 2716 3578 3589
f 2716 3981 3578
f 2717 3589 3576
f 2717 3576 4313
f 2717 4313 4227
f 2718 3704 2766
f 2719 2749 2736
f 2719 2744 2749
f 2720 4114 3608
f 2720 3608 4209
f 2720 4209 4272
f 2721 4148 2726
f 2721 4223 4148
f 2722 2768 3696
f 2722 3934 2768
f 2723 3576 3702
f 2724 2799 2739
f 2724 2748 2784
f 2724 2784 2799
f 2725 2792 2754
f 2725 2761 2792
f 2726 2768 3934
f 2726 4148 2768
f 2727 3712 2743
f 2727 2777 3712
f 2728 2889 2791
f 2728 2839 2889
f 2729 2769 3893
f 2729 3893 2777
f 2730 2742 2806
f 2730 2806 2771
f 2731 2743 2858
f 2731 4264 2756
f 2731 2858 4264
f 2732 2736 2844
f 2732 2841 2752
f 2732 2844 2841
f 2733 2803 2740
f 2733 2740 3613
f 2733 2746 2819
f 2733 2819 2803
f 2734 2750 2827
f 2734 2827 2876
f 2735 2752 2814
f 2735 2814 2776
f 2736 2749 2817
f 2736 2817 2844
f 2737 2740 4070
f 2737 3608 3661
f 2737 4548 3608
f 2737 4070 4548
f 2738 2747 2823
f 2738 2780 2758
f 2738 2823 2780
f 2739 2800 2759
f 2739 2759 4084
f 2739 2799 2800
f 2740 2803 4070
f 2741 2794 2746
f 2742 2770 2789
f 2742 2789 2806
f 2743 2939 2858
f 2743 3712 2939
f 2744 2810 2749
f 2744 2778 2809
f 2744 2809 2810
f 2745 2754 2795
f 2745 2812 2755
f 2745 2795 2812
f 2746 2794 2819
f 2747 2782 2838
f 2747 2838 2823
f 2748 2771 2821
f 2748 2821 2784
f 2749 2810 2817
f 2750 2805 2872
f 2750 2955 2827
f 2750 2872 2955
f 2751 2796 2807
f 2751 3767 2796
f 2751 2807 4148
f 2751 4287 3767
f 2751 4148 4223
f 2751 4223 4287
f 2752 2841 2814
f 2753 3843 2759
f 2753 2759 3971
f 2753 3971 3767
f 2753 3767 4167
f 2753 4167 3843
f 2754 2792 2795
f 2755 4567 2762
f 2755 2812 4567
f 2756 2856 2798
f 2756 2883 2856
f 2756 4264 2883
f 2757 2763 2822
f 2757 2822 2788
f 2758 2780 2842
f 2758 2842 2818
f 2758 2818 3892
f 2759 2800 2781
f 2759 2781 3971
f 2759 3843 3572
f 2759 3572 4084
f 2760 2764 2825
f 2760 2824 2772
f 2760 2837 2824
f 2760 2825 2837
f 2761 2808 2792
f 2761 4272 2808
f 2762 4567 2778
f 2763 2798 2822
f 2764 3959 2825
f 2765 2783 2767
f 2765 2767 4277
f 2765 2779 2783
f 2765 4074 2779
f 2765 3682 4074
f 2765 4438 3682
f 2765 4277 4438
f 2766 2829 2770
f 2766 2820 2829
f 2766 3704 2820
f 2767 2804 2775
f 2767 2775 3841
f 2767 2783 2804
f 2767 3841 4277
f 2768 2807 2832
f 2768 4148 2807
f 2768 2832 3696
f 2769 2787 2962
f 2769 2979 2948
f 2769 2948 3893
f 2769 2962 2991
f 2769 2991 2979
f 2770 2829 2789
f 2771 2806 2843
f 2771 2843 2821
f 2773 2816 2782
f 2773 3696 2816
f 2774 2813 2802
f 2774 2802 4074
f 2774 4248 2813
f 2774 4074 3900
f 2774 3900 4085
f 2774 4085 4248
f 2775 2804 2785
f 2775 2785 4275
f 2775 4275 3841
f 2776 2836 2786
f 2776 2814 2860
f 2776 2860 2836
f 2777 2899 3712
f 2777 3893 2899
f 2778 2835 2809
f 2778 2879 2835
f 2778 4567 2879
f 2779 2793 2783
f 2779 2802 2793
f 2779 4074 2802
f 2780 2823 2842
f 2781 2828 2790
f 2781 2790 3971
f 2781 2800 2828
f 2782 2816 2865
f 2782 2865 2838
f 2783 2793 2852
f 2783 2852 2804
f 2784 2833 2799
f 2784 2821 2833
f 2785 2804 2831
f 2785 2811 2825
f 2785 2831 2811
f 2785 2825 3959
f 2785 3959 4275
f 2786 2836 2794
f 2787 2791 2938
f 2787 2938 2962
f 2788 2834 2813
f 2788 2813 4248
f 2788 2822 2857
f 2788 2840 2834
f 2788 2857 2840
f 2788 4248 4085
f 2789 2881 2806
f 2789 2829 2892
f 2789 2892 2881
f 2790 2846 2796
f 2790 2796 3767
f 2790 2828 2846
f 2790 3767 3971
f 2791 2889 2938
f 2792 2845 2795
f 2792 2808 2859
f 2792 2859 2845
f 2793 2802 2848
f 2793 2848 2867
f 2793 2867 2852
f 2794 2850 2819
f 2794 2836 2850
f 2795 2862 2812
f 2795 2845 2862
f 2796 2846 2807
f 2797 2959 2830
f 2797 2876 2959
f 2798 2856 2822
f 2799 2863 2800
f 2799 2833 2863
f 2800 2863 2828
f 2801 2903 2805
f 2801 2824 2884
f 2801 2884 2903
f 2802 2813 2847
f 2802 2847 2848
f 2803 2819 2864
f 2803 2864 2861
f 2803 2861 4070
f 2804 2877 2831
f 2804 2852 2877
f 2805 2903 2872
f 2806 2881 2843
f 2807 2854 2832
f 2807 2846 2854
f 2808 2826 2855
f 2808 4272 2826
f 2808 2855 2859
f 2809 2853 2810
f 2809 2835 2853
f 2810 2866 2817
f 2810 2853 2866
f 2811 2871 2825
f 2811 2831 2885
f 2811 2885 2871
f 2812 2862 2878
f 2812 2878 4567
f 2813 2834 2847
f 2814 2841 2851
f 2814 2851 2860
f 2815 2818 2869
f 2815 3892 2818
f 2815 2873 2820
f 2815 2820 3704
f 2815 2869 2873
f 2815 3704 3583
f 2815 3583 3892
f 2816 2870 2865
f 2816 3696 2870
f 2817 2866 2844
f 2818 2842 2869
f 2819 2850 2905
f 2819 2905 2864
f 2820 2873 2829
f 2821 2890 2833
f 2821 2843 2890
f 2822 2856 2857
f 2823 2838 2868
f 2823 2880 2842
f 2823 2868 2880
f 2824 2837 2884
f 2825 2882 2837
f 2825 2871 2882
f 2826 2849 2855
f 2826 4548 2849
f 2826 4272 4209
f 2826 4209 4548
f 2827 2963 2876
f 2827 2955 2963
f 2828 2887 2846
f 2828 2863 2887
f 2829 2873 2892
f 2830 2973 2911
f 2830 2959 2974
f 2830 2974 2973
f 2831 2877 2934
f 2831 2934 2885
f 2832 2854 2894
f 2832 2894 2870
f 2832 2870 3696
f 2833 2893 2863
f 2833 2890 2893
f 2834 2840 2919
f 2834 2920 2847
f 2834 2919 2920
f 2835 2874 2853
f 2835 2879 2874
f 2836 2904 2850
f 2836 2860 2904
f 2837 2882 2884
f 2838 2865 2868
f 2839 2977 2889
f 2839 2911 2977
f 2840 2857 2925
f 2840 2925 2919
f 2841 2844 2886
f 2841 2886 2851
f 2842 2900 2869
f 2842 2880 2900
f 2843 2881 2898
f 2843 2898 2890
f 2844 2866 2888
f 2844 2888 2886
f 2845 2859 3710
f 2845 2901 2862
f 2845 3710 2901
f 2846 2895 2854
f 2846 2887 2895
f 2847 2875 2848
f 2847 2920 2875
f 2848 2954 2867
f 2848 2875 2954
f 2849 2891 2855
f 2849 2896 2891
f 2849 4070 2896
f 2849 4548 4070
f 2850 2904 2905
f 2851 2897 2860
f 2851 2886 2897
f 2852 2867 2912
f 2852 2912 2877
f 2853 2902 2866
f 2853 2874 2902
f 2854 2895 2894
f 2855 2891 2859
f 2856 2921 2857
f 2856 2883 2921
f 2857 2921 2957
f 2857 2957 2925
f 2858 2922 2883
f 2858 2883 4264
f 2858 2939 2922
f 2859 2891 3710
f 2860 2897 2904
f 2861 2864 2913
f 2861 2913 2896
f 2861 2896 4070
f 2862 2924 2878
f 2862 2901 2930
f 2862 2930 2924
f 2863 2907 2887
f 2863 2893 2907
f 2864 2905 2913
f 2865 2943 2868
f 2865 2870 2923
f 2865 2923 2943
f 2866 2902 2888
f 2867 2965 2912
f 2867 2954 2965
f 2868 2908 2880
f 2868 2943 2908
f 2869 2906 2873
f 2869 2900 2906
f 2870 2894 2923
f 2871 2915 2882
f 2871 2885 2960
f 2871 2960 2915
f 2872 2903 2932
f 2872 2932 2955
f 2873 2910 2892
f 2873 2906 2910
f 2874 2879 2909
f 2874 2909 2902
f 2875 2920 2961
f 2875 2961 2954
f 2876 2976 2959
f 2876 2963 2976
f 2877 2912 2969
f 2877 2969 2934
f 2878 2909 2879
f 2878 2879 4567
f 2878 2924 2909
f 2880 2908 2900
f 2881 2892 2914
f 2881 2914 2898
f 2882 2941 2884
f 2882 2915 2918
f 2882 2918 2941
f 2883 2964 2921
f 2883 2922 2967
f 2883 2967 2964
f 2884 2956 2903
f 2884 2941 2956
f 2885 2934 2960
f 2886 2888 2917
f 2886 2917 2897
f 2887 2929 2895
f 2887 2907 2929
f 2888 2902 2917
f 2889 2980 2938
f 2889 2977 2980
f 2890 2916 2893
f 2890 2898 2931
f 2890 2931 2916
f 2891 2896 2927
f 2891 2927 2928
f 2891 2928 3710
f 2892 2910 2914
f 2893 2916 2907
f 2894 2895 2926
f 2894 2926 2923
f 2895 2929 2926
f 2896 2913 2927
f 2897 2940 2904
f 2897 2917 2937
f 2897 2937 2940
f 2898 2914 2931
f 2899 2958 2939
f 2899 2939 3712
f 2899 2948 2958
f 2899 3893 2948
f 2900 2942 2906
f 2900 2908 2942
f 2901 2928 2930
f 2901 3710 2928
f 2902 2909 2935
f 2902 2937 2917
f 2902 2935 2937
f 2903 2981 2932
f 2903 2956 2981
f 2904 2933 2905
f 2904 2940 2933
f 2905 2933 2913
f 2906 2942 2910
f 2907 2916 2946
f 2907 2947 2929
f 2907 2946 2947
f 2908 2943 2942
f 2909 2924 2949
f 2909 2949 2935
f 2910 2952 2914
f 2910 2942 2952
f 2911 2973 2986
f 2911 2986 2977
f 2912 2965 2998
f 2912 2998 2969
f 2913 2944 2927
f 2913 2933 2944
f 2914 2952 2931
f 2915 2970 2918
f 2915 2960 2970
f 2916 2931 2946
f 2918 2975 2941
f 2918 2970 2975
f 2919 2966 2920
f 2919 2925 2971
f 2919 2971 2966
f 2920 2966 2961
f 2921 2978 2957
f 2921 2964 2978
f 2922 2939 2967
f 2923 2926 2936
f 2923 2936 2943
f 2924 2930 2949
f 2925 2957 2971
f 2926 2929 2936
f 2927 2944 2928
f 2928 2950 2930
f 2928 2944 2950
f 2929 2947 2936
f 2930 2950 2949
f 2931 2952 2946
f 2932 2981 2955
f 2933 2940 2953
f 2933 2953 2944
f 2934 2989 2960
f 2934 2969 2989
f 2935 2945 2937
f 2935 2949 2945
f 2936 2951 2943
f 2936 2947 2951
f 2937 2945 2940
f 2938 2994 2962
f 2938 2980 2994
f 2939 2958 2972
f 2939 2972 2967
f 2940 2945 2953
f 2941 2982 2956
f 2941 2975 2982
f 2942 2943 2951
f 2942 2951 2952
f 2944 2953 2950
f 2945 2949 2953
f 2946 2951 2947
f 2946 2952 2951
f 2948 2968 2958
f 2948 2979 2968
f 2949 2950 2953
f 2954 2961 2984
f 2954 2996 2965
f 2954 2984 2996
f 2955 3004 2963
f 2955 2981 2988
f 2955 2988 3015
f 2955 3015 3004
f 2956 2987 2981
f 2956 2982 2987
f 2957 3000 2971
f 2957 2978 3000
f 2958 2968 2999
f 2958 2999 2972
f 2959 2990 2974
f 2959 2976 2990
f 2960 3008 2970
f 2960 2989 3008
f 2961 2966 2993
f 2961 2993 2984
f 2962 2994 2991
f 2963 2985 2976
f 2963 3004 2985
f 2964 2967 2983
f 2964 2995 2978
f 2964 2983 2995
f 2965 2996 2998
f 2966 2971 3007
f 2966 3007 2993
f 2967 2972 3001
f 2967 3001 2983
f 2968 2979 3016
f 2968 3016 2999
f 2969 3025 2989
f 2969 2998 3036
f 2969 3036 3025
f 2970 3006 2975
f 2970 3019 3006
f 2970 3008 3048
f 2970 3048 3019
f 2971 3000 3024
f 2971 3024 3007
f 2972 2999 2992
f 2972 2992 3001
f 2973 2974 2997
f 2973 2997 2986
f 2974 2990 2997
f 2975 3002 2982
f 2975 3006 3002
f 2976 2985 2990
f 2977 3005 2980
f 2977 2986 3005
f 2978 2995 3012
f 2978 3012 3000
f 2979 2991 3032
f 2979 3045 3016
f 2979 3032 3045
f 2980 3003 2994
f 2980 3005 3003
f 2981 2987 3014
f 2981 3013 2988
f 2981 3014 3013
f 2982 3010 2987
f 2982 3002 3010
f 2983 3009 2995
f 2983 3001 3009
f 2984 2993 3011
f 2984 3017 2996
f 2984 3011 3017
f 2985 3028 2990
f 2985 3004 3018
f 2985 3018 3028
f 2986 2997 3005
f 2987 3010 3014
f 2988 3013 3029
f 2988 3029 3015
f 2989 3025 3008
f 2990 3049 2997
f 2990 3028 3049
f 2991 2994 3055
f 2991 3055 3032
f 2992 2999 3022
f 2992 3022 3001
f 2993 3007 3021
f 2993 3021 3011
f 2994 3003 3913
f 2994 3913 3055
f 2995 3009 3035
f 2995 3035 3012
f 2996 3040 2998
f 2996 3017 3040
f 2997 3039 3005
f 2997 3059 3039
f 2997 3049 3059
f 2998 3044 3036
f 2998 3040 3044
f 2999 3016 3023
f 2999 3023 3022
f 3000 3012 3026
f 3000 3053 3024
f 3000 3026 3053
f 3001 3020 3009
f 3001 3022 3020
f 3002 3006 3046
f 3002 3027 3010
f 3002 3042 3027
f 3002 3046 3042
f 3003 3005 3039
f 3003 3039 3913
f 3004 3015 3033
f 3004 3033 3018
f 3006 3019 3046
f 3007 3024 3021
f 3008 3025 3060
f 3008 3060 3048
f 3009 3020 3058
f 3009 3058 3035
f 3010 3031 3014
f 3010 3027 3031
f 3011 3034 3017
f 3011 3021 3030
f 3011 3030 3034
f 3012 3038 3026
f 3012 3035 3038
f 3013 3014 3043
f 3013 3043 3029
f 3014 3031 3043
f 3015 3029 3050
f 3015 3050 3033
f 3016 3037 3023
f 3016 3045 3037
f 3017 3034 3041
f 3017 3041 3040
f 3018 3051 3028
f 3018 3033 3051
f 3019 3057 3046
f 3019 3048 3057
f 3020 3022 3052
f 3020 3052 3058
f 3021 3024 3054
f 3021 3054 3030
f 3022 3023 3047
f 3022 3047 3052
f 3023 3037 3047
f 3024 3053 3089
f 3024 3089 3054
f 3025 3036 3067
f 3025 3067 3060
f 3026 3038 3078
f 3026 3078 3053
f 3027 3064 3031
f 3027 3042 3074
f 3027 3074 3064
f 3028 3077 3049
f 3028 3051 3077
f 3029 3043 3066
f 3029 3066 3050
f 3030 3065 3034
f 3030 3054 3088
f 3030 3088 3065
f 3031 3082 3043
f 3031 3064 3082
f 3032 3063 3045
f 3032 3055 3726
f 3032 3075 3063
f 3032 3726 3075
f 3033 3050 3069
f 3033 3070 3051
f 3033 3069 3070
f 3034 3065 3041
f 3035 3061 3038
f 3035 3058 3061
f 3036 3044 3062
f 3036 3062 3067
f 3037 3045 3056
f 3037 3056 3047
f 3038 3061 3816
f 3038 3816 3078
f 3039 3059 3080
f 3039 3080 3068
f 3039 3068 3913
f 3040 3041 3071
f 3040 3079 3044
f 3040 3071 3076
f 3040 3076 3079
f 3041 3065 3071
f 3042 3046 3081
f 3042 3106 3074
f 3042 3081 3106
f 3043 3082 3066
f 3044 3079 3062
f 3045 3063 3056
f 3046 3057 3081
f 3047 3072 3052
f 3047 3056 3072
f 3048 3087 3057
f 3048 3060 3087
f 3049 3083 3059
f 3049 3077 3086
f 3049 3086 3083
f 3050 3066 3085
f 3050 3085 3069
f 3051 3070 3077
f 3052 3108 3058
f 3052 3072 3084
f 3052 3084 3108
f 3053 3078 3116
f 3053 3116 3089
f 3054 3114 3088
f 3054 3089 3114
f 3055 3068 3598
f 3055 3913 3068
f 3055 3598 3726
f 3056 3063 3073
f 3056 3101 3072
f 3056 3073 3101
f 3057 3123 3081
f 3057 3087 3123
f 3058 3094 3061
f 3058 3108 3094
f 3059 3110 3080
f 3059 3083 3110
f 3060 3067 3091
f 3060 3115 3087
f 3060 3091 3115
f 3061 3094 3816
f 3062 3098 3067
f 3062 3079 3093
f 3062 3093 3098
f 3063 4162 3073
f 3063 3075 4162
f 3064 3074 3102
f 3064 3102 3082
f 3065 3104 3071
f 3065 3088 3096
f 3065 3096 3104
f 3066 3082 3107
f 3066 3107 3085
f 3067 3111 3091
f 3067 3098 3111
f 3068 3080 3099
f 3068 3099 3095
f 3068 3095 3598
f 3069 3092 3070
f 3069 3085 3092
f 3070 3090 3077
f 3070 3092 3090
f 3071 3097 3076
f 3071 3104 3097
f 3072 3103 3084
f 3072 3101 3103
f 3073 3109 3101
f 3073 4162 3109
f 3074 3106 3102
f 3075 3598 3095
f 3075 3095 4162
f 3075 3726 3598
f 3076 3093 3079
f 3076 3113 3093
f 3076 3097 3113
f 3077 3090 3086
f 3078 3132 3116
f 3078 3569 3132
f 3078 3816 3569
f 3080 3144 3099
f 3080 3110 3144
f 3081 3122 3106
f 3081 3123 3122
f 3082 3102 3718
f 3082 3718 3107
f 3083 3086 3119
f 3083 3119 3110
f 3084 3103 3128
f 3084 3128 3108
f 3085 3100 3092
f 3085 3107 3100
f 3086 3090 3105
f 3086 3105 3119
f 3087 3115 3123
f 3088 3124 3096
f 3088 3114 3124
f 3089 3121 3114
f 3089 3116 3121
f 3090 3092 3112
f 3090 3112 3105
f 3091 3111 3606
f 3091 3606 3115
f 3092 3100 3112
f 3093 3118 3098
f 3093 3113 3126
f 3093 3126 3118
f 3094 3108 3125
f 3094 3125 3816
f 3095 3099 3120
f 3095 3120 3109
f 3095 3109 4162
f 3096 3124 3104
f 3097 3104 3113
f 3098 3129 3111
f 3098 3118 3147
f 3098 3147 3129
f 3099 3232 3120
f 3099 3144 3312
f 3099 3312 3232
f 3100 3107 3136
f 3100 3177 3112
f 3100 3136 3177
f 3101 3117 3103
f 3101 3109 3117
f 3102 3106 3131
f 3102 3131 3145
f 3102 3145 3718
f 3103 3117 3139
f 3103 3151 3128
f 3103 3139 3202
f 3103 3199 3151
f 3103 3202 3199
f 3104 3130 3113
f 3104 3124 3194
f 3104 3235 3130
f 3104 3194 3235
f 3105 3112 3666
f 3105 3133 3119
f 3105 3666 3133
f 3106 3122 3143
f 3106 3143 3131
f 3107 3993 3136
f 3107 3718 3993
f 3108 3149 3125
f 3108 3128 4566
f 3108 4566 3149
f 3109 3140 3117
f 3109 3120 3140
f 3110 3119 3233
f 3110 3233 3144
f 3111 3129 3606
f 3112 3177 3666
f 3113 3130 3126
f 3114 3121 3127
f 3114 3127 3124
f 3115 3606 3123
f 3116 3135 3121
f 3116 3132 3135
f 3117 3140 3139
f 3118 3126 3173
f 3118 3173 3147
f 3119 3133 3233
f 3120 3218 3140
f 3120 3232 3218
f 3121 3141 3127
f 3121 3135 3141
f 3122 3123 3134
f 3122 3134 3148
f 3122 3148 3143
f 3123 3138 3134
f 3123 3606 3138
f 3124 3127 3137
f 3124 3137 3194
f 3125 3149 3158
f 3125 3158 3569
f 3125 3569 3816
f 3126 3130 3179
f 3126 3179 3173
f 3127 3141 3137
f 3128 3151 3153
f 3128 3153 4566
f 3129 3147 3142
f 3129 3142 3606
f 3130 3235 3179
f 3131 3143 3174
f 3131 3189 3145
f 3131 3174 3189
f 3132 4461 3135
f 3132 3569 4296
f 3132 4296 4461
f 3133 3240 3233
f 3133 3666 3240
f 3134 3138 3166
f 3134 3152 3148
f 3134 3166 3152
f 3135 3182 3141
f 3135 3154 3167
f 3135 4461 3154
f 3135 3167 3182
f 3136 3183 3177
f 3136 3772 3183
f 3136 3993 3772
f 3137 3141 3159
f 3137 3159 3200
f 3137 3259 3194
f 3137 3200 3259
f 3138 3165 3166
f 3138 3606 3165
f 3139 3140 3218
f 3139 3270 3202
f 3139 3218 3270
f 3141 3182 3159
f 3142 3147 3256
f 3142 3223 3165
f 3142 3165 3606
f 3142 3288 3223
f 3142 3256 3288
f 3143 3148 3156
f 3143 3156 3170
f 3143 3170 3174
f 3144 3233 3275
f 3144 3275 3312
f 3145 3192 3168
f 3145 3168 4046
f 3145 3189 3212
f 3145 3212 3192
f 3145 4046 3718
f 3146 3155 3150
f 3146 3150 4323
f 3146 3176 3155
f 3146 3158 3176
f 3146 3569 3158
f 3146 4296 3569
f 3146 4323 4296
f 3147 3173 3256
f 3148 3152 3157
f 3148 3157 3156
f 3149 3209 3158
f 3149 3190 3878
f 3149 4566 3190
f 3149 3878 3209
f 3150 3162 3154
f 3150 3154 4323
f 3150 3155 3162
f 3151 3172 3153
f 3151 3215 3172
f 3151 3199 3215
f 3152 3175 3157
f 3152 3166 3175
f 3153 3172 3180
f 3153 3180 3204
f 3153 3204 3190
f 3153 3190 4566
f 3154 3162 3167
f 3154 4461 4323
f 3155 3160 3164
f 3155 3171 3160
f 3155 3164 3162
f 3155 3176 3171
f 3156 3157 3161
f 3156 3161 3169
f 3156 3169 3170
f 3157 3163 3161
f 3157 3175 3163
f 3158 3206 3176
f 3158 3209 3206
f 3159 3182 3237
f 3159 3244 3200
f 3159 3237 3244
f 3160 3195 3164
f 3160 3171 3195
f 3161 3163 3222
f 3161 3231 3169
f 3161 3222 3231
f 3162 3164 3191
f 3162 3197 3167
f 3162 3191 3197
f 3163 3175 3185
f 3163 3185 3205
f 3163 3205 3222
f 3164 3208 3191
f 3164 3195 3208
f 3165 3198 3166
f 3165 3223 3198
f 3166 3226 3175
f 3166 3198 3226
f 3167 3213 3182
f 3167 3197 3213
f 3168 3192 3178
f 3168 3178 3193
f 3168 3193 4233
f 3168 3993 4046
f 3168 4233 3993
f 3169 3203 3170
f 3169 3229 3203
f 3169 3247 3229
f 3169 3231 3247
f 3170 3241 3174
f 3170 3203 3241
f 3171 3176 3196
f 3171 3224 3195
f 3171 3196 3221
f 3171 3221 3224
f 3172 3186 3180
f 3172 3181 3186
f 3172 3201 3181
f 3172 3215 3201
f 3173 3179 3265
f 3173 3291 3256
f 3173 3265 3291
f 3174 3248 3189
f 3174 3241 3248
f 3175 3226 3185
f 3176 3206 3196
f 3177 3183 3264
f 3177 3264 3230
f 3177 3230 3666
f 3178 3188 3184
f 3178 3184 3193
f 3178 3192 3188
f 3179 3235 3284
f 3179 3284 3265
f 3180 3186 3204
f 3181 3187 3186
f 3181 3201 3187
f 3182 3213 3237
f 3183 3216 3278
f 3183 3772 3216
f 3183 3278 3264
f 3184 3188 4514
f 3184 4514 3193
f 3185 3227 3205
f 3185 3226 3228
f 3185 3249 3227
f 3185 3228 3249
f 3186 3187 3211
f 3186 3211 3204
f 3187 3201 3211
f 3188 3192 3210
f 3188 3210 3214
f 3188 3214 4514
f 3189 3271 3212
f 3189 3248 3271
f 3190 3204 4317
f 3190 4317 3878
f 3191 3217 3197
f 3191 3208 3257
f 3191 3219 3217
f 3191 3257 3219
f 3192 3212 3210
f 3193 3216 4233
f 3193 4514 3216
f 3194 3281 3235
f 3194 3259 3281
f 3195 3207 3208
f 3195 3224 3207
f 3196 3206 3252
f 3196 3220 3221
f 3196 3252 3220
f 3197 3217 3213
f 3198 3223 3253
f 3198 3253 3226
f 3199 3202 4063
f 3199 3261 3215
f 3199 4063 3261
f 3200 3244 3258
f 3200 3258 3259
f 3201 3246 3211
f 3201 3215 4409
f 3201 4409 3246
f 3202 3270 3283
f 3202 3283 4063
f 3203 3229 3236
f 3203 3236 3241
f 3204 3211 3238
f 3204 3238 4317
f 3205 3243 3222
f 3205 3227 3245
f 3205 3245 3243
f 3206 3209 4179
f 3206 3279 3252
f 3206 4179 3279
f 3207 3242 3208
f 3207 3224 3255
f 3207 3255 3242
f 3208 3242 3257
f 3209 3878 4386
f 3209 4386 4179
f 3210 3212 3239
f 3210 3239 3214
f 3211 3234 3238
f 3211 3246 3234
f 3212 3271 3239
f 3213 3217 3250
f 3213 3250 3237
f 3214 3239 3254
f 3214 3254 3260
f 3214 3260 4514
f 3215 3261 4409
f 3216 3260 3278
f 3216 4514 3260
f 3216 3772 4233
f 3217 3219 3250
f 3218 3232 3315
f 3218 3315 3270
f 3219 3273 3250
f 3219 3257 3273
f 3220 3269 3221
f 3220 3252 3311
f 3220 3311 3269
f 3221 3269 3224
f 3222 3243 3231
f 3223 3293 3253
f 3223 3288 3293
f 3224 3269 3255
f 3225 3316 4225
f 3225 4317 3316
f 3225 3878 4317
f 3225 4386 3878
f 3225 4225 4445
f 3225 4445 4386
f 3226 3251 3228
f 3226 3253 3251
f 3227 3263 3245
f 3227 3249 3263
f 3228 3267 3249
f 3228 3251 3267
f 3229 3262 3236
f 3229 3247 3262
f 3230 3307 3240
f 3230 3240 3666
f 3230 3264 3307
f 3231 3243 3266
f 3231 3266 3247
f 3232 3312 3329
f 3232 3329 3315
f 3233 3240 3323
f 3233 3323 3275
f 3234 3280 3238
f 3234 3246 3274
f 3234 3274 3280
f 3235 3281 3284
f 3236 3276 3241
f 3236 3262 3276
f 3237 3286 3244
f 3237 3250 3286
f 3238 3280 3316
f 3238 3316 4317
f 3239 3277 3254
f 3239 3271 3277
f 3240 3307 3325
f 3240 3325 3323
f 3241 3272 3248
f 3241 3276 3272
f 3242 3255 3282
f 3242 3285 3257
f 3242 3282 3285
f 3243 3245 3287
f 3243 3287 3266
f 3244 3304 3258
f 3244 3286 3304
f 3245 3263 3287
f 3246 3261 3274
f 3246 4409 3261
f 3247 3297 3262
f 3247 3266 3297
f 3248 3290 3271
f 3248 3272 3290
f 3249 3298 3263
f 3249 3267 3298
f 3250 3273 3306
f 3250 3306 3286
f 3251 3253 3321
f 3251 3321 3267
f 3252 3279 3295
f 3252 3295 3311
f 3253 3293 3360
f 3253 3360 3321
f 3254 3268 3260
f 3254 3303 3268
f 3254 3277 3303
f 3255 3269 3294
f 3255 3294 3282
f 3256 3317 3288
f 3256 3291 3317
f 3257 3289 3273
f 3257 3285 3289
f 3258 3337 3259
f 3258 3304 3356
f 3258 3356 3337
f 3259 3346 3281
f 3259 3337 3346
f 3260 3268 3292
f 3260 3292 3278
f 3261 3308 3274
f 3261 4443 3308
f 3261 4063 4432
f 3261 4432 4443
f 3262 3296 3276
f 3262 3297 3296
f 3263 3310 3287
f 3263 3298 3310
f 3264 3278 3348
f 3264 3348 3307
f 3265 3284 3320
f 3265 3344 3291
f 3265 3320 3344
f 3266 3287 3299
f 3266 3299 3297
f 3267 3333 3298
f 3267 3321 3333
f 3268 3301 3292
f 3268 3303 3301
f 3269 3302 3294
f 3269 3311 3302
f 3270 3345 3283
f 3270 3315 3345
f 3271 3330 3277
f 3271 3290 3330
f 3272 3276 3322
f 3272 3322 3290
f 3273 3289 3309
f 3273 3305 3306
f 3273 3309 3305
f 3274 4482 3280
f 3274 3308 4482
f 3275 3341 3312
f 3275 3323 3349
f 3275 3349 3341
f 3276 3296 3338
f 3276 3338 3322
f 3277 3334 3303
f 3277 3330 3334
f 3278 3292 3313
f 3278 3313 3348
f 3279 3318 3295
f 3279 4225 3318
f 3279 4179 4445
f 3279 4445 4225
f 3280 4486 3316
f 3280 4482 4486
f 3281 3354 3284
f 3281 3346 3354
f 3282 3300 3285
f 3282 3294 3300
f 3283 3345 3352
f 3283 3352 4497
f 3283 4497 4063
f 3284 3354 3320
f 3285 3328 3289
f 3285 3300 3328
f 3286 3359 3304
f 3286 3306 3359
f 3287 3324 3299
f 3287 3310 3324
f 3288 3336 3293
f 3288 3317 3336
f 3289 3328 3309
f 3290 3322 3355
f 3290 3355 3330
f 3291 3378 3317
f 3291 3344 3378
f 3292 3301 3350
f 3292 3350 3313
f 3293 3336 3360
f 3294 3331 3300
f 3294 3302 3331
f 3295 3340 3311
f 3295 3318 3347
f 3295 3347 3340
f 3296 3297 3335
f 3296 3335 3338
f 3297 3299 3319
f 3297 3319 3335
f 3298 3326 3310
f 3298 3327 3326
f 3298 3333 3327
f 3299 3324 3319
f 3300 3339 3328
f 3300 3331 3339
f 3301 3303 3334
f 3301 3334 3369
f 3301 3369 3350
f 3302 3311 3340
f 3302 3340 3331
f 3304 3361 3356
f 3304 3359 3361
f 3305 3343 3306
f 3305 3309 3343
f 3306 3343 3367
f 3306 3367 3359
f 3307 3396 3325
f 3307 3348 3396
f 3308 3314 3362
f 3308 4443 3314
f 3308 3362 3332
f 3308 3332 4482
f 3309 3328 3342
f 3309 3342 3343
f 3310 3326 3324
f 3312 3388 3329
f 3312 3341 3388
f 3313 3372 3348
f 3313 3350 3372
f 3314 3357 3387
f 3314 4497 3357
f 3314 3387 3362
f 3314 4443 4432
f 3314 4432 4497
f 3315 3329 3389
f 3315 3389 3345
f 3316 3416 3351
f 3316 3351 4225
f 3316 4425 3416
f 3316 4486 4425
f 3317 3370 3336
f 3317 3378 3370
f 3318 3371 3347
f 3318 3351 3371
f 3318 4225 3351
f 3319 3324 3363
f 3319 3365 3335
f 3319 3363 3365
f 3320 3402 3344
f 3320 3354 3407
f 3320 3407 3402
f 3321 3385 3333
f 3321 3360 3385
f 3322 3338 3368
f 3322 3368 3355
f 3323 3325 3401
f 3323 3401 3349
f 3324 3326 3358
f 3324 3358 3363
f 3325 3396 3401
f 3326 3327 3358
f 3327 3333 3374
f 3327 3374 3358
f 3328 3339 3353
f 3328 3353 3342
f 3329 3388 3389
f 3330 3380 3334
f 3330 3355 4288
f 3330 4288 3380
f 3331 3353 3339
f 3331 3340 3366
f 3331 3366 3353
f 3332 3362 4394
f 3332 4394 4486
f 3332 4486 4482
f 3333 3385 3374
f 3334 3380 3369
f 3335 3375 3338
f 3335 3365 3375
f 3336 3391 3360
f 3336 3370 3391
f 3337 3405 3346
f 3337 3356 3405
f 3338 3375 3368
f 3340 3347 3364
f 3340 3364 3366
f 3341 3349 3403
f 3341 3403 3388
f 3342 3376 3343
f 3342 3353 3373
f 3342 3373 3376
f 3343 3382 3367
f 3343 3376 3382
f 3344 3409 3378
f 3344 3402 3409
f 3345 3395 3352
f 3345 3389 3417
f 3345 3417 3395
f 3346 3408 3354
f 3346 3405 3408
f 3347 3381 3364
f 3347 3371 3381
f 3348 3372 3903
f 3348 3903 3396
f 3349 3401 3410
f 3349 3410 3403
f 3350 3369 3400
f 3350 3392 3372
f 3350 3400 3392
f 3351 3416 3371
f 3352 4341 3357
f 3352 3357 4497
f 3352 3395 4341
f 3353 3366 3384
f 3353 3384 3373
f 3354 3408 3407
f 3355 3368 4303
f 3355 4303 4288
f 3356 3361 3405
f 3357 4341 3387
f 3358 3377 3363
f 3358 3374 3377
f 3359 3404 3361
f 3359 3367 3404
f 3360 3442 3385
f 3360 3391 3957
f 3360 3957 3442
f 3361 3404 3438
f 3361 3436 3405
f 3361 3438 3436
f 3362 3387 4405
f 3362 3393 4394
f 3362 4405 3393
f 3363 3379 3365
f 3363 3377 3379
f 3364 3384 3366
f 3364 3381 3384
f 3365 3379 3375
f 3367 3382 3404
f 3368 3375 3398
f 3368 3398 4303
f 3369 3380 3406
f 3369 3406 3400
f 3370 3378 3409
f 3370 3429 3391
f 3370 3409 3429
f 3371 3397 3381
f 3371 3416 3397
f 3372 3392 3903
f 3373 3384 3376
f 3374 3383 3377
f 3374 3394 3383
f 3374 3385 3394
f 3375 3379 3383
f 3375 3383 3398
f 3376 3399 3382
f 3376 3384 3399
f 3377 3383 3379
f 3380 3418 3406
f 3380 4288 3418
f 3381 3397 3384
f 3382 3399 3386
f 3382 3386 3404
f 3383 3394 3398
f 3384 3397 3399
f 3385 3442 3394
f 3386 3399 3413
f 3386 3420 3404
f 3386 3413 3420
f 3387 3618 4405
f 3387 4555 3618
f 3387 4341 4555
f 3388 3411 3389
f 3388 3403 3411
f 3389 3411 3427
f 3389 3427 3417
f 3390 3393 4151
f 3390 4394 3393
f 3390 4151 4037
f 3390 4037 4425
f 3390 4486 4394
f 3390 4425 4486
f 3391 3429 3455
f 3391 3455 3437
f 3391 3437 3957
f 3392 3400 4187
f 3392 3818 3903
f 3392 4187 3818
f 3393 3618 4151
f 3393 4405 3618
f 3394 3431 3398
f 3394 3442 3431
f 3395 3417 3412
f 3395 3412 4065
f 3395 4065 4341
f 3396 3422 3401
f 3396 3415 3422
f 3396 3903 3415
f 3397 3413 3399
f 3397 3416 3413
f 3398 3431 3983
f 3398 3983 4303
f 3400 3406 4187
f 3401 3422 3410
f 3402 3407 3441
f 3402 3433 3409
f 3402 3441 3433
f 3403 3410 3414
f 3403 3414 3411
f 3404 3420 3438
f 3405 3577 3408
f 3405 3436 3577
f 3406 3418 4018
f 3406 4018 4187
f 3407 3408 3441
f 3408 3460 3441
f 3408 3577 3460
f 3409 3433 3429
f 3410 3425 3414
f 3410 3422 3434
f 3410 3434 3425
f 3411 3414 3427
f 3412 3417 4138
f 3412 4176 4065
f 3412 4138 4470
f 3412 4470 4176
f 3413 3416 3445
f 3413 3445 3420
f 3414 3425 3440
f 3414 3440 3427
f 3415 3434 3422
f 3415 3428 3434
f 3415 3903 3428
f 3416 3950 3445
f 3416 4057 3950
f 3416 4425 4057
f 3417 3427 3707
f 3417 3707 4138
f 3418 3610 3444
f 3418 3444 4018
f 3418 3458 3610
f 3418 4303 3458
f 3418 4288 4303
f 3419 3424 3439
f 3419 3818 3424
f 3419 3439 3428
f 3419 3428 3903
f 3419 3903 3818
f 3420 4076 3438
f 3420 3445 4076
f 3421 3426 3435
f 3421 4176 3426
f 3421 3435 3939
f 3421 3939 4092
f 3421 4092 4555
f 3421 4555 4176
f 3423 3424 3818
f 3423 4355 3424
f 3423 4018 3444
f 3423 3444 4355
f 3423 3818 4187
f 3423 4187 4018
f 3424 3446 3439
f 3424 4355 3446
f 3425 3434 3449
f 3425 3449 3440
f 3426 3432 3447
f 3426 4470 3432
f 3426 3447 3435
f 3426 4176 4470
f 3427 3440 3453
f 3427 3453 3707
f 3428 3452 3434
f 3428 3439 3465
f 3428 3465 3452
f 3429 3433 3448
f 3429 3448 3455
f 3430 3618 4092
f 3430 4151 3618
f 3430 3939 4040
f 3430 4092 3939
f 3430 4040 4037
f 3430 4037 4151
f 3431 3442 3856
f 3431 3954 3443
f 3431 3443 3983
f 3431 3856 3954
f 3432 3451 3447
f 3432 3453 3451
f 3432 3707 3453
f 3432 4138 3707
f 3432 4470 4138
f 3433 3441 3464
f 3433 3464 3448
f 3434 3452 3449
f 3435 3447 3454
f 3435 3454 3939
f 3436 3438 3469
f 3436 3469 3577
f 3437 3856 3442
f 3437 3442 3957
f 3437 3455 3473
f 3437 3473 3471
f 3437 3471 3856
f 3438 3462 3469
f 3438 4076 3462
f 3439 3446 3470
f 3439 3470 3465
f 3440 3449 3459
f 3440 3459 3453
f 3441 3460 3464
f 3443 3847 3458
f 3443 3458 4303
f 3443 3954 3847
f 3443 4303 3983
f 3444 3457 3609
f 3444 3610 3457
f 3444 3609 4355
f 3445 3456 3503
f 3445 3950 3456
f 3445 3503 3681
f 3445 3681 3977
f 3445 3977 4076
f 3446 3609 3470
f 3446 4355 3609
f 3447 3451 3461
f 3447 4472 3454
f 3447 3461 4235
f 3447 4235 4472
f 3448 3474 3455
f 3448 3464 3474
f 3449 3452 3467
f 3449 3467 3459
f 3450 3456 4031
f 3450 4339 3456
f 3450 3939 3466
f 3450 3466 4339
f 3450 4040 3939
f 3450 4031 4053
f 3450 4053 4040
f 3451 3453 3461
f 3452 3465 3467
f 3453 3459 3461
f 3454 3466 3939
f 3454 4459 3466
f 3454 4472 4459
f 3455 3474 3473
f 3456 3533 3503
f 3456 3952 3533
f 3456 3950 4031
f 3456 4339 3952
f 3457 3458 3524
f 3457 3610 3458
f 3457 3486 3609
f 3457 4502 3486
f 3457 3524 4502
f 3458 3596 3524
f 3458 3847 3596
f 3459 3468 3461
f 3459 3467 3468
f 3460 3477 3464
f 3460 3472 3477
f 3460 3577 3472
f 3461 3468 4119
f 3461 4119 4235
f 3462 3463 3491
f 3462 4076 3463
f 3462 3499 3469
f 3462 3491 3499
f 3463 3512 3491
f 3463 3507 3509
f 3463 3681 3507
f 3463 3509 3512
f 3463 3977 3681
f 3463 4076 3977
f 3464 3477 3474
f 3465 3504 3467
f 3465 3470 3504
f 3466 4459 4339
f 3467 3498 3468
f 3467 3504 3498
f 3468 3498 3521
f 3468 3521 4119
f 3469 3500 3472
f 3469 3472 3577
f 3469 3499 3500
f 3470 3486 3504
f 3470 3609 3486
f 3471 3473 3492
f 3471 3492 3510
f 3471 3508 3506
f 3471 3506 3701
f 3471 3510 3508
f 3471 3701 3856
f 3472 3489 3477
f 3472 3500 3489
f 3473 3474 3492
f 3474 3477 3495
f 3474 3495 3492
f 3475 3482 3480
f 3475 3480 3484
f 3475 3483 3482
f 3475 3484 3483
f 3476 3519 4339
f 3476 4487 3519
f 3476 4472 4235
f 3476 4235 4487
f 3476 4339 4459
f 3476 4459 4472
f 3477 3489 3495
f 3478 3479 3481
f 3478 3487 3479
f 3478 3481 3488
f 3478 3488 3487
f 3479 3485 3481
f 3479 3490 3485
f 3479 3487 3490
f 3480 3482 3501
f 3480 3505 3484
f 3480 3501 3505
f 3481 3485 3496
f 3481 3494 3488
f 3481 3496 3494
f 3482 3483 3493
f 3482 3493 3497
f 3482 3497 3501
f 3483 3484 3502
f 3483 3502 3493
f 3484 3520 3502
f 3484 3505 3511
f 3484 3511 3520
f 3485 3490 3496
f 3486 3542 3504
f 3486 3530 3542
f 3486 4502 3530
f 3487 3488 3534
f 3487 3515 3490
f 3487 3526 3515
f 3487 3534 3526
f 3488 3494 3522
f 3488 3522 3534
f 3489 3518 3495
f 3489 3500 3518
f 3490 3513 3496
f 3490 3515 3513
f 3491 3529 3499
f 3491 3512 3529
f 3492 3495 3514
f 3492 3514 3510
f 3493 3527 3497
f 3493 3502 3531
f 3493 3531 3527
f 3494 3496 3522
f 3495 3518 3514
f 3496 3513 3525
f 3496 3525 3522
f 3497 3527 3501
f 3498 3504 3536
f 3498 3536 3521
f 3499 4322 3500
f 3499 3529 3538
f 3499 3538 4322
f 3500 4322 3518
f 3501 3523 3505
f 3501 3527 3523
f 3502 3520 3532
f 3502 3532 3531
f 3503 3545 3507
f 3503 3507 3681
f 3503 3533 3545
f 3504 3542 3536
f 3505 3523 3511
f 3506 3508 3511
f 3506 3511 3523
f 3506 3523 3516
f 3506 3516 3887
f 3506 3887 3701
f 3507 3525 3509
f 3507 3535 3525
f 3507 3544 3535
f 3507 3545 3544
f 3508 3510 3537
f 3508 3520 3511
f 3508 3532 3520
f 3508 3537 3532
f 3509 3513 3512
f 3509 3525 3513
f 3510 3514 4128
f 3510 4128 3537
f 3512 3513 3515
f 3512 3515 3529
f 3514 3518 4128
f 3515 3526 3529
f 3516 3523 3548
f 3516 3548 4402
f 3516 3626 4195
f 3516 4402 3626
f 3516 4195 3887
f 3517 4271 3519
f 3517 3519 4487
f 3517 3521 3540
f 3517 4119 3521
f 3517 3540 4271
f 3517 4487 4119
f 3518 4322 4128
f 3519 3562 3528
f 3519 3528 4339
f 3519 3547 3562
f 3519 4271 3547
f 3521 3536 3541
f 3521 3541 3540
f 3522 3525 3535
f 3522 3535 3534
f 3523 3527 3548
f 3524 3554 3530
f 3524 3530 4502
f 3524 3557 3554
f 3524 4420 3557
f 3524 3596 3626
f 3524 3626 4420
f 3526 3534 3529
f 3527 3531 3539
f 3527 3539 3548
f 3528 3560 3533
f 3528 3533 3952
f 3528 3562 3560
f 3528 3952 4339
f 3529 3534 3543
f 3529 3543 3538
f 3530 3550 3542
f 3530 3554 3550
f 3531 3532 3539
f 3532 3537 3539
f 3533 3556 3545
f 3533 3560 3556
f 3534 3535 3543
f 3535 3544 3543
f 3536 3546 3541
f 3536 3542 3546
f 3537 3552 3539
f 3537 3549 3552
f 3537 4128 3549
f 3538 3543 3549
f 3538 3549 4128
f 3538 4128 4322
f 3539 4357 3548
f 3539 3552 4357
f 3540 3541 3551
f 3540 3551 3547
f 3540 3547 4271
f 3541 3546 3551
f 3542 3550 3546
f 3543 3544 3553
f 3543 3553 3549
f 3544 3545 3556
f 3544 3559 3553
f 3544 3556 3559
f 3546 3550 3555
f 3546 3555 3551
f 3547 3551 3558
f 3547 3558 3562
f 3548 4357 4547
f 3548 4420 4402
f 3548 4547 4420
f 3549 3553 3552
f 3550 3554 3561
f 3550 3561 3555
f 3551 3555 3558
f 3552 3553 3559
f 3552 3559 3563
f 3552 3563 4357
f 3554 3557 3561
f 3555 3561 3558
f 3556 3566 3559
f 3556 3560 3566
f 3557 3564 3561
f 3557 3563 3564
f 3557 4547 3563
f 3557 4420 4547
f 3558 3561 3565
f 3558 3565 3562
f 3559 3566 3563
f 3560 3562 3565
f 3560 3565 3566
f 3561 3564 3565
f 3563 3566 3564
f 3563 4547 4357
f 3564 3566 3565
f 3570 3671 3948
f 3570 3810 3708
f 3570 3708 4052
f 3571 3576 3589
f 3571 3636 3576
f 3571 3589 3578
f 3572 3843 3592
f 3573 3910 4171
f 3574 4071 4210
f 3574 4220 4071
f 3574 4210 4121
f 3574 4121 4406
f 3574 4274 4220
f 3574 4406 4274
f 3575 4535 3579
f 3575 4510 4535
f 3576 3636 3702
f 3578 3981 3689
f 3580 3974 3675
f 3580 4144 3974
f 3585 4384 3706
f 3585 4000 4384
f 3586 3744 3723
f 3590 4099 4068
f 3590 4068 4437
f 3590 4395 4396
f 3590 4437 4395
f 3591 4556 3802
f 3594 3619 3652
f 3594 3652 3740
f 3594 3740 4523
f 3595 3849 3629
f 3595 3683 3849
f 3596 4195 3626
f 3596 3847 4195
f 3599 3999 4158
f 3600 4030 3605
f 3600 4166 4030
f 3602 3711 4367
f 3603 3750 3968
f 3603 4517 4001
f 3607 3963 3853
f 3607 3905 3963
f 3608 4114 3661
f 3608 4548 4209
f 3614 4518 3882
f 3614 4016 4518
f 3615 3624 3625
f 3618 4555 4092
f 3620 3919 3849
f 3620 3849 4477
f 3624 3724 3625
f 3625 3724 4534
f 3626 4402 4420
f 3628 3713 3835
f 3629 3849 3919
f 3630 4430 4559
f 3631 3994 3778
f 3633 4422 3920
f 3635 4098 4280
f 3636 4197 3702
f 3636 4456 4197
f 3638 3851 3804
f 3641 3968 3750
f 3641 4354 3968
f 3653 4047 3895
f 3653 3945 3905
f 3653 3905 4047
f 3655 3751 3812
f 3665 4165 4380
f 3668 3855 4276
f 3674 3853 3854
f 3674 4117 3853
f 3674 4582 4117
f 3675 3974 3866
f 3675 3879 4404
f 3679 3967 3840
f 3682 3900 4074
f 3682 4231 3900
f 3682 3928 4231
f 3682 4479 3928
f 3682 4438 4479
f 3684 4292 3958
f 3684 3982 4292
f 3686 4423 4022
f 3688 3807 4306
f 3690 3881 3911
f 3690 3911 3984
f 3691 4328 3786
f 3691 3786 4349
f 3691 4001 4328
f 3698 3793 3700
f 3698 3758 4265
f 3698 4265 3793
f 3699 3781 4060
f 3699 4109 3795
f 3700 3793 3972
f 3701 3954 3856
f 3701 3887 3954
f 3702 4197 4450
f 3703 3737 3811
f 3703 3811 3850
f 3703 3850 3943
f 3706 4384 4106
f 3708 3921 4052
f 3708 4131 3921
f 3708 4160 4131
f 3711 3942 4367
f 3713 3834 4105
f 3716 4015 4050
f 3716 4424 4015
f 3716 4413 4424
f 3718 4046 3993
f 3720 3911 4081
f 3720 4081 4485
f 3720 4485 4356
f 3721 4312 4100
f 3721 4254 4312
f 3722 3854 3963
f 3722 3905 3945
f 3722 3963 3905
f 3725 4191 3890
f 3727 3890 4191
f 3730 3819 4157
f 3731 4020 4205
f 3731 4253 4113
f 3732 4177 4094
f 3734 4291 3925
f 3737 3808 3897
f 3737 3897 3811
f 3741 3846 3797
f 3741 3797 4122
f 3749 4572 4115
f 3751 3858 3801
f 3755 4399 4503
f 3760 3778 4145
f 3760 4145 3845
f 3762 4005 3978
f 3762 3978 4190
f 3765 4004 3902
f 3766 4202 3848
f 3766 4489 4202
f 3766 4269 4539
f 3766 4539 4489
f 3767 4287 4167
f 3771 3827 4181
f 3771 4234 3858
f 3772 3993 4233
f 3774 4149 3775
f 3774 3880 3815
f 3776 4330 4229
f 3777 4107 3899
f 3777 3899 4262
f 3777 4262 3914
f 3778 4270 4145
f 3780 3882 3809
f 3780 3809 4364
f 3781 3969 4060
f 3782 3995 4232
f 3785 4152 4186
f 3786 3826 4349
f 3786 4328 4337
f 3786 4337 4549
f 3788 3791 4388
f 3788 4388 3980
f 3788 3980 4453
f 3789 3980 4388
f 3793 4265 4378
f 3795 4077 4071
f 3795 4109 4077
f 3797 3846 3867
f 3797 3867 4326
f 3801 3858 4234
f 3801 4390 4401
f 3802 4039 4014
f 3802 4556 4039
f 3805 4280 4098
f 3805 4257 4224
f 3806 4249 4006
f 3806 4006 4336
f 3806 4068 4099
f 3806 4336 4068
f 3809 3882 4365
f 3814 4115 4572
f 3815 3880 4042
f 3815 4042 4003
f 3815 4003 4188
f 3817 4032 4362
f 3825 4114 4241
f 3828 4064 3906
f 3830 4023 4054
f 3830 4054 4060
f 3831 3922 3876
f 3831 4216 3922
f 3831 4578 4216
f 3837 4093 4007
f 3839 4049 4183
f 3841 4275 4351
f 3841 4475 4277
f 3841 4490 4475
f 3842 3881 3845
f 3842 3845 4145
f 3842 4081 3881
f 3846 4226 3867
f 3846 3946 4226
f 3847 3954 3887
f 3847 3887 4195
f 3848 4202 4494
f 3852 4512 4285
f 3853 3963 3854
f 3855 4529 4276
f 3860 4338 4140
f 3864 4573 4193
f 3870 3907 4078
f 3872 4219 4005
f 3872 4390 4219
f 3872 4401 4390
f 3876 4419 4469
f 3881 4081 3911
f 3882 4518 4365
f 3888 3933 4049
f 3894 4215 4335
f 3898 4047 3905
f 3898 3924 4558
f 3899 4013 4262
f 3899 4454 4013
f 3899 4090 4454
f 3907 4086 4471
f 3912 4292 4407
f 3912 4574 4292
f 3918 4020 4182
f 3918 4205 4020
f 3918 4358 4205
f 3921 3989 4052
f 3922 4216 3998
f 3927 4193 4573
f 3938 4476 4582
f 3943 4397 4249
f 3950 4057 4031
f 3959 4351 4275
f 3960 4332 4500
f 3966 4200 4301
f 3978 4577 4190
f 3982 4222 4407
f 3982 4407 4292
f 3984 4041 4110
f 3990 4408 4334
f 3995 4102 4352
f 3995 4352 4232
f 3998 4216 4578
f 4003 4042 4374
f 4023 4496 4532
f 4027 4541 4239
f 4029 4228 4561
f 4029 4561 4278
f 4030 4166 4511
f 4031 4057 4053
f 4032 4224 4362
f 4037 4040 4057
f 4037 4057 4425
f 4040 4053 4057
f 4044 4413 4279
f 4045 4210 4077
f 4045 4077 4308
f 4045 4121 4210
f 4045 4308 4130
f 4059 4266 4379
f 4063 4497 4432
f 4065 4176 4555
f 4065 4555 4341
f 4066 4301 4200
f 4068 4336 4437
f 4071 4077 4210
f 4077 4109 4308
f 4082 4378 4265
f 4088 4261 4340
f 4100 4312 4161
f 4103 4457 4118
f 4111 4196 4274
f 4111 4491 4196
f 4111 4274 4406
f 4111 4492 4491
f 4112 4392 4276
f 4117 4582 4476
f 4119 4487 4235
f 4127 4336 4289
f 4127 4290 4395
f 4127 4395 4336
f 4130 4308 4343
f 4137 4524 4403
f 4166 4550 4511
f 4173 4525 4573
f 4179 4386 4445
f 4184 4493 4208
f 4196 4220 4274
f 4196 4570 4220
f 4196 4282 4570
f 4203 4569 4237
f 4203 4294 4293
f 4204 4526 4308
f 4208 4539 4269
f 4208 4493 4539
f 4215 4463 4335
f 4218 4268 4416
f 4218 4329 4465
f 4224 4257 4362
f 4268 4325 4495
f 4273 4575 4474
f 4282 4527 4570
f 4285 4532 4496
f 4286 4424 4413
f 4290 4396 4395
f 4296 4323 4461
f 4298 4367 4501
f 4308 4526 4343
f 4310 4541 4329
f 4314 4500 4393
f 4329 4505 4465
f 4329 4541 4505
f 4336 4395 4437
f 4448 4539 4493
f 4508 4580 4528
